# This file uses centimeters as units for non-parametric coordinates.

mtllib bloking_unity.mtl
g default
v -39.867741 -50.000000 50.000000
v 50.000000 -50.000000 50.000000
v -39.867741 50.000000 50.000000
v 50.000000 50.000000 50.000000
v -39.867741 50.000000 -50.000000
v 50.000000 50.000000 -50.000000
v -39.867741 -50.000000 -50.000000
v 50.000000 -50.000000 -50.000000
v -3968.489014 -49.000000 3941.792480
v -3338.065186 -49.000000 3941.792480
v -2707.641113 -49.000000 3941.792480
v -2077.217285 -49.000000 3941.792480
v -1446.793457 -49.000000 3941.792480
v -816.369629 -49.000000 3941.792480
v -185.945618 -49.000000 3941.792480
v 444.478027 -49.000000 3941.792480
v 1074.901978 -49.000000 3941.792480
v 1705.326172 -49.000000 3941.792480
v 2335.749756 -49.000000 3941.792480
v -3968.489014 -49.000000 2816.094238
v -3338.065186 -49.000000 2816.094238
v -2707.641113 -49.000000 2816.094238
v -2077.217285 -49.000000 2816.094238
v -1446.793457 -49.000000 2816.094238
v -816.369629 -49.000000 2816.094238
v -185.945618 -49.000000 2816.094238
v 444.478027 -49.000000 2816.094238
v 1074.901978 -49.000000 2816.094238
v 1705.326172 -49.000000 2816.094238
v 2335.749756 -49.000000 2816.094238
v -3968.489014 -49.000000 1690.395630
v -3338.065186 -49.000000 1690.395630
v -2707.641113 -49.000000 1690.395630
v -2077.217285 -49.000000 1690.395630
v -1446.793457 -49.000000 1690.395630
v -816.369629 -49.000000 1690.395630
v -185.945618 -49.000000 1690.395630
v 444.478027 -49.000000 1690.395630
v 1074.901978 -49.000000 1690.395630
v 1705.326172 -49.000000 1690.395630
v 2335.749756 -49.000000 1690.395630
v -3968.489014 -49.000000 564.696899
v -3338.065186 -49.000000 564.696899
v -2707.641113 -49.000000 564.696899
v -2077.217285 -49.000000 564.696899
v -1446.793457 -49.000000 564.696899
v -816.369629 -49.000000 564.696899
v -185.945618 -49.000000 564.696899
v 444.478027 -49.000000 564.696899
v 1074.901978 -49.000000 564.696899
v 1705.326172 -49.000000 564.696899
v 2335.749756 -49.000000 564.696899
v -3968.489014 -49.000000 -561.001587
v -3338.065186 -49.000000 -561.001587
v -2707.641113 -49.000000 -561.001587
v -2077.217285 -49.000000 -561.001587
v -1446.793457 -49.000000 -561.001587
v -816.369629 -49.000000 -561.001587
v -185.945618 -49.000000 -561.001587
v 444.478027 -49.000000 -561.001587
v 1074.901978 -49.000000 -561.001587
v 1705.326172 -49.000000 -561.001587
v 2335.749756 -49.000000 -561.001587
v -3968.489014 -49.000000 -1686.700073
v -3338.065186 -49.000000 -1686.700073
v -2707.641113 -49.000000 -1686.700073
v -2077.217285 -49.000000 -1686.700073
v -1446.793457 -49.000000 -1686.700073
v -816.369629 -49.000000 -1686.700073
v -185.945618 -49.000000 -1686.700073
v 444.478027 -49.000000 -1686.700073
v 1074.901978 -49.000000 -1686.700073
v 1705.326172 -49.000000 -1686.700073
v 2335.749756 -49.000000 -1686.700073
v -3968.489014 -49.000000 -2812.398926
v -3338.065186 -49.000000 -2812.398926
v -2707.641113 -49.000000 -2812.398926
v -2077.217285 -49.000000 -2812.398926
v -1446.793457 -49.000000 -2812.398926
v -816.369629 -49.000000 -2812.398926
v -185.945618 -49.000000 -2812.398926
v 444.478027 -49.000000 -2812.398926
v 1074.901978 -49.000000 -2812.398926
v 1705.326172 -49.000000 -2812.398926
v 2335.749756 -49.000000 -2812.398926
v -3968.489014 -49.000000 -3938.097168
v -3338.065186 -49.000000 -3938.097168
v -2707.641113 -49.000000 -3938.097168
v -2077.217285 -49.000000 -3938.097168
v -1446.793457 -49.000000 -3938.097168
v -816.369629 -49.000000 -3938.097168
v -185.945618 -49.000000 -3938.097168
v 444.478027 -49.000000 -3938.097168
v 1074.901978 -49.000000 -3938.097168
v 1705.326172 -49.000000 -3938.097168
v 2335.749756 -49.000000 -3938.097168
v -3968.489014 -49.000000 -5063.795898
v -3338.065186 -49.000000 -5063.795898
v -2707.641113 -49.000000 -5063.795898
v -2077.217285 -49.000000 -5063.795898
v -1446.793457 -49.000000 -5063.795898
v -816.369629 -49.000000 -5063.795898
v -185.945618 -49.000000 -5063.795898
v 444.478027 -49.000000 -5063.795898
v 1074.901978 -49.000000 -5063.795898
v 1705.326172 -49.000000 -5063.795898
v 2335.749756 -49.000000 -5063.795898
v -3968.489014 -49.000000 -6189.495117
v -3338.065186 -49.000000 -6189.495117
v -2707.641113 -49.000000 -6189.495117
v -2077.217285 -49.000000 -6189.495117
v -1446.793457 -49.000000 -6189.495117
v -816.369629 -49.000000 -6189.495117
v -185.945618 -49.000000 -6189.495117
v 444.478027 -49.000000 -6189.495117
v 1074.901978 -49.000000 -6189.495117
v 1705.326172 -49.000000 -6189.495117
v 2335.749756 -49.000000 -6189.495117
v -3968.489014 -49.000000 -7315.192871
v -3338.065186 -49.000000 -7315.192871
v -2707.641113 -49.000000 -7315.192871
v -2077.217285 -49.000000 -7315.192871
v -1446.793457 -49.000000 -7315.192871
v -816.369629 -49.000000 -7315.192871
v -185.945618 -49.000000 -7315.192871
v 444.478027 -49.000000 -7315.192871
v 1074.901978 -49.000000 -7315.192871
v 1705.326172 -49.000000 -7315.192871
v 2335.749756 -49.000000 -7315.192871
v -1295.731567 231.000000 -248.144135
v -1194.785278 231.000000 -248.144135
v -1093.838989 231.000000 -248.144135
v -992.892639 231.000000 -248.144135
v -891.946289 231.000000 -248.144135
v -791.000000 231.000000 -248.144135
v -690.053650 231.000000 -248.144135
v -589.107361 231.000000 -248.144135
v -488.161041 231.000000 -248.144135
v -387.214661 231.000000 -248.144135
v -286.268402 231.000000 -248.144135
v -1295.731567 231.000000 -176.715332
v -1194.785278 231.000000 -176.715332
v -1093.838989 231.000000 -176.715332
v -992.892639 231.000000 -176.715332
v -891.946289 231.000000 -176.715332
v -791.000000 231.000000 -176.715332
v -690.053650 231.000000 -176.715332
v -589.107361 231.000000 -176.715332
v -488.161041 231.000000 -176.715332
v -387.214661 231.000000 -176.715332
v -286.268402 231.000000 -176.715332
v -1295.731567 231.000000 -105.286484
v -1194.785278 231.000000 -105.286484
v -1093.838989 231.000000 -105.286484
v -992.892639 231.000000 -105.286484
v -891.946289 231.000000 -105.286484
v -791.000000 231.000000 -105.286484
v -690.053650 231.000000 -105.286484
v -589.107361 231.000000 -105.286484
v -488.161041 231.000000 -105.286484
v -387.214661 231.000000 -105.286484
v -286.268402 231.000000 -105.286484
v -1295.731567 231.000000 -33.857651
v -1194.785278 231.000000 -33.857651
v -1093.838989 231.000000 -33.857651
v -992.892639 231.000000 -33.857651
v -891.946289 231.000000 -33.857651
v -791.000000 231.000000 -33.857651
v -690.053650 231.000000 -33.857651
v -589.107361 231.000000 -33.857651
v -488.161041 231.000000 -33.857651
v -387.214661 231.000000 -33.857651
v -286.268402 231.000000 -33.857651
v -1295.731567 231.000000 37.571175
v -1194.785278 231.000000 37.571175
v -1093.838989 231.000000 37.571175
v -992.892639 231.000000 37.571175
v -891.946289 231.000000 37.571175
v -791.000000 231.000000 37.571175
v -690.053650 231.000000 37.571175
v -589.107361 231.000000 37.571175
v -488.161041 231.000000 37.571175
v -387.214661 231.000000 37.571175
v -286.268402 231.000000 37.571175
v -1295.731567 231.000000 109.000000
v -1194.785278 231.000000 109.000000
v -1093.838989 231.000000 109.000000
v -992.892639 231.000000 109.000000
v -891.946289 231.000000 109.000000
v -791.000000 231.000000 109.000000
v -690.053650 231.000000 109.000000
v -589.107361 231.000000 109.000000
v -488.161041 231.000000 109.000000
v -387.214661 231.000000 109.000000
v -286.268402 231.000000 109.000000
v -1295.731567 231.000000 180.428848
v -1194.785278 231.000000 180.428848
v -1093.838989 231.000000 180.428848
v -992.892639 231.000000 180.428848
v -891.946289 231.000000 180.428848
v -791.000000 231.000000 180.428848
v -690.053650 231.000000 180.428848
v -589.107361 231.000000 180.428848
v -488.161041 231.000000 180.428848
v -387.214661 231.000000 180.428848
v -286.268402 231.000000 180.428848
v -1295.731567 231.000000 251.857651
v -1194.785278 231.000000 251.857651
v -1093.838989 231.000000 251.857651
v -992.892639 231.000000 251.857651
v -891.946289 231.000000 251.857651
v -791.000000 231.000000 251.857651
v -690.053650 231.000000 251.857651
v -589.107361 231.000000 251.857651
v -488.161041 231.000000 251.857651
v -387.214661 231.000000 251.857651
v -286.268402 231.000000 251.857651
v -1295.731567 231.000000 323.286499
v -1194.785278 231.000000 323.286499
v -1093.838989 231.000000 323.286499
v -992.892639 231.000000 323.286499
v -891.946289 231.000000 323.286499
v -791.000000 231.000000 323.286499
v -690.053650 231.000000 323.286499
v -589.107361 231.000000 323.286499
v -488.161041 231.000000 323.286499
v -387.214661 231.000000 323.286499
v -286.268402 231.000000 323.286499
v -1295.731567 231.000000 394.715363
v -1194.785278 231.000000 394.715363
v -1093.838989 231.000000 394.715363
v -992.892639 231.000000 394.715363
v -891.946289 231.000000 394.715363
v -791.000000 231.000000 394.715363
v -690.053650 231.000000 394.715363
v -589.107361 231.000000 394.715363
v -488.161041 231.000000 394.715363
v -387.214661 231.000000 394.715363
v -286.268402 231.000000 394.715363
v -1295.731567 231.000000 466.144135
v -1194.785278 231.000000 466.144135
v -1093.838989 231.000000 466.144135
v -992.892639 231.000000 466.144135
v -891.946289 231.000000 466.144135
v -791.000000 231.000000 466.144135
v -690.053650 231.000000 466.144135
v -589.107361 231.000000 466.144135
v -488.161041 231.000000 466.144135
v -387.214661 231.000000 466.144135
v -286.268402 231.000000 466.144135
v -1305.580811 -49.865997 448.547455
v -1297.058228 -49.865997 448.547455
v -1305.580811 13.865999 448.547455
v -1297.058228 13.865999 448.547455
v -1305.580811 13.865999 -255.347443
v -1297.058228 13.865999 -255.347443
v -1305.580811 -49.865997 -255.347443
v -1297.058228 -49.865997 -255.347443
v -1305.580811 172.934006 448.547455
v -1297.058228 172.934006 448.547455
v -1305.580811 236.666000 448.547455
v -1297.058228 236.666000 448.547455
v -1305.580811 236.666000 -255.347443
v -1297.058228 236.666000 -255.347443
v -1305.580811 172.934006 -255.347443
v -1297.058228 172.934006 -255.347443
v -200.496124 492.564026 495.885498
v 537.728210 492.564026 495.885498
v -200.496124 519.435974 495.885498
v 537.728210 519.435974 495.885498
v -200.496124 519.435974 -489.885498
v 537.728210 519.435974 -489.885498
v -200.496124 492.564026 -489.885498
v 537.728210 492.564026 -489.885498
v -293.864136 849.564026 505.003845
v 494.780975 849.564026 505.003845
v -293.864136 876.435974 505.003845
v 494.780975 876.435974 505.003845
v -293.864136 876.435974 -499.003845
v 494.780975 876.435974 -499.003845
v -293.864136 849.564026 -499.003845
v 494.780975 849.564026 -499.003845
v -774.013306 492.564026 498.444519
v -282.579285 492.564026 498.444519
v -774.013306 519.435974 498.444519
v -282.579285 519.435974 498.444519
v -774.013306 519.435974 -2483.844482
v -282.579285 519.435974 -2483.844482
v -774.013306 492.564026 -2483.844482
v -282.579285 492.564026 -2483.844482
v -1304.736938 236.564011 569.637939
v -245.881104 236.564011 569.637939
v -1304.736938 263.435974 569.637939
v -245.881104 263.435974 569.637939
v -1304.736938 263.435974 -245.637939
v -245.881104 263.435974 -245.637939
v -1304.736938 236.564011 -245.637939
v -245.881104 236.564011 -245.637939
v -2362.537109 -73.435989 981.768066
v 1080.755859 -73.435989 981.768066
v -2362.537109 -46.564018 981.768066
v 1080.755859 -46.564018 981.768066
v -2362.537109 -46.564018 -4913.768066
v 1080.755859 -46.564018 -4913.768066
v -2362.537109 -73.435989 -4913.768066
v 1080.755859 -73.435989 -4913.768066
v -5038.727539 -73.435989 -1907.291016
v -2749.128662 -73.435989 -1907.291016
v -5038.727539 -46.564018 -1907.291016
v -2749.128662 -46.564018 -1907.291016
v -5038.727539 -46.564018 -4198.708984
v -2749.128662 -46.564018 -4198.708984
v -5038.727539 -73.435989 -4198.708984
v -2749.128662 -73.435989 -4198.708984
v -782.478149 210.363998 -249.024414
v -450.040710 210.363998 -249.024414
v -782.478149 237.235977 -249.024414
v -450.040710 237.235977 -249.024414
v -782.478149 237.235977 -1697.775635
v -450.040710 237.235977 -1697.775635
v -782.478149 210.363998 -1697.775635
v -450.040710 210.363998 -1697.775635
v -782.478149 210.363998 -1016.624390
v -450.040710 210.363998 -1016.624390
v -782.478149 237.235977 -1016.624390
v -450.040710 237.235977 -1016.624390
v -782.478149 237.235977 -2465.375488
v -450.040710 237.235977 -2465.375488
v -782.478149 210.363998 -2465.375488
v -450.040710 210.363998 -2465.375488
v -595.778198 210.363998 -198.018814
v -263.340698 210.363998 -198.018814
v -595.778198 237.235977 -198.018814
v -263.340698 237.235977 -198.018814
v -595.778198 237.235977 -598.381226
v -263.340698 237.235977 -598.381226
v -595.778198 210.363998 -598.381226
v -263.340698 210.363998 -598.381226
v -255.897491 492.564026 -854.433777
v 573.397461 492.564026 -854.433777
v -255.897491 519.435974 -854.433777
v 573.397461 519.435974 -854.433777
v -255.897491 519.435974 -2321.566162
v 573.397461 519.435974 -2321.566162
v -255.897491 492.564026 -2321.566162
v 573.397461 492.564026 -2321.566162
v -486.743744 492.564026 -1609.433838
v 605.939819 492.564026 -1609.433838
v -486.743744 519.435974 -1609.433838
v 605.939819 519.435974 -1609.433838
v -486.743744 519.435974 -3076.566162
v 605.939819 519.435974 -3076.566162
v -486.743744 492.564026 -3076.566162
v 605.939819 492.564026 -3076.566162
v -718.934937 492.564026 -1616.433838
v 373.748627 492.564026 -1616.433838
v -718.934937 519.435974 -1616.433838
v 373.748627 519.435974 -1616.433838
v -718.934937 519.435974 -3083.566162
v 373.748627 519.435974 -3083.566162
v -718.934937 492.564026 -3083.566162
v 373.748627 492.564026 -3083.566162
v -200.496124 208.564011 730.465393
v 537.728210 208.564011 730.465393
v -200.496124 235.435989 730.465393
v 537.728210 235.435989 730.465393
v -200.496124 235.435989 -478.465393
v 537.728210 235.435989 -478.465393
v -200.496124 208.564011 -478.465393
v 537.728210 208.564011 -478.465393
v 270.896942 209.764023 -649.992126
v 530.356140 209.764023 -649.992126
v 270.896942 236.636002 -649.992126
v 530.356140 236.636002 -649.992126
v 270.896942 236.636002 -824.807922
v 530.356140 236.636002 -824.807922
v 270.896942 209.764023 -824.807922
v 530.356140 209.764023 -824.807922
v 399.232483 209.764023 -510.386810
v 528.772644 209.764023 -510.386810
v 399.232483 236.636002 -510.386810
v 528.772644 236.636002 -510.386810
v 399.232483 236.636002 -827.013062
v 528.772644 236.636002 -827.013062
v 399.232483 209.764023 -827.013062
v 528.772644 209.764023 -827.013062
v 59.823700 831.164062 -2183.170410
v 954.441101 831.164062 -2183.170410
v 59.823700 858.036011 -2183.170410
v 954.441101 858.036011 -2183.170410
v 59.823700 858.036011 -3136.829590
v 954.441101 858.036011 -3136.829590
v 59.823700 831.164062 -3136.829590
v 954.441101 831.164062 -3136.829590
v -745.301270 831.164062 -2205.439209
v -34.566040 831.164062 -2205.439209
v -745.301270 858.036011 -2205.439209
v -34.566040 858.036011 -2205.439209
v -745.301270 858.036011 -3120.560791
v -34.566040 858.036011 -3120.560791
v -745.301270 831.164062 -3120.560791
v -34.566040 831.164062 -3120.560791
v -294.277161 831.164062 -841.487793
v 531.365356 831.164062 -841.487793
v -294.277161 858.036011 -841.487793
v 531.365356 858.036011 -841.487793
v -294.277161 858.036011 -2458.512207
v 531.365356 858.036011 -2458.512207
v -294.277161 831.164062 -2458.512207
v 531.365356 831.164062 -2458.512207
v -294.277161 831.164062 -500.487793
v 531.365356 831.164062 -500.487793
v -294.277161 858.036011 -500.487793
v 531.365356 858.036011 -500.487793
v -294.277161 858.036011 -2117.512207
v 531.365356 858.036011 -2117.512207
v -294.277161 831.164062 -2117.512207
v 531.365356 831.164062 -2117.512207
v -772.317505 831.164062 -841.487793
v -370.363708 831.164062 -841.487793
v -772.317505 858.036011 -841.487793
v -370.363708 858.036011 -841.487793
v -772.317505 858.036011 -2458.512207
v -370.363708 858.036011 -2458.512207
v -772.317505 831.164062 -2458.512207
v -370.363708 831.164062 -2458.512207
v -772.317505 831.164062 503.512207
v -370.363708 831.164062 503.512207
v -772.317505 858.036011 503.512207
v -370.363708 858.036011 503.512207
v -772.317505 858.036011 -1113.512207
v -370.363708 858.036011 -1113.512207
v -772.317505 831.164062 -1113.512207
v -370.363708 831.164062 -1113.512207
v 267.032501 135.764008 -515.528564
v 396.572693 135.764008 -515.528564
v 267.032501 162.635986 -515.528564
v 396.572693 162.635986 -515.528564
v 267.032501 162.635986 -575.271484
v 396.572693 162.635986 -575.271484
v 267.032501 135.764008 -575.271484
v 396.572693 135.764008 -575.271484
v -241.529343 464.677948 -505.419800
v 258.196716 180.745636 -505.419800
v -228.254440 488.042023 -505.419800
v 271.471619 204.109711 -505.419800
v -228.254440 488.042023 -688.380127
v 271.471619 204.109711 -688.380127
v -241.529343 464.677948 -688.380127
v 258.196716 180.745636 -688.380127
v -237.112961 -82.872284 -692.966248
v 255.082474 213.922867 -692.966248
v -250.989243 -59.860302 -692.966248
v 241.206192 236.934860 -692.966248
v -250.989243 -59.860302 -824.033752
v 241.206192 236.934860 -824.033752
v -237.112961 -82.872284 -824.033752
v 255.082474 213.922867 -824.033752
v -1577.355591 1041.563843 -435.658691
v -1497.208252 1041.563843 -435.658691
v -1577.355591 1068.435913 -435.658691
v -1497.208252 1068.435913 -435.658691
v -1577.355591 1068.435913 -2120.341309
v -1497.208252 1068.435913 -2120.341309
v -1577.355591 1041.563843 -2120.341309
v -1497.208252 1041.563843 -2120.341309
v -1376.755493 1041.563843 -435.658691
v -1296.608154 1041.563843 -435.658691
v -1376.755493 1068.435913 -435.658691
v -1296.608154 1068.435913 -435.658691
v -1376.755493 1068.435913 -2120.341309
v -1296.608154 1068.435913 -2120.341309
v -1376.755493 1041.563843 -2120.341309
v -1296.608154 1041.563843 -2120.341309
v -1139.755493 1041.563843 -435.658691
v -1059.608154 1041.563843 -435.658691
v -1139.755493 1068.435913 -435.658691
v -1059.608154 1068.435913 -435.658691
v -1139.755493 1068.435913 -2120.341309
v -1059.608154 1068.435913 -2120.341309
v -1139.755493 1041.563843 -2120.341309
v -1059.608154 1041.563843 -2120.341309
v -1824.655640 1041.563843 -435.658691
v -1744.508301 1041.563843 -435.658691
v -1824.655640 1068.435913 -435.658691
v -1744.508301 1068.435913 -435.658691
v -1824.655640 1068.435913 -2120.341309
v -1744.508301 1068.435913 -2120.341309
v -1824.655640 1041.563843 -2120.341309
v -1744.508301 1041.563843 -2120.341309
v -2013.014771 873.036377 -257.177673
v -1827.973755 1058.077393 -257.177673
v -2032.763672 892.785217 -257.177673
v -1847.722656 1077.826172 -257.177673
v -2032.763672 892.785217 -568.822327
v -1847.722656 1077.826172 -568.822327
v -2013.014771 873.036377 -568.822327
v -1827.973755 1058.077393 -568.822327
v -1037.909058 1031.817749 -257.177673
v -845.588745 839.497375 -257.177673
v -1018.907776 1050.819092 -257.177673
v -826.587402 858.498718 -257.177673
v -1018.907776 1050.819092 -568.822327
v -826.587402 858.498718 -568.822327
v -1037.909058 1031.817749 -568.822327
v -845.588745 839.497375 -568.822327
v -2013.014771 873.036377 -912.709473
v -1827.973755 1058.077393 -912.709473
v -2032.763672 892.785217 -912.709473
v -1847.722656 1077.826172 -912.709473
v -2032.763672 892.785217 -1645.290527
v -1847.722656 1077.826172 -1645.290527
v -2013.014771 873.036377 -1645.290527
v -1827.973755 1058.077393 -1645.290527
v -1037.909058 1031.817749 -912.709473
v -845.588745 839.497375 -912.709473
v -1018.907776 1050.819092 -912.709473
v -826.587402 858.498718 -912.709473
v -1018.907776 1050.819092 -1645.290527
v -826.587402 858.498718 -1645.290527
v -1037.909058 1031.817749 -1645.290527
v -845.588745 839.497375 -1645.290527
v -1944.718262 941.332886 -446.971069
v -1913.627686 972.423462 -446.971069
v -1964.467041 961.081726 -446.971069
v -1933.376465 992.172302 -446.971069
v -1964.467041 961.081726 -2111.028809
v -1933.376465 992.172302 -2111.028809
v -1944.718262 941.332886 -2111.028809
v -1913.627686 972.423462 -2111.028809
v -2052.818359 837.332886 -243.004761
v -2021.727783 868.423462 -243.004761
v -2072.567139 857.081726 -243.004761
v -2041.476562 888.172302 -243.004761
v -2072.567139 857.081726 -2268.995117
v -2041.476562 888.172302 -2268.995117
v -2052.818359 837.332886 -2268.995117
v -2021.727783 868.423462 -2268.995117
v -966.925842 960.834473 -446.971069
v -934.612183 928.520813 -446.971069
v -947.924500 979.835815 -446.971069
v -915.610840 947.522156 -446.971069
v -947.924500 979.835815 -2111.028809
v -915.610840 947.522156 -2111.028809
v -966.925842 960.834473 -2111.028809
v -934.612183 928.520813 -2111.028809
v -860.915894 858.834534 -249.567627
v -828.602234 826.520874 -249.567627
v -841.914551 877.835876 -249.567627
v -809.600891 845.522217 -249.567627
v -841.914551 877.835876 -2264.432373
v -809.600891 845.522217 -2264.432373
v -860.915894 858.834534 -2264.432373
v -828.602234 826.520874 -2264.432373
v -2013.014771 873.036377 -1956.883667
v -1827.973755 1058.077393 -1956.883667
v -2032.763672 892.785217 -1956.883667
v -1847.722656 1077.826172 -1956.883667
v -2032.763672 892.785217 -2269.116455
v -1847.722656 1077.826172 -2269.116455
v -2013.014771 873.036377 -2269.116455
v -1827.973755 1058.077393 -2269.116455
v -1037.909058 1031.817749 -1956.883667
v -845.588745 839.497375 -1956.883667
v -1018.907776 1050.819092 -1956.883667
v -826.587402 858.498718 -1956.883667
v -1018.907776 1050.819092 -2269.116455
v -826.587402 858.498718 -2269.116455
v -1037.909058 1031.817749 -2269.116455
v -845.588745 839.497375 -2269.116455
v -1751.287109 1041.563843 -256.118408
v -1056.362671 1041.563843 -256.118408
v -1751.287109 1068.435913 -256.118408
v -1056.362671 1068.435913 -256.118408
v -1751.287109 1068.435913 -577.881592
v -1056.362671 1068.435913 -577.881592
v -1751.287109 1041.563843 -577.881592
v -1056.362671 1041.563843 -577.881592
v -1751.287109 1041.563843 -1953.118408
v -1056.362671 1041.563843 -1953.118408
v -1751.287109 1068.435913 -1953.118408
v -1056.362671 1068.435913 -1953.118408
v -1751.287109 1068.435913 -2274.881592
v -1056.362671 1068.435913 -2274.881592
v -1751.287109 1041.563843 -2274.881592
v -1056.362671 1041.563843 -2274.881592
v -1742.987061 1041.563843 -1508.581421
v -1048.062622 1041.563843 -1508.581421
v -1742.987061 1068.435913 -1508.581421
v -1048.062622 1068.435913 -1508.581421
v -1742.987061 1068.435913 -1651.418579
v -1048.062622 1068.435913 -1651.418579
v -1742.987061 1041.563843 -1651.418579
v -1048.062622 1041.563843 -1651.418579
v -1742.987061 1041.563843 -905.581543
v -1048.062622 1041.563843 -905.581543
v -1742.987061 1068.435913 -905.581543
v -1048.062622 1068.435913 -905.581543
v -1742.987061 1068.435913 -1048.418579
v -1048.062622 1068.435913 -1048.418579
v -1742.987061 1041.563843 -1048.418579
v -1048.062622 1041.563843 -1048.418579
v -3378.086670 917.563965 -3057.983154
v -3379.541260 917.563965 -2976.822754
v -3378.086670 944.435913 -3057.983154
v -3379.541260 944.435913 -2976.822754
v -1693.674561 944.435913 -3027.797119
v -1695.128906 944.435913 -2946.636963
v -1693.674561 917.563965 -3027.797119
v -1695.128906 917.563965 -2946.636963
v -3381.727051 917.563965 -2854.848145
v -3383.181641 917.563965 -2773.687744
v -3381.727051 944.435913 -2854.848145
v -3383.181641 944.435913 -2773.687744
v -1697.314941 944.435913 -2824.662109
v -1698.769287 944.435913 -2743.501953
v -1697.314941 917.563965 -2824.662109
v -1698.769287 917.563965 -2743.501953
v -3386.027832 917.563965 -2614.853027
v -3387.482422 917.563965 -2533.692627
v -3386.027832 944.435913 -2614.853027
v -3387.482422 944.435913 -2533.692627
v -1701.615723 944.435913 -2584.666992
v -1703.070068 944.435913 -2503.506836
v -1701.615723 917.563965 -2584.666992
v -1703.070068 917.563965 -2503.506836
v -3373.598877 917.563965 -3308.408447
v -3375.053467 917.563965 -3227.248047
v -3373.598877 944.435913 -3308.408447
v -3375.053467 944.435913 -3227.248047
v -1689.186768 944.435913 -3278.222412
v -1690.641113 944.435913 -3197.062256
v -1689.186768 917.563965 -3278.222412
v -1690.641113 917.563965 -3197.062256
v -3548.633057 749.036377 -3502.345947
v -3551.990967 934.077332 -3314.966797
v -3548.274658 768.785217 -3522.344482
v -3551.632568 953.826172 -3334.965088
v -3236.679932 768.785217 -3516.760498
v -3240.038086 953.826172 -3329.381104
v -3237.038330 749.036377 -3496.761963
v -3240.396484 934.077332 -3309.382568
v -3566.328613 907.817749 -2514.917480
v -3569.818604 715.497375 -2320.166748
v -3566.673340 926.819092 -2495.676025
v -3570.163574 734.498718 -2300.925293
v -3255.078857 926.819092 -2490.092041
v -3258.568848 734.498718 -2295.341309
v -3254.733887 907.817749 -2509.333496
v -3258.224121 715.497375 -2314.582764
v -2893.206299 749.036377 -3490.600342
v -2896.564453 934.077332 -3303.220947
v -2892.847900 768.785217 -3510.598877
v -2896.206055 953.826172 -3323.219482
v -2160.384521 768.785217 -3497.472412
v -2163.742432 953.826172 -3310.093018
v -2160.742920 749.036377 -3477.474121
v -2164.100830 934.077332 -3290.094727
v -2910.901855 907.817749 -2503.171875
v -2914.392090 715.497375 -2308.421143
v -2911.246582 926.819092 -2483.930420
v -2914.736816 734.498718 -2289.179688
v -2178.783203 926.819092 -2470.804199
v -2182.273438 734.498718 -2276.053223
v -2178.438477 907.817749 -2490.045654
v -2181.928467 715.497375 -2295.294678
v -3360.109375 817.332886 -3429.785889
v -3360.673584 848.423462 -3398.302246
v -3359.750977 837.081726 -3449.784180
v -3360.315186 868.172302 -3418.300781
v -1695.960327 837.081726 -3419.967773
v -1696.524536 868.172302 -3388.484375
v -1696.318726 817.332886 -3399.969482
v -1696.882935 848.423462 -3368.485840
v -3562.081299 713.332886 -3542.906494
v -3562.645508 744.423462 -3511.423096
v -3561.722900 733.081726 -3562.905029
v -3562.287109 764.172302 -3531.421387
v -1536.057617 733.081726 -3526.603516
v -1536.621826 764.172302 -3495.120117
v -1536.416016 713.332886 -3506.604980
v -1536.980225 744.423462 -3475.121582
v -1558.401367 713.332886 -3507.100342
v -1558.965576 744.423462 -3475.616943
v -1558.042969 733.081726 -3527.098877
v -1558.607178 764.172302 -3495.615234
v 467.622253 733.081726 -3490.797363
v 467.058044 764.172302 -3459.313965
v 467.263855 713.332886 -3470.798828
v 466.699646 744.423462 -3439.315430
v -3377.853516 836.834473 -2439.636475
v -3378.439941 804.520813 -2406.914551
v -3378.198486 855.835815 -2420.395020
v -3378.784912 823.522156 -2387.673096
v -1714.407837 855.835815 -2390.578857
v -1714.994141 823.522156 -2357.856689
v -1714.062988 836.834473 -2409.820312
v -1714.649414 804.520813 -2377.098145
v -3577.149414 734.834534 -2335.823975
v -3577.735840 702.520874 -2303.101807
v -3577.494141 753.835876 -2316.582520
v -3578.080566 721.522217 -2283.860352
v -1562.952881 753.835876 -2280.480225
v -1563.539307 721.522217 -2247.758301
v -1562.608154 734.834534 -2299.721924
v -1563.194580 702.520874 -2266.999756
v -1849.199951 749.036377 -3471.890869
v -1852.557983 934.077332 -3284.511475
v -1848.841553 768.785217 -3491.889404
v -1852.199585 953.826172 -3304.510010
v -1536.658936 768.785217 -3486.294678
v -1540.016968 953.826172 -3298.915283
v -1537.017334 749.036377 -3466.296387
v -1540.375366 934.077332 -3278.916992
v -1548.169434 749.036377 -3466.698730
v -1551.527344 934.077332 -3279.319336
v -1547.811035 768.785217 -3486.697266
v -1551.168945 953.826172 -3299.317871
v -823.844849 768.785217 -3473.723145
v -827.202820 953.826172 -3286.343750
v -824.203247 749.036377 -3453.724854
v -827.561218 934.077332 -3266.345459
v -914.514893 749.036377 -3455.343018
v -917.872864 934.077332 -3267.963623
v -914.156494 768.785217 -3475.341553
v -917.514465 953.826172 -3287.962158
v 516.183472 768.785217 -3449.708740
v 512.825500 953.826172 -3262.329346
v 515.825073 749.036377 -3429.710449
v 512.467102 934.077332 -3242.331055
v -1866.895508 907.817749 -2484.462402
v -1870.385620 715.497375 -2289.711670
v -1867.240356 926.819092 -2465.220947
v -1870.730469 734.498718 -2270.470215
v -1555.057739 926.819092 -2459.626465
v -1558.547852 734.498718 -2264.875488
v -1554.712891 907.817749 -2478.867920
v -1558.203003 715.497375 -2284.116943
v -1565.870117 907.817749 -2478.976807
v -1569.360229 715.497375 -2284.226074
v -1566.214966 926.819092 -2459.735352
v -1569.705078 734.498718 -2264.984619
v -842.248779 926.819092 -2446.761230
v -845.738892 734.498718 -2252.010498
v -841.903992 907.817749 -2466.002930
v -845.394043 715.497375 -2271.251953
v -3554.441895 917.563965 -3237.329834
v -3567.052734 917.563965 -2533.623535
v -3554.441895 944.435913 -3237.329834
v -3567.052734 944.435913 -2533.623535
v -3232.730469 944.435913 -3231.564453
v -3245.341309 944.435913 -2527.858154
v -3232.730469 917.563965 -3231.564453
v -3245.341309 917.563965 -2527.858154
v -1857.714233 917.563965 -3206.923096
v -1870.325195 917.563965 -2503.216797
v -1857.714233 944.435913 -3206.923096
v -1870.325195 944.435913 -2503.216797
v -1536.002686 944.435913 -3201.157715
v -1548.613647 944.435913 -2497.451416
v -1536.002686 917.563965 -3201.157715
v -1548.613647 917.563965 -2497.451416
v -1561.972168 917.563965 -3201.623047
v -1574.583130 917.563965 -2497.916748
v -1561.972168 944.435913 -3201.623047
v -1574.583130 944.435913 -2497.916748
v -815.908081 944.435913 -3188.253174
v -828.518982 944.435913 -2484.546875
v -815.908081 917.563965 -3188.253174
v -828.518982 917.563965 -2484.546875
v -937.098145 917.563965 -3190.425049
v -949.709106 917.563965 -2486.718750
v -937.098145 944.435913 -3190.425049
v -949.709106 944.435913 -2486.718750
v 536.900757 944.435913 -3164.009766
v 524.289795 944.435913 -2460.303467
v 536.900757 917.563965 -3164.009766
v 524.289795 917.563965 -2460.303467
v -2302.330322 917.563965 -3206.483398
v -2314.941406 917.563965 -2502.777100
v -2302.330322 944.435913 -3206.483398
v -2314.941406 944.435913 -2502.777100
v -2159.516113 944.435913 -3203.924072
v -2172.127197 944.435913 -2500.217773
v -2159.516113 917.563965 -3203.924072
v -2172.127197 917.563965 -2500.217773
v -2905.233643 917.563965 -3217.287842
v -2917.844727 917.563965 -2513.581543
v -2905.233643 944.435913 -3217.287842
v -2917.844727 944.435913 -2513.581543
v -2762.419434 944.435913 -3214.728516
v -2775.030518 944.435913 -2511.022217
v -2762.419434 917.563965 -3214.728516
v -2775.030518 917.563965 -2511.022217
v -5331.786621 917.563965 -3093.483154
v -5333.240723 917.563965 -3012.322754
v -5331.786621 944.435913 -3093.483154
v -5333.240723 944.435913 -3012.322754
v -3647.374268 944.435913 -3063.297119
v -3648.828613 944.435913 -2982.136963
v -3647.374268 917.563965 -3063.297119
v -3648.828613 917.563965 -2982.136963
v -5335.427246 917.563965 -2890.348145
v -5336.881348 917.563965 -2809.187744
v -5335.427246 944.435913 -2890.348145
v -5336.881348 944.435913 -2809.187744
v -3651.014893 944.435913 -2860.162109
v -3652.469238 944.435913 -2779.001953
v -3651.014893 917.563965 -2860.162109
v -3652.469238 917.563965 -2779.001953
v -5339.728027 917.563965 -2650.353027
v -5341.182129 917.563965 -2569.192627
v -5339.728027 944.435913 -2650.353027
v -5341.182129 944.435913 -2569.192627
v -3655.315674 944.435913 -2620.166992
v -3656.770020 944.435913 -2539.006836
v -3655.315674 917.563965 -2620.166992
v -3656.770020 917.563965 -2539.006836
v -5327.298828 917.563965 -3343.908447
v -5328.752930 917.563965 -3262.748047
v -5327.298828 944.435913 -3343.908447
v -5328.752930 944.435913 -3262.748047
v -3642.886475 944.435913 -3313.722412
v -3644.340820 944.435913 -3232.562256
v -3642.886475 917.563965 -3313.722412
v -3644.340820 917.563965 -3232.562256
v -5502.333008 749.036377 -3537.845947
v -5505.690918 934.077332 -3350.466797
v -5501.974609 768.785217 -3557.844482
v -5505.332520 953.826172 -3370.465088
v -5190.379883 768.785217 -3552.260498
v -5193.737793 953.826172 -3364.881104
v -5190.738281 749.036377 -3532.261963
v -5194.096191 934.077332 -3344.882568
v -5520.028320 907.817749 -2550.417480
v -5523.518555 715.497375 -2355.666748
v -5520.373047 926.819092 -2531.176025
v -5523.863281 734.498718 -2336.425293
v -5208.778320 926.819092 -2525.592041
v -5212.268555 734.498718 -2330.841309
v -5208.433594 907.817749 -2544.833496
v -5211.923828 715.497375 -2350.082764
v -4846.906738 749.036377 -3526.100342
v -4850.264648 934.077332 -3338.720947
v -4846.548340 768.785217 -3546.098877
v -4849.906250 953.826172 -3358.719482
v -4114.084961 768.785217 -3532.972412
v -4117.442871 953.826172 -3345.593018
v -4114.443359 749.036377 -3512.974121
v -4117.801270 934.077332 -3325.594727
v -4864.602051 907.817749 -2538.671875
v -4868.091797 715.497375 -2343.921143
v -4864.946777 926.819092 -2519.430420
v -4868.436523 734.498718 -2324.679688
v -4132.483398 926.819092 -2506.304199
v -4135.973145 734.498718 -2311.553223
v -4132.138184 907.817749 -2525.545654
v -4135.628418 715.497375 -2330.794678
v -5313.809570 817.332886 -3465.285889
v -5314.374023 848.423462 -3433.802246
v -5313.451172 837.081726 -3485.284180
v -5314.015625 868.172302 -3453.800781
v -3649.660645 837.081726 -3455.467773
v -3650.224609 868.172302 -3423.984375
v -3650.019043 817.332886 -3435.469482
v -3650.583008 848.423462 -3403.985840
v -5515.781250 713.332886 -3578.406250
v -5516.345215 744.423462 -3546.922852
v -5515.422852 733.081726 -3598.404785
v -5515.986816 764.172302 -3566.921143
v -3489.757324 733.081726 -3562.103271
v -3490.321533 764.172302 -3530.619873
v -3490.115723 713.332886 -3542.104736
v -3490.679932 744.423462 -3510.621338
v -5331.553711 836.834473 -2475.136475
v -5332.140137 804.520813 -2442.414551
v -5331.898438 855.835815 -2455.895020
v -5332.484863 823.522156 -2423.173096
v -3668.107910 855.835815 -2426.078857
v -3668.694092 823.522156 -2393.356689
v -3667.762939 836.834473 -2445.320312
v -3668.349365 804.520813 -2412.598145
v -5530.849121 734.834534 -2371.323975
v -5531.435547 702.520874 -2338.601807
v -5531.194336 753.835876 -2352.082520
v -5531.780273 721.522217 -2319.360352
v -3516.652832 753.835876 -2315.980225
v -3517.239258 721.522217 -2283.258301
v -3516.308105 734.834534 -2335.221924
v -3516.894531 702.520874 -2302.499756
v -3802.899902 749.036377 -3507.390869
v -3806.257812 934.077332 -3320.011475
v -3802.541504 768.785217 -3527.389404
v -3805.899414 953.826172 -3340.010010
v -3490.358887 768.785217 -3521.794678
v -3493.716797 953.826172 -3334.415283
v -3490.717285 749.036377 -3501.796387
v -3494.075195 934.077332 -3314.416992
v -3820.595459 907.817749 -2519.962402
v -3824.085449 715.497375 -2325.211670
v -3820.940186 926.819092 -2500.720947
v -3824.430420 734.498718 -2305.970215
v -3508.757568 926.819092 -2495.126465
v -3512.247803 734.498718 -2300.375488
v -3508.412842 907.817749 -2514.367920
v -3511.902832 715.497375 -2319.616943
v -5508.141602 917.563965 -3272.829590
v -5520.752441 917.563965 -2569.123291
v -5508.141602 944.435913 -3272.829590
v -5520.752441 944.435913 -2569.123291
v -5186.430176 944.435913 -3267.064209
v -5199.041016 944.435913 -2563.357910
v -5186.430176 917.563965 -3267.064209
v -5199.041016 917.563965 -2563.357910
v -3811.414062 917.563965 -3242.423096
v -3824.024902 917.563965 -2538.716797
v -3811.414062 944.435913 -3242.423096
v -3824.024902 944.435913 -2538.716797
v -3489.702637 944.435913 -3236.657715
v -3502.313477 944.435913 -2532.951416
v -3489.702637 917.563965 -3236.657715
v -3502.313477 917.563965 -2532.951416
v -4256.030273 917.563965 -3241.983398
v -4268.641113 917.563965 -2538.277100
v -4256.030273 944.435913 -3241.983398
v -4268.641113 944.435913 -2538.277100
v -4113.216309 944.435913 -3239.424072
v -4125.827148 944.435913 -2535.717773
v -4113.216309 917.563965 -3239.424072
v -4125.827148 917.563965 -2535.717773
v -4858.933594 917.563965 -3252.787842
v -4871.544434 917.563965 -2549.081543
v -4858.933594 944.435913 -3252.787842
v -4871.544434 944.435913 -2549.081543
v -4716.119629 944.435913 -3250.228516
v -4728.730469 944.435913 -2546.522217
v -4716.119629 917.563965 -3250.228516
v -4728.730469 917.563965 -2546.522217
v -1305.580811 4.276978 -101.779266
v -1297.058228 4.276978 -101.779266
v -1305.580811 176.723022 -101.779266
v -1297.058228 176.723022 -101.779266
v -1305.580811 176.723022 -235.420746
v -1297.058228 176.723022 -235.420746
v -1305.580811 4.276978 -235.420746
v -1297.058228 4.276978 -235.420746
v -1305.580811 4.276978 178.120743
v -1297.058228 4.276978 178.120743
v -1305.580811 176.723022 178.120743
v -1297.058228 176.723022 178.120743
v -1305.580811 176.723022 44.479263
v -1297.058228 176.723022 44.479263
v -1305.580811 4.276978 44.479263
v -1297.058228 4.276978 44.479263
v -1305.580811 4.276978 447.720734
v -1297.058228 4.276978 447.720734
v -1305.580811 176.723022 447.720734
v -1297.058228 176.723022 447.720734
v -1305.580811 176.723022 314.079254
v -1297.058228 176.723022 314.079254
v -1305.580811 4.276978 314.079254
v -1297.058228 4.276978 314.079254
v -1296.600220 -64.082558 449.835602
v -1296.600220 -64.082558 475.678009
v -1296.600220 238.282562 449.835602
v -1296.600220 238.282562 475.678009
v -1018.799683 238.282562 449.835602
v -1018.799683 238.282562 475.678009
v -1018.799683 -64.082558 449.835602
v -1018.799683 -64.082558 475.678009
v -1043.985107 -50.344147 449.835602
v -1043.985107 -50.344147 475.678009
v -1043.985107 240.344147 449.835602
v -1043.985107 240.344147 475.678009
v -866.014893 240.344147 449.835602
v -866.014893 240.344147 475.678009
v -866.014893 -50.344147 449.835602
v -866.014893 -50.344147 475.678009
v -892.841797 -64.082558 449.535614
v -892.841797 -64.082558 475.378021
v -892.841797 238.282562 449.535614
v -892.841797 238.282562 475.378021
v -295.158203 238.282562 449.535614
v -295.158203 238.282562 475.378021
v -295.158203 -64.082558 449.535614
v -295.158203 -64.082558 475.378021
v -274.574921 -64.082558 713.547241
v -274.574921 -64.082558 747.478333
v -274.574921 238.282562 713.547241
v -274.574921 238.282562 747.478333
v 550.574951 238.282562 713.547241
v 550.574951 238.282562 747.478333
v 550.574951 -64.082558 713.547241
v 550.574951 -64.082558 747.478333
v -809.126526 503.511932 492.947266
v -809.126526 503.511932 526.878357
v -809.126526 872.488037 492.947266
v -809.126526 872.488037 526.878357
v 525.126526 872.488037 492.947266
v 525.126526 872.488037 526.878357
v 525.126526 503.511932 492.947266
v 525.126526 503.511932 526.878357
v -299.087097 -446.061646 -506.052734
v -299.087097 -446.061646 -472.121674
v -299.087097 848.061646 -506.052734
v -299.087097 848.061646 -472.121674
v 619.087097 848.061646 -506.052734
v 619.087097 848.061646 -472.121674
v 619.087097 -446.061646 -506.052734
v 619.087097 -446.061646 -472.121674
v -195.030396 -44.142731 -506.052734
v -195.030396 -44.142731 -472.121674
v -195.030396 380.142731 -506.052734
v -195.030396 380.142731 -472.121674
v 515.030396 380.142731 -506.052734
v 515.030396 380.142731 -472.121674
v 515.030396 -44.142731 -506.052734
v 515.030396 -44.142731 -472.121674
v -423.564911 232.281525 -506.052734
v -423.564911 232.281525 -472.121674
v -423.564911 500.718475 -506.052734
v -423.564911 500.718475 -472.121674
v -133.835052 500.718475 -506.052734
v -133.835052 500.718475 -472.121674
v -133.835052 232.281525 -506.052734
v -133.835052 232.281525 -472.121674
v -424.002441 -81.987282 -506.052734
v -424.002441 -81.987282 -472.121674
v -424.002441 218.187286 -506.052734
v -424.002441 218.187286 -472.121674
v -19.597519 218.187286 -506.052734
v -19.597519 218.187286 -472.121674
v -19.597519 -81.987282 -506.052734
v -19.597519 -81.987282 -472.121674
v 127.806427 507.370239 -2288.052734
v 127.806427 507.370239 -2254.121582
v 127.806427 882.629761 -2288.052734
v 127.806427 882.629761 -2254.121582
v 684.193604 882.629761 -2288.052734
v 684.193604 882.629761 -2254.121582
v 684.193604 507.370239 -2288.052734
v 684.193604 507.370239 -2254.121582
v -607.541626 507.370239 -2288.052734
v -607.541626 507.370239 -2254.121582
v -607.541626 882.629761 -2288.052734
v -607.541626 882.629761 -2254.121582
v 207.541656 882.629761 -2288.052734
v 207.541656 882.629761 -2254.121582
v 207.541656 507.370239 -2288.052734
v 207.541656 507.370239 -2254.121582
v -885.793213 714.883972 -2288.052734
v -885.793213 714.883972 -2254.121582
v -885.793213 848.116028 -2288.052734
v -885.793213 848.116028 -2254.121582
v -225.806763 848.116028 -2288.052734
v -225.806763 848.116028 -2254.121582
v -225.806763 714.883972 -2288.052734
v -225.806763 714.883972 -2254.121582
v -873.925598 507.370239 -3112.052734
v -873.925598 507.370239 -3078.121582
v -873.925598 882.629761 -3112.052734
v -873.925598 882.629761 -3078.121582
v 663.925598 882.629761 -3112.052734
v 663.925598 882.629761 -3078.121582
v 663.925598 507.370239 -3112.052734
v 663.925598 507.370239 -3078.121582
v -1296.825684 -64.082558 -262.652740
v -1296.825684 -64.082558 -228.721680
v -1296.825684 238.282562 -262.652740
v -1296.825684 238.282562 -228.721680
v -301.174316 238.282562 -262.652740
v -301.174316 238.282562 -228.721680
v -301.174316 -64.082558 -262.652740
v -301.174316 -64.082558 -228.721680
v -813.682800 228.438553 -2459.052734
v -813.682800 228.438553 -2425.121582
v -813.682800 515.561462 -2459.052734
v -813.682800 515.561462 -2425.121582
v -437.517151 515.561462 -2459.052734
v -437.517151 515.561462 -2425.121582
v -437.517151 228.438553 -2459.052734
v -437.517151 228.438553 -2425.121582
v -2287.825684 -64.082558 -264.052734
v -2287.825684 -64.082558 -230.121674
v -2287.825684 238.282562 -264.052734
v -2287.825684 238.282562 -230.121674
v -1292.174316 238.282562 -264.052734
v -1292.174316 238.282562 -230.121674
v -1292.174316 -64.082558 -264.052734
v -1292.174316 -64.082558 -230.121674
v -2150.602295 89.234650 -264.052734
v -2150.602295 89.234650 -230.121674
v -2150.602295 1076.765381 -264.052734
v -2150.602295 1076.765381 -230.121674
v -807.397705 1076.765381 -264.052734
v -807.397705 1076.765381 -230.121674
v -807.397705 89.234650 -264.052734
v -807.397705 89.234650 -230.121674
v -2938.574951 -62.934052 -2268.052734
v -2938.574951 -62.934052 -2234.121582
v -2938.574951 764.934082 -2268.052734
v -2938.574951 764.934082 -2234.121582
v -2113.425049 764.934082 -2268.052734
v -2113.425049 764.934082 -2234.121582
v -2113.425049 -62.934052 -2268.052734
v -2113.425049 -62.934052 -2234.121582
v -2132.108643 -57.985107 -2268.052734
v -2132.108643 -57.985107 -2234.121582
v -2132.108643 1069.985107 -2268.052734
v -2132.108643 1069.985107 -2234.121582
v -1549.891235 1069.985107 -2268.052734
v -1549.891235 1069.985107 -2234.121582
v -1549.891235 -57.985107 -2268.052734
v -1549.891235 -57.985107 -2234.121582
v -1419.108765 -186.303986 -2268.052734
v -1419.108765 -186.303986 -2234.121582
v -1419.108765 1072.303955 -2268.052734
v -1419.108765 1072.303955 -2234.121582
v -836.891235 1072.303955 -2268.052734
v -836.891235 1072.303955 -2234.121582
v -836.891235 -186.303986 -2268.052734
v -836.891235 -186.303986 -2234.121582
v -1792.108765 237.065948 -2268.052734
v -1792.108765 237.065948 -2234.121582
v -1792.108765 1064.934082 -2268.052734
v -1792.108765 1064.934082 -2234.121582
v -1209.891235 1064.934082 -2268.052734
v -1209.891235 1064.934082 -2234.121582
v -1209.891235 237.065948 -2268.052734
v -1209.891235 237.065948 -2234.121582
v -2750.801514 -67.328110 -2454.732422
v -2750.801514 -67.328110 -2256.970703
v -2750.801514 189.328110 -2454.732422
v -2750.801514 189.328110 -2256.970703
v -2505.198486 189.328110 -2454.732422
v -2505.198486 189.328110 -2256.970703
v -2505.198486 -67.328110 -2454.732422
v -2505.198486 -67.328110 -2256.970703
v -2512.640381 -107.359680 -2935.290039
v -2512.640381 -107.359680 -2461.265625
v -2512.640381 65.359680 -2935.290039
v -2512.640381 65.359680 -2461.265625
v -2347.359619 65.359680 -2935.290039
v -2347.359619 65.359680 -2461.265625
v -2347.359619 -107.359680 -2935.290039
v -2347.359619 -107.359680 -2461.265625
v -2657.695312 -110.382401 -3208.254395
v -2657.695312 -110.382401 -2941.916748
v -2657.695312 82.182404 -3208.254395
v -2657.695312 82.182404 -2941.916748
v -2202.304688 82.182404 -3208.254395
v -2202.304688 82.182404 -2941.916748
v -2202.304688 -110.382401 -3208.254395
v -2202.304688 -110.382401 -2941.916748
v -2793.695312 -171.435089 -3484.154541
v -2793.695312 -171.435089 -3217.816895
v -2793.695312 143.235077 -3484.154541
v -2793.695312 143.235077 -3217.816895
v -2338.304688 143.235077 -3484.154541
v -2338.304688 143.235077 -3217.816895
v -2338.304688 -171.435089 -3484.154541
v -2338.304688 -171.435089 -3217.816895
v -4538.477539 -62.934052 -3548.052979
v -4538.477539 -62.934052 -3514.121826
v -4538.477539 764.934082 -3548.052979
v -4538.477539 764.934082 -3514.121826
v -1727.522339 764.934082 -3548.052979
v -1727.522339 764.934082 -3514.121826
v -1727.522339 -62.934052 -3548.052979
v -1727.522339 -62.934052 -3514.121826
v -1988.185791 158.014771 -3548.052979
v -1988.185791 158.014771 -3514.121826
v -1988.185791 759.985229 -3548.052979
v -1988.185791 759.985229 -3514.121826
v -1071.814209 759.985229 -3548.052979
v -1071.814209 759.985229 -3514.121826
v -1071.814209 158.014771 -3548.052979
v -1071.814209 158.014771 -3514.121826
v -1167.095459 -62.934052 -3548.052979
v -1167.095459 -62.934052 -3514.121826
v -1167.095459 764.934082 -3548.052979
v -1167.095459 764.934082 -3514.121826
v 527.095459 764.934082 -3548.052979
v 527.095459 764.934082 -3514.121826
v 527.095459 -62.934052 -3548.052979
v 527.095459 -62.934052 -3514.121826
v -2248.438965 -62.934052 -4428.052734
v -2248.438965 -62.934052 -4394.121582
v -2248.438965 764.934082 -4428.052734
v -2248.438965 764.934082 -4394.121582
v 534.439087 764.934082 -4428.052734
v 534.439087 764.934082 -4394.121582
v 534.439087 -62.934052 -4428.052734
v 534.439087 -62.934052 -4394.121582
v -4896.477539 -62.934052 -2257.052734
v -4896.477539 -62.934052 -2223.121582
v -4896.477539 764.934082 -2257.052734
v -4896.477539 764.934082 -2223.121582
v -2085.522461 764.934082 -2257.052734
v -2085.522461 764.934082 -2223.121582
v -2085.522461 -62.934052 -2257.052734
v -2085.522461 -62.934052 -2223.121582
v -298.003265 -57.251770 156.430450
v -262.605774 -57.251770 156.430450
v -298.003265 238.251770 156.430450
v -262.605774 238.251770 156.430450
v -298.003265 238.251770 -267.030457
v -262.605774 238.251770 -267.030457
v -298.003265 -57.251770 -267.030457
v -262.605774 -57.251770 -267.030457
v -2090.703369 -523.236633 -234.890442
v -2055.305908 -523.236633 -234.890442
v -2090.703369 845.236633 -234.890442
v -2055.305908 845.236633 -234.890442
v -2090.703369 845.236633 -2281.109619
v -2055.305908 845.236633 -2281.109619
v -2090.703369 -523.236633 -2281.109619
v -2055.305908 -523.236633 -2281.109619
v -298.003265 -57.251770 748.794556
v -262.605774 -57.251770 748.794556
v -298.003265 238.251770 748.794556
v -262.605774 238.251770 748.794556
v -298.003265 238.251770 345.805420
v -262.605774 238.251770 345.805420
v -298.003265 -57.251770 345.805420
v -262.605774 -57.251770 345.805420
v 529.296753 -57.251770 713.273743
v 564.694214 -57.251770 713.273743
v 529.296753 238.251770 713.273743
v 564.694214 238.251770 713.273743
v 529.296753 238.251770 -455.273743
v 564.694214 238.251770 -455.273743
v 529.296753 -57.251770 -455.273743
v 564.694214 -57.251770 -455.273743
v 529.296753 447.414734 692.073730
v 564.694214 447.414734 692.073730
v 529.296753 872.585266 692.073730
v 564.694214 872.585266 692.073730
v 529.296753 872.585266 -476.473755
v 564.694214 872.585266 -476.473755
v 529.296753 447.414734 -476.473755
v 564.694214 447.414734 -476.473755
v -292.903290 510.656189 499.648987
v -257.505798 510.656189 499.648987
v -292.903290 847.943909 499.648987
v -257.505798 847.943909 499.648987
v -292.903290 847.943909 -251.648987
v -257.505798 847.943909 -251.648987
v -292.903290 510.656189 -251.648987
v -257.505798 510.656189 -251.648987
v -839.103271 510.656189 499.648987
v -803.705811 510.656189 499.648987
v -839.103271 847.943909 499.648987
v -803.705811 847.943909 499.648987
v -839.103271 847.943909 -251.648987
v -803.705811 847.943909 -251.648987
v -839.103271 510.656189 -251.648987
v -803.705811 510.656189 -251.648987
v 529.296753 -57.251770 -457.726257
v 564.694214 -57.251770 -457.726257
v 529.296753 238.251770 -457.726257
v 564.694214 238.251770 -457.726257
v 529.296753 238.251770 -1626.273682
v 564.694214 238.251770 -1626.273682
v 529.296753 -57.251770 -1626.273682
v 564.694214 -57.251770 -1626.273682
v 529.296753 229.166840 -457.726257
v 564.694214 229.166840 -457.726257
v 529.296753 546.833130 -457.726257
v 564.694214 546.833130 -457.726257
v 529.296753 546.833130 -1626.273682
v 564.694214 546.833130 -1626.273682
v 529.296753 229.166840 -1626.273682
v 564.694214 229.166840 -1626.273682
v 529.296753 482.051605 -2930.843506
v 564.694214 482.051605 -2930.843506
v 529.296753 873.948364 -2930.843506
v 564.694214 873.948364 -2930.843506
v 529.296753 873.948364 -3250.756592
v 564.694214 873.948364 -3250.756592
v 529.296753 482.051605 -3250.756592
v 564.694214 482.051605 -3250.756592
v 529.296753 497.948212 -3060.306152
v 564.694214 497.948212 -3060.306152
v 529.296753 1110.051758 -3060.306152
v 564.694214 1110.051758 -3060.306152
v 529.296753 1110.051758 -3547.693848
v 564.694214 1110.051758 -3547.693848
v 529.296753 497.948212 -3547.693848
v 564.694214 497.948212 -3547.693848
v 529.296753 884.803345 -2270.383301
v 564.694214 884.803345 -2270.383301
v 529.296753 944.996704 -2270.383301
v 564.694214 944.996704 -2270.383301
v 529.296753 944.996704 -3194.616699
v 564.694214 944.996704 -3194.616699
v 529.296753 884.803345 -3194.616699
v 564.694214 884.803345 -3194.616699
v -24.703270 482.051605 -2432.521729
v 10.694204 482.051605 -2432.521729
v -24.703270 873.948364 -2432.521729
v 10.694204 873.948364 -2432.521729
v -24.703270 873.948364 -3100.697998
v 10.694204 873.948364 -3100.697998
v -24.703270 482.051605 -3100.697998
v 10.694204 482.051605 -3100.697998
v -24.703270 693.622253 -2291.580322
v 10.694204 693.622253 -2291.580322
v -24.703270 1074.937866 -2291.580322
v 10.694204 1074.937866 -2291.580322
v -24.703270 1074.937866 -2536.719971
v 10.694204 1074.937866 -2536.719971
v -24.703270 693.622253 -2536.719971
v 10.694204 693.622253 -2536.719971
v -839.803284 520.154907 -2458.383789
v -804.405823 520.154907 -2458.383789
v -839.803284 927.845093 -2458.383789
v -804.405823 927.845093 -2458.383789
v -839.803284 927.845093 -3080.016113
v -804.405823 927.845093 -3080.016113
v -839.803284 520.154907 -3080.016113
v -804.405823 520.154907 -3080.016113
v 529.296753 482.051605 -2170.474854
v 564.694214 482.051605 -2170.474854
v 529.296753 873.948364 -2170.474854
v 564.694214 873.948364 -2170.474854
v 529.296753 873.948364 -2703.525146
v 564.694214 873.948364 -2703.525146
v 529.296753 482.051605 -2703.525146
v 564.694214 482.051605 -2703.525146
v 529.296753 482.051605 -852.532043
v 564.694214 482.051605 -852.532043
v 529.296753 873.948364 -852.532043
v 564.694214 873.948364 -852.532043
v 529.296753 873.948364 -2267.468018
v 564.694214 873.948364 -2267.468018
v 529.296753 482.051605 -2267.468018
v 564.694214 482.051605 -2267.468018
v 529.296753 740.731506 -2416.432373
v 564.694214 740.731506 -2416.432373
v 529.296753 905.068542 -2416.432373
v 564.694214 905.068542 -2416.432373
v 529.296753 905.068542 -2950.367432
v 564.694214 905.068542 -2950.367432
v 529.296753 740.731506 -2950.367432
v 564.694214 740.731506 -2950.367432
v 529.296753 483.022644 -2464.210205
v 564.694214 483.022644 -2464.210205
v 529.296753 590.977356 -2464.210205
v 564.694214 590.977356 -2464.210205
v 529.296753 590.977356 -3012.989502
v 564.694214 590.977356 -3012.989502
v 529.296753 483.022644 -3012.989502
v 564.694214 483.022644 -3012.989502
v 529.296753 -57.251770 -1612.726318
v 564.694214 -57.251770 -1612.726318
v 529.296753 238.251770 -1612.726318
v 564.694214 238.251770 -1612.726318
v 529.296753 238.251770 -2781.273682
v 564.694214 238.251770 -2781.273682
v 529.296753 -57.251770 -2781.273682
v 564.694214 -57.251770 -2781.273682
v 529.296753 229.166840 -1612.726318
v 564.694214 229.166840 -1612.726318
v 529.296753 546.833130 -1612.726318
v 564.694214 546.833130 -1612.726318
v 529.296753 546.833130 -2781.273682
v 564.694214 546.833130 -2781.273682
v 529.296753 229.166840 -2781.273682
v 564.694214 229.166840 -2781.273682
v -452.703278 -57.251770 -496.586365
v -417.305786 -57.251770 -496.586365
v -452.703278 238.251770 -496.586365
v -417.305786 238.251770 -496.586365
v -452.703278 238.251770 -2201.413574
v -417.305786 238.251770 -2201.413574
v -452.703278 -57.251770 -2201.413574
v -417.305786 -57.251770 -2201.413574
v -452.703278 -57.251770 -819.058105
v -417.305786 -57.251770 -819.058105
v -452.703278 238.251770 -819.058105
v -417.305786 238.251770 -819.058105
v -452.703278 238.251770 -2454.942139
v -417.305786 238.251770 -2454.942139
v -452.703278 -57.251770 -2454.942139
v -417.305786 -57.251770 -2454.942139
v -452.703278 228.063599 -496.586365
v -417.305786 228.063599 -496.586365
v -452.703278 501.336426 -496.586365
v -417.305786 501.336426 -496.586365
v -452.703278 501.336426 -2201.413574
v -417.305786 501.336426 -2201.413574
v -452.703278 228.063599 -2201.413574
v -417.305786 228.063599 -2201.413574
v -452.703278 230.761047 -819.058105
v -417.305786 230.761047 -819.058105
v -452.703278 503.238953 -819.058105
v -417.305786 503.238953 -819.058105
v -452.703278 503.238953 -2454.942139
v -417.305786 503.238953 -2454.942139
v -452.703278 230.761047 -2454.942139
v -417.305786 230.761047 -2454.942139
v -841.703247 -72.113525 -239.828278
v -806.305786 -72.113525 -239.828278
v -841.703247 704.113525 -239.828278
v -806.305786 704.113525 -239.828278
v -841.703247 704.113525 -497.371735
v -806.305786 704.113525 -497.371735
v -841.703247 -72.113525 -497.371735
v -806.305786 -72.113525 -497.371735
v -841.703247 -72.113525 -644.334717
v -806.305786 -72.113525 -644.334717
v -841.703247 704.113525 -644.334717
v -806.305786 704.113525 -644.334717
v -841.703247 704.113525 -1047.065186
v -806.305786 704.113525 -1047.065186
v -841.703247 -72.113525 -1047.065186
v -806.305786 -72.113525 -1047.065186
v -841.703247 147.638031 -470.114014
v -806.305786 147.638031 -470.114014
v -841.703247 697.361938 -470.114014
v -806.305786 697.361938 -470.114014
v -841.703247 697.361938 -790.086060
v -806.305786 697.361938 -790.086060
v -841.703247 147.638031 -790.086060
v -806.305786 147.638031 -790.086060
v -841.703247 -72.113525 -1021.437439
v -806.305786 -72.113525 -1021.437439
v -841.703247 704.113525 -1021.437439
v -806.305786 704.113525 -1021.437439
v -841.703247 704.113525 -2464.562500
v -806.305786 704.113525 -2464.562500
v -841.703247 -72.113525 -2464.562500
v -806.305786 -72.113525 -2464.562500
v -841.703247 702.682129 -227.113525
v -806.305786 702.682129 -227.113525
v -841.703247 931.317871 -227.113525
v -806.305786 931.317871 -227.113525
v -841.703247 931.317871 -2496.886475
v -806.305786 931.317871 -2496.886475
v -841.703247 702.682129 -2496.886475
v -806.305786 702.682129 -2496.886475
v 529.296753 -57.251770 -2768.781494
v 564.694214 -57.251770 -2768.781494
v 529.296753 238.251770 -2768.781494
v 564.694214 238.251770 -2768.781494
v 529.296753 238.251770 -4231.218750
v 564.694214 238.251770 -4231.218750
v 529.296753 -57.251770 -4231.218750
v 564.694214 -57.251770 -4231.218750
v -2161.703369 -57.251770 -3550.360352
v -2126.305908 -57.251770 -3550.360352
v -2161.703369 238.251770 -3550.360352
v -2126.305908 238.251770 -3550.360352
v -2161.703369 238.251770 -4445.639648
v -2126.305908 238.251770 -4445.639648
v -2161.703369 -57.251770 -4445.639648
v -2126.305908 -57.251770 -4445.639648
v 527.296753 -49.762100 -3836.360352
v 562.694214 -49.762100 -3836.360352
v 527.296753 541.962097 -3836.360352
v 562.694214 541.962097 -3836.360352
v 527.296753 541.962097 -4731.639648
v 562.694214 541.962097 -4731.639648
v 527.296753 -49.762100 -4731.639648
v 562.694214 -49.762100 -4731.639648
v 529.296753 229.166840 -2768.781494
v 564.694214 229.166840 -2768.781494
v 529.296753 546.833130 -2768.781494
v 564.694214 546.833130 -2768.781494
v 529.296753 546.833130 -4231.218750
v 564.694214 546.833130 -4231.218750
v 529.296753 229.166840 -4231.218750
v 564.694214 229.166840 -4231.218750
v 175.078873 569.818848 -2288.125732
v 191.356339 569.818848 -2288.125732
v 175.078873 597.181152 -2288.125732
v 191.356339 597.181152 -2288.125732
v 175.078873 597.181152 -2301.073975
v 191.356339 597.181152 -2301.073975
v 175.078873 569.818848 -2301.073975
v 191.356339 569.818848 -2301.073975
v 191.910522 728.908813 -2286.555420
v 291.520111 728.908813 -2286.555420
v 191.910522 847.891113 -2286.555420
v 291.520111 847.891113 -2286.555420
v 191.910522 847.891113 -2302.644287
v 291.520111 847.891113 -2302.644287
v 191.910522 728.908813 -2302.644287
v 291.520111 728.908813 -2302.644287
v 247.871658 492.979492 -2285.508545
v 361.995392 492.979492 -2285.508545
v 247.871658 684.820435 -2285.508545
v 361.995392 684.820435 -2285.508545
v 247.871658 684.820435 -2376.291260
v 361.995392 684.820435 -2376.291260
v 247.871658 492.979492 -2376.291260
v 361.995392 492.979492 -2376.291260
v 189.826965 494.288574 -2283.131348
v 385.200714 494.288574 -2283.131348
v 189.826965 515.311401 -2283.131348
v 385.200714 515.311401 -2283.131348
v 189.826965 515.311401 -2378.668457
v 385.200714 515.311401 -2378.668457
v 189.826965 494.288574 -2378.668457
v 385.200714 494.288574 -2378.668457
v 464.376587 497.019531 -2744.128418
v 464.376587 497.019531 -2630.004639
v 464.376587 688.860474 -2744.128418
v 464.376587 688.860474 -2630.004639
v 524.223389 688.860474 -2744.128418
v 524.223389 688.860474 -2630.004639
v 524.223389 497.019531 -2744.128418
v 524.223389 497.019531 -2630.004639
v 473.898193 496.705597 -2551.238037
v 473.898193 496.705597 -2393.136719
v 473.898193 591.974365 -2551.238037
v 473.898193 591.974365 -2393.136719
v 514.701782 591.974365 -2551.238037
v 514.701782 591.974365 -2393.136719
v 514.701782 496.705597 -2551.238037
v 514.701782 496.705597 -2393.136719
v 522.538818 611.794495 -2541.929688
v 522.538818 611.794495 -2469.955322
v 522.538818 711.805481 -2541.929688
v 522.538818 711.805481 -2469.955322
v 525.861206 711.805481 -2541.929688
v 525.861206 711.805481 -2469.955322
v 525.861206 611.794495 -2541.929688
v 525.861206 611.794495 -2469.955322
v 469.467102 553.016663 -2553.983398
v 469.467102 553.016663 -2518.856445
v 469.467102 574.183411 -2553.983398
v 469.467102 574.183411 -2518.856445
v 478.532837 574.183411 -2553.983398
v 478.532837 574.183411 -2518.856445
v 478.532837 553.016663 -2553.983398
v 478.532837 553.016663 -2518.856445
v 469.467102 551.316711 -2502.383301
v 469.467102 551.316711 -2467.256348
v 469.467102 572.483459 -2502.383301
v 469.467102 572.483459 -2467.256348
v 478.532837 572.483459 -2502.383301
v 478.532837 572.483459 -2467.256348
v 478.532837 551.316711 -2502.383301
v 478.532837 551.316711 -2467.256348
v 469.467102 547.416687 -2439.683350
v 469.467102 547.416687 -2404.556396
v 469.467102 568.583435 -2439.683350
v 469.467102 568.583435 -2404.556396
v 478.532837 568.583435 -2439.683350
v 478.532837 568.583435 -2404.556396
v 478.532837 547.416687 -2439.683350
v 478.532837 547.416687 -2404.556396
v 469.467102 519.116638 -2547.883301
v 469.467102 519.116638 -2512.756348
v 469.467102 540.283386 -2547.883301
v 469.467102 540.283386 -2512.756348
v 478.532837 540.283386 -2547.883301
v 478.532837 540.283386 -2512.756348
v 478.532837 519.116638 -2547.883301
v 478.532837 519.116638 -2512.756348
v 469.467102 517.416626 -2496.283203
v 469.467102 517.416626 -2461.156250
v 469.467102 538.583374 -2496.283203
v 469.467102 538.583374 -2461.156250
v 478.532837 538.583374 -2496.283203
v 478.532837 538.583374 -2461.156250
v 478.532837 517.416626 -2496.283203
v 478.532837 517.416626 -2461.156250
v 469.467102 513.516663 -2433.583252
v 469.467102 513.516663 -2398.456299
v 469.467102 534.683411 -2433.583252
v 469.467102 534.683411 -2398.456299
v 478.532837 534.683411 -2433.583252
v 478.532837 534.683411 -2398.456299
v 478.532837 513.516663 -2433.583252
v 478.532837 513.516663 -2398.456299
v -298.003265 148.341370 360.741333
v -262.605774 148.341370 360.741333
v -298.003265 236.058655 360.741333
v -262.605774 236.058655 360.741333
v -298.003265 236.058655 155.458679
v -262.605774 236.058655 155.458679
v -298.003265 148.341370 155.458679
v -262.605774 148.341370 155.458679
vt 0.000000 0.000000
vt 1.000000 0.000000
vt 0.000000 1.000000
vt 1.000000 1.000000
vt 0.000000 1.000000
vt 1.000000 1.000000
vt 0.000000 1.000000
vt 1.000000 1.000000
vt 0.000000 0.000000
vt 1.000000 0.000000
vt 0.000000 0.000000
vt 1.000000 0.000000
vt 0.000000 0.000000
vt 0.000000 1.000000
vt 1.000000 1.000000
vt 1.000000 0.000000
vt 0.000000 0.000000
vt 0.000000 1.000000
vt 1.000000 1.000000
vt 1.000000 0.000000
vt 0.000000 0.000000
vt 0.000000 1.000000
vt 1.000000 1.000000
vt 1.000000 0.000000
vt 0.900000 0.000000
vt 1.000000 0.000000
vt 1.000000 0.100000
vt 0.900000 0.100000
vt 0.800000 0.000000
vt 1.000000 0.200000
vt 0.800000 0.100000
vt 0.700000 0.000000
vt 0.900000 0.200000
vt 1.000000 0.300000
vt 0.700000 0.100000
vt 0.600000 0.000000
vt 0.800000 0.200000
vt 0.900000 0.300000
vt 1.000000 0.400000
vt 0.600000 0.100000
vt 0.500000 0.000000
vt 0.700000 0.200000
vt 0.800000 0.300000
vt 0.900000 0.400000
vt 1.000000 0.500000
vt 0.500000 0.100000
vt 0.400000 0.000000
vt 0.600000 0.200000
vt 0.700000 0.300000
vt 0.800000 0.400000
vt 0.900000 0.500000
vt 1.000000 0.600000
vt 0.400000 0.100000
vt 0.300000 0.000000
vt 0.500000 0.200000
vt 0.600000 0.300000
vt 0.700000 0.400000
vt 0.800000 0.500000
vt 0.900000 0.600000
vt 1.000000 0.700000
vt 0.300000 0.100000
vt 0.200000 0.000000
vt 0.400000 0.200000
vt 0.500000 0.300000
vt 0.600000 0.400000
vt 0.700000 0.500000
vt 0.800000 0.600000
vt 0.900000 0.700000
vt 1.000000 0.800000
vt 0.900000 0.800000
vt 1.000000 0.900000
vt 0.800000 0.700000
vt 0.700000 0.600000
vt 0.600000 0.500000
vt 0.500000 0.400000
vt 0.900000 0.900000
vt 1.000000 1.000000
vt 0.900000 1.000000
vt 0.800000 0.800000
vt 0.800000 0.900000
vt 0.800000 1.000000
vt 0.700000 0.700000
vt 0.600000 0.600000
vt 0.700000 0.800000
vt 0.700000 0.900000
vt 0.700000 1.000000
vt 0.600000 0.700000
vt 0.500000 0.500000
vt 0.600000 0.800000
vt 0.600000 0.900000
vt 0.600000 1.000000
vt 0.500000 0.600000
vt 0.500000 0.700000
vt 0.500000 0.800000
vt 0.500000 0.900000
vt 0.500000 1.000000
vt 0.400000 0.900000
vt 0.400000 1.000000
vt 0.400000 0.800000
vt 0.400000 0.700000
vt 0.400000 0.600000
vt 0.400000 0.500000
vt 0.300000 0.900000
vt 0.300000 1.000000
vt 0.300000 0.800000
vt 0.300000 0.700000
vt 0.300000 0.600000
vt 0.200000 0.900000
vt 0.200000 1.000000
vt 0.200000 0.800000
vt 0.200000 0.700000
vt 0.100000 0.900000
vt 0.100000 1.000000
vt 0.100000 0.800000
vt 0.000000 0.900000
vt 0.000000 1.000000
vt 0.000000 0.800000
vt 0.000000 0.700000
vt 0.100000 0.700000
vt 0.000000 0.600000
vt 0.100000 0.600000
vt 0.000000 0.500000
vt 0.200000 0.600000
vt 0.100000 0.500000
vt 0.000000 0.400000
vt 0.200000 0.500000
vt 0.100000 0.400000
vt 0.000000 0.300000
vt 0.300000 0.500000
vt 0.100000 0.300000
vt 0.000000 0.200000
vt 0.200000 0.400000
vt 0.300000 0.400000
vt 0.100000 0.200000
vt 0.000000 0.100000
vt 0.200000 0.300000
vt 0.400000 0.400000
vt 0.100000 0.100000
vt 0.000000 0.000000
vt 0.100000 0.000000
vt 0.200000 0.200000
vt 0.300000 0.300000
vt 0.400000 0.300000
vt 0.200000 0.100000
vt 0.300000 0.200000
vt 0.900000 0.000000
vt 1.000000 0.000000
vt 1.000000 0.100000
vt 0.900000 0.100000
vt 0.800000 0.000000
vt 1.000000 0.200000
vt 0.800000 0.100000
vt 0.700000 0.000000
vt 0.900000 0.200000
vt 1.000000 0.300000
vt 0.700000 0.100000
vt 0.600000 0.000000
vt 0.800000 0.200000
vt 0.900000 0.300000
vt 1.000000 0.400000
vt 0.600000 0.100000
vt 0.500000 0.000000
vt 0.700000 0.200000
vt 0.800000 0.300000
vt 0.900000 0.400000
vt 1.000000 0.500000
vt 0.500000 0.100000
vt 0.400000 0.000000
vt 0.600000 0.200000
vt 0.700000 0.300000
vt 0.800000 0.400000
vt 0.900000 0.500000
vt 1.000000 0.600000
vt 0.400000 0.100000
vt 0.300000 0.000000
vt 0.500000 0.200000
vt 0.600000 0.300000
vt 0.700000 0.400000
vt 0.800000 0.500000
vt 0.900000 0.600000
vt 1.000000 0.700000
vt 0.300000 0.100000
vt 0.200000 0.000000
vt 0.400000 0.200000
vt 0.500000 0.300000
vt 0.600000 0.400000
vt 0.700000 0.500000
vt 0.800000 0.600000
vt 0.900000 0.700000
vt 1.000000 0.800000
vt 0.900000 0.800000
vt 1.000000 0.900000
vt 0.800000 0.700000
vt 0.700000 0.600000
vt 0.600000 0.500000
vt 0.500000 0.400000
vt 0.900000 0.900000
vt 1.000000 1.000000
vt 0.900000 1.000000
vt 0.800000 0.800000
vt 0.800000 0.900000
vt 0.800000 1.000000
vt 0.700000 0.700000
vt 0.600000 0.600000
vt 0.700000 0.800000
vt 0.700000 0.900000
vt 0.700000 1.000000
vt 0.600000 0.700000
vt 0.500000 0.500000
vt 0.600000 0.800000
vt 0.600000 0.900000
vt 0.600000 1.000000
vt 0.500000 0.600000
vt 0.500000 0.700000
vt 0.500000 0.800000
vt 0.500000 0.900000
vt 0.500000 1.000000
vt 0.400000 0.900000
vt 0.400000 1.000000
vt 0.400000 0.800000
vt 0.400000 0.700000
vt 0.400000 0.600000
vt 0.400000 0.500000
vt 0.300000 0.900000
vt 0.300000 1.000000
vt 0.300000 0.800000
vt 0.300000 0.700000
vt 0.300000 0.600000
vt 0.200000 0.900000
vt 0.200000 1.000000
vt 0.200000 0.800000
vt 0.200000 0.700000
vt 0.100000 0.900000
vt 0.100000 1.000000
vt 0.100000 0.800000
vt 0.000000 0.900000
vt 0.000000 1.000000
vt 0.000000 0.800000
vt 0.000000 0.700000
vt 0.100000 0.700000
vt 0.000000 0.600000
vt 0.100000 0.600000
vt 0.000000 0.500000
vt 0.200000 0.600000
vt 0.100000 0.500000
vt 0.000000 0.400000
vt 0.200000 0.500000
vt 0.100000 0.400000
vt 0.000000 0.300000
vt 0.300000 0.500000
vt 0.100000 0.300000
vt 0.000000 0.200000
vt 0.200000 0.400000
vt 0.300000 0.400000
vt 0.100000 0.200000
vt 0.000000 0.100000
vt 0.200000 0.300000
vt 0.400000 0.400000
vt 0.100000 0.100000
vt 0.000000 0.000000
vt 0.100000 0.000000
vt 0.200000 0.200000
vt 0.300000 0.300000
vt 0.400000 0.300000
vt 0.200000 0.100000
vt 0.300000 0.200000
vt 0.000000 0.000000
vt 1.000000 1.000000
vt 0.000000 1.000000
vt 1.000000 0.000000
vt 0.000000 0.000000
vt 1.000000 1.000000
vt 0.000000 1.000000
vt 1.000000 0.000000
vt 0.000000 0.000000
vt 1.000000 1.000000
vt 0.000000 1.000000
vt 1.000000 0.000000
vt 0.000000 0.000000
vt 1.000000 1.000000
vt 0.000000 1.000000
vt 1.000000 0.000000
vt 0.000000 0.000000
vt 1.000000 1.000000
vt 0.000000 1.000000
vt 1.000000 0.000000
vt 0.000000 0.000000
vt 1.000000 1.000000
vt 0.000000 1.000000
vt 1.000000 0.000000
vt 0.000000 0.000000
vt 1.000000 1.000000
vt 0.000000 1.000000
vt 1.000000 0.000000
vt 0.000000 0.000000
vt 1.000000 1.000000
vt 0.000000 1.000000
vt 1.000000 0.000000
vt 0.000000 0.000000
vt 1.000000 1.000000
vt 0.000000 1.000000
vt 1.000000 0.000000
vt 0.000000 0.000000
vt 1.000000 1.000000
vt 0.000000 1.000000
vt 1.000000 0.000000
vt 0.000000 0.000000
vt 1.000000 1.000000
vt 0.000000 1.000000
vt 1.000000 0.000000
vt 0.000000 0.000000
vt 1.000000 1.000000
vt 0.000000 1.000000
vt 1.000000 0.000000
vt 0.000000 0.000000
vt 1.000000 1.000000
vt 0.000000 1.000000
vt 1.000000 0.000000
vt 0.000000 0.000000
vt 1.000000 1.000000
vt 0.000000 1.000000
vt 1.000000 0.000000
vt 0.000000 0.000000
vt 1.000000 1.000000
vt 0.000000 1.000000
vt 1.000000 0.000000
vt 0.000000 0.000000
vt 1.000000 1.000000
vt 0.000000 1.000000
vt 1.000000 0.000000
vt 0.000000 0.000000
vt 1.000000 1.000000
vt 0.000000 1.000000
vt 1.000000 0.000000
vt 0.000000 0.000000
vt 1.000000 1.000000
vt 0.000000 1.000000
vt 1.000000 0.000000
vt 0.000000 0.000000
vt 1.000000 1.000000
vt 0.000000 1.000000
vt 1.000000 0.000000
vt 0.000000 0.000000
vt 1.000000 1.000000
vt 0.000000 1.000000
vt 1.000000 0.000000
vt 0.000000 0.000000
vt 1.000000 1.000000
vt 0.000000 1.000000
vt 1.000000 0.000000
vt 0.000000 0.000000
vt 1.000000 1.000000
vt 0.000000 1.000000
vt 1.000000 0.000000
vt 0.000000 0.000000
vt 1.000000 1.000000
vt 0.000000 1.000000
vt 1.000000 0.000000
vt 0.000000 0.000000
vt 1.000000 1.000000
vt 0.000000 1.000000
vt 1.000000 0.000000
vt 0.000000 0.000000
vt 1.000000 1.000000
vt 0.000000 1.000000
vt 1.000000 0.000000
vt 0.000000 0.000000
vt 1.000000 1.000000
vt 0.000000 1.000000
vt 1.000000 0.000000
vt 0.000000 0.000000
vt 1.000000 1.000000
vt 0.000000 1.000000
vt 1.000000 0.000000
vt 0.000000 0.000000
vt 1.000000 1.000000
vt 0.000000 1.000000
vt 1.000000 0.000000
vt 0.000000 0.000000
vt 1.000000 1.000000
vt 0.000000 1.000000
vt 1.000000 0.000000
vt 0.000000 0.000000
vt 1.000000 1.000000
vt 0.000000 1.000000
vt 1.000000 0.000000
vt 0.000000 0.000000
vt 1.000000 1.000000
vt 0.000000 1.000000
vt 1.000000 0.000000
vt 0.000000 0.000000
vt 1.000000 1.000000
vt 0.000000 1.000000
vt 1.000000 0.000000
vt 0.000000 0.000000
vt 1.000000 1.000000
vt 0.000000 1.000000
vt 1.000000 0.000000
vt 0.000000 0.000000
vt 1.000000 1.000000
vt 0.000000 1.000000
vt 1.000000 0.000000
vt 0.000000 0.000000
vt 1.000000 1.000000
vt 0.000000 1.000000
vt 1.000000 0.000000
vt 0.000000 0.000000
vt 1.000000 1.000000
vt 0.000000 1.000000
vt 1.000000 0.000000
vt 0.000000 0.000000
vt 1.000000 1.000000
vt 0.000000 1.000000
vt 1.000000 0.000000
vt 0.000000 0.000000
vt 1.000000 1.000000
vt 0.000000 1.000000
vt 1.000000 0.000000
vt 0.000000 0.000000
vt 1.000000 1.000000
vt 0.000000 1.000000
vt 1.000000 0.000000
vt 0.000000 0.000000
vt 1.000000 1.000000
vt 0.000000 1.000000
vt 1.000000 0.000000
vt 0.000000 0.000000
vt 1.000000 1.000000
vt 0.000000 1.000000
vt 1.000000 0.000000
vt 0.000000 0.000000
vt 1.000000 1.000000
vt 0.000000 1.000000
vt 1.000000 0.000000
vt 0.000000 0.000000
vt 1.000000 1.000000
vt 0.000000 1.000000
vt 1.000000 0.000000
vt 0.000000 0.000000
vt 1.000000 1.000000
vt 0.000000 1.000000
vt 1.000000 0.000000
vt 0.000000 0.000000
vt 1.000000 1.000000
vt 0.000000 1.000000
vt 1.000000 0.000000
vt 0.000000 0.000000
vt 1.000000 1.000000
vt 0.000000 1.000000
vt 1.000000 0.000000
vt 0.000000 0.000000
vt 1.000000 1.000000
vt 0.000000 1.000000
vt 1.000000 0.000000
vt 0.000000 0.000000
vt 1.000000 1.000000
vt 0.000000 1.000000
vt 1.000000 0.000000
vt 0.000000 0.000000
vt 1.000000 1.000000
vt 0.000000 1.000000
vt 1.000000 0.000000
vt 0.000000 0.000000
vt 1.000000 1.000000
vt 0.000000 1.000000
vt 1.000000 0.000000
vt 0.000000 0.000000
vt 1.000000 1.000000
vt 0.000000 1.000000
vt 1.000000 0.000000
vt 0.000000 0.000000
vt 1.000000 1.000000
vt 0.000000 1.000000
vt 1.000000 0.000000
vt 0.000000 0.000000
vt 1.000000 1.000000
vt 0.000000 1.000000
vt 1.000000 0.000000
vt 0.000000 0.000000
vt 1.000000 1.000000
vt 0.000000 1.000000
vt 1.000000 0.000000
vt 0.000000 0.000000
vt 1.000000 1.000000
vt 0.000000 1.000000
vt 1.000000 0.000000
vt 0.000000 0.000000
vt 1.000000 1.000000
vt 0.000000 1.000000
vt 1.000000 0.000000
vt 0.000000 0.000000
vt 1.000000 1.000000
vt 0.000000 1.000000
vt 1.000000 0.000000
vt 0.000000 0.000000
vt 1.000000 1.000000
vt 0.000000 1.000000
vt 1.000000 0.000000
vt 0.000000 0.000000
vt 1.000000 1.000000
vt 0.000000 1.000000
vt 1.000000 0.000000
vt 0.000000 0.000000
vt 1.000000 1.000000
vt 0.000000 1.000000
vt 1.000000 0.000000
vt 0.000000 0.000000
vt 1.000000 1.000000
vt 0.000000 1.000000
vt 1.000000 0.000000
vt 0.000000 0.000000
vt 1.000000 1.000000
vt 0.000000 1.000000
vt 1.000000 0.000000
vt 0.000000 0.000000
vt 1.000000 1.000000
vt 0.000000 1.000000
vt 1.000000 0.000000
vt 0.000000 0.000000
vt 1.000000 1.000000
vt 0.000000 1.000000
vt 1.000000 0.000000
vt 0.000000 0.000000
vt 1.000000 1.000000
vt 0.000000 1.000000
vt 1.000000 0.000000
vt 0.000000 0.000000
vt 1.000000 1.000000
vt 0.000000 1.000000
vt 1.000000 0.000000
vt 0.000000 0.000000
vt 1.000000 1.000000
vt 0.000000 1.000000
vt 1.000000 0.000000
vt 0.000000 0.000000
vt 1.000000 1.000000
vt 0.000000 1.000000
vt 1.000000 0.000000
vt 0.000000 0.000000
vt 1.000000 1.000000
vt 0.000000 1.000000
vt 1.000000 0.000000
vt 0.000000 0.000000
vt 1.000000 1.000000
vt 0.000000 1.000000
vt 1.000000 0.000000
vt 0.000000 0.000000
vt 1.000000 1.000000
vt 0.000000 1.000000
vt 1.000000 0.000000
vt 0.000000 0.000000
vt 1.000000 1.000000
vt 0.000000 1.000000
vt 1.000000 0.000000
vt 0.000000 0.000000
vt 1.000000 1.000000
vt 0.000000 1.000000
vt 1.000000 0.000000
vt 0.000000 0.000000
vt 1.000000 1.000000
vt 0.000000 1.000000
vt 1.000000 0.000000
vt 0.000000 0.000000
vt 1.000000 1.000000
vt 0.000000 1.000000
vt 1.000000 0.000000
vt 0.000000 0.000000
vt 1.000000 1.000000
vt 0.000000 1.000000
vt 1.000000 0.000000
vt 0.000000 0.000000
vt 1.000000 1.000000
vt 0.000000 1.000000
vt 1.000000 0.000000
vt 0.000000 0.000000
vt 1.000000 1.000000
vt 0.000000 1.000000
vt 1.000000 0.000000
vt 0.000000 0.000000
vt 1.000000 1.000000
vt 0.000000 1.000000
vt 1.000000 0.000000
vt 0.000000 0.000000
vt 1.000000 1.000000
vt 0.000000 1.000000
vt 1.000000 0.000000
vt 0.000000 0.000000
vt 1.000000 1.000000
vt 0.000000 1.000000
vt 1.000000 0.000000
vt 0.000000 0.000000
vt 1.000000 1.000000
vt 0.000000 1.000000
vt 1.000000 0.000000
vt 0.000000 0.000000
vt 1.000000 1.000000
vt 0.000000 1.000000
vt 1.000000 0.000000
vt 0.000000 0.000000
vt 1.000000 1.000000
vt 0.000000 1.000000
vt 1.000000 0.000000
vt 0.000000 0.000000
vt 1.000000 1.000000
vt 0.000000 1.000000
vt 1.000000 0.000000
vt 0.000000 0.000000
vt 1.000000 1.000000
vt 0.000000 1.000000
vt 1.000000 0.000000
vt 0.000000 0.000000
vt 1.000000 1.000000
vt 0.000000 1.000000
vt 1.000000 0.000000
vt 0.000000 0.000000
vt 1.000000 1.000000
vt 0.000000 1.000000
vt 1.000000 0.000000
vt 0.000000 0.000000
vt 1.000000 1.000000
vt 0.000000 1.000000
vt 1.000000 0.000000
vt 0.000000 0.000000
vt 1.000000 1.000000
vt 0.000000 1.000000
vt 1.000000 0.000000
vt 0.000000 0.000000
vt 1.000000 1.000000
vt 0.000000 1.000000
vt 1.000000 0.000000
vt 0.000000 0.000000
vt 1.000000 1.000000
vt 0.000000 1.000000
vt 1.000000 0.000000
vt 0.000000 0.000000
vt 1.000000 1.000000
vt 0.000000 1.000000
vt 1.000000 0.000000
vt 0.000000 0.000000
vt 1.000000 1.000000
vt 0.000000 1.000000
vt 1.000000 0.000000
vt 0.000000 0.000000
vt 1.000000 1.000000
vt 0.000000 1.000000
vt 1.000000 0.000000
vt 0.000000 0.000000
vt 1.000000 1.000000
vt 0.000000 1.000000
vt 1.000000 0.000000
vt 0.000000 0.000000
vt 1.000000 1.000000
vt 0.000000 1.000000
vt 1.000000 0.000000
vt 0.000000 0.000000
vt 1.000000 1.000000
vt 0.000000 1.000000
vt 1.000000 0.000000
vt 0.000000 0.000000
vt 1.000000 1.000000
vt 0.000000 1.000000
vt 1.000000 0.000000
vt 0.000000 0.000000
vt 1.000000 1.000000
vt 0.000000 1.000000
vt 1.000000 0.000000
vt 0.000000 0.000000
vt 1.000000 1.000000
vt 0.000000 1.000000
vt 1.000000 0.000000
vt 0.000000 0.000000
vt 1.000000 1.000000
vt 0.000000 1.000000
vt 1.000000 0.000000
vt 0.000000 0.000000
vt 1.000000 1.000000
vt 0.000000 1.000000
vt 1.000000 0.000000
vt 0.000000 0.000000
vt 1.000000 1.000000
vt 0.000000 1.000000
vt 1.000000 0.000000
vt 0.000000 0.000000
vt 1.000000 1.000000
vt 0.000000 1.000000
vt 1.000000 0.000000
vt 0.000000 0.000000
vt 1.000000 1.000000
vt 0.000000 1.000000
vt 1.000000 0.000000
vt 0.000000 0.000000
vt 1.000000 1.000000
vt 0.000000 1.000000
vt 1.000000 0.000000
vt 0.000000 0.000000
vt 1.000000 1.000000
vt 0.000000 1.000000
vt 1.000000 0.000000
vt 0.000000 0.000000
vt 1.000000 1.000000
vt 0.000000 1.000000
vt 1.000000 0.000000
vt 0.000000 0.000000
vt 1.000000 1.000000
vt 0.000000 1.000000
vt 1.000000 0.000000
vt 0.000000 0.000000
vt 1.000000 1.000000
vt 0.000000 1.000000
vt 1.000000 0.000000
vt 0.000000 0.000000
vt 1.000000 1.000000
vt 0.000000 1.000000
vt 1.000000 0.000000
vt 0.000000 0.000000
vt 1.000000 1.000000
vt 0.000000 1.000000
vt 1.000000 0.000000
vt 0.000000 0.000000
vt 1.000000 1.000000
vt 0.000000 1.000000
vt 1.000000 0.000000
vt 0.000000 0.000000
vt 1.000000 1.000000
vt 0.000000 1.000000
vt 1.000000 0.000000
vt 0.000000 0.000000
vt 1.000000 1.000000
vt 0.000000 1.000000
vt 1.000000 0.000000
vt 0.000000 0.000000
vt 1.000000 1.000000
vt 0.000000 1.000000
vt 1.000000 0.000000
vt 0.000000 0.000000
vt 1.000000 1.000000
vt 0.000000 1.000000
vt 1.000000 0.000000
vt 0.000000 0.000000
vt 1.000000 1.000000
vt 0.000000 1.000000
vt 1.000000 0.000000
vt 0.000000 0.000000
vt 1.000000 1.000000
vt 0.000000 1.000000
vt 1.000000 0.000000
vt 0.000000 0.000000
vt 1.000000 1.000000
vt 0.000000 1.000000
vt 1.000000 0.000000
vt 0.000000 0.000000
vt 1.000000 1.000000
vt 0.000000 1.000000
vt 1.000000 0.000000
vt 0.000000 0.000000
vt 1.000000 1.000000
vt 0.000000 1.000000
vt 1.000000 0.000000
vt 0.000000 0.000000
vt 1.000000 1.000000
vt 0.000000 1.000000
vt 1.000000 0.000000
vt 0.000000 0.000000
vt 1.000000 1.000000
vt 0.000000 1.000000
vt 1.000000 0.000000
vt 0.000000 0.000000
vt 1.000000 1.000000
vt 0.000000 1.000000
vt 1.000000 0.000000
vt 0.000000 0.000000
vt 1.000000 1.000000
vt 0.000000 1.000000
vt 1.000000 0.000000
vt 0.000000 0.000000
vt 1.000000 1.000000
vt 0.000000 1.000000
vt 1.000000 0.000000
vt 0.000000 0.000000
vt 1.000000 1.000000
vt 0.000000 1.000000
vt 1.000000 0.000000
vt 0.000000 0.000000
vt 1.000000 1.000000
vt 0.000000 1.000000
vt 1.000000 0.000000
vt 0.000000 0.000000
vt 1.000000 1.000000
vt 0.000000 1.000000
vt 1.000000 0.000000
vt 0.000000 0.000000
vt 1.000000 1.000000
vt 0.000000 1.000000
vt 1.000000 0.000000
vt 0.000000 0.000000
vt 1.000000 1.000000
vt 0.000000 1.000000
vt 1.000000 0.000000
vt 0.000000 0.000000
vt 1.000000 1.000000
vt 0.000000 1.000000
vt 1.000000 0.000000
vt 0.000000 0.000000
vt 1.000000 1.000000
vt 0.000000 1.000000
vt 1.000000 0.000000
vt 0.000000 0.000000
vt 1.000000 1.000000
vt 0.000000 1.000000
vt 1.000000 0.000000
vt 0.000000 0.000000
vt 1.000000 1.000000
vt 0.000000 1.000000
vt 1.000000 0.000000
vt 0.000000 0.000000
vt 1.000000 1.000000
vt 0.000000 1.000000
vt 1.000000 0.000000
vt 0.000000 0.000000
vt 1.000000 1.000000
vt 0.000000 1.000000
vt 1.000000 0.000000
vt 0.000000 0.000000
vt 1.000000 1.000000
vt 0.000000 1.000000
vt 1.000000 0.000000
vt 0.000000 0.000000
vt 1.000000 1.000000
vt 0.000000 1.000000
vt 1.000000 0.000000
vt 0.000000 0.000000
vt 1.000000 1.000000
vt 0.000000 1.000000
vt 1.000000 0.000000
vt 0.000000 0.000000
vt 1.000000 1.000000
vt 0.000000 1.000000
vt 1.000000 0.000000
vt 0.000000 0.000000
vt 1.000000 1.000000
vt 0.000000 1.000000
vt 1.000000 0.000000
vt 0.000000 0.000000
vt 1.000000 1.000000
vt 0.000000 1.000000
vt 1.000000 0.000000
vt 0.000000 0.000000
vt 1.000000 1.000000
vt 0.000000 1.000000
vt 1.000000 0.000000
vt 0.000000 0.000000
vt 1.000000 1.000000
vt 0.000000 1.000000
vt 1.000000 0.000000
vt 0.000000 0.000000
vt 1.000000 1.000000
vt 0.000000 1.000000
vt 1.000000 0.000000
vt 0.000000 0.000000
vt 1.000000 1.000000
vt 0.000000 1.000000
vt 1.000000 0.000000
vt 0.000000 0.000000
vt 1.000000 1.000000
vt 0.000000 1.000000
vt 1.000000 0.000000
vt 0.000000 0.000000
vt 1.000000 1.000000
vt 0.000000 1.000000
vt 1.000000 0.000000
vt 0.000000 0.000000
vt 1.000000 1.000000
vt 0.000000 1.000000
vt 1.000000 0.000000
vt 0.000000 0.000000
vt 1.000000 1.000000
vt 0.000000 1.000000
vt 1.000000 0.000000
vt 0.000000 0.000000
vt 1.000000 1.000000
vt 0.000000 1.000000
vt 1.000000 0.000000
vt 0.000000 0.000000
vt 1.000000 1.000000
vt 0.000000 1.000000
vt 1.000000 0.000000
vt 0.000000 0.000000
vt 1.000000 1.000000
vt 0.000000 1.000000
vt 1.000000 0.000000
vt 0.000000 0.000000
vt 1.000000 1.000000
vt 0.000000 1.000000
vt 1.000000 0.000000
vt 0.000000 0.000000
vt 1.000000 1.000000
vt 0.000000 1.000000
vt 1.000000 0.000000
vt 0.000000 0.000000
vt 1.000000 1.000000
vt 0.000000 1.000000
vt 1.000000 0.000000
vt 0.000000 0.000000
vt 1.000000 1.000000
vt 0.000000 1.000000
vt 1.000000 0.000000
vt 0.000000 0.000000
vt 1.000000 1.000000
vt 0.000000 1.000000
vt 1.000000 0.000000
vt 0.000000 0.000000
vt 1.000000 1.000000
vt 0.000000 1.000000
vt 1.000000 0.000000
vt 0.000000 0.000000
vt 1.000000 1.000000
vt 0.000000 1.000000
vt 1.000000 0.000000
vt 0.000000 0.000000
vt 1.000000 1.000000
vt 0.000000 1.000000
vt 1.000000 0.000000
vt 0.000000 0.000000
vt 1.000000 1.000000
vt 0.000000 1.000000
vt 1.000000 0.000000
vt 0.000000 0.000000
vt 1.000000 1.000000
vt 0.000000 1.000000
vt 1.000000 0.000000
vt 0.000000 0.000000
vt 1.000000 1.000000
vt 0.000000 1.000000
vt 1.000000 0.000000
vt 0.000000 0.000000
vt 1.000000 1.000000
vt 0.000000 1.000000
vt 1.000000 0.000000
vt 0.000000 0.000000
vt 1.000000 1.000000
vt 0.000000 1.000000
vt 1.000000 0.000000
vt 0.000000 0.000000
vt 1.000000 1.000000
vt 0.000000 1.000000
vt 1.000000 0.000000
vt 0.000000 0.000000
vt 1.000000 1.000000
vt 0.000000 1.000000
vt 1.000000 0.000000
vt 0.000000 0.000000
vt 1.000000 1.000000
vt 0.000000 1.000000
vt 1.000000 0.000000
vt 0.000000 0.000000
vt 1.000000 1.000000
vt 0.000000 1.000000
vt 1.000000 0.000000
vt 0.000000 0.000000
vt 1.000000 1.000000
vt 0.000000 1.000000
vt 1.000000 0.000000
vt 0.000000 0.000000
vt 1.000000 1.000000
vt 0.000000 1.000000
vt 1.000000 0.000000
vt 0.000000 0.000000
vt 1.000000 1.000000
vt 0.000000 1.000000
vt 1.000000 0.000000
vt 0.000000 0.000000
vt 1.000000 1.000000
vt 0.000000 1.000000
vt 1.000000 0.000000
vt 0.000000 0.000000
vt 1.000000 1.000000
vt 0.000000 1.000000
vt 1.000000 0.000000
vt 0.000000 0.000000
vt 1.000000 1.000000
vt 0.000000 1.000000
vt 1.000000 0.000000
vt 0.000000 0.000000
vt 1.000000 1.000000
vt 0.000000 1.000000
vt 1.000000 0.000000
vt 0.000000 0.000000
vt 1.000000 1.000000
vt 0.000000 1.000000
vt 1.000000 0.000000
vt 0.000000 0.000000
vt 1.000000 1.000000
vt 0.000000 1.000000
vt 1.000000 0.000000
vt 0.000000 0.000000
vt 1.000000 1.000000
vt 0.000000 1.000000
vt 1.000000 0.000000
vt 0.000000 0.000000
vt 1.000000 1.000000
vt 0.000000 1.000000
vt 1.000000 0.000000
vt 0.000000 0.000000
vt 1.000000 1.000000
vt 0.000000 1.000000
vt 1.000000 0.000000
vt 0.000000 0.000000
vt 1.000000 1.000000
vt 0.000000 1.000000
vt 1.000000 0.000000
vt 0.000000 0.000000
vt 1.000000 1.000000
vt 0.000000 1.000000
vt 1.000000 0.000000
vt 0.000000 0.000000
vt 1.000000 1.000000
vt 0.000000 1.000000
vt 1.000000 0.000000
vt 0.000000 0.000000
vt 1.000000 1.000000
vt 0.000000 1.000000
vt 1.000000 0.000000
vt 0.000000 0.000000
vt 1.000000 1.000000
vt 0.000000 1.000000
vt 1.000000 0.000000
vt 0.000000 0.000000
vt 1.000000 1.000000
vt 0.000000 1.000000
vt 1.000000 0.000000
vt 0.000000 0.000000
vt 1.000000 1.000000
vt 0.000000 1.000000
vt 1.000000 0.000000
vt 0.000000 0.000000
vt 1.000000 1.000000
vt 0.000000 1.000000
vt 1.000000 0.000000
vt 0.000000 0.000000
vt 1.000000 1.000000
vt 0.000000 1.000000
vt 1.000000 0.000000
vt 0.000000 0.000000
vt 1.000000 1.000000
vt 0.000000 1.000000
vt 1.000000 0.000000
vt 0.000000 0.000000
vt 1.000000 1.000000
vt 0.000000 1.000000
vt 1.000000 0.000000
vt 0.000000 0.000000
vt 1.000000 1.000000
vt 0.000000 1.000000
vt 1.000000 0.000000
vt 0.000000 0.000000
vt 1.000000 1.000000
vt 0.000000 1.000000
vt 1.000000 0.000000
vt 0.000000 0.000000
vt 1.000000 1.000000
vt 0.000000 1.000000
vt 1.000000 0.000000
vt 0.000000 0.000000
vt 1.000000 1.000000
vt 0.000000 1.000000
vt 1.000000 0.000000
vt 0.000000 0.000000
vt 1.000000 1.000000
vt 0.000000 1.000000
vt 1.000000 0.000000
vt 0.000000 0.000000
vt 1.000000 1.000000
vt 0.000000 1.000000
vt 1.000000 0.000000
vt 0.000000 0.000000
vt 1.000000 1.000000
vt 0.000000 1.000000
vt 1.000000 0.000000
vt 0.000000 0.000000
vt 1.000000 1.000000
vt 0.000000 1.000000
vt 1.000000 0.000000
vt 0.000000 0.000000
vt 1.000000 1.000000
vt 0.000000 1.000000
vt 1.000000 0.000000
vt 0.000000 0.000000
vt 1.000000 1.000000
vt 0.000000 1.000000
vt 1.000000 0.000000
vt 0.000000 0.000000
vt 1.000000 1.000000
vt 0.000000 1.000000
vt 1.000000 0.000000
vt 0.000000 0.000000
vt 1.000000 1.000000
vt 0.000000 1.000000
vt 1.000000 0.000000
vt 0.000000 0.000000
vt 1.000000 1.000000
vt 0.000000 1.000000
vt 1.000000 0.000000
vt 0.000000 0.000000
vt 1.000000 1.000000
vt 0.000000 1.000000
vt 1.000000 0.000000
vt 0.000000 0.000000
vt 1.000000 1.000000
vt 0.000000 1.000000
vt 1.000000 0.000000
vt 0.000000 0.000000
vt 1.000000 1.000000
vt 0.000000 1.000000
vt 1.000000 0.000000
vt 0.000000 0.000000
vt 1.000000 1.000000
vt 0.000000 1.000000
vt 1.000000 0.000000
vt 0.000000 0.000000
vt 1.000000 1.000000
vt 0.000000 1.000000
vt 1.000000 0.000000
vt 0.000000 0.000000
vt 1.000000 1.000000
vt 0.000000 1.000000
vt 1.000000 0.000000
vt 0.000000 0.000000
vt 1.000000 1.000000
vt 0.000000 1.000000
vt 1.000000 0.000000
vt 0.000000 0.000000
vt 1.000000 1.000000
vt 0.000000 1.000000
vt 1.000000 0.000000
vt 0.000000 0.000000
vt 1.000000 1.000000
vt 0.000000 1.000000
vt 1.000000 0.000000
vt 0.000000 0.000000
vt 1.000000 1.000000
vt 0.000000 1.000000
vt 1.000000 0.000000
vt 0.000000 0.000000
vt 1.000000 1.000000
vt 0.000000 1.000000
vt 1.000000 0.000000
vt 0.000000 0.000000
vt 1.000000 1.000000
vt 0.000000 1.000000
vt 1.000000 0.000000
vt 0.000000 0.000000
vt 1.000000 1.000000
vt 0.000000 1.000000
vt 1.000000 0.000000
vt 0.000000 0.000000
vt 1.000000 1.000000
vt 0.000000 1.000000
vt 1.000000 0.000000
vt 0.000000 0.000000
vt 1.000000 1.000000
vt 0.000000 1.000000
vt 1.000000 0.000000
vt 0.000000 0.000000
vt 1.000000 1.000000
vt 0.000000 1.000000
vt 1.000000 0.000000
vt 0.000000 0.000000
vt 1.000000 1.000000
vt 0.000000 1.000000
vt 1.000000 0.000000
vt 0.000000 0.000000
vt 1.000000 1.000000
vt 0.000000 1.000000
vt 1.000000 0.000000
vt 0.000000 0.000000
vt 1.000000 1.000000
vt 0.000000 1.000000
vt 1.000000 0.000000
vt 0.000000 0.000000
vt 1.000000 1.000000
vt 0.000000 1.000000
vt 1.000000 0.000000
vt 0.000000 0.000000
vt 1.000000 1.000000
vt 0.000000 1.000000
vt 1.000000 0.000000
vt 0.000000 0.000000
vt 1.000000 1.000000
vt 0.000000 1.000000
vt 1.000000 0.000000
vt 0.000000 0.000000
vt 1.000000 1.000000
vt 0.000000 1.000000
vt 1.000000 0.000000
vt 0.000000 0.000000
vt 1.000000 1.000000
vt 0.000000 1.000000
vt 1.000000 0.000000
vt 0.000000 0.000000
vt 1.000000 1.000000
vt 0.000000 1.000000
vt 1.000000 0.000000
vt 0.000000 0.000000
vt 1.000000 1.000000
vt 0.000000 1.000000
vt 1.000000 0.000000
vt 0.000000 0.000000
vt 1.000000 1.000000
vt 0.000000 1.000000
vt 1.000000 0.000000
vt 0.000000 0.000000
vt 1.000000 1.000000
vt 0.000000 1.000000
vt 1.000000 0.000000
vt 0.000000 0.000000
vt 1.000000 1.000000
vt 0.000000 1.000000
vt 1.000000 0.000000
vt 0.000000 0.000000
vt 1.000000 1.000000
vt 0.000000 1.000000
vt 1.000000 0.000000
vt 0.000000 0.000000
vt 1.000000 1.000000
vt 0.000000 1.000000
vt 1.000000 0.000000
vt 0.000000 0.000000
vt 1.000000 1.000000
vt 0.000000 1.000000
vt 1.000000 0.000000
vt 0.000000 0.000000
vt 1.000000 1.000000
vt 0.000000 1.000000
vt 1.000000 0.000000
vt 0.000000 0.000000
vt 1.000000 1.000000
vt 0.000000 1.000000
vt 1.000000 0.000000
vt 0.000000 0.000000
vt 1.000000 1.000000
vt 0.000000 1.000000
vt 1.000000 0.000000
vt 0.000000 0.000000
vt 1.000000 1.000000
vt 0.000000 1.000000
vt 1.000000 0.000000
vt 0.000000 0.000000
vt 1.000000 1.000000
vt 0.000000 1.000000
vt 1.000000 0.000000
vt 0.000000 0.000000
vt 1.000000 1.000000
vt 0.000000 1.000000
vt 1.000000 0.000000
vt 0.000000 0.000000
vt 1.000000 1.000000
vt 0.000000 1.000000
vt 1.000000 0.000000
vt 0.000000 0.000000
vt 1.000000 1.000000
vt 0.000000 1.000000
vt 1.000000 0.000000
vt 0.000000 0.000000
vt 1.000000 1.000000
vt 0.000000 1.000000
vt 1.000000 0.000000
vt 0.000000 0.000000
vt 1.000000 1.000000
vt 0.000000 1.000000
vt 1.000000 0.000000
vt 0.000000 0.000000
vt 1.000000 1.000000
vt 0.000000 1.000000
vt 1.000000 0.000000
vt 0.000000 0.000000
vt 1.000000 1.000000
vt 0.000000 1.000000
vt 1.000000 0.000000
vt 0.000000 0.000000
vt 1.000000 1.000000
vt 0.000000 1.000000
vt 1.000000 0.000000
vt 0.000000 0.000000
vt 1.000000 1.000000
vt 0.000000 1.000000
vt 1.000000 0.000000
vt 0.000000 0.000000
vt 1.000000 1.000000
vt 0.000000 1.000000
vt 1.000000 0.000000
vt 0.000000 0.000000
vt 1.000000 1.000000
vt 0.000000 1.000000
vt 1.000000 0.000000
vt 0.000000 0.000000
vt 1.000000 1.000000
vt 0.000000 1.000000
vt 1.000000 0.000000
vt 0.000000 0.000000
vt 1.000000 1.000000
vt 0.000000 1.000000
vt 1.000000 0.000000
vt 0.000000 0.000000
vt 1.000000 1.000000
vt 0.000000 1.000000
vt 1.000000 0.000000
vt 0.000000 0.000000
vt 1.000000 1.000000
vt 0.000000 1.000000
vt 1.000000 0.000000
vt 0.000000 0.000000
vt 1.000000 1.000000
vt 0.000000 1.000000
vt 1.000000 0.000000
vt 0.000000 0.000000
vt 1.000000 1.000000
vt 0.000000 1.000000
vt 1.000000 0.000000
vt 0.000000 0.000000
vt 1.000000 1.000000
vt 0.000000 1.000000
vt 1.000000 0.000000
vt 0.000000 0.000000
vt 1.000000 1.000000
vt 0.000000 1.000000
vt 1.000000 0.000000
vt 0.000000 0.000000
vt 1.000000 1.000000
vt 0.000000 1.000000
vt 1.000000 0.000000
vt 0.000000 0.000000
vt 1.000000 1.000000
vt 0.000000 1.000000
vt 1.000000 0.000000
vt 0.000000 0.000000
vt 1.000000 1.000000
vt 0.000000 1.000000
vt 1.000000 0.000000
vt 0.000000 0.000000
vt 1.000000 1.000000
vt 0.000000 1.000000
vt 1.000000 0.000000
vt 0.000000 0.000000
vt 1.000000 1.000000
vt 0.000000 1.000000
vt 1.000000 0.000000
vt 0.000000 0.000000
vt 1.000000 1.000000
vt 0.000000 1.000000
vt 1.000000 0.000000
vt 0.000000 0.000000
vt 1.000000 1.000000
vt 0.000000 1.000000
vt 1.000000 0.000000
vt 0.000000 0.000000
vt 1.000000 1.000000
vt 0.000000 1.000000
vt 1.000000 0.000000
vt 0.000000 0.000000
vt 1.000000 1.000000
vt 0.000000 1.000000
vt 1.000000 0.000000
vt 0.000000 0.000000
vt 1.000000 1.000000
vt 0.000000 1.000000
vt 1.000000 0.000000
vt 0.000000 0.000000
vt 1.000000 1.000000
vt 0.000000 1.000000
vt 1.000000 0.000000
vt 0.000000 0.000000
vt 1.000000 1.000000
vt 0.000000 1.000000
vt 1.000000 0.000000
vt 0.000000 0.000000
vt 1.000000 1.000000
vt 0.000000 1.000000
vt 1.000000 0.000000
vt 0.000000 0.000000
vt 1.000000 1.000000
vt 0.000000 1.000000
vt 1.000000 0.000000
vt 0.000000 0.000000
vt 1.000000 1.000000
vt 0.000000 1.000000
vt 1.000000 0.000000
vt 0.000000 0.000000
vt 1.000000 1.000000
vt 0.000000 1.000000
vt 1.000000 0.000000
vt 0.000000 0.000000
vt 1.000000 1.000000
vt 0.000000 1.000000
vt 1.000000 0.000000
vt 0.000000 0.000000
vt 1.000000 1.000000
vt 0.000000 1.000000
vt 1.000000 0.000000
vt 0.000000 0.000000
vt 1.000000 1.000000
vt 0.000000 1.000000
vt 1.000000 0.000000
vt 0.000000 0.000000
vt 1.000000 1.000000
vt 0.000000 1.000000
vt 1.000000 0.000000
vt 0.000000 0.000000
vt 1.000000 1.000000
vt 0.000000 1.000000
vt 1.000000 0.000000
vt 0.000000 0.000000
vt 1.000000 1.000000
vt 0.000000 1.000000
vt 1.000000 0.000000
vt 0.000000 0.000000
vt 1.000000 1.000000
vt 0.000000 1.000000
vt 1.000000 0.000000
vt 0.000000 0.000000
vt 1.000000 1.000000
vt 0.000000 1.000000
vt 1.000000 0.000000
vt 0.000000 0.000000
vt 1.000000 1.000000
vt 0.000000 1.000000
vt 1.000000 0.000000
vt 0.000000 0.000000
vt 1.000000 1.000000
vt 0.000000 1.000000
vt 1.000000 0.000000
vt 0.000000 0.000000
vt 1.000000 1.000000
vt 0.000000 1.000000
vt 1.000000 0.000000
vt 0.000000 0.000000
vt 1.000000 1.000000
vt 0.000000 1.000000
vt 1.000000 0.000000
vt 0.000000 0.000000
vt 1.000000 1.000000
vt 0.000000 1.000000
vt 1.000000 0.000000
vt 0.000000 0.000000
vt 1.000000 1.000000
vt 0.000000 1.000000
vt 1.000000 0.000000
vt 0.000000 0.000000
vt 1.000000 1.000000
vt 0.000000 1.000000
vt 1.000000 0.000000
vt 0.000000 0.000000
vt 1.000000 1.000000
vt 0.000000 1.000000
vt 1.000000 0.000000
vt 0.000000 0.000000
vt 1.000000 1.000000
vt 0.000000 1.000000
vt 1.000000 0.000000
vt 0.000000 0.000000
vt 1.000000 1.000000
vt 0.000000 1.000000
vt 1.000000 0.000000
vt 0.000000 0.000000
vt 1.000000 1.000000
vt 0.000000 1.000000
vt 1.000000 0.000000
vt 0.000000 0.000000
vt 1.000000 1.000000
vt 0.000000 1.000000
vt 1.000000 0.000000
vt 0.000000 0.000000
vt 1.000000 1.000000
vt 0.000000 1.000000
vt 1.000000 0.000000
vt 0.000000 0.000000
vt 1.000000 1.000000
vt 0.000000 1.000000
vt 1.000000 0.000000
vt 0.000000 0.000000
vt 1.000000 1.000000
vt 0.000000 1.000000
vt 1.000000 0.000000
vt 0.000000 0.000000
vt 1.000000 1.000000
vt 0.000000 1.000000
vt 1.000000 0.000000
vt 0.000000 0.000000
vt 1.000000 1.000000
vt 0.000000 1.000000
vt 1.000000 0.000000
vt 0.000000 0.000000
vt 1.000000 1.000000
vt 0.000000 1.000000
vt 1.000000 0.000000
vt 0.000000 0.000000
vt 1.000000 1.000000
vt 0.000000 1.000000
vt 1.000000 0.000000
vt 0.000000 0.000000
vt 1.000000 1.000000
vt 0.000000 1.000000
vt 1.000000 0.000000
vt 0.000000 0.000000
vt 1.000000 1.000000
vt 0.000000 1.000000
vt 1.000000 0.000000
vt 0.000000 0.000000
vt 1.000000 1.000000
vt 0.000000 1.000000
vt 1.000000 0.000000
vt 0.000000 0.000000
vt 1.000000 1.000000
vt 0.000000 1.000000
vt 1.000000 0.000000
vt 0.000000 0.000000
vt 1.000000 1.000000
vt 0.000000 1.000000
vt 1.000000 0.000000
vt 0.000000 0.000000
vt 1.000000 1.000000
vt 0.000000 1.000000
vt 1.000000 0.000000
vt 0.000000 0.000000
vt 1.000000 1.000000
vt 0.000000 1.000000
vt 1.000000 0.000000
vt 0.000000 0.000000
vt 1.000000 1.000000
vt 0.000000 1.000000
vt 1.000000 0.000000
vt 0.000000 0.000000
vt 1.000000 1.000000
vt 0.000000 1.000000
vt 1.000000 0.000000
vt 0.000000 0.000000
vt 1.000000 1.000000
vt 0.000000 1.000000
vt 1.000000 0.000000
vt 0.000000 0.000000
vt 1.000000 1.000000
vt 0.000000 1.000000
vt 1.000000 0.000000
vt 0.000000 0.000000
vt 1.000000 1.000000
vt 0.000000 1.000000
vt 1.000000 0.000000
vt 0.000000 0.000000
vt 1.000000 1.000000
vt 0.000000 1.000000
vt 1.000000 0.000000
vt 0.000000 0.000000
vt 1.000000 1.000000
vt 0.000000 1.000000
vt 1.000000 0.000000
vt 0.000000 0.000000
vt 1.000000 1.000000
vt 0.000000 1.000000
vt 1.000000 0.000000
vt 0.000000 0.000000
vt 1.000000 1.000000
vt 0.000000 1.000000
vt 1.000000 0.000000
vt 0.000000 0.000000
vt 1.000000 1.000000
vt 0.000000 1.000000
vt 1.000000 0.000000
vt 0.000000 0.000000
vt 1.000000 1.000000
vt 0.000000 1.000000
vt 1.000000 0.000000
vt 0.000000 0.000000
vt 1.000000 1.000000
vt 0.000000 1.000000
vt 1.000000 0.000000
vt 0.000000 0.000000
vt 1.000000 1.000000
vt 0.000000 1.000000
vt 1.000000 0.000000
vt 0.000000 0.000000
vt 1.000000 1.000000
vt 0.000000 1.000000
vt 1.000000 0.000000
vt 0.000000 0.000000
vt 1.000000 1.000000
vt 0.000000 1.000000
vt 1.000000 0.000000
vt 0.000000 0.000000
vt 1.000000 1.000000
vt 0.000000 1.000000
vt 1.000000 0.000000
vt 0.000000 0.000000
vt 1.000000 1.000000
vt 0.000000 1.000000
vt 1.000000 0.000000
vt 0.000000 0.000000
vt 1.000000 1.000000
vt 0.000000 1.000000
vt 1.000000 0.000000
vt 0.000000 0.000000
vt 1.000000 1.000000
vt 0.000000 1.000000
vt 1.000000 0.000000
vt 0.000000 0.000000
vt 1.000000 1.000000
vt 0.000000 1.000000
vt 1.000000 0.000000
vt 0.000000 0.000000
vt 1.000000 1.000000
vt 0.000000 1.000000
vt 1.000000 0.000000
vt 0.000000 0.000000
vt 1.000000 1.000000
vt 0.000000 1.000000
vt 1.000000 0.000000
vt 0.000000 0.000000
vt 1.000000 1.000000
vt 0.000000 1.000000
vt 1.000000 0.000000
vt 0.000000 0.000000
vt 1.000000 1.000000
vt 0.000000 1.000000
vt 1.000000 0.000000
vt 0.000000 0.000000
vt 1.000000 1.000000
vt 0.000000 1.000000
vt 1.000000 0.000000
vt 0.000000 0.000000
vt 1.000000 1.000000
vt 0.000000 1.000000
vt 1.000000 0.000000
vt 0.000000 0.000000
vt 1.000000 1.000000
vt 0.000000 1.000000
vt 1.000000 0.000000
vt 0.000000 0.000000
vt 1.000000 1.000000
vt 0.000000 1.000000
vt 1.000000 0.000000
vt 0.000000 0.000000
vt 1.000000 1.000000
vt 0.000000 1.000000
vt 1.000000 0.000000
vt 0.000000 0.000000
vt 1.000000 1.000000
vt 0.000000 1.000000
vt 1.000000 0.000000
vt 0.000000 0.000000
vt 1.000000 1.000000
vt 0.000000 1.000000
vt 1.000000 0.000000
vt 0.000000 0.000000
vt 1.000000 1.000000
vt 0.000000 1.000000
vt 1.000000 0.000000
vt 0.000000 0.000000
vt 1.000000 1.000000
vt 0.000000 1.000000
vt 1.000000 0.000000
vt 0.000000 0.000000
vt 1.000000 1.000000
vt 0.000000 1.000000
vt 1.000000 0.000000
vt 0.000000 0.000000
vt 1.000000 1.000000
vt 0.000000 1.000000
vt 1.000000 0.000000
vt 0.000000 0.000000
vt 1.000000 1.000000
vt 0.000000 1.000000
vt 1.000000 0.000000
vt 0.000000 0.000000
vt 1.000000 1.000000
vt 0.000000 1.000000
vt 1.000000 0.000000
vt 0.000000 0.000000
vt 1.000000 1.000000
vt 0.000000 1.000000
vt 1.000000 0.000000
vt 0.000000 0.000000
vt 1.000000 1.000000
vt 0.000000 1.000000
vt 1.000000 0.000000
vt 0.000000 0.000000
vt 1.000000 1.000000
vt 0.000000 1.000000
vt 1.000000 0.000000
vt 0.000000 0.000000
vt 1.000000 1.000000
vt 0.000000 1.000000
vt 1.000000 0.000000
vt 0.000000 0.000000
vt 1.000000 1.000000
vt 0.000000 1.000000
vt 1.000000 0.000000
vt 0.000000 0.000000
vt 1.000000 1.000000
vt 0.000000 1.000000
vt 1.000000 0.000000
vt 0.000000 0.000000
vt 1.000000 1.000000
vt 0.000000 1.000000
vt 1.000000 0.000000
vt 0.000000 0.000000
vt 1.000000 1.000000
vt 0.000000 1.000000
vt 1.000000 0.000000
vt 0.000000 0.000000
vt 1.000000 1.000000
vt 0.000000 1.000000
vt 1.000000 0.000000
vt 0.000000 0.000000
vt 1.000000 1.000000
vt 0.000000 1.000000
vt 1.000000 0.000000
vt 0.000000 0.000000
vt 1.000000 1.000000
vt 0.000000 1.000000
vt 1.000000 0.000000
vt 0.000000 0.000000
vt 1.000000 1.000000
vt 0.000000 1.000000
vt 1.000000 0.000000
vt 0.000000 0.000000
vt 1.000000 1.000000
vt 0.000000 1.000000
vt 1.000000 0.000000
vt 0.000000 0.000000
vt 1.000000 1.000000
vt 0.000000 1.000000
vt 1.000000 0.000000
vt 0.000000 0.000000
vt 1.000000 1.000000
vt 0.000000 1.000000
vt 1.000000 0.000000
vt 0.000000 0.000000
vt 1.000000 1.000000
vt 0.000000 1.000000
vt 1.000000 0.000000
vt 0.000000 0.000000
vt 1.000000 1.000000
vt 0.000000 1.000000
vt 1.000000 0.000000
vt 0.000000 0.000000
vt 1.000000 1.000000
vt 0.000000 1.000000
vt 1.000000 0.000000
vt 0.000000 0.000000
vt 1.000000 1.000000
vt 0.000000 1.000000
vt 1.000000 0.000000
vt 0.000000 0.000000
vt 1.000000 1.000000
vt 0.000000 1.000000
vt 1.000000 0.000000
vt 0.000000 0.000000
vt 1.000000 1.000000
vt 0.000000 1.000000
vt 1.000000 0.000000
vt 0.000000 0.000000
vt 1.000000 1.000000
vt 0.000000 1.000000
vt 1.000000 0.000000
vt 0.000000 0.000000
vt 1.000000 1.000000
vt 0.000000 1.000000
vt 1.000000 0.000000
vt 0.000000 0.000000
vt 1.000000 1.000000
vt 0.000000 1.000000
vt 1.000000 0.000000
vt 0.000000 0.000000
vt 1.000000 1.000000
vt 0.000000 1.000000
vt 1.000000 0.000000
vt 0.000000 0.000000
vt 1.000000 1.000000
vt 0.000000 1.000000
vt 1.000000 0.000000
vt 0.000000 0.000000
vt 1.000000 1.000000
vt 0.000000 1.000000
vt 1.000000 0.000000
vt 0.000000 0.000000
vt 1.000000 1.000000
vt 0.000000 1.000000
vt 1.000000 0.000000
vt 0.000000 0.000000
vt 1.000000 1.000000
vt 0.000000 1.000000
vt 1.000000 0.000000
vt 0.000000 0.000000
vt 1.000000 1.000000
vt 0.000000 1.000000
vt 1.000000 0.000000
vt 0.000000 0.000000
vt 1.000000 1.000000
vt 0.000000 1.000000
vt 1.000000 0.000000
vt 0.000000 0.000000
vt 1.000000 1.000000
vt 0.000000 1.000000
vt 1.000000 0.000000
vt 0.000000 0.000000
vt 1.000000 1.000000
vt 0.000000 1.000000
vt 1.000000 0.000000
vt 0.000000 0.000000
vt 1.000000 1.000000
vt 0.000000 1.000000
vt 1.000000 0.000000
vt 0.000000 0.000000
vt 1.000000 1.000000
vt 0.000000 1.000000
vt 1.000000 0.000000
vt 0.000000 0.000000
vt 1.000000 1.000000
vt 0.000000 1.000000
vt 1.000000 0.000000
vt 0.000000 0.000000
vt 1.000000 1.000000
vt 0.000000 1.000000
vt 1.000000 0.000000
vt 0.000000 0.000000
vt 1.000000 1.000000
vt 0.000000 1.000000
vt 1.000000 0.000000
vt 0.000000 0.000000
vt 1.000000 1.000000
vt 0.000000 1.000000
vt 1.000000 0.000000
vt 0.000000 0.000000
vt 1.000000 1.000000
vt 0.000000 1.000000
vt 1.000000 0.000000
vt 0.000000 0.000000
vt 1.000000 1.000000
vt 0.000000 1.000000
vt 1.000000 0.000000
vt 0.000000 0.000000
vt 1.000000 1.000000
vt 0.000000 1.000000
vt 1.000000 0.000000
vt 0.000000 0.000000
vt 1.000000 1.000000
vt 0.000000 1.000000
vt 1.000000 0.000000
vt 0.000000 0.000000
vt 1.000000 1.000000
vt 0.000000 1.000000
vt 1.000000 0.000000
vt 0.000000 0.000000
vt 1.000000 1.000000
vt 0.000000 1.000000
vt 1.000000 0.000000
vt 0.000000 0.000000
vt 1.000000 1.000000
vt 0.000000 1.000000
vt 1.000000 0.000000
vt 0.000000 0.000000
vt 1.000000 1.000000
vt 0.000000 1.000000
vt 1.000000 0.000000
vt 0.000000 0.000000
vt 1.000000 1.000000
vt 0.000000 1.000000
vt 1.000000 0.000000
vt 0.000000 0.000000
vt 1.000000 1.000000
vt 0.000000 1.000000
vt 1.000000 0.000000
vt 0.000000 0.000000
vt 1.000000 1.000000
vt 0.000000 1.000000
vt 1.000000 0.000000
vt 0.000000 0.000000
vt 1.000000 1.000000
vt 0.000000 1.000000
vt 1.000000 0.000000
vt 0.000000 0.000000
vt 1.000000 1.000000
vt 0.000000 1.000000
vt 1.000000 0.000000
vt 0.000000 0.000000
vt 1.000000 1.000000
vt 0.000000 1.000000
vt 1.000000 0.000000
vt 0.000000 0.000000
vt 1.000000 1.000000
vt 0.000000 1.000000
vt 1.000000 0.000000
vt 0.000000 0.000000
vt 1.000000 1.000000
vt 0.000000 1.000000
vt 1.000000 0.000000
vt 0.000000 0.000000
vt 1.000000 1.000000
vt 0.000000 1.000000
vt 1.000000 0.000000
vt 0.000000 0.000000
vt 1.000000 1.000000
vt 0.000000 1.000000
vt 1.000000 0.000000
vt 0.000000 0.000000
vt 1.000000 1.000000
vt 0.000000 1.000000
vt 1.000000 0.000000
vt 0.000000 0.000000
vt 1.000000 1.000000
vt 0.000000 1.000000
vt 1.000000 0.000000
vt 0.000000 0.000000
vt 1.000000 1.000000
vt 0.000000 1.000000
vt 1.000000 0.000000
vt 0.000000 0.000000
vt 1.000000 1.000000
vt 0.000000 1.000000
vt 1.000000 0.000000
vt 0.000000 0.000000
vt 1.000000 1.000000
vt 0.000000 1.000000
vt 1.000000 0.000000
vt 0.000000 0.000000
vt 1.000000 1.000000
vt 0.000000 1.000000
vt 1.000000 0.000000
vt 0.000000 0.000000
vt 1.000000 1.000000
vt 0.000000 1.000000
vt 1.000000 0.000000
vt 0.000000 0.000000
vt 1.000000 1.000000
vt 0.000000 1.000000
vt 1.000000 0.000000
vt 0.000000 0.000000
vt 1.000000 1.000000
vt 0.000000 1.000000
vt 1.000000 0.000000
vt 0.000000 0.000000
vt 1.000000 1.000000
vt 0.000000 1.000000
vt 1.000000 0.000000
vt 0.000000 0.000000
vt 1.000000 1.000000
vt 0.000000 1.000000
vt 1.000000 0.000000
vt 0.000000 0.000000
vt 1.000000 1.000000
vt 0.000000 1.000000
vt 1.000000 0.000000
vt 0.000000 0.000000
vt 1.000000 1.000000
vt 0.000000 1.000000
vt 1.000000 0.000000
vt 0.000000 0.000000
vt 1.000000 1.000000
vt 0.000000 1.000000
vt 1.000000 0.000000
vt 0.000000 0.000000
vt 1.000000 1.000000
vt 0.000000 1.000000
vt 1.000000 0.000000
vt 0.000000 0.000000
vt 1.000000 1.000000
vt 0.000000 1.000000
vt 1.000000 0.000000
vt 0.000000 0.000000
vt 1.000000 1.000000
vt 0.000000 1.000000
vt 1.000000 0.000000
vt 0.000000 0.000000
vt 1.000000 1.000000
vt 0.000000 1.000000
vt 1.000000 0.000000
vt 0.000000 0.000000
vt 1.000000 1.000000
vt 0.000000 1.000000
vt 1.000000 0.000000
vt 0.000000 0.000000
vt 1.000000 1.000000
vt 0.000000 1.000000
vt 1.000000 0.000000
vt 0.000000 0.000000
vt 1.000000 1.000000
vt 0.000000 1.000000
vt 1.000000 0.000000
vt 0.000000 0.000000
vt 1.000000 1.000000
vt 0.000000 1.000000
vt 1.000000 0.000000
vt 0.000000 0.000000
vt 1.000000 1.000000
vt 0.000000 1.000000
vt 1.000000 0.000000
vt 0.000000 0.000000
vt 1.000000 1.000000
vt 0.000000 1.000000
vt 1.000000 0.000000
vt 0.000000 0.000000
vt 1.000000 1.000000
vt 0.000000 1.000000
vt 1.000000 0.000000
vt 0.000000 0.000000
vt 1.000000 1.000000
vt 0.000000 1.000000
vt 1.000000 0.000000
vt 0.000000 0.000000
vt 1.000000 1.000000
vt 0.000000 1.000000
vt 1.000000 0.000000
vt 0.000000 0.000000
vt 1.000000 1.000000
vt 0.000000 1.000000
vt 1.000000 0.000000
vt 0.000000 0.000000
vt 1.000000 1.000000
vt 0.000000 1.000000
vt 1.000000 0.000000
vt 0.000000 0.000000
vt 1.000000 1.000000
vt 0.000000 1.000000
vt 1.000000 0.000000
vt 0.000000 0.000000
vt 1.000000 1.000000
vt 0.000000 1.000000
vt 1.000000 0.000000
vt 0.000000 0.000000
vt 1.000000 1.000000
vt 0.000000 1.000000
vt 1.000000 0.000000
vt 0.000000 0.000000
vt 1.000000 1.000000
vt 0.000000 1.000000
vt 1.000000 0.000000
vt 0.000000 0.000000
vt 1.000000 1.000000
vt 0.000000 1.000000
vt 1.000000 0.000000
vt 0.000000 0.000000
vt 1.000000 1.000000
vt 0.000000 1.000000
vt 1.000000 0.000000
vt 0.000000 0.000000
vt 1.000000 1.000000
vt 0.000000 1.000000
vt 1.000000 0.000000
vt 0.000000 0.000000
vt 1.000000 1.000000
vt 0.000000 1.000000
vt 1.000000 0.000000
vt 0.000000 0.000000
vt 1.000000 1.000000
vt 0.000000 1.000000
vt 1.000000 0.000000
vt 0.000000 0.000000
vt 1.000000 1.000000
vt 0.000000 1.000000
vt 1.000000 0.000000
vt 0.000000 0.000000
vt 1.000000 1.000000
vt 0.000000 1.000000
vt 1.000000 0.000000
vt 0.000000 0.000000
vt 1.000000 1.000000
vt 0.000000 1.000000
vt 1.000000 0.000000
vt 0.000000 0.000000
vt 1.000000 1.000000
vt 0.000000 1.000000
vt 1.000000 0.000000
vt 0.000000 0.000000
vt 1.000000 1.000000
vt 0.000000 1.000000
vt 1.000000 0.000000
vt 0.000000 0.000000
vt 1.000000 1.000000
vt 0.000000 1.000000
vt 1.000000 0.000000
vt 0.000000 0.000000
vt 1.000000 1.000000
vt 0.000000 1.000000
vt 1.000000 0.000000
vt 0.000000 0.000000
vt 1.000000 1.000000
vt 0.000000 1.000000
vt 1.000000 0.000000
vt 0.000000 0.000000
vt 1.000000 1.000000
vt 0.000000 1.000000
vt 1.000000 0.000000
vt 0.000000 0.000000
vt 1.000000 1.000000
vt 0.000000 1.000000
vt 1.000000 0.000000
vt 0.000000 0.000000
vt 1.000000 1.000000
vt 0.000000 1.000000
vt 1.000000 0.000000
vt 0.000000 0.000000
vt 1.000000 1.000000
vt 0.000000 1.000000
vt 1.000000 0.000000
vt 0.000000 0.000000
vt 1.000000 1.000000
vt 0.000000 1.000000
vt 1.000000 0.000000
vt 0.000000 0.000000
vt 1.000000 1.000000
vt 0.000000 1.000000
vt 1.000000 0.000000
vt 0.000000 0.000000
vt 1.000000 1.000000
vt 0.000000 1.000000
vt 1.000000 0.000000
vt 0.000000 0.000000
vt 1.000000 1.000000
vt 0.000000 1.000000
vt 1.000000 0.000000
vt 0.000000 0.000000
vt 1.000000 1.000000
vt 0.000000 1.000000
vt 1.000000 0.000000
vt 0.000000 0.000000
vt 1.000000 1.000000
vt 0.000000 1.000000
vt 1.000000 0.000000
vt 0.000000 0.000000
vt 1.000000 1.000000
vt 0.000000 1.000000
vt 1.000000 0.000000
vt 0.000000 0.000000
vt 1.000000 1.000000
vt 0.000000 1.000000
vt 1.000000 0.000000
vt 0.000000 0.000000
vt 1.000000 1.000000
vt 0.000000 1.000000
vt 1.000000 0.000000
vt 0.000000 0.000000
vt 1.000000 1.000000
vt 0.000000 1.000000
vt 1.000000 0.000000
vt 0.000000 0.000000
vt 1.000000 1.000000
vt 0.000000 1.000000
vt 1.000000 0.000000
vt 0.000000 0.000000
vt 1.000000 1.000000
vt 0.000000 1.000000
vt 1.000000 0.000000
vt 0.000000 0.000000
vt 1.000000 1.000000
vt 0.000000 1.000000
vt 1.000000 0.000000
vt 0.000000 0.000000
vt 1.000000 1.000000
vt 0.000000 1.000000
vt 1.000000 0.000000
vt 0.000000 0.000000
vt 1.000000 1.000000
vt 0.000000 1.000000
vt 1.000000 0.000000
vt 0.000000 0.000000
vt 1.000000 1.000000
vt 0.000000 1.000000
vt 1.000000 0.000000
vt 0.000000 0.000000
vt 1.000000 1.000000
vt 0.000000 1.000000
vt 1.000000 0.000000
vt 0.000000 0.000000
vt 1.000000 1.000000
vt 0.000000 1.000000
vt 1.000000 0.000000
vt 0.000000 0.000000
vt 1.000000 1.000000
vt 0.000000 1.000000
vt 1.000000 0.000000
vt 0.000000 0.000000
vt 1.000000 1.000000
vt 0.000000 1.000000
vt 1.000000 0.000000
vt 0.000000 0.000000
vt 1.000000 1.000000
vt 0.000000 1.000000
vt 1.000000 0.000000
vt 0.000000 0.000000
vt 1.000000 1.000000
vt 0.000000 1.000000
vt 1.000000 0.000000
vt 0.000000 0.000000
vt 1.000000 1.000000
vt 0.000000 1.000000
vt 1.000000 0.000000
vt 0.000000 0.000000
vt 1.000000 1.000000
vt 0.000000 1.000000
vt 1.000000 0.000000
vt 0.000000 0.000000
vt 1.000000 1.000000
vt 0.000000 1.000000
vt 1.000000 0.000000
vt 0.000000 0.000000
vt 1.000000 1.000000
vt 0.000000 1.000000
vt 1.000000 0.000000
vt 0.000000 0.000000
vt 1.000000 1.000000
vt 0.000000 1.000000
vt 1.000000 0.000000
vt 0.000000 0.000000
vt 1.000000 1.000000
vt 0.000000 1.000000
vt 1.000000 0.000000
vt 0.000000 0.000000
vt 1.000000 1.000000
vt 0.000000 1.000000
vt 1.000000 0.000000
vt 0.000000 0.000000
vt 1.000000 1.000000
vt 0.000000 1.000000
vt 1.000000 0.000000
vt 0.000000 0.000000
vt 1.000000 1.000000
vt 0.000000 1.000000
vt 1.000000 0.000000
vt 0.000000 0.000000
vt 1.000000 1.000000
vt 0.000000 1.000000
vt 1.000000 0.000000
vt 0.000000 0.000000
vt 1.000000 1.000000
vt 0.000000 1.000000
vt 1.000000 0.000000
vt 0.000000 0.000000
vt 1.000000 1.000000
vt 0.000000 1.000000
vt 1.000000 0.000000
vt 0.000000 0.000000
vt 1.000000 1.000000
vt 0.000000 1.000000
vt 1.000000 0.000000
vt 0.000000 0.000000
vt 1.000000 1.000000
vt 0.000000 1.000000
vt 1.000000 0.000000
vt 0.000000 0.000000
vt 1.000000 1.000000
vt 0.000000 1.000000
vt 1.000000 0.000000
vt 0.000000 0.000000
vt 1.000000 1.000000
vt 0.000000 1.000000
vt 1.000000 0.000000
vt 0.000000 0.000000
vt 1.000000 1.000000
vt 0.000000 1.000000
vt 1.000000 0.000000
vt 0.000000 0.000000
vt 1.000000 1.000000
vt 0.000000 1.000000
vt 1.000000 0.000000
vt 0.000000 0.000000
vt 1.000000 1.000000
vt 0.000000 1.000000
vt 1.000000 0.000000
vt 0.000000 0.000000
vt 1.000000 1.000000
vt 0.000000 1.000000
vt 1.000000 0.000000
vt 0.000000 0.000000
vt 1.000000 1.000000
vt 0.000000 1.000000
vt 1.000000 0.000000
vt 0.000000 0.000000
vt 1.000000 1.000000
vt 0.000000 1.000000
vt 1.000000 0.000000
vt 0.000000 0.000000
vt 1.000000 1.000000
vt 0.000000 1.000000
vt 1.000000 0.000000
vt 0.000000 0.000000
vt 1.000000 1.000000
vt 0.000000 1.000000
vt 1.000000 0.000000
vt 0.000000 0.000000
vt 1.000000 1.000000
vt 0.000000 1.000000
vt 1.000000 0.000000
vt 0.000000 0.000000
vt 1.000000 1.000000
vt 0.000000 1.000000
vt 1.000000 0.000000
vt 0.000000 0.000000
vt 1.000000 1.000000
vt 0.000000 1.000000
vt 1.000000 0.000000
vt 0.000000 0.000000
vt 1.000000 1.000000
vt 0.000000 1.000000
vt 1.000000 0.000000
vt 0.000000 0.000000
vt 1.000000 1.000000
vt 0.000000 1.000000
vt 1.000000 0.000000
vt 0.000000 0.000000
vt 1.000000 1.000000
vt 0.000000 1.000000
vt 1.000000 0.000000
vt 0.000000 0.000000
vt 1.000000 1.000000
vt 0.000000 1.000000
vt 1.000000 0.000000
vt 0.000000 0.000000
vt 1.000000 1.000000
vt 0.000000 1.000000
vt 1.000000 0.000000
vt 0.000000 0.000000
vt 1.000000 1.000000
vt 0.000000 1.000000
vt 1.000000 0.000000
vt 0.000000 0.000000
vt 1.000000 1.000000
vt 0.000000 1.000000
vt 1.000000 0.000000
vt 0.000000 0.000000
vt 1.000000 1.000000
vt 0.000000 1.000000
vt 1.000000 0.000000
vt 0.000000 0.000000
vt 1.000000 1.000000
vt 0.000000 1.000000
vt 1.000000 0.000000
vt 0.000000 0.000000
vt 1.000000 1.000000
vt 0.000000 1.000000
vt 1.000000 0.000000
vt 0.000000 0.000000
vt 1.000000 1.000000
vt 0.000000 1.000000
vt 1.000000 0.000000
vt 0.000000 0.000000
vt 1.000000 1.000000
vt 0.000000 1.000000
vt 1.000000 0.000000
vt 0.000000 0.000000
vt 1.000000 1.000000
vt 0.000000 1.000000
vt 1.000000 0.000000
vt 0.000000 0.000000
vt 1.000000 1.000000
vt 0.000000 1.000000
vt 1.000000 0.000000
vt 0.000000 0.000000
vt 1.000000 1.000000
vt 0.000000 1.000000
vt 1.000000 0.000000
vt 0.000000 0.000000
vt 1.000000 1.000000
vt 0.000000 1.000000
vt 1.000000 0.000000
vt 0.000000 0.000000
vt 1.000000 1.000000
vt 0.000000 1.000000
vt 1.000000 0.000000
vt 0.000000 0.000000
vt 1.000000 1.000000
vt 0.000000 1.000000
vt 1.000000 0.000000
vt 0.000000 0.000000
vt 1.000000 1.000000
vt 0.000000 1.000000
vt 1.000000 0.000000
vt 0.000000 0.000000
vt 1.000000 1.000000
vt 0.000000 1.000000
vt 1.000000 0.000000
vt 0.000000 0.000000
vt 1.000000 1.000000
vt 0.000000 1.000000
vt 1.000000 0.000000
vt 0.000000 0.000000
vt 1.000000 1.000000
vt 0.000000 1.000000
vt 1.000000 0.000000
vt 0.000000 0.000000
vt 1.000000 1.000000
vt 0.000000 1.000000
vt 1.000000 0.000000
vt 0.000000 0.000000
vt 1.000000 1.000000
vt 0.000000 1.000000
vt 1.000000 0.000000
vt 0.000000 0.000000
vt 1.000000 1.000000
vt 0.000000 1.000000
vt 1.000000 0.000000
vt 0.000000 0.000000
vt 1.000000 1.000000
vt 0.000000 1.000000
vt 1.000000 0.000000
vt 0.000000 0.000000
vt 1.000000 1.000000
vt 0.000000 1.000000
vt 1.000000 0.000000
vt 0.000000 0.000000
vt 1.000000 1.000000
vt 0.000000 1.000000
vt 1.000000 0.000000
vt 0.000000 0.000000
vt 1.000000 1.000000
vt 0.000000 1.000000
vt 1.000000 0.000000
vt 0.000000 0.000000
vt 1.000000 1.000000
vt 0.000000 1.000000
vt 1.000000 0.000000
vt 0.000000 0.000000
vt 1.000000 1.000000
vt 0.000000 1.000000
vt 1.000000 0.000000
vt 0.000000 0.000000
vt 1.000000 1.000000
vt 0.000000 1.000000
vt 1.000000 0.000000
vt 0.000000 0.000000
vt 1.000000 1.000000
vt 0.000000 1.000000
vt 1.000000 0.000000
vt 0.000000 0.000000
vt 1.000000 1.000000
vt 0.000000 1.000000
vt 1.000000 0.000000
vt 0.000000 0.000000
vt 1.000000 1.000000
vt 0.000000 1.000000
vt 1.000000 0.000000
vt 0.000000 0.000000
vt 1.000000 1.000000
vt 0.000000 1.000000
vt 1.000000 0.000000
vt 0.000000 0.000000
vt 1.000000 1.000000
vt 0.000000 1.000000
vt 1.000000 0.000000
vt 0.000000 0.000000
vt 1.000000 1.000000
vt 0.000000 1.000000
vt 1.000000 0.000000
vt 0.000000 0.000000
vt 1.000000 1.000000
vt 0.000000 1.000000
vt 1.000000 0.000000
vt 0.000000 0.000000
vt 1.000000 1.000000
vt 0.000000 1.000000
vt 1.000000 0.000000
vt 0.000000 0.000000
vt 1.000000 1.000000
vt 0.000000 1.000000
vt 1.000000 0.000000
vt 0.000000 0.000000
vt 1.000000 1.000000
vt 0.000000 1.000000
vt 1.000000 0.000000
vt 0.000000 0.000000
vt 1.000000 1.000000
vt 0.000000 1.000000
vt 1.000000 0.000000
vt 0.000000 0.000000
vt 1.000000 1.000000
vt 0.000000 1.000000
vt 1.000000 0.000000
vt 0.000000 0.000000
vt 1.000000 1.000000
vt 0.000000 1.000000
vt 1.000000 0.000000
vt 0.000000 0.000000
vt 1.000000 1.000000
vt 0.000000 1.000000
vt 1.000000 0.000000
vt 0.000000 0.000000
vt 1.000000 1.000000
vt 0.000000 1.000000
vt 1.000000 0.000000
vt 0.000000 0.000000
vt 1.000000 1.000000
vt 0.000000 1.000000
vt 1.000000 0.000000
vt 0.000000 0.000000
vt 1.000000 1.000000
vt 0.000000 1.000000
vt 1.000000 0.000000
vt 0.000000 0.000000
vt 1.000000 1.000000
vt 0.000000 1.000000
vt 1.000000 0.000000
vt 0.000000 0.000000
vt 1.000000 1.000000
vt 0.000000 1.000000
vt 1.000000 0.000000
vt 0.000000 0.000000
vt 1.000000 1.000000
vt 0.000000 1.000000
vt 1.000000 0.000000
vt 0.000000 0.000000
vt 1.000000 1.000000
vt 0.000000 1.000000
vt 1.000000 0.000000
vt 0.000000 0.000000
vt 1.000000 1.000000
vt 0.000000 1.000000
vt 1.000000 0.000000
vt 0.000000 0.000000
vt 1.000000 1.000000
vt 0.000000 1.000000
vt 1.000000 0.000000
vt 0.000000 0.000000
vt 1.000000 1.000000
vt 0.000000 1.000000
vt 1.000000 0.000000
vt 0.000000 0.000000
vt 1.000000 1.000000
vt 0.000000 1.000000
vt 1.000000 0.000000
vt 0.000000 0.000000
vt 1.000000 1.000000
vt 0.000000 1.000000
vt 1.000000 0.000000
vt 0.000000 0.000000
vt 1.000000 1.000000
vt 0.000000 1.000000
vt 1.000000 0.000000
vt 0.000000 0.000000
vt 1.000000 1.000000
vt 0.000000 1.000000
vt 1.000000 0.000000
vt 0.000000 0.000000
vt 1.000000 1.000000
vt 0.000000 1.000000
vt 1.000000 0.000000
vt 0.000000 0.000000
vt 1.000000 1.000000
vt 0.000000 1.000000
vt 1.000000 0.000000
vt 0.000000 0.000000
vt 1.000000 1.000000
vt 0.000000 1.000000
vt 1.000000 0.000000
vt 0.000000 0.000000
vt 1.000000 1.000000
vt 0.000000 1.000000
vt 1.000000 0.000000
vt 0.000000 0.000000
vt 1.000000 1.000000
vt 0.000000 1.000000
vt 1.000000 0.000000
vt 0.000000 0.000000
vt 1.000000 1.000000
vt 0.000000 1.000000
vt 1.000000 0.000000
vt 0.000000 0.000000
vt 1.000000 1.000000
vt 0.000000 1.000000
vt 1.000000 0.000000
vt 0.000000 0.000000
vt 1.000000 1.000000
vt 0.000000 1.000000
vt 1.000000 0.000000
vt 0.000000 0.000000
vt 1.000000 1.000000
vt 0.000000 1.000000
vt 1.000000 0.000000
vt 0.000000 0.000000
vt 1.000000 1.000000
vt 0.000000 1.000000
vt 1.000000 0.000000
vt 0.000000 0.000000
vt 1.000000 1.000000
vt 0.000000 1.000000
vt 1.000000 0.000000
vt 0.000000 0.000000
vt 1.000000 1.000000
vt 0.000000 1.000000
vt 1.000000 0.000000
vt 0.000000 0.000000
vt 1.000000 1.000000
vt 0.000000 1.000000
vt 1.000000 0.000000
vt 0.000000 0.000000
vt 1.000000 1.000000
vt 0.000000 1.000000
vt 1.000000 0.000000
vt 0.000000 0.000000
vt 1.000000 1.000000
vt 0.000000 1.000000
vt 1.000000 0.000000
vt 0.000000 0.000000
vt 1.000000 1.000000
vt 0.000000 1.000000
vt 1.000000 0.000000
vt 0.000000 0.000000
vt 1.000000 1.000000
vt 0.000000 1.000000
vt 1.000000 0.000000
vt 0.000000 0.000000
vt 1.000000 1.000000
vt 0.000000 1.000000
vt 1.000000 0.000000
vt 0.000000 0.000000
vt 1.000000 1.000000
vt 0.000000 1.000000
vt 1.000000 0.000000
vt 0.000000 0.000000
vt 1.000000 1.000000
vt 0.000000 1.000000
vt 1.000000 0.000000
vt 0.000000 0.000000
vt 1.000000 1.000000
vt 0.000000 1.000000
vt 1.000000 0.000000
vt 0.000000 0.000000
vt 1.000000 1.000000
vt 0.000000 1.000000
vt 1.000000 0.000000
vt 0.000000 0.000000
vt 1.000000 1.000000
vt 0.000000 1.000000
vt 1.000000 0.000000
vt 0.000000 0.000000
vt 1.000000 1.000000
vt 0.000000 1.000000
vt 1.000000 0.000000
vt 0.000000 0.000000
vt 1.000000 1.000000
vt 0.000000 1.000000
vt 1.000000 0.000000
vt 0.000000 0.000000
vt 1.000000 1.000000
vt 0.000000 1.000000
vt 1.000000 0.000000
vt 0.000000 0.000000
vt 1.000000 1.000000
vt 0.000000 1.000000
vt 1.000000 0.000000
vt 0.000000 0.000000
vt 1.000000 1.000000
vt 0.000000 1.000000
vt 1.000000 0.000000
vt 0.000000 0.000000
vt 1.000000 1.000000
vt 0.000000 1.000000
vt 1.000000 0.000000
vt 0.000000 0.000000
vt 1.000000 1.000000
vt 0.000000 1.000000
vt 1.000000 0.000000
vt 0.000000 0.000000
vt 1.000000 1.000000
vt 0.000000 1.000000
vt 1.000000 0.000000
vt 0.000000 0.000000
vt 1.000000 1.000000
vt 0.000000 1.000000
vt 1.000000 0.000000
vt 0.000000 0.000000
vt 1.000000 1.000000
vt 0.000000 1.000000
vt 1.000000 0.000000
vt 0.000000 0.000000
vt 1.000000 1.000000
vt 0.000000 1.000000
vt 1.000000 0.000000
vt 0.000000 0.000000
vt 1.000000 1.000000
vt 0.000000 1.000000
vt 1.000000 0.000000
vt 0.000000 0.000000
vt 1.000000 1.000000
vt 0.000000 1.000000
vt 1.000000 0.000000
vt 0.000000 0.000000
vt 1.000000 1.000000
vt 0.000000 1.000000
vt 1.000000 0.000000
vt 0.000000 0.000000
vt 1.000000 1.000000
vt 0.000000 1.000000
vt 1.000000 0.000000
vt 0.000000 0.000000
vt 1.000000 1.000000
vt 0.000000 1.000000
vt 1.000000 0.000000
vt 0.000000 0.000000
vt 1.000000 1.000000
vt 0.000000 1.000000
vt 1.000000 0.000000
vt 0.000000 0.000000
vt 1.000000 1.000000
vt 0.000000 1.000000
vt 1.000000 0.000000
vt 0.000000 0.000000
vt 1.000000 1.000000
vt 0.000000 1.000000
vt 1.000000 0.000000
vt 0.000000 0.000000
vt 1.000000 1.000000
vt 0.000000 1.000000
vt 1.000000 0.000000
vt 0.000000 0.000000
vt 1.000000 1.000000
vt 0.000000 1.000000
vt 1.000000 0.000000
vt 0.000000 0.000000
vt 1.000000 1.000000
vt 0.000000 1.000000
vt 1.000000 0.000000
vt 0.000000 0.000000
vt 1.000000 1.000000
vt 0.000000 1.000000
vt 1.000000 0.000000
vt 0.000000 0.000000
vt 1.000000 1.000000
vt 0.000000 1.000000
vt 1.000000 0.000000
vt 0.000000 0.000000
vt 1.000000 1.000000
vt 0.000000 1.000000
vt 1.000000 0.000000
vt 0.000000 0.000000
vt 1.000000 1.000000
vt 0.000000 1.000000
vt 1.000000 0.000000
vt 0.000000 0.000000
vt 1.000000 1.000000
vt 0.000000 1.000000
vt 1.000000 0.000000
vt 0.000000 0.000000
vt 1.000000 1.000000
vt 0.000000 1.000000
vt 1.000000 0.000000
vt 0.000000 0.000000
vt 1.000000 1.000000
vt 0.000000 1.000000
vt 1.000000 0.000000
vt 0.000000 0.000000
vt 1.000000 1.000000
vt 0.000000 1.000000
vt 1.000000 0.000000
vt 0.000000 0.000000
vt 1.000000 1.000000
vt 0.000000 1.000000
vt 1.000000 0.000000
vt 0.000000 0.000000
vt 1.000000 1.000000
vt 0.000000 1.000000
vt 1.000000 0.000000
vt 0.000000 0.000000
vt 1.000000 1.000000
vt 0.000000 1.000000
vt 1.000000 0.000000
vt 0.000000 0.000000
vt 1.000000 1.000000
vt 0.000000 1.000000
vt 1.000000 0.000000
vt 0.000000 0.000000
vt 1.000000 1.000000
vt 0.000000 1.000000
vt 1.000000 0.000000
vt 0.000000 0.000000
vt 1.000000 1.000000
vt 0.000000 1.000000
vt 1.000000 0.000000
vt 0.000000 0.000000
vt 1.000000 1.000000
vt 0.000000 1.000000
vt 1.000000 0.000000
vt 0.000000 0.000000
vt 1.000000 1.000000
vt 0.000000 1.000000
vt 1.000000 0.000000
vt 0.000000 0.000000
vt 1.000000 1.000000
vt 0.000000 1.000000
vt 1.000000 0.000000
vt 0.000000 0.000000
vt 1.000000 1.000000
vt 0.000000 1.000000
vt 1.000000 0.000000
vt 0.000000 0.000000
vt 1.000000 1.000000
vt 0.000000 1.000000
vt 1.000000 0.000000
vt 0.000000 0.000000
vt 1.000000 1.000000
vt 0.000000 1.000000
vt 1.000000 0.000000
vt 0.000000 0.000000
vt 1.000000 1.000000
vt 0.000000 1.000000
vt 1.000000 0.000000
vt 0.000000 0.000000
vt 1.000000 1.000000
vt 0.000000 1.000000
vt 1.000000 0.000000
vt 0.000000 0.000000
vt 1.000000 1.000000
vt 0.000000 1.000000
vt 1.000000 0.000000
vt 0.000000 0.000000
vt 1.000000 1.000000
vt 0.000000 1.000000
vt 1.000000 0.000000
vt 0.000000 0.000000
vt 1.000000 1.000000
vt 0.000000 1.000000
vt 1.000000 0.000000
vt 0.000000 0.000000
vt 1.000000 1.000000
vt 0.000000 1.000000
vt 1.000000 0.000000
vt 0.000000 0.000000
vt 1.000000 1.000000
vt 0.000000 1.000000
vt 1.000000 0.000000
vt 0.000000 0.000000
vt 1.000000 1.000000
vt 0.000000 1.000000
vt 1.000000 0.000000
vt 0.000000 0.000000
vt 1.000000 1.000000
vt 0.000000 1.000000
vt 1.000000 0.000000
vt 0.000000 0.000000
vt 1.000000 1.000000
vt 0.000000 1.000000
vt 1.000000 0.000000
vt 0.000000 0.000000
vt 1.000000 1.000000
vt 0.000000 1.000000
vt 1.000000 0.000000
vt 0.000000 0.000000
vt 1.000000 1.000000
vt 0.000000 1.000000
vt 1.000000 0.000000
vt 0.000000 0.000000
vt 1.000000 1.000000
vt 0.000000 1.000000
vt 1.000000 0.000000
vt 0.000000 0.000000
vt 1.000000 1.000000
vt 0.000000 1.000000
vt 1.000000 0.000000
vt 0.000000 0.000000
vt 1.000000 1.000000
vt 0.000000 1.000000
vt 1.000000 0.000000
vt 0.000000 0.000000
vt 1.000000 1.000000
vt 0.000000 1.000000
vt 1.000000 0.000000
vt 0.000000 0.000000
vt 1.000000 1.000000
vt 0.000000 1.000000
vt 1.000000 0.000000
vt 0.000000 0.000000
vt 1.000000 1.000000
vt 0.000000 1.000000
vt 1.000000 0.000000
vt 0.000000 0.000000
vt 1.000000 1.000000
vt 0.000000 1.000000
vt 1.000000 0.000000
vt 0.000000 0.000000
vt 1.000000 1.000000
vt 0.000000 1.000000
vt 1.000000 0.000000
vt 0.000000 0.000000
vt 1.000000 1.000000
vt 0.000000 1.000000
vt 1.000000 0.000000
vt 0.000000 0.000000
vt 1.000000 1.000000
vt 0.000000 1.000000
vt 1.000000 0.000000
vt 0.000000 0.000000
vt 1.000000 1.000000
vt 0.000000 1.000000
vt 1.000000 0.000000
vt 0.000000 0.000000
vt 1.000000 1.000000
vt 0.000000 1.000000
vt 1.000000 0.000000
vt 0.000000 0.000000
vt 1.000000 1.000000
vt 0.000000 1.000000
vt 1.000000 0.000000
vt 0.000000 0.000000
vt 1.000000 1.000000
vt 0.000000 1.000000
vt 1.000000 0.000000
vt 0.000000 0.000000
vt 1.000000 1.000000
vt 0.000000 1.000000
vt 1.000000 0.000000
vt 0.000000 0.000000
vt 1.000000 1.000000
vt 0.000000 1.000000
vt 1.000000 0.000000
vt 0.000000 0.000000
vt 1.000000 1.000000
vt 0.000000 1.000000
vt 1.000000 0.000000
vt 0.000000 0.000000
vt 1.000000 1.000000
vt 0.000000 1.000000
vt 1.000000 0.000000
vt 0.000000 0.000000
vt 1.000000 1.000000
vt 0.000000 1.000000
vt 1.000000 0.000000
vt 0.000000 0.000000
vt 1.000000 1.000000
vt 0.000000 1.000000
vt 1.000000 0.000000
vt 0.000000 0.000000
vt 1.000000 1.000000
vt 0.000000 1.000000
vt 1.000000 0.000000
vt 0.000000 0.000000
vt 1.000000 1.000000
vt 0.000000 1.000000
vt 1.000000 0.000000
vt 0.000000 0.000000
vt 1.000000 1.000000
vt 0.000000 1.000000
vt 1.000000 0.000000
vt 0.000000 0.000000
vt 1.000000 1.000000
vt 0.000000 1.000000
vt 1.000000 0.000000
vt 0.000000 0.000000
vt 1.000000 1.000000
vt 0.000000 1.000000
vt 1.000000 0.000000
vt 0.000000 0.000000
vt 1.000000 1.000000
vt 0.000000 1.000000
vt 1.000000 0.000000
vt 0.000000 0.000000
vt 1.000000 1.000000
vt 0.000000 1.000000
vt 1.000000 0.000000
vt 0.000000 0.000000
vt 1.000000 1.000000
vt 0.000000 1.000000
vt 1.000000 0.000000
vt 0.000000 0.000000
vt 1.000000 1.000000
vt 0.000000 1.000000
vt 1.000000 0.000000
vt 0.000000 0.000000
vt 1.000000 1.000000
vt 0.000000 1.000000
vt 1.000000 0.000000
vt 0.000000 0.000000
vt 1.000000 1.000000
vt 0.000000 1.000000
vt 1.000000 0.000000
vt 0.000000 0.000000
vt 1.000000 1.000000
vt 0.000000 1.000000
vt 1.000000 0.000000
vt 0.000000 0.000000
vt 1.000000 1.000000
vt 0.000000 1.000000
vt 1.000000 0.000000
vt 0.000000 0.000000
vt 1.000000 1.000000
vt 0.000000 1.000000
vt 1.000000 0.000000
vt 0.000000 0.000000
vt 1.000000 1.000000
vt 0.000000 1.000000
vt 1.000000 0.000000
vt 0.000000 0.000000
vt 1.000000 1.000000
vt 0.000000 1.000000
vt 1.000000 0.000000
vt 0.000000 0.000000
vt 1.000000 1.000000
vt 0.000000 1.000000
vt 1.000000 0.000000
vt 0.000000 0.000000
vt 1.000000 1.000000
vt 0.000000 1.000000
vt 1.000000 0.000000
vt 0.000000 0.000000
vt 1.000000 1.000000
vt 0.000000 1.000000
vt 1.000000 0.000000
vt 0.000000 0.000000
vt 1.000000 1.000000
vt 0.000000 1.000000
vt 1.000000 0.000000
vt 0.000000 0.000000
vt 1.000000 1.000000
vt 0.000000 1.000000
vt 1.000000 0.000000
vt 0.000000 0.000000
vt 1.000000 1.000000
vt 0.000000 1.000000
vt 1.000000 0.000000
vt 0.000000 0.000000
vt 1.000000 1.000000
vt 0.000000 1.000000
vt 1.000000 0.000000
vt 0.000000 0.000000
vt 1.000000 1.000000
vt 0.000000 1.000000
vt 1.000000 0.000000
vt 0.000000 0.000000
vt 1.000000 1.000000
vt 0.000000 1.000000
vt 1.000000 0.000000
vt 0.000000 0.000000
vt 1.000000 1.000000
vt 0.000000 1.000000
vt 1.000000 0.000000
vt 0.000000 0.000000
vt 1.000000 1.000000
vt 0.000000 1.000000
vt 1.000000 0.000000
vt 0.000000 0.000000
vt 1.000000 1.000000
vt 0.000000 1.000000
vt 1.000000 0.000000
vt 0.000000 0.000000
vt 1.000000 1.000000
vt 0.000000 1.000000
vt 1.000000 0.000000
vt 0.000000 0.000000
vt 1.000000 1.000000
vt 0.000000 1.000000
vt 1.000000 0.000000
vt 0.000000 0.000000
vt 1.000000 1.000000
vt 0.000000 1.000000
vt 1.000000 0.000000
vt 0.000000 0.000000
vt 1.000000 1.000000
vt 0.000000 1.000000
vt 1.000000 0.000000
vt 0.000000 0.000000
vt 1.000000 1.000000
vt 0.000000 1.000000
vt 1.000000 0.000000
vt 0.000000 0.000000
vt 1.000000 1.000000
vt 0.000000 1.000000
vt 1.000000 0.000000
vt 0.000000 0.000000
vt 1.000000 1.000000
vt 0.000000 1.000000
vt 1.000000 0.000000
vt 0.000000 0.000000
vt 1.000000 1.000000
vt 0.000000 1.000000
vt 1.000000 0.000000
vt 0.000000 0.000000
vt 1.000000 1.000000
vt 0.000000 1.000000
vt 1.000000 0.000000
vt 0.000000 0.000000
vt 1.000000 1.000000
vt 0.000000 1.000000
vt 1.000000 0.000000
vt 0.000000 0.000000
vt 1.000000 1.000000
vt 0.000000 1.000000
vt 1.000000 0.000000
vt 0.000000 0.000000
vt 1.000000 1.000000
vt 0.000000 1.000000
vt 1.000000 0.000000
vt 0.000000 0.000000
vt 1.000000 1.000000
vt 0.000000 1.000000
vt 1.000000 0.000000
vt 0.000000 0.000000
vt 1.000000 1.000000
vt 0.000000 1.000000
vt 1.000000 0.000000
vt 0.000000 0.000000
vt 1.000000 1.000000
vt 0.000000 1.000000
vt 1.000000 0.000000
vt 0.000000 0.000000
vt 1.000000 1.000000
vt 0.000000 1.000000
vt 1.000000 0.000000
vt 0.000000 0.000000
vt 1.000000 1.000000
vt 0.000000 1.000000
vt 1.000000 0.000000
vt 0.000000 0.000000
vt 1.000000 1.000000
vt 0.000000 1.000000
vt 1.000000 0.000000
vt 0.000000 0.000000
vt 1.000000 1.000000
vt 0.000000 1.000000
vt 1.000000 0.000000
vt 0.000000 0.000000
vt 1.000000 1.000000
vt 0.000000 1.000000
vt 1.000000 0.000000
vt 0.000000 0.000000
vt 1.000000 1.000000
vt 0.000000 1.000000
vt 1.000000 0.000000
vt 0.000000 0.000000
vt 1.000000 1.000000
vt 0.000000 1.000000
vt 1.000000 0.000000
vt 0.000000 0.000000
vt 1.000000 1.000000
vt 0.000000 1.000000
vt 1.000000 0.000000
vt 0.000000 0.000000
vt 1.000000 1.000000
vt 0.000000 1.000000
vt 1.000000 0.000000
vt 0.000000 0.000000
vt 1.000000 1.000000
vt 0.000000 1.000000
vt 1.000000 0.000000
vt 0.000000 0.000000
vt 1.000000 1.000000
vt 0.000000 1.000000
vt 1.000000 0.000000
vt 0.000000 0.000000
vt 1.000000 1.000000
vt 0.000000 1.000000
vt 1.000000 0.000000
vt 0.000000 0.000000
vt 1.000000 1.000000
vt 0.000000 1.000000
vt 1.000000 0.000000
vt 0.000000 0.000000
vt 1.000000 1.000000
vt 0.000000 1.000000
vt 1.000000 0.000000
vt 0.000000 0.000000
vt 1.000000 1.000000
vt 0.000000 1.000000
vt 1.000000 0.000000
vt 0.000000 0.000000
vt 1.000000 1.000000
vt 0.000000 1.000000
vt 1.000000 0.000000
vt 0.000000 0.000000
vt 1.000000 1.000000
vt 0.000000 1.000000
vt 1.000000 0.000000
vt 0.000000 0.000000
vt 1.000000 1.000000
vt 0.000000 1.000000
vt 1.000000 0.000000
vt 0.000000 0.000000
vt 1.000000 1.000000
vt 0.000000 1.000000
vt 1.000000 0.000000
vt 0.000000 0.000000
vt 1.000000 1.000000
vt 0.000000 1.000000
vt 1.000000 0.000000
vt 0.000000 0.000000
vt 1.000000 1.000000
vt 0.000000 1.000000
vt 1.000000 0.000000
vt 0.000000 0.000000
vt 1.000000 1.000000
vt 0.000000 1.000000
vt 1.000000 0.000000
vt 0.000000 0.000000
vt 1.000000 1.000000
vt 0.000000 1.000000
vt 1.000000 0.000000
vt 0.000000 0.000000
vt 1.000000 1.000000
vt 0.000000 1.000000
vt 1.000000 0.000000
vt 0.000000 0.000000
vt 1.000000 1.000000
vt 0.000000 1.000000
vt 1.000000 0.000000
vt 0.000000 0.000000
vt 1.000000 1.000000
vt 0.000000 1.000000
vt 1.000000 0.000000
vt 0.000000 0.000000
vt 1.000000 1.000000
vt 0.000000 1.000000
vt 1.000000 0.000000
vt 0.000000 0.000000
vt 1.000000 1.000000
vt 0.000000 1.000000
vt 1.000000 0.000000
vt 0.000000 0.000000
vt 1.000000 1.000000
vt 0.000000 1.000000
vt 1.000000 0.000000
vt 0.000000 0.000000
vt 1.000000 1.000000
vt 0.000000 1.000000
vt 1.000000 0.000000
vt 0.000000 0.000000
vt 1.000000 1.000000
vt 0.000000 1.000000
vt 1.000000 0.000000
vt 0.000000 0.000000
vt 1.000000 1.000000
vt 0.000000 1.000000
vt 1.000000 0.000000
vt 0.000000 0.000000
vt 1.000000 1.000000
vt 0.000000 1.000000
vt 1.000000 0.000000
vt 0.000000 0.000000
vt 1.000000 1.000000
vt 0.000000 1.000000
vt 1.000000 0.000000
vt 0.000000 0.000000
vt 1.000000 1.000000
vt 0.000000 1.000000
vt 1.000000 0.000000
vt 0.000000 0.000000
vt 1.000000 1.000000
vt 0.000000 1.000000
vt 1.000000 0.000000
vt 0.000000 0.000000
vt 1.000000 1.000000
vt 0.000000 1.000000
vt 1.000000 0.000000
vt 0.000000 0.000000
vt 1.000000 1.000000
vt 0.000000 1.000000
vt 1.000000 0.000000
vt 0.000000 0.000000
vt 1.000000 1.000000
vt 0.000000 1.000000
vt 1.000000 0.000000
vt 0.000000 0.000000
vt 1.000000 1.000000
vt 0.000000 1.000000
vt 1.000000 0.000000
vt 0.000000 0.000000
vt 1.000000 1.000000
vt 0.000000 1.000000
vt 1.000000 0.000000
vt 0.000000 0.000000
vt 1.000000 1.000000
vt 0.000000 1.000000
vt 1.000000 0.000000
vt 0.000000 0.000000
vt 1.000000 1.000000
vt 0.000000 1.000000
vt 1.000000 0.000000
vt 0.000000 0.000000
vt 1.000000 1.000000
vt 0.000000 1.000000
vt 1.000000 0.000000
vt 0.000000 0.000000
vt 1.000000 1.000000
vt 0.000000 1.000000
vt 1.000000 0.000000
vt 0.000000 0.000000
vt 1.000000 1.000000
vt 0.000000 1.000000
vt 1.000000 0.000000
vt 0.000000 0.000000
vt 1.000000 1.000000
vt 0.000000 1.000000
vt 1.000000 0.000000
vt 0.000000 0.000000
vt 1.000000 1.000000
vt 0.000000 1.000000
vt 1.000000 0.000000
vt 0.000000 0.000000
vt 1.000000 1.000000
vt 0.000000 1.000000
vt 1.000000 0.000000
vt 0.000000 0.000000
vt 1.000000 1.000000
vt 0.000000 1.000000
vt 1.000000 0.000000
vt 0.000000 0.000000
vt 1.000000 1.000000
vt 0.000000 1.000000
vt 1.000000 0.000000
vt 0.000000 0.000000
vt 1.000000 1.000000
vt 0.000000 1.000000
vt 1.000000 0.000000
vt 0.000000 0.000000
vt 1.000000 1.000000
vt 0.000000 1.000000
vt 1.000000 0.000000
vt 0.000000 0.000000
vt 1.000000 1.000000
vt 0.000000 1.000000
vt 1.000000 0.000000
vt 0.000000 0.000000
vt 1.000000 1.000000
vt 0.000000 1.000000
vt 1.000000 0.000000
vt 0.000000 0.000000
vt 1.000000 1.000000
vt 0.000000 1.000000
vt 1.000000 0.000000
vt 0.000000 0.000000
vt 1.000000 1.000000
vt 0.000000 1.000000
vt 1.000000 0.000000
vt 0.000000 0.000000
vt 1.000000 1.000000
vt 0.000000 1.000000
vt 1.000000 0.000000
vt 0.000000 0.000000
vt 1.000000 1.000000
vt 0.000000 1.000000
vt 1.000000 0.000000
vt 0.000000 0.000000
vt 1.000000 1.000000
vt 0.000000 1.000000
vt 1.000000 0.000000
vt 0.000000 0.000000
vt 1.000000 1.000000
vt 0.000000 1.000000
vt 1.000000 0.000000
vt 0.000000 0.000000
vt 1.000000 1.000000
vt 0.000000 1.000000
vt 1.000000 0.000000
vt 0.000000 0.000000
vt 1.000000 1.000000
vt 0.000000 1.000000
vt 1.000000 0.000000
vt 0.000000 0.000000
vt 1.000000 1.000000
vt 0.000000 1.000000
vt 1.000000 0.000000
vt 0.000000 0.000000
vt 1.000000 1.000000
vt 0.000000 1.000000
vt 1.000000 0.000000
vt 0.000000 0.000000
vt 1.000000 1.000000
vt 0.000000 1.000000
vt 1.000000 0.000000
vt 0.000000 0.000000
vt 1.000000 1.000000
vt 0.000000 1.000000
vt 1.000000 0.000000
vt 0.000000 0.000000
vt 1.000000 1.000000
vt 0.000000 1.000000
vt 1.000000 0.000000
vt 0.000000 0.000000
vt 1.000000 1.000000
vt 0.000000 1.000000
vt 1.000000 0.000000
vt 0.000000 0.000000
vt 1.000000 1.000000
vt 0.000000 1.000000
vt 1.000000 0.000000
vt 0.000000 0.000000
vt 1.000000 1.000000
vt 0.000000 1.000000
vt 1.000000 0.000000
vt 0.000000 0.000000
vt 1.000000 1.000000
vt 0.000000 1.000000
vt 1.000000 0.000000
vt 0.000000 0.000000
vt 1.000000 1.000000
vt 0.000000 1.000000
vt 1.000000 0.000000
vt 0.000000 0.000000
vt 1.000000 1.000000
vt 0.000000 1.000000
vt 1.000000 0.000000
vt 0.000000 0.000000
vt 1.000000 1.000000
vt 0.000000 1.000000
vt 1.000000 0.000000
vt 0.000000 0.000000
vt 1.000000 1.000000
vt 0.000000 1.000000
vt 1.000000 0.000000
vt 0.000000 0.000000
vt 1.000000 1.000000
vt 0.000000 1.000000
vt 1.000000 0.000000
vt 0.000000 0.000000
vt 1.000000 1.000000
vt 0.000000 1.000000
vt 1.000000 0.000000
vt 0.000000 0.000000
vt 1.000000 1.000000
vt 0.000000 1.000000
vt 1.000000 0.000000
vt 0.000000 0.000000
vt 1.000000 1.000000
vt 0.000000 1.000000
vt 1.000000 0.000000
vt 0.000000 0.000000
vt 1.000000 1.000000
vt 0.000000 1.000000
vt 1.000000 0.000000
vt 0.000000 0.000000
vt 1.000000 1.000000
vt 0.000000 1.000000
vt 1.000000 0.000000
vt 0.000000 0.000000
vt 1.000000 1.000000
vt 0.000000 1.000000
vt 1.000000 0.000000
vt 0.000000 0.000000
vt 1.000000 1.000000
vt 0.000000 1.000000
vt 1.000000 0.000000
vt 0.000000 0.000000
vt 1.000000 1.000000
vt 0.000000 1.000000
vt 1.000000 0.000000
vt 0.000000 0.000000
vt 1.000000 1.000000
vt 0.000000 1.000000
vt 1.000000 0.000000
vt 0.000000 0.000000
vt 1.000000 1.000000
vt 0.000000 1.000000
vt 1.000000 0.000000
vt 0.000000 0.000000
vt 1.000000 1.000000
vt 0.000000 1.000000
vt 1.000000 0.000000
vt 0.000000 0.000000
vt 1.000000 1.000000
vt 0.000000 1.000000
vt 1.000000 0.000000
vt 0.000000 0.000000
vt 1.000000 1.000000
vt 0.000000 1.000000
vt 1.000000 0.000000
vt 0.000000 0.000000
vt 1.000000 1.000000
vt 0.000000 1.000000
vt 1.000000 0.000000
vt 0.000000 0.000000
vt 1.000000 1.000000
vt 0.000000 1.000000
vt 1.000000 0.000000
vt 0.000000 0.000000
vt 1.000000 1.000000
vt 0.000000 1.000000
vt 1.000000 0.000000
vt 0.000000 0.000000
vt 1.000000 1.000000
vt 0.000000 1.000000
vt 1.000000 0.000000
vt 0.000000 0.000000
vt 1.000000 1.000000
vt 0.000000 1.000000
vt 1.000000 0.000000
vt 0.000000 0.000000
vt 1.000000 1.000000
vt 0.000000 1.000000
vt 1.000000 0.000000
vt 0.000000 0.000000
vt 1.000000 1.000000
vt 0.000000 1.000000
vt 1.000000 0.000000
vt 0.000000 0.000000
vt 1.000000 1.000000
vt 0.000000 1.000000
vt 1.000000 0.000000
vt 0.000000 0.000000
vt 1.000000 1.000000
vt 0.000000 1.000000
vt 1.000000 0.000000
vt 0.000000 0.000000
vt 1.000000 1.000000
vt 0.000000 1.000000
vt 1.000000 0.000000
vt 0.000000 0.000000
vt 1.000000 1.000000
vt 0.000000 1.000000
vt 1.000000 0.000000
vt 0.000000 0.000000
vt 1.000000 1.000000
vt 0.000000 1.000000
vt 1.000000 0.000000
vt 0.000000 0.000000
vt 1.000000 1.000000
vt 0.000000 1.000000
vt 1.000000 0.000000
vt 0.000000 0.000000
vt 1.000000 1.000000
vt 0.000000 1.000000
vt 1.000000 0.000000
vt 0.000000 0.000000
vt 1.000000 1.000000
vt 0.000000 1.000000
vt 1.000000 0.000000
vt 0.000000 0.000000
vt 1.000000 1.000000
vt 0.000000 1.000000
vt 1.000000 0.000000
vt 0.000000 0.000000
vt 1.000000 1.000000
vt 0.000000 1.000000
vt 1.000000 0.000000
vt 0.000000 0.000000
vt 1.000000 1.000000
vt 0.000000 1.000000
vt 1.000000 0.000000
vt 0.000000 0.000000
vt 1.000000 1.000000
vt 0.000000 1.000000
vt 1.000000 0.000000
vt 0.000000 0.000000
vt 1.000000 1.000000
vt 0.000000 1.000000
vt 1.000000 0.000000
vt 0.000000 0.000000
vt 1.000000 1.000000
vt 0.000000 1.000000
vt 1.000000 0.000000
vt 0.000000 0.000000
vt 1.000000 1.000000
vt 0.000000 1.000000
vt 1.000000 0.000000
vt 0.000000 0.000000
vt 1.000000 1.000000
vt 0.000000 1.000000
vt 1.000000 0.000000
vt 0.000000 0.000000
vt 1.000000 1.000000
vt 0.000000 1.000000
vt 1.000000 0.000000
vt 0.000000 0.000000
vt 1.000000 1.000000
vt 0.000000 1.000000
vt 1.000000 0.000000
vt 0.000000 0.000000
vt 1.000000 1.000000
vt 0.000000 1.000000
vt 1.000000 0.000000
vt 0.000000 0.000000
vt 1.000000 1.000000
vt 0.000000 1.000000
vt 1.000000 0.000000
vt 0.000000 0.000000
vt 1.000000 1.000000
vt 0.000000 1.000000
vt 1.000000 0.000000
vt 0.000000 0.000000
vt 1.000000 1.000000
vt 0.000000 1.000000
vt 1.000000 0.000000
vt 0.000000 0.000000
vt 1.000000 1.000000
vt 0.000000 1.000000
vt 1.000000 0.000000
vt 0.000000 0.000000
vt 1.000000 1.000000
vt 0.000000 1.000000
vt 1.000000 0.000000
vt 0.000000 0.000000
vt 1.000000 1.000000
vt 0.000000 1.000000
vt 1.000000 0.000000
vt 0.000000 0.000000
vt 1.000000 1.000000
vt 0.000000 1.000000
vt 1.000000 0.000000
vt 0.000000 0.000000
vt 1.000000 1.000000
vt 0.000000 1.000000
vt 1.000000 0.000000
vt 0.000000 0.000000
vt 1.000000 1.000000
vt 0.000000 1.000000
vt 1.000000 0.000000
vt 0.000000 0.000000
vt 1.000000 1.000000
vt 0.000000 1.000000
vt 1.000000 0.000000
vt 0.000000 0.000000
vt 1.000000 1.000000
vt 0.000000 1.000000
vt 1.000000 0.000000
vt 0.000000 0.000000
vt 1.000000 1.000000
vt 0.000000 1.000000
vt 1.000000 0.000000
vt 0.000000 0.000000
vt 1.000000 1.000000
vt 0.000000 1.000000
vt 1.000000 0.000000
vt 0.000000 0.000000
vt 1.000000 1.000000
vt 0.000000 1.000000
vt 1.000000 0.000000
vt 0.000000 0.000000
vt 1.000000 1.000000
vt 0.000000 1.000000
vt 1.000000 0.000000
vt 0.000000 0.000000
vt 1.000000 1.000000
vt 0.000000 1.000000
vt 1.000000 0.000000
vt 0.000000 0.000000
vt 1.000000 1.000000
vt 0.000000 1.000000
vt 1.000000 0.000000
vt 0.000000 0.000000
vt 1.000000 1.000000
vt 0.000000 1.000000
vt 1.000000 0.000000
vt 0.000000 0.000000
vt 1.000000 1.000000
vt 0.000000 1.000000
vt 1.000000 0.000000
vt 0.000000 0.000000
vt 1.000000 1.000000
vt 0.000000 1.000000
vt 1.000000 0.000000
vt 0.000000 0.000000
vt 1.000000 1.000000
vt 0.000000 1.000000
vt 1.000000 0.000000
vt 0.000000 0.000000
vt 1.000000 1.000000
vt 0.000000 1.000000
vt 1.000000 0.000000
vt 0.000000 0.000000
vt 1.000000 1.000000
vt 0.000000 1.000000
vt 1.000000 0.000000
vt 0.000000 0.000000
vt 1.000000 1.000000
vt 0.000000 1.000000
vt 1.000000 0.000000
vt 0.000000 0.000000
vt 1.000000 1.000000
vt 0.000000 1.000000
vt 1.000000 0.000000
vt 0.000000 0.000000
vt 1.000000 1.000000
vt 0.000000 1.000000
vt 1.000000 0.000000
vt 0.000000 0.000000
vt 1.000000 1.000000
vt 0.000000 1.000000
vt 1.000000 0.000000
vt 0.000000 0.000000
vt 1.000000 1.000000
vt 0.000000 1.000000
vt 1.000000 0.000000
vt 0.000000 0.000000
vt 1.000000 1.000000
vt 0.000000 1.000000
vt 1.000000 0.000000
vt 0.000000 0.000000
vt 1.000000 1.000000
vt 0.000000 1.000000
vt 1.000000 0.000000
vt 0.000000 0.000000
vt 1.000000 1.000000
vt 0.000000 1.000000
vt 1.000000 0.000000
vt 0.000000 0.000000
vt 1.000000 1.000000
vt 0.000000 1.000000
vt 1.000000 0.000000
vt 0.000000 0.000000
vt 1.000000 1.000000
vt 0.000000 1.000000
vt 1.000000 0.000000
vt 0.000000 0.000000
vt 1.000000 1.000000
vt 0.000000 1.000000
vt 1.000000 0.000000
vt 0.000000 0.000000
vt 1.000000 1.000000
vt 0.000000 1.000000
vt 1.000000 0.000000
vt 0.000000 0.000000
vt 1.000000 1.000000
vt 0.000000 1.000000
vt 1.000000 0.000000
vt 0.000000 0.000000
vt 1.000000 1.000000
vt 0.000000 1.000000
vt 1.000000 0.000000
vt 0.000000 0.000000
vt 1.000000 1.000000
vt 0.000000 1.000000
vt 1.000000 0.000000
vt 0.000000 0.000000
vt 1.000000 1.000000
vt 0.000000 1.000000
vt 1.000000 0.000000
vt 0.000000 0.000000
vt 1.000000 1.000000
vt 0.000000 1.000000
vt 1.000000 0.000000
vt 0.000000 0.000000
vt 1.000000 1.000000
vt 0.000000 1.000000
vt 1.000000 0.000000
vt 0.000000 0.000000
vt 1.000000 1.000000
vt 0.000000 1.000000
vt 1.000000 0.000000
vt 0.000000 0.000000
vt 1.000000 1.000000
vt 0.000000 1.000000
vt 1.000000 0.000000
vt 0.000000 0.000000
vt 1.000000 1.000000
vt 0.000000 1.000000
vt 1.000000 0.000000
vt 0.000000 0.000000
vt 1.000000 1.000000
vt 0.000000 1.000000
vt 1.000000 0.000000
vt 0.000000 0.000000
vt 1.000000 1.000000
vt 0.000000 1.000000
vt 1.000000 0.000000
vt 0.000000 0.000000
vt 1.000000 1.000000
vt 0.000000 1.000000
vt 1.000000 0.000000
vt 0.000000 0.000000
vt 1.000000 1.000000
vt 0.000000 1.000000
vt 1.000000 0.000000
vt 0.000000 0.000000
vt 1.000000 1.000000
vt 0.000000 1.000000
vt 1.000000 0.000000
vt 0.000000 0.000000
vt 1.000000 1.000000
vt 0.000000 1.000000
vt 1.000000 0.000000
vt 0.000000 0.000000
vt 1.000000 1.000000
vt 0.000000 1.000000
vt 1.000000 0.000000
vt 0.000000 0.000000
vt 1.000000 1.000000
vt 0.000000 1.000000
vt 1.000000 0.000000
vt 0.000000 0.000000
vt 1.000000 1.000000
vt 0.000000 1.000000
vt 1.000000 0.000000
vt 0.000000 0.000000
vt 1.000000 1.000000
vt 0.000000 1.000000
vt 1.000000 0.000000
vt 0.000000 0.000000
vt 1.000000 1.000000
vt 0.000000 1.000000
vt 1.000000 0.000000
vt 0.000000 0.000000
vt 1.000000 1.000000
vt 0.000000 1.000000
vt 1.000000 0.000000
vt 0.000000 0.000000
vt 1.000000 1.000000
vt 0.000000 1.000000
vt 1.000000 0.000000
vt 0.000000 0.000000
vt 1.000000 1.000000
vt 0.000000 1.000000
vt 1.000000 0.000000
vt 0.000000 0.000000
vt 1.000000 1.000000
vt 0.000000 1.000000
vt 1.000000 0.000000
vt 0.000000 0.000000
vt 1.000000 1.000000
vt 0.000000 1.000000
vt 1.000000 0.000000
vt 0.000000 0.000000
vt 1.000000 1.000000
vt 0.000000 1.000000
vt 1.000000 0.000000
vt 0.000000 0.000000
vt 1.000000 1.000000
vt 0.000000 1.000000
vt 1.000000 0.000000
vt 0.000000 0.000000
vt 1.000000 1.000000
vt 0.000000 1.000000
vt 1.000000 0.000000
vt 0.000000 0.000000
vt 1.000000 1.000000
vt 0.000000 1.000000
vt 1.000000 0.000000
vt 0.000000 0.000000
vt 1.000000 1.000000
vt 0.000000 1.000000
vt 1.000000 0.000000
vt 0.000000 0.000000
vt 1.000000 1.000000
vt 0.000000 1.000000
vt 1.000000 0.000000
vt 0.000000 0.000000
vt 1.000000 1.000000
vt 0.000000 1.000000
vt 1.000000 0.000000
vt 0.000000 0.000000
vt 1.000000 1.000000
vt 0.000000 1.000000
vt 1.000000 0.000000
vt 0.000000 0.000000
vt 1.000000 1.000000
vt 0.000000 1.000000
vt 1.000000 0.000000
vt 0.000000 0.000000
vt 1.000000 1.000000
vt 0.000000 1.000000
vt 1.000000 0.000000
vt 0.000000 0.000000
vt 1.000000 1.000000
vt 0.000000 1.000000
vt 1.000000 0.000000
vt 0.000000 0.000000
vt 1.000000 1.000000
vt 0.000000 1.000000
vt 1.000000 0.000000
vt 0.000000 0.000000
vt 1.000000 1.000000
vt 0.000000 1.000000
vt 1.000000 0.000000
vt 0.000000 0.000000
vt 1.000000 1.000000
vt 0.000000 1.000000
vt 1.000000 0.000000
vt 0.000000 0.000000
vt 1.000000 1.000000
vt 0.000000 1.000000
vt 1.000000 0.000000
vt 0.000000 0.000000
vt 1.000000 1.000000
vt 0.000000 1.000000
vt 1.000000 0.000000
vt 0.000000 0.000000
vt 1.000000 1.000000
vt 0.000000 1.000000
vt 1.000000 0.000000
vt 0.000000 0.000000
vt 1.000000 1.000000
vt 0.000000 1.000000
vt 1.000000 0.000000
vt 0.000000 0.000000
vt 1.000000 1.000000
vt 0.000000 1.000000
vt 1.000000 0.000000
vt 0.000000 0.000000
vt 1.000000 1.000000
vt 0.000000 1.000000
vt 1.000000 0.000000
vt 0.000000 0.000000
vt 1.000000 1.000000
vt 0.000000 1.000000
vt 1.000000 0.000000
vt 0.000000 0.000000
vt 1.000000 1.000000
vt 0.000000 1.000000
vt 1.000000 0.000000
vt 0.000000 0.000000
vt 1.000000 1.000000
vt 0.000000 1.000000
vt 1.000000 0.000000
vt 0.000000 0.000000
vt 1.000000 1.000000
vt 0.000000 1.000000
vt 1.000000 0.000000
vt 0.000000 0.000000
vt 1.000000 1.000000
vt 0.000000 1.000000
vt 1.000000 0.000000
vt 0.000000 0.000000
vt 1.000000 1.000000
vt 0.000000 1.000000
vt 1.000000 0.000000
vt 0.000000 0.000000
vt 1.000000 1.000000
vt 0.000000 1.000000
vt 1.000000 0.000000
vt 0.000000 0.000000
vt 1.000000 1.000000
vt 0.000000 1.000000
vt 1.000000 0.000000
vt 0.000000 0.000000
vt 1.000000 1.000000
vt 0.000000 1.000000
vt 1.000000 0.000000
vt 0.000000 0.000000
vt 1.000000 1.000000
vt 0.000000 1.000000
vt 1.000000 0.000000
vt 0.000000 0.000000
vt 1.000000 1.000000
vt 0.000000 1.000000
vt 1.000000 0.000000
vt 0.000000 0.000000
vt 1.000000 1.000000
vt 0.000000 1.000000
vt 1.000000 0.000000
vt 0.000000 0.000000
vt 1.000000 1.000000
vt 0.000000 1.000000
vt 1.000000 0.000000
vt 0.000000 0.000000
vt 1.000000 1.000000
vt 0.000000 1.000000
vt 1.000000 0.000000
vt 0.000000 0.000000
vt 1.000000 1.000000
vt 0.000000 1.000000
vt 1.000000 0.000000
vt 0.000000 0.000000
vt 1.000000 1.000000
vt 0.000000 1.000000
vt 1.000000 0.000000
vt 0.000000 0.000000
vt 1.000000 1.000000
vt 0.000000 1.000000
vt 1.000000 0.000000
vt 0.000000 0.000000
vt 1.000000 1.000000
vt 0.000000 1.000000
vt 1.000000 0.000000
vt 0.000000 0.000000
vt 1.000000 1.000000
vt 0.000000 1.000000
vt 1.000000 0.000000
vt 0.000000 0.000000
vt 1.000000 1.000000
vt 0.000000 1.000000
vt 1.000000 0.000000
vt 0.000000 0.000000
vt 1.000000 1.000000
vt 0.000000 1.000000
vt 1.000000 0.000000
vt 0.000000 0.000000
vt 1.000000 1.000000
vt 0.000000 1.000000
vt 1.000000 0.000000
vt 0.000000 0.000000
vt 1.000000 1.000000
vt 0.000000 1.000000
vt 1.000000 0.000000
vt 0.000000 0.000000
vt 1.000000 1.000000
vt 0.000000 1.000000
vt 1.000000 0.000000
vt 0.000000 0.000000
vt 1.000000 1.000000
vt 0.000000 1.000000
vt 1.000000 0.000000
vt 0.000000 0.000000
vt 1.000000 1.000000
vt 0.000000 1.000000
vt 1.000000 0.000000
vt 0.000000 0.000000
vt 1.000000 1.000000
vt 0.000000 1.000000
vt 1.000000 0.000000
vt 0.000000 0.000000
vt 1.000000 1.000000
vt 0.000000 1.000000
vt 1.000000 0.000000
vt 0.000000 0.000000
vt 1.000000 1.000000
vt 0.000000 1.000000
vt 1.000000 0.000000
vt 0.000000 0.000000
vt 1.000000 1.000000
vt 0.000000 1.000000
vt 1.000000 0.000000
vt 0.000000 0.000000
vt 1.000000 1.000000
vt 0.000000 1.000000
vt 1.000000 0.000000
vt 0.000000 0.000000
vt 1.000000 1.000000
vt 0.000000 1.000000
vt 1.000000 0.000000
vt 0.000000 0.000000
vt 1.000000 1.000000
vt 0.000000 1.000000
vt 1.000000 0.000000
vt 0.000000 0.000000
vt 1.000000 1.000000
vt 0.000000 1.000000
vt 1.000000 0.000000
vt 0.000000 0.000000
vt 1.000000 1.000000
vt 0.000000 1.000000
vt 1.000000 0.000000
vt 0.000000 0.000000
vt 1.000000 1.000000
vt 0.000000 1.000000
vt 1.000000 0.000000
vt 0.000000 0.000000
vt 1.000000 1.000000
vt 0.000000 1.000000
vt 1.000000 0.000000
vt 0.000000 0.000000
vt 1.000000 1.000000
vt 0.000000 1.000000
vt 1.000000 0.000000
vt 0.000000 0.000000
vt 1.000000 1.000000
vt 0.000000 1.000000
vt 1.000000 0.000000
vt 0.000000 0.000000
vt 1.000000 1.000000
vt 0.000000 1.000000
vt 1.000000 0.000000
vt 0.000000 0.000000
vt 1.000000 1.000000
vt 0.000000 1.000000
vt 1.000000 0.000000
vt 0.000000 0.000000
vt 1.000000 1.000000
vt 0.000000 1.000000
vt 1.000000 0.000000
vt 0.000000 0.000000
vt 1.000000 1.000000
vt 0.000000 1.000000
vt 1.000000 0.000000
vt 0.000000 0.000000
vt 1.000000 1.000000
vt 0.000000 1.000000
vt 1.000000 0.000000
vt 0.000000 0.000000
vt 1.000000 1.000000
vt 0.000000 1.000000
vt 1.000000 0.000000
vt 0.000000 0.000000
vt 1.000000 1.000000
vt 0.000000 1.000000
vt 1.000000 0.000000
vt 0.000000 0.000000
vt 1.000000 1.000000
vt 0.000000 1.000000
vt 1.000000 0.000000
vt 0.000000 0.000000
vt 1.000000 1.000000
vt 0.000000 1.000000
vt 1.000000 0.000000
vt 0.000000 0.000000
vt 1.000000 1.000000
vt 0.000000 1.000000
vt 1.000000 0.000000
vt 0.000000 0.000000
vt 1.000000 1.000000
vt 0.000000 1.000000
vt 1.000000 0.000000
vt 0.000000 0.000000
vt 1.000000 1.000000
vt 0.000000 1.000000
vt 1.000000 0.000000
vt 0.000000 0.000000
vt 1.000000 1.000000
vt 0.000000 1.000000
vt 1.000000 0.000000
vt 0.000000 0.000000
vt 1.000000 1.000000
vt 0.000000 1.000000
vt 1.000000 0.000000
vt 0.000000 0.000000
vt 1.000000 1.000000
vt 0.000000 1.000000
vt 1.000000 0.000000
vt 0.000000 0.000000
vt 1.000000 1.000000
vt 0.000000 1.000000
vt 1.000000 0.000000
vt 0.000000 0.000000
vt 1.000000 1.000000
vt 0.000000 1.000000
vt 1.000000 0.000000
vt 0.000000 0.000000
vt 1.000000 1.000000
vt 0.000000 1.000000
vt 1.000000 0.000000
vt 0.000000 0.000000
vt 1.000000 1.000000
vt 0.000000 1.000000
vt 1.000000 0.000000
vt 0.000000 0.000000
vt 1.000000 1.000000
vt 0.000000 1.000000
vt 1.000000 0.000000
vt 0.000000 0.000000
vt 1.000000 1.000000
vt 0.000000 1.000000
vt 1.000000 0.000000
vt 0.000000 0.000000
vt 1.000000 1.000000
vt 0.000000 1.000000
vt 1.000000 0.000000
vt 0.000000 0.000000
vt 1.000000 1.000000
vt 0.000000 1.000000
vt 1.000000 0.000000
vt 0.000000 0.000000
vt 1.000000 1.000000
vt 0.000000 1.000000
vt 1.000000 0.000000
vt 0.000000 0.000000
vt 1.000000 1.000000
vt 0.000000 1.000000
vt 1.000000 0.000000
vt 0.000000 0.000000
vt 1.000000 1.000000
vt 0.000000 1.000000
vt 1.000000 0.000000
vt 0.000000 0.000000
vt 1.000000 1.000000
vt 0.000000 1.000000
vt 1.000000 0.000000
vt 0.000000 0.000000
vt 1.000000 1.000000
vt 0.000000 1.000000
vt 1.000000 0.000000
vt 0.000000 0.000000
vt 1.000000 1.000000
vt 0.000000 1.000000
vt 1.000000 0.000000
vt 0.000000 0.000000
vt 1.000000 1.000000
vt 0.000000 1.000000
vt 1.000000 0.000000
vt 0.000000 0.000000
vt 1.000000 1.000000
vt 0.000000 1.000000
vt 1.000000 0.000000
vt 0.000000 0.000000
vt 1.000000 1.000000
vt 0.000000 1.000000
vt 1.000000 0.000000
vt 0.000000 0.000000
vt 1.000000 1.000000
vt 0.000000 1.000000
vt 1.000000 0.000000
vt 0.000000 0.000000
vt 1.000000 1.000000
vt 0.000000 1.000000
vt 1.000000 0.000000
vt 0.000000 0.000000
vt 1.000000 1.000000
vt 0.000000 1.000000
vt 1.000000 0.000000
vt 0.000000 0.000000
vt 1.000000 1.000000
vt 0.000000 1.000000
vt 1.000000 0.000000
vt 0.000000 0.000000
vt 1.000000 1.000000
vt 0.000000 1.000000
vt 1.000000 0.000000
vt 0.000000 0.000000
vt 1.000000 1.000000
vt 0.000000 1.000000
vt 1.000000 0.000000
vt 0.000000 0.000000
vt 1.000000 1.000000
vt 0.000000 1.000000
vt 1.000000 0.000000
vt 0.000000 0.000000
vt 1.000000 1.000000
vt 0.000000 1.000000
vt 1.000000 0.000000
vt 0.000000 0.000000
vt 1.000000 1.000000
vt 0.000000 1.000000
vt 1.000000 0.000000
vt 0.000000 0.000000
vt 1.000000 1.000000
vt 0.000000 1.000000
vt 1.000000 0.000000
vt 0.000000 0.000000
vt 1.000000 1.000000
vt 0.000000 1.000000
vt 1.000000 0.000000
vt 0.000000 0.000000
vt 1.000000 1.000000
vt 0.000000 1.000000
vt 1.000000 0.000000
vt 0.000000 0.000000
vt 1.000000 1.000000
vt 0.000000 1.000000
vt 1.000000 0.000000
vt 0.000000 0.000000
vt 1.000000 1.000000
vt 0.000000 1.000000
vt 1.000000 0.000000
vt 0.000000 0.000000
vt 1.000000 1.000000
vt 0.000000 1.000000
vt 1.000000 0.000000
vt 0.000000 0.000000
vt 1.000000 1.000000
vt 0.000000 1.000000
vt 1.000000 0.000000
vt 0.000000 0.000000
vt 1.000000 1.000000
vt 0.000000 1.000000
vt 1.000000 0.000000
vt 0.000000 0.000000
vt 1.000000 1.000000
vt 0.000000 1.000000
vt 1.000000 0.000000
vt 0.000000 0.000000
vt 1.000000 1.000000
vt 0.000000 1.000000
vt 1.000000 0.000000
vt 0.000000 0.000000
vt 1.000000 1.000000
vt 0.000000 1.000000
vt 1.000000 0.000000
vt 0.000000 0.000000
vt 1.000000 1.000000
vt 0.000000 1.000000
vt 1.000000 0.000000
vt 0.000000 0.000000
vt 1.000000 1.000000
vt 0.000000 1.000000
vt 1.000000 0.000000
vt 0.000000 0.000000
vt 1.000000 1.000000
vt 0.000000 1.000000
vt 1.000000 0.000000
vt 0.000000 0.000000
vt 1.000000 1.000000
vt 0.000000 1.000000
vt 1.000000 0.000000
vt 0.000000 0.000000
vt 1.000000 1.000000
vt 0.000000 1.000000
vt 1.000000 0.000000
vt 0.000000 0.000000
vt 1.000000 1.000000
vt 0.000000 1.000000
vt 1.000000 0.000000
vt 0.000000 0.000000
vt 1.000000 1.000000
vt 0.000000 1.000000
vt 1.000000 0.000000
vn 0.000000 0.000000 1.000000
vn 0.000000 0.000000 1.000000
vn 0.000000 0.000000 1.000000
vn 0.000000 0.000000 1.000000
vn 0.000000 0.000000 1.000000
vn 0.000000 0.000000 1.000000
vn 0.000000 1.000000 0.000000
vn 0.000000 1.000000 0.000000
vn 0.000000 1.000000 0.000000
vn 0.000000 1.000000 0.000000
vn 0.000000 1.000000 0.000000
vn 0.000000 1.000000 0.000000
vn 0.000000 0.000000 -1.000000
vn 0.000000 0.000000 -1.000000
vn 0.000000 0.000000 -1.000000
vn 0.000000 0.000000 -1.000000
vn 0.000000 0.000000 -1.000000
vn 0.000000 0.000000 -1.000000
vn 0.000000 -1.000000 0.000000
vn 0.000000 -1.000000 0.000000
vn 0.000000 -1.000000 0.000000
vn 0.000000 -1.000000 0.000000
vn 0.000000 -1.000000 0.000000
vn 0.000000 -1.000000 0.000000
vn 1.000000 0.000000 0.000000
vn 1.000000 0.000000 0.000000
vn 1.000000 0.000000 0.000000
vn 1.000000 0.000000 0.000000
vn 1.000000 0.000000 0.000000
vn 1.000000 0.000000 0.000000
vn -1.000000 0.000000 0.000000
vn -1.000000 0.000000 0.000000
vn -1.000000 0.000000 0.000000
vn -1.000000 0.000000 0.000000
vn -1.000000 0.000000 0.000000
vn -1.000000 0.000000 0.000000
vn 0.000000 1.000000 0.000000
vn 0.000000 1.000000 0.000000
vn 0.000000 1.000000 0.000000
vn 0.000000 1.000000 0.000000
vn 0.000000 1.000000 0.000000
vn 0.000000 1.000000 0.000000
vn 0.000000 1.000000 0.000000
vn 0.000000 1.000000 0.000000
vn 0.000000 1.000000 0.000000
vn 0.000000 1.000000 0.000000
vn 0.000000 1.000000 0.000000
vn 0.000000 1.000000 0.000000
vn 0.000000 1.000000 0.000000
vn 0.000000 1.000000 0.000000
vn 0.000000 1.000000 0.000000
vn 0.000000 1.000000 0.000000
vn 0.000000 1.000000 0.000000
vn 0.000000 1.000000 0.000000
vn 0.000000 1.000000 0.000000
vn 0.000000 1.000000 0.000000
vn 0.000000 1.000000 0.000000
vn 0.000000 1.000000 0.000000
vn 0.000000 1.000000 0.000000
vn 0.000000 1.000000 0.000000
vn 0.000000 1.000000 0.000000
vn 0.000000 1.000000 0.000000
vn 0.000000 1.000000 0.000000
vn 0.000000 1.000000 0.000000
vn 0.000000 1.000000 0.000000
vn 0.000000 1.000000 0.000000
vn 0.000000 1.000000 0.000000
vn 0.000000 1.000000 0.000000
vn 0.000000 1.000000 0.000000
vn 0.000000 1.000000 0.000000
vn 0.000000 1.000000 0.000000
vn 0.000000 1.000000 0.000000
vn 0.000000 1.000000 0.000000
vn 0.000000 1.000000 0.000000
vn 0.000000 1.000000 0.000000
vn 0.000000 1.000000 0.000000
vn 0.000000 1.000000 0.000000
vn 0.000000 1.000000 0.000000
vn 0.000000 1.000000 0.000000
vn 0.000000 1.000000 0.000000
vn 0.000000 1.000000 0.000000
vn 0.000000 1.000000 0.000000
vn 0.000000 1.000000 0.000000
vn 0.000000 1.000000 0.000000
vn 0.000000 1.000000 0.000000
vn 0.000000 1.000000 0.000000
vn 0.000000 1.000000 0.000000
vn 0.000000 1.000000 0.000000
vn 0.000000 1.000000 0.000000
vn 0.000000 1.000000 0.000000
vn 0.000000 1.000000 0.000000
vn 0.000000 1.000000 0.000000
vn 0.000000 1.000000 0.000000
vn 0.000000 1.000000 0.000000
vn 0.000000 1.000000 0.000000
vn 0.000000 1.000000 0.000000
vn 0.000000 1.000000 0.000000
vn 0.000000 1.000000 0.000000
vn 0.000000 1.000000 0.000000
vn 0.000000 1.000000 0.000000
vn 0.000000 1.000000 0.000000
vn 0.000000 1.000000 0.000000
vn 0.000000 1.000000 0.000000
vn 0.000000 1.000000 0.000000
vn 0.000000 1.000000 0.000000
vn 0.000000 1.000000 0.000000
vn 0.000000 1.000000 0.000000
vn 0.000000 1.000000 0.000000
vn 0.000000 1.000000 0.000000
vn 0.000000 1.000000 0.000000
vn 0.000000 1.000000 0.000000
vn 0.000000 1.000000 0.000000
vn 0.000000 1.000000 0.000000
vn 0.000000 1.000000 0.000000
vn 0.000000 1.000000 0.000000
vn 0.000000 1.000000 0.000000
vn 0.000000 1.000000 0.000000
vn 0.000000 1.000000 0.000000
vn 0.000000 1.000000 0.000000
vn 0.000000 1.000000 0.000000
vn 0.000000 1.000000 0.000000
vn 0.000000 1.000000 0.000000
vn 0.000000 1.000000 0.000000
vn 0.000000 1.000000 0.000000
vn 0.000000 1.000000 0.000000
vn 0.000000 1.000000 0.000000
vn 0.000000 1.000000 0.000000
vn 0.000000 1.000000 0.000000
vn 0.000000 1.000000 0.000000
vn 0.000000 1.000000 0.000000
vn 0.000000 1.000000 0.000000
vn 0.000000 1.000000 0.000000
vn 0.000000 1.000000 0.000000
vn 0.000000 1.000000 0.000000
vn 0.000000 1.000000 0.000000
vn 0.000000 1.000000 0.000000
vn 0.000000 1.000000 0.000000
vn 0.000000 1.000000 0.000000
vn 0.000000 1.000000 0.000000
vn 0.000000 1.000000 0.000000
vn 0.000000 1.000000 0.000000
vn 0.000000 1.000000 0.000000
vn 0.000000 1.000000 0.000000
vn 0.000000 1.000000 0.000000
vn 0.000000 1.000000 0.000000
vn 0.000000 1.000000 0.000000
vn 0.000000 1.000000 0.000000
vn 0.000000 1.000000 0.000000
vn 0.000000 1.000000 0.000000
vn 0.000000 1.000000 0.000000
vn 0.000000 1.000000 0.000000
vn 0.000000 1.000000 0.000000
vn 0.000000 1.000000 0.000000
vn 0.000000 1.000000 0.000000
vn 0.000000 1.000000 0.000000
vn 0.000000 1.000000 0.000000
vn 0.000000 1.000000 0.000000
vn 0.000000 1.000000 0.000000
vn 0.000000 1.000000 0.000000
vn 0.000000 1.000000 0.000000
vn 0.000000 1.000000 0.000000
vn 0.000000 1.000000 0.000000
vn 0.000000 1.000000 0.000000
vn 0.000000 1.000000 0.000000
vn 0.000000 1.000000 0.000000
vn 0.000000 1.000000 0.000000
vn 0.000000 1.000000 0.000000
vn 0.000000 1.000000 0.000000
vn 0.000000 1.000000 0.000000
vn 0.000000 1.000000 0.000000
vn 0.000000 1.000000 0.000000
vn 0.000000 1.000000 0.000000
vn 0.000000 1.000000 0.000000
vn 0.000000 1.000000 0.000000
vn 0.000000 1.000000 0.000000
vn 0.000000 1.000000 0.000000
vn 0.000000 1.000000 0.000000
vn 0.000000 1.000000 0.000000
vn 0.000000 1.000000 0.000000
vn 0.000000 1.000000 0.000000
vn 0.000000 1.000000 0.000000
vn 0.000000 1.000000 0.000000
vn 0.000000 1.000000 0.000000
vn 0.000000 1.000000 0.000000
vn 0.000000 1.000000 0.000000
vn 0.000000 1.000000 0.000000
vn 0.000000 1.000000 0.000000
vn 0.000000 1.000000 0.000000
vn 0.000000 1.000000 0.000000
vn 0.000000 1.000000 0.000000
vn 0.000000 1.000000 0.000000
vn 0.000000 1.000000 0.000000
vn 0.000000 1.000000 0.000000
vn 0.000000 1.000000 0.000000
vn 0.000000 1.000000 0.000000
vn 0.000000 1.000000 0.000000
vn 0.000000 1.000000 0.000000
vn 0.000000 1.000000 0.000000
vn 0.000000 1.000000 0.000000
vn 0.000000 1.000000 0.000000
vn 0.000000 1.000000 0.000000
vn 0.000000 1.000000 0.000000
vn 0.000000 1.000000 0.000000
vn 0.000000 1.000000 0.000000
vn 0.000000 1.000000 0.000000
vn 0.000000 1.000000 0.000000
vn 0.000000 1.000000 0.000000
vn 0.000000 1.000000 0.000000
vn 0.000000 1.000000 0.000000
vn 0.000000 1.000000 0.000000
vn 0.000000 1.000000 0.000000
vn 0.000000 1.000000 0.000000
vn 0.000000 1.000000 0.000000
vn 0.000000 1.000000 0.000000
vn 0.000000 1.000000 0.000000
vn 0.000000 1.000000 0.000000
vn 0.000000 1.000000 0.000000
vn 0.000000 1.000000 0.000000
vn 0.000000 1.000000 0.000000
vn 0.000000 1.000000 0.000000
vn 0.000000 1.000000 0.000000
vn 0.000000 1.000000 0.000000
vn 0.000000 1.000000 0.000000
vn 0.000000 1.000000 0.000000
vn 0.000000 1.000000 0.000000
vn 0.000000 1.000000 0.000000
vn 0.000000 1.000000 0.000000
vn 0.000000 1.000000 0.000000
vn 0.000000 1.000000 0.000000
vn 0.000000 1.000000 0.000000
vn 0.000000 1.000000 0.000000
vn 0.000000 1.000000 0.000000
vn 0.000000 1.000000 0.000000
vn 0.000000 1.000000 0.000000
vn 0.000000 1.000000 0.000000
vn 0.000000 1.000000 0.000000
vn 0.000000 1.000000 0.000000
vn 0.000000 1.000000 0.000000
vn 0.000000 1.000000 0.000000
vn 0.000000 1.000000 0.000000
vn 0.000000 1.000000 0.000000
vn 0.000000 1.000000 0.000000
vn 0.000000 1.000000 0.000000
vn 0.000000 1.000000 0.000000
vn 0.000000 1.000000 0.000000
vn 0.000000 1.000000 0.000000
vn 0.000000 1.000000 0.000000
vn 0.000000 1.000000 0.000000
vn 0.000000 1.000000 0.000000
vn 0.000000 1.000000 0.000000
vn 0.000000 1.000000 0.000000
vn 0.000000 1.000000 0.000000
vn 0.000000 1.000000 0.000000
vn 0.000000 1.000000 0.000000
vn 0.000000 1.000000 0.000000
vn 0.000000 1.000000 0.000000
vn 0.000000 1.000000 0.000000
vn 0.000000 1.000000 0.000000
vn 0.000000 1.000000 0.000000
vn 0.000000 1.000000 0.000000
vn 0.000000 1.000000 0.000000
vn 0.000000 1.000000 0.000000
vn 0.000000 1.000000 0.000000
vn 0.000000 1.000000 0.000000
vn 0.000000 1.000000 0.000000
vn 0.000000 1.000000 0.000000
vn 0.000000 1.000000 0.000000
vn 0.000000 1.000000 0.000000
vn 0.000000 1.000000 0.000000
vn 0.000000 1.000000 0.000000
vn 0.000000 1.000000 0.000000
vn 0.000000 1.000000 0.000000
vn 0.000000 1.000000 0.000000
vn 0.000000 1.000000 0.000000
vn 0.000000 1.000000 0.000000
vn 0.000000 1.000000 0.000000
vn 0.000000 1.000000 0.000000
vn 0.000000 1.000000 0.000000
vn 0.000000 1.000000 0.000000
vn 0.000000 1.000000 0.000000
vn 0.000000 1.000000 0.000000
vn 0.000000 1.000000 0.000000
vn 0.000000 1.000000 0.000000
vn 0.000000 1.000000 0.000000
vn 0.000000 1.000000 0.000000
vn 0.000000 1.000000 0.000000
vn 0.000000 1.000000 0.000000
vn 0.000000 1.000000 0.000000
vn 0.000000 1.000000 0.000000
vn 0.000000 1.000000 0.000000
vn 0.000000 1.000000 0.000000
vn 0.000000 1.000000 0.000000
vn 0.000000 1.000000 0.000000
vn 0.000000 1.000000 0.000000
vn 0.000000 1.000000 0.000000
vn 0.000000 1.000000 0.000000
vn 0.000000 1.000000 0.000000
vn 0.000000 1.000000 0.000000
vn 0.000000 1.000000 0.000000
vn 0.000000 1.000000 0.000000
vn 0.000000 1.000000 0.000000
vn 0.000000 1.000000 0.000000
vn 0.000000 1.000000 0.000000
vn 0.000000 1.000000 0.000000
vn 0.000000 1.000000 0.000000
vn 0.000000 1.000000 0.000000
vn 0.000000 1.000000 0.000000
vn 0.000000 1.000000 0.000000
vn 0.000000 1.000000 0.000000
vn 0.000000 1.000000 0.000000
vn 0.000000 1.000000 0.000000
vn 0.000000 1.000000 0.000000
vn 0.000000 1.000000 0.000000
vn 0.000000 1.000000 0.000000
vn 0.000000 1.000000 0.000000
vn 0.000000 1.000000 0.000000
vn 0.000000 1.000000 0.000000
vn 0.000000 1.000000 0.000000
vn 0.000000 1.000000 0.000000
vn 0.000000 1.000000 0.000000
vn 0.000000 1.000000 0.000000
vn 0.000000 1.000000 0.000000
vn 0.000000 1.000000 0.000000
vn 0.000000 1.000000 0.000000
vn 0.000000 1.000000 0.000000
vn 0.000000 1.000000 0.000000
vn 0.000000 1.000000 0.000000
vn 0.000000 1.000000 0.000000
vn 0.000000 1.000000 0.000000
vn 0.000000 1.000000 0.000000
vn 0.000000 1.000000 0.000000
vn 0.000000 1.000000 0.000000
vn 0.000000 1.000000 0.000000
vn 0.000000 1.000000 0.000000
vn 0.000000 1.000000 0.000000
vn 0.000000 1.000000 0.000000
vn 0.000000 1.000000 0.000000
vn 0.000000 1.000000 0.000000
vn 0.000000 1.000000 0.000000
vn 0.000000 1.000000 0.000000
vn 0.000000 1.000000 0.000000
vn 0.000000 1.000000 0.000000
vn 0.000000 1.000000 0.000000
vn 0.000000 1.000000 0.000000
vn 0.000000 1.000000 0.000000
vn 0.000000 1.000000 0.000000
vn 0.000000 1.000000 0.000000
vn 0.000000 1.000000 0.000000
vn 0.000000 1.000000 0.000000
vn 0.000000 1.000000 0.000000
vn 0.000000 1.000000 0.000000
vn 0.000000 1.000000 0.000000
vn 0.000000 1.000000 0.000000
vn 0.000000 1.000000 0.000000
vn 0.000000 1.000000 0.000000
vn 0.000000 1.000000 0.000000
vn 0.000000 1.000000 0.000000
vn 0.000000 1.000000 0.000000
vn 0.000000 1.000000 0.000000
vn 0.000000 1.000000 0.000000
vn 0.000000 1.000000 0.000000
vn 0.000000 1.000000 0.000000
vn 0.000000 1.000000 0.000000
vn 0.000000 1.000000 0.000000
vn 0.000000 1.000000 0.000000
vn 0.000000 1.000000 0.000000
vn 0.000000 1.000000 0.000000
vn 0.000000 1.000000 0.000000
vn 0.000000 1.000000 0.000000
vn 0.000000 1.000000 0.000000
vn 0.000000 1.000000 0.000000
vn 0.000000 1.000000 0.000000
vn 0.000000 1.000000 0.000000
vn 0.000000 1.000000 0.000000
vn 0.000000 1.000000 0.000000
vn 0.000000 1.000000 0.000000
vn 0.000000 1.000000 0.000000
vn 0.000000 1.000000 0.000000
vn 0.000000 1.000000 0.000000
vn 0.000000 1.000000 0.000000
vn 0.000000 1.000000 0.000000
vn 0.000000 1.000000 0.000000
vn 0.000000 1.000000 0.000000
vn 0.000000 1.000000 0.000000
vn 0.000000 1.000000 0.000000
vn 0.000000 1.000000 0.000000
vn 0.000000 1.000000 0.000000
vn 0.000000 1.000000 0.000000
vn 0.000000 1.000000 0.000000
vn 0.000000 1.000000 0.000000
vn 0.000000 1.000000 0.000000
vn 0.000000 1.000000 0.000000
vn 0.000000 1.000000 0.000000
vn 0.000000 1.000000 0.000000
vn 0.000000 1.000000 0.000000
vn 0.000000 1.000000 0.000000
vn 0.000000 1.000000 0.000000
vn 0.000000 1.000000 0.000000
vn 0.000000 1.000000 0.000000
vn 0.000000 1.000000 0.000000
vn 0.000000 1.000000 0.000000
vn 0.000000 1.000000 0.000000
vn 0.000000 1.000000 0.000000
vn 0.000000 1.000000 0.000000
vn 0.000000 1.000000 0.000000
vn 0.000000 1.000000 0.000000
vn 0.000000 1.000000 0.000000
vn 0.000000 1.000000 0.000000
vn 0.000000 1.000000 0.000000
vn 0.000000 1.000000 0.000000
vn 0.000000 1.000000 0.000000
vn 0.000000 1.000000 0.000000
vn 0.000000 1.000000 0.000000
vn 0.000000 1.000000 0.000000
vn 0.000000 1.000000 0.000000
vn 0.000000 1.000000 0.000000
vn 0.000000 1.000000 0.000000
vn 0.000000 1.000000 0.000000
vn 0.000000 1.000000 0.000000
vn 0.000000 1.000000 0.000000
vn 0.000000 1.000000 0.000000
vn 0.000000 1.000000 0.000000
vn 0.000000 1.000000 0.000000
vn 0.000000 1.000000 0.000000
vn 0.000000 1.000000 0.000000
vn 0.000000 1.000000 0.000000
vn 0.000000 1.000000 0.000000
vn 0.000000 1.000000 0.000000
vn 0.000000 1.000000 0.000000
vn 0.000000 1.000000 0.000000
vn 0.000000 1.000000 0.000000
vn 0.000000 1.000000 0.000000
vn 0.000000 1.000000 0.000000
vn 0.000000 1.000000 0.000000
vn 0.000000 1.000000 0.000000
vn 0.000000 1.000000 0.000000
vn 0.000000 1.000000 0.000000
vn 0.000000 1.000000 0.000000
vn 0.000000 1.000000 0.000000
vn 0.000000 1.000000 0.000000
vn 0.000000 1.000000 0.000000
vn 0.000000 1.000000 0.000000
vn 0.000000 1.000000 0.000000
vn 0.000000 1.000000 0.000000
vn 0.000000 1.000000 0.000000
vn 0.000000 1.000000 0.000000
vn 0.000000 1.000000 0.000000
vn 0.000000 1.000000 0.000000
vn 0.000000 1.000000 0.000000
vn 0.000000 1.000000 0.000000
vn 0.000000 1.000000 0.000000
vn 0.000000 1.000000 0.000000
vn 0.000000 1.000000 0.000000
vn 0.000000 1.000000 0.000000
vn 0.000000 1.000000 0.000000
vn 0.000000 1.000000 0.000000
vn 0.000000 1.000000 0.000000
vn 0.000000 1.000000 0.000000
vn 0.000000 1.000000 0.000000
vn 0.000000 1.000000 0.000000
vn 0.000000 1.000000 0.000000
vn 0.000000 1.000000 0.000000
vn 0.000000 1.000000 0.000000
vn 0.000000 1.000000 0.000000
vn 0.000000 1.000000 0.000000
vn 0.000000 1.000000 0.000000
vn 0.000000 1.000000 0.000000
vn 0.000000 1.000000 0.000000
vn 0.000000 1.000000 0.000000
vn 0.000000 1.000000 0.000000
vn 0.000000 1.000000 0.000000
vn 0.000000 1.000000 0.000000
vn 0.000000 1.000000 0.000000
vn 0.000000 1.000000 0.000000
vn 0.000000 1.000000 0.000000
vn 0.000000 1.000000 0.000000
vn 0.000000 1.000000 0.000000
vn 0.000000 1.000000 0.000000
vn 0.000000 1.000000 0.000000
vn 0.000000 1.000000 0.000000
vn 0.000000 1.000000 0.000000
vn 0.000000 1.000000 0.000000
vn 0.000000 1.000000 0.000000
vn 0.000000 1.000000 0.000000
vn 0.000000 1.000000 0.000000
vn 0.000000 1.000000 0.000000
vn 0.000000 1.000000 0.000000
vn 0.000000 1.000000 0.000000
vn 0.000000 1.000000 0.000000
vn 0.000000 1.000000 0.000000
vn 0.000000 1.000000 0.000000
vn 0.000000 1.000000 0.000000
vn 0.000000 1.000000 0.000000
vn 0.000000 1.000000 0.000000
vn 0.000000 1.000000 0.000000
vn 0.000000 1.000000 0.000000
vn 0.000000 1.000000 0.000000
vn 0.000000 1.000000 0.000000
vn 0.000000 1.000000 0.000000
vn 0.000000 1.000000 0.000000
vn 0.000000 1.000000 0.000000
vn 0.000000 1.000000 0.000000
vn 0.000000 1.000000 0.000000
vn 0.000000 1.000000 0.000000
vn 0.000000 1.000000 0.000000
vn 0.000000 1.000000 0.000000
vn 0.000000 1.000000 0.000000
vn 0.000000 1.000000 0.000000
vn 0.000000 1.000000 0.000000
vn 0.000000 1.000000 0.000000
vn 0.000000 1.000000 0.000000
vn 0.000000 1.000000 0.000000
vn 0.000000 1.000000 0.000000
vn 0.000000 1.000000 0.000000
vn 0.000000 1.000000 0.000000
vn 0.000000 1.000000 0.000000
vn 0.000000 1.000000 0.000000
vn 0.000000 1.000000 0.000000
vn 0.000000 1.000000 0.000000
vn 0.000000 1.000000 0.000000
vn 0.000000 1.000000 0.000000
vn 0.000000 1.000000 0.000000
vn 0.000000 1.000000 0.000000
vn 0.000000 1.000000 0.000000
vn 0.000000 1.000000 0.000000
vn 0.000000 1.000000 0.000000
vn 0.000000 1.000000 0.000000
vn 0.000000 1.000000 0.000000
vn 0.000000 1.000000 0.000000
vn 0.000000 1.000000 0.000000
vn 0.000000 1.000000 0.000000
vn 0.000000 1.000000 0.000000
vn 0.000000 1.000000 0.000000
vn 0.000000 1.000000 0.000000
vn 0.000000 1.000000 0.000000
vn 0.000000 1.000000 0.000000
vn 0.000000 1.000000 0.000000
vn 0.000000 1.000000 0.000000
vn 0.000000 1.000000 0.000000
vn 0.000000 1.000000 0.000000
vn 0.000000 1.000000 0.000000
vn 0.000000 1.000000 0.000000
vn 0.000000 1.000000 0.000000
vn 0.000000 1.000000 0.000000
vn 0.000000 1.000000 0.000000
vn 0.000000 1.000000 0.000000
vn 0.000000 1.000000 0.000000
vn 0.000000 1.000000 0.000000
vn 0.000000 1.000000 0.000000
vn 0.000000 1.000000 0.000000
vn 0.000000 1.000000 0.000000
vn 0.000000 1.000000 0.000000
vn 0.000000 1.000000 0.000000
vn 0.000000 1.000000 0.000000
vn 0.000000 1.000000 0.000000
vn 0.000000 1.000000 0.000000
vn 0.000000 1.000000 0.000000
vn 0.000000 1.000000 0.000000
vn 0.000000 1.000000 0.000000
vn 0.000000 1.000000 0.000000
vn 0.000000 1.000000 0.000000
vn 0.000000 1.000000 0.000000
vn 0.000000 1.000000 0.000000
vn 0.000000 1.000000 0.000000
vn 0.000000 1.000000 0.000000
vn 0.000000 1.000000 0.000000
vn 0.000000 1.000000 0.000000
vn 0.000000 1.000000 0.000000
vn 0.000000 1.000000 0.000000
vn 0.000000 1.000000 0.000000
vn 0.000000 1.000000 0.000000
vn 0.000000 1.000000 0.000000
vn 0.000000 1.000000 0.000000
vn 0.000000 1.000000 0.000000
vn 0.000000 1.000000 0.000000
vn 0.000000 1.000000 0.000000
vn 0.000000 1.000000 0.000000
vn 0.000000 1.000000 0.000000
vn 0.000000 1.000000 0.000000
vn 0.000000 1.000000 0.000000
vn 0.000000 1.000000 0.000000
vn 0.000000 1.000000 0.000000
vn 0.000000 1.000000 0.000000
vn 0.000000 1.000000 0.000000
vn 0.000000 1.000000 0.000000
vn 0.000000 1.000000 0.000000
vn 0.000000 1.000000 0.000000
vn 0.000000 1.000000 0.000000
vn 0.000000 1.000000 0.000000
vn 0.000000 1.000000 0.000000
vn 0.000000 1.000000 0.000000
vn 0.000000 1.000000 0.000000
vn 0.000000 1.000000 0.000000
vn 0.000000 1.000000 0.000000
vn 0.000000 1.000000 0.000000
vn 0.000000 1.000000 0.000000
vn 0.000000 1.000000 0.000000
vn 0.000000 1.000000 0.000000
vn 0.000000 1.000000 0.000000
vn 0.000000 1.000000 0.000000
vn 0.000000 1.000000 0.000000
vn 0.000000 1.000000 0.000000
vn 0.000000 1.000000 0.000000
vn 0.000000 1.000000 0.000000
vn 0.000000 1.000000 0.000000
vn 0.000000 1.000000 0.000000
vn 0.000000 1.000000 0.000000
vn 0.000000 1.000000 0.000000
vn 0.000000 1.000000 0.000000
vn 0.000000 1.000000 0.000000
vn 0.000000 1.000000 0.000000
vn 0.000000 1.000000 0.000000
vn 0.000000 1.000000 0.000000
vn 0.000000 1.000000 0.000000
vn 0.000000 1.000000 0.000000
vn 0.000000 1.000000 0.000000
vn 0.000000 1.000000 0.000000
vn 0.000000 1.000000 0.000000
vn 0.000000 1.000000 0.000000
vn 0.000000 1.000000 0.000000
vn 0.000000 1.000000 0.000000
vn 0.000000 1.000000 0.000000
vn 0.000000 1.000000 0.000000
vn 0.000000 1.000000 0.000000
vn 0.000000 1.000000 0.000000
vn 0.000000 1.000000 0.000000
vn 0.000000 1.000000 0.000000
vn 0.000000 1.000000 0.000000
vn 0.000000 1.000000 0.000000
vn 0.000000 1.000000 0.000000
vn 0.000000 1.000000 0.000000
vn 0.000000 1.000000 0.000000
vn 0.000000 1.000000 0.000000
vn 0.000000 1.000000 0.000000
vn 0.000000 1.000000 0.000000
vn 0.000000 1.000000 0.000000
vn 0.000000 -1.000000 0.000000
vn 0.000000 -1.000000 0.000000
vn 0.000000 -1.000000 0.000000
vn 0.000000 -1.000000 0.000000
vn 0.000000 -1.000000 0.000000
vn 0.000000 -1.000000 0.000000
vn 0.000000 -1.000000 0.000000
vn 0.000000 -1.000000 0.000000
vn 0.000000 -1.000000 0.000000
vn 0.000000 -1.000000 0.000000
vn 0.000000 -1.000000 0.000000
vn 0.000000 -1.000000 0.000000
vn 0.000000 -1.000000 0.000000
vn 0.000000 -1.000000 0.000000
vn 0.000000 -1.000000 0.000000
vn 0.000000 -1.000000 0.000000
vn 0.000000 -1.000000 0.000000
vn 0.000000 -1.000000 0.000000
vn 0.000000 -1.000000 0.000000
vn 0.000000 -1.000000 0.000000
vn 0.000000 -1.000000 0.000000
vn 0.000000 -1.000000 0.000000
vn 0.000000 -1.000000 0.000000
vn 0.000000 -1.000000 0.000000
vn 0.000000 -1.000000 0.000000
vn 0.000000 -1.000000 0.000000
vn 0.000000 -1.000000 0.000000
vn 0.000000 -1.000000 0.000000
vn 0.000000 -1.000000 0.000000
vn 0.000000 -1.000000 0.000000
vn 0.000000 -1.000000 0.000000
vn 0.000000 -1.000000 0.000000
vn 0.000000 -1.000000 0.000000
vn 0.000000 -1.000000 0.000000
vn 0.000000 -1.000000 0.000000
vn 0.000000 -1.000000 0.000000
vn 0.000000 -1.000000 0.000000
vn 0.000000 -1.000000 0.000000
vn 0.000000 -1.000000 0.000000
vn 0.000000 -1.000000 0.000000
vn 0.000000 -1.000000 0.000000
vn 0.000000 -1.000000 0.000000
vn 0.000000 -1.000000 0.000000
vn 0.000000 -1.000000 0.000000
vn 0.000000 -1.000000 0.000000
vn 0.000000 -1.000000 0.000000
vn 0.000000 -1.000000 0.000000
vn 0.000000 -1.000000 0.000000
vn 0.000000 -1.000000 0.000000
vn 0.000000 -1.000000 0.000000
vn 0.000000 -1.000000 0.000000
vn 0.000000 -1.000000 0.000000
vn 0.000000 -1.000000 0.000000
vn 0.000000 -1.000000 0.000000
vn 0.000000 -1.000000 0.000000
vn 0.000000 -1.000000 0.000000
vn 0.000000 -1.000000 0.000000
vn 0.000000 -1.000000 0.000000
vn 0.000000 -1.000000 0.000000
vn 0.000000 -1.000000 0.000000
vn 0.000000 -1.000000 0.000000
vn 0.000000 -1.000000 0.000000
vn 0.000000 -1.000000 0.000000
vn 0.000000 -1.000000 0.000000
vn 0.000000 -1.000000 0.000000
vn 0.000000 -1.000000 0.000000
vn 0.000000 -1.000000 0.000000
vn 0.000000 -1.000000 0.000000
vn 0.000000 -1.000000 0.000000
vn 0.000000 -1.000000 0.000000
vn 0.000000 -1.000000 0.000000
vn 0.000000 -1.000000 0.000000
vn 0.000000 -1.000000 0.000000
vn 0.000000 -1.000000 0.000000
vn 0.000000 -1.000000 0.000000
vn 0.000000 -1.000000 0.000000
vn 0.000000 -1.000000 0.000000
vn 0.000000 -1.000000 0.000000
vn 0.000000 -1.000000 0.000000
vn 0.000000 -1.000000 0.000000
vn 0.000000 -1.000000 0.000000
vn 0.000000 -1.000000 0.000000
vn 0.000000 -1.000000 0.000000
vn 0.000000 -1.000000 0.000000
vn 0.000000 -1.000000 0.000000
vn 0.000000 -1.000000 0.000000
vn 0.000000 -1.000000 0.000000
vn 0.000000 -1.000000 0.000000
vn 0.000000 -1.000000 0.000000
vn 0.000000 -1.000000 0.000000
vn 0.000000 -1.000000 0.000000
vn 0.000000 -1.000000 0.000000
vn 0.000000 -1.000000 0.000000
vn 0.000000 -1.000000 0.000000
vn 0.000000 -1.000000 0.000000
vn 0.000000 -1.000000 0.000000
vn 0.000000 -1.000000 0.000000
vn 0.000000 -1.000000 0.000000
vn 0.000000 -1.000000 0.000000
vn 0.000000 -1.000000 0.000000
vn 0.000000 -1.000000 0.000000
vn 0.000000 -1.000000 0.000000
vn 0.000000 -1.000000 0.000000
vn 0.000000 -1.000000 0.000000
vn 0.000000 -1.000000 0.000000
vn 0.000000 -1.000000 0.000000
vn 0.000000 -1.000000 0.000000
vn 0.000000 -1.000000 0.000000
vn 0.000000 -1.000000 0.000000
vn 0.000000 -1.000000 0.000000
vn 0.000000 -1.000000 0.000000
vn 0.000000 -1.000000 0.000000
vn 0.000000 -1.000000 0.000000
vn 0.000000 -1.000000 0.000000
vn 0.000000 -1.000000 0.000000
vn 0.000000 -1.000000 0.000000
vn 0.000000 -1.000000 0.000000
vn 0.000000 -1.000000 0.000000
vn 0.000000 -1.000000 0.000000
vn 0.000000 -1.000000 0.000000
vn 0.000000 -1.000000 0.000000
vn 0.000000 -1.000000 0.000000
vn 0.000000 -1.000000 0.000000
vn 0.000000 -1.000000 0.000000
vn 0.000000 -1.000000 0.000000
vn 0.000000 -1.000000 0.000000
vn 0.000000 -1.000000 0.000000
vn 0.000000 -1.000000 0.000000
vn 0.000000 -1.000000 0.000000
vn 0.000000 -1.000000 0.000000
vn 0.000000 -1.000000 0.000000
vn 0.000000 -1.000000 0.000000
vn 0.000000 -1.000000 0.000000
vn 0.000000 -1.000000 0.000000
vn 0.000000 -1.000000 0.000000
vn 0.000000 -1.000000 0.000000
vn 0.000000 -1.000000 0.000000
vn 0.000000 -1.000000 0.000000
vn 0.000000 -1.000000 0.000000
vn 0.000000 -1.000000 0.000000
vn 0.000000 -1.000000 0.000000
vn 0.000000 -1.000000 0.000000
vn 0.000000 -1.000000 0.000000
vn 0.000000 -1.000000 0.000000
vn 0.000000 -1.000000 0.000000
vn 0.000000 -1.000000 0.000000
vn 0.000000 -1.000000 0.000000
vn 0.000000 -1.000000 0.000000
vn 0.000000 -1.000000 0.000000
vn 0.000000 -1.000000 0.000000
vn 0.000000 -1.000000 0.000000
vn 0.000000 -1.000000 0.000000
vn 0.000000 -1.000000 0.000000
vn 0.000000 -1.000000 0.000000
vn 0.000000 -1.000000 0.000000
vn 0.000000 -1.000000 0.000000
vn 0.000000 -1.000000 0.000000
vn 0.000000 -1.000000 0.000000
vn 0.000000 -1.000000 0.000000
vn 0.000000 -1.000000 0.000000
vn 0.000000 -1.000000 0.000000
vn 0.000000 -1.000000 0.000000
vn 0.000000 -1.000000 0.000000
vn 0.000000 -1.000000 0.000000
vn 0.000000 -1.000000 0.000000
vn 0.000000 -1.000000 0.000000
vn 0.000000 -1.000000 0.000000
vn 0.000000 -1.000000 0.000000
vn 0.000000 -1.000000 0.000000
vn 0.000000 -1.000000 0.000000
vn 0.000000 -1.000000 0.000000
vn 0.000000 -1.000000 0.000000
vn 0.000000 -1.000000 0.000000
vn 0.000000 -1.000000 0.000000
vn 0.000000 -1.000000 0.000000
vn 0.000000 -1.000000 0.000000
vn 0.000000 -1.000000 0.000000
vn 0.000000 -1.000000 0.000000
vn 0.000000 -1.000000 0.000000
vn 0.000000 -1.000000 0.000000
vn 0.000000 -1.000000 0.000000
vn 0.000000 -1.000000 0.000000
vn 0.000000 -1.000000 0.000000
vn 0.000000 -1.000000 0.000000
vn 0.000000 -1.000000 0.000000
vn 0.000000 -1.000000 0.000000
vn 0.000000 -1.000000 0.000000
vn 0.000000 -1.000000 0.000000
vn 0.000000 -1.000000 0.000000
vn 0.000000 -1.000000 0.000000
vn 0.000000 -1.000000 0.000000
vn 0.000000 -1.000000 0.000000
vn 0.000000 -1.000000 0.000000
vn 0.000000 -1.000000 0.000000
vn 0.000000 -1.000000 0.000000
vn 0.000000 -1.000000 0.000000
vn 0.000000 -1.000000 0.000000
vn 0.000000 -1.000000 0.000000
vn 0.000000 -1.000000 0.000000
vn 0.000000 -1.000000 0.000000
vn 0.000000 -1.000000 0.000000
vn 0.000000 -1.000000 0.000000
vn 0.000000 -1.000000 0.000000
vn 0.000000 -1.000000 0.000000
vn 0.000000 -1.000000 0.000000
vn 0.000000 -1.000000 0.000000
vn 0.000000 -1.000000 0.000000
vn 0.000000 -1.000000 0.000000
vn 0.000000 -1.000000 0.000000
vn 0.000000 -1.000000 0.000000
vn 0.000000 -1.000000 0.000000
vn 0.000000 -1.000000 0.000000
vn 0.000000 -1.000000 0.000000
vn 0.000000 -1.000000 0.000000
vn 0.000000 -1.000000 0.000000
vn 0.000000 -1.000000 0.000000
vn 0.000000 -1.000000 0.000000
vn 0.000000 -1.000000 0.000000
vn 0.000000 -1.000000 0.000000
vn 0.000000 -1.000000 0.000000
vn 0.000000 -1.000000 0.000000
vn 0.000000 -1.000000 0.000000
vn 0.000000 -1.000000 0.000000
vn 0.000000 -1.000000 0.000000
vn 0.000000 -1.000000 0.000000
vn 0.000000 -1.000000 0.000000
vn 0.000000 -1.000000 0.000000
vn 0.000000 -1.000000 0.000000
vn 0.000000 -1.000000 0.000000
vn 0.000000 -1.000000 0.000000
vn 0.000000 -1.000000 0.000000
vn 0.000000 -1.000000 0.000000
vn 0.000000 -1.000000 0.000000
vn 0.000000 -1.000000 0.000000
vn 0.000000 -1.000000 0.000000
vn 0.000000 -1.000000 0.000000
vn 0.000000 -1.000000 0.000000
vn 0.000000 -1.000000 0.000000
vn 0.000000 -1.000000 0.000000
vn 0.000000 -1.000000 0.000000
vn 0.000000 -1.000000 0.000000
vn 0.000000 -1.000000 0.000000
vn 0.000000 -1.000000 0.000000
vn 0.000000 -1.000000 0.000000
vn 0.000000 -1.000000 0.000000
vn 0.000000 -1.000000 0.000000
vn 0.000000 -1.000000 0.000000
vn 0.000000 -1.000000 0.000000
vn 0.000000 -1.000000 0.000000
vn 0.000000 -1.000000 0.000000
vn 0.000000 -1.000000 0.000000
vn 0.000000 -1.000000 0.000000
vn 0.000000 -1.000000 0.000000
vn 0.000000 -1.000000 0.000000
vn 0.000000 -1.000000 0.000000
vn 0.000000 -1.000000 0.000000
vn 0.000000 -1.000000 0.000000
vn 0.000000 -1.000000 0.000000
vn 0.000000 -1.000000 0.000000
vn 0.000000 -1.000000 0.000000
vn 0.000000 -1.000000 0.000000
vn 0.000000 -1.000000 0.000000
vn 0.000000 -1.000000 0.000000
vn 0.000000 -1.000000 0.000000
vn 0.000000 -1.000000 0.000000
vn 0.000000 -1.000000 0.000000
vn 0.000000 -1.000000 0.000000
vn 0.000000 -1.000000 0.000000
vn 0.000000 -1.000000 0.000000
vn 0.000000 -1.000000 0.000000
vn 0.000000 -1.000000 0.000000
vn 0.000000 -1.000000 0.000000
vn 0.000000 -1.000000 0.000000
vn 0.000000 -1.000000 0.000000
vn 0.000000 -1.000000 0.000000
vn 0.000000 -1.000000 0.000000
vn 0.000000 -1.000000 0.000000
vn 0.000000 -1.000000 0.000000
vn 0.000000 -1.000000 0.000000
vn 0.000000 -1.000000 0.000000
vn 0.000000 -1.000000 0.000000
vn 0.000000 -1.000000 0.000000
vn 0.000000 -1.000000 0.000000
vn 0.000000 -1.000000 0.000000
vn 0.000000 -1.000000 0.000000
vn 0.000000 -1.000000 0.000000
vn 0.000000 -1.000000 0.000000
vn 0.000000 -1.000000 0.000000
vn 0.000000 -1.000000 0.000000
vn 0.000000 -1.000000 0.000000
vn 0.000000 -1.000000 0.000000
vn 0.000000 -1.000000 0.000000
vn 0.000000 -1.000000 0.000000
vn 0.000000 -1.000000 0.000000
vn 0.000000 -1.000000 0.000000
vn 0.000000 -1.000000 0.000000
vn 0.000000 -1.000000 0.000000
vn 0.000000 -1.000000 0.000000
vn 0.000000 -1.000000 0.000000
vn 0.000000 -1.000000 0.000000
vn 0.000000 -1.000000 0.000000
vn 0.000000 -1.000000 0.000000
vn 0.000000 -1.000000 0.000000
vn 0.000000 -1.000000 0.000000
vn 0.000000 -1.000000 0.000000
vn 0.000000 -1.000000 0.000000
vn 0.000000 -1.000000 0.000000
vn 0.000000 -1.000000 0.000000
vn 0.000000 -1.000000 0.000000
vn 0.000000 -1.000000 0.000000
vn 0.000000 -1.000000 0.000000
vn 0.000000 -1.000000 0.000000
vn 0.000000 -1.000000 0.000000
vn 0.000000 -1.000000 0.000000
vn 0.000000 -1.000000 0.000000
vn 0.000000 -1.000000 0.000000
vn 0.000000 -1.000000 0.000000
vn 0.000000 -1.000000 0.000000
vn 0.000000 -1.000000 0.000000
vn 0.000000 -1.000000 0.000000
vn 0.000000 -1.000000 0.000000
vn 0.000000 -1.000000 0.000000
vn 0.000000 -1.000000 0.000000
vn 0.000000 -1.000000 0.000000
vn 0.000000 -1.000000 0.000000
vn 0.000000 -1.000000 0.000000
vn 0.000000 -1.000000 0.000000
vn 0.000000 -1.000000 0.000000
vn 0.000000 -1.000000 0.000000
vn 0.000000 -1.000000 0.000000
vn 0.000000 -1.000000 0.000000
vn 0.000000 -1.000000 0.000000
vn 0.000000 -1.000000 0.000000
vn 0.000000 -1.000000 0.000000
vn 0.000000 -1.000000 0.000000
vn 0.000000 -1.000000 0.000000
vn 0.000000 -1.000000 0.000000
vn 0.000000 -1.000000 0.000000
vn 0.000000 -1.000000 0.000000
vn 0.000000 -1.000000 0.000000
vn 0.000000 -1.000000 0.000000
vn 0.000000 -1.000000 0.000000
vn 0.000000 -1.000000 0.000000
vn 0.000000 -1.000000 0.000000
vn 0.000000 -1.000000 0.000000
vn 0.000000 -1.000000 0.000000
vn 0.000000 -1.000000 0.000000
vn 0.000000 -1.000000 0.000000
vn 0.000000 -1.000000 0.000000
vn 0.000000 -1.000000 0.000000
vn 0.000000 -1.000000 0.000000
vn 0.000000 -1.000000 0.000000
vn 0.000000 -1.000000 0.000000
vn 0.000000 -1.000000 0.000000
vn 0.000000 -1.000000 0.000000
vn 0.000000 -1.000000 0.000000
vn 0.000000 -1.000000 0.000000
vn 0.000000 -1.000000 0.000000
vn 0.000000 -1.000000 0.000000
vn 0.000000 -1.000000 0.000000
vn 0.000000 -1.000000 0.000000
vn 0.000000 -1.000000 0.000000
vn 0.000000 -1.000000 0.000000
vn 0.000000 -1.000000 0.000000
vn 0.000000 -1.000000 0.000000
vn 0.000000 -1.000000 0.000000
vn 0.000000 -1.000000 0.000000
vn 0.000000 -1.000000 0.000000
vn 0.000000 -1.000000 0.000000
vn 0.000000 -1.000000 0.000000
vn 0.000000 -1.000000 0.000000
vn 0.000000 -1.000000 0.000000
vn 0.000000 -1.000000 0.000000
vn 0.000000 -1.000000 0.000000
vn 0.000000 -1.000000 0.000000
vn 0.000000 -1.000000 0.000000
vn 0.000000 -1.000000 0.000000
vn 0.000000 -1.000000 0.000000
vn 0.000000 -1.000000 0.000000
vn 0.000000 -1.000000 0.000000
vn 0.000000 -1.000000 0.000000
vn 0.000000 -1.000000 0.000000
vn 0.000000 -1.000000 0.000000
vn 0.000000 -1.000000 0.000000
vn 0.000000 -1.000000 0.000000
vn 0.000000 -1.000000 0.000000
vn 0.000000 -1.000000 0.000000
vn 0.000000 -1.000000 0.000000
vn 0.000000 -1.000000 0.000000
vn 0.000000 -1.000000 0.000000
vn 0.000000 -1.000000 0.000000
vn 0.000000 -1.000000 0.000000
vn 0.000000 -1.000000 0.000000
vn 0.000000 -1.000000 0.000000
vn 0.000000 -1.000000 0.000000
vn 0.000000 -1.000000 0.000000
vn 0.000000 -1.000000 0.000000
vn 0.000000 -1.000000 0.000000
vn 0.000000 -1.000000 0.000000
vn 0.000000 -1.000000 0.000000
vn 0.000000 -1.000000 0.000000
vn 0.000000 -1.000000 0.000000
vn 0.000000 -1.000000 0.000000
vn 0.000000 -1.000000 0.000000
vn 0.000000 -1.000000 0.000000
vn 0.000000 -1.000000 0.000000
vn 0.000000 -1.000000 0.000000
vn 0.000000 -1.000000 0.000000
vn 0.000000 -1.000000 0.000000
vn 0.000000 -1.000000 0.000000
vn 0.000000 -1.000000 0.000000
vn 0.000000 -1.000000 0.000000
vn 0.000000 -1.000000 0.000000
vn 0.000000 -1.000000 0.000000
vn 0.000000 -1.000000 0.000000
vn 0.000000 -1.000000 0.000000
vn 0.000000 -1.000000 0.000000
vn 0.000000 -1.000000 0.000000
vn 0.000000 -1.000000 0.000000
vn 0.000000 -1.000000 0.000000
vn 0.000000 -1.000000 0.000000
vn 0.000000 -1.000000 0.000000
vn 0.000000 -1.000000 0.000000
vn 0.000000 -1.000000 0.000000
vn 0.000000 -1.000000 0.000000
vn 0.000000 -1.000000 0.000000
vn 0.000000 -1.000000 0.000000
vn 0.000000 -1.000000 0.000000
vn 0.000000 -1.000000 0.000000
vn 0.000000 -1.000000 0.000000
vn 0.000000 -1.000000 0.000000
vn 0.000000 -1.000000 0.000000
vn 0.000000 -1.000000 0.000000
vn 0.000000 -1.000000 0.000000
vn 0.000000 -1.000000 0.000000
vn 0.000000 -1.000000 0.000000
vn 0.000000 -1.000000 0.000000
vn 0.000000 -1.000000 0.000000
vn 0.000000 -1.000000 0.000000
vn 0.000000 -1.000000 0.000000
vn 0.000000 -1.000000 0.000000
vn 0.000000 -1.000000 0.000000
vn 0.000000 -1.000000 0.000000
vn 0.000000 -1.000000 0.000000
vn 0.000000 -1.000000 0.000000
vn 0.000000 -1.000000 0.000000
vn 0.000000 -1.000000 0.000000
vn 0.000000 -1.000000 0.000000
vn 0.000000 -1.000000 0.000000
vn 0.000000 -1.000000 0.000000
vn 0.000000 -1.000000 0.000000
vn 0.000000 -1.000000 0.000000
vn 0.000000 -1.000000 0.000000
vn 0.000000 -1.000000 0.000000
vn 0.000000 -1.000000 0.000000
vn 0.000000 -1.000000 0.000000
vn 0.000000 -1.000000 0.000000
vn 0.000000 -1.000000 0.000000
vn 0.000000 -1.000000 0.000000
vn 0.000000 -1.000000 0.000000
vn 0.000000 -1.000000 0.000000
vn 0.000000 -1.000000 0.000000
vn 0.000000 -1.000000 0.000000
vn 0.000000 -1.000000 0.000000
vn 0.000000 -1.000000 0.000000
vn 0.000000 -1.000000 0.000000
vn 0.000000 -1.000000 0.000000
vn 0.000000 -1.000000 0.000000
vn 0.000000 -1.000000 0.000000
vn 0.000000 -1.000000 0.000000
vn 0.000000 -1.000000 0.000000
vn 0.000000 -1.000000 0.000000
vn 0.000000 -1.000000 0.000000
vn 0.000000 -1.000000 0.000000
vn 0.000000 -1.000000 0.000000
vn 0.000000 -1.000000 0.000000
vn 0.000000 -1.000000 0.000000
vn 0.000000 -1.000000 0.000000
vn 0.000000 -1.000000 0.000000
vn 0.000000 -1.000000 0.000000
vn 0.000000 -1.000000 0.000000
vn 0.000000 -1.000000 0.000000
vn 0.000000 -1.000000 0.000000
vn 0.000000 -1.000000 0.000000
vn 0.000000 -1.000000 0.000000
vn 0.000000 -1.000000 0.000000
vn 0.000000 -1.000000 0.000000
vn 0.000000 -1.000000 0.000000
vn 0.000000 -1.000000 0.000000
vn 0.000000 -1.000000 0.000000
vn 0.000000 -1.000000 0.000000
vn 0.000000 -1.000000 0.000000
vn 0.000000 -1.000000 0.000000
vn 0.000000 -1.000000 0.000000
vn 0.000000 -1.000000 0.000000
vn 0.000000 -1.000000 0.000000
vn 0.000000 -1.000000 0.000000
vn 0.000000 -1.000000 0.000000
vn 0.000000 -1.000000 0.000000
vn 0.000000 -1.000000 0.000000
vn 0.000000 -1.000000 0.000000
vn 0.000000 -1.000000 0.000000
vn 0.000000 -1.000000 0.000000
vn 0.000000 -1.000000 0.000000
vn 0.000000 -1.000000 0.000000
vn 0.000000 -1.000000 0.000000
vn 0.000000 -1.000000 0.000000
vn 0.000000 -1.000000 0.000000
vn 0.000000 -1.000000 0.000000
vn 0.000000 -1.000000 0.000000
vn 0.000000 -1.000000 0.000000
vn 0.000000 -1.000000 0.000000
vn 0.000000 -1.000000 0.000000
vn 0.000000 -1.000000 0.000000
vn 0.000000 -1.000000 0.000000
vn 0.000000 -1.000000 0.000000
vn 0.000000 -1.000000 0.000000
vn 0.000000 -1.000000 0.000000
vn 0.000000 -1.000000 0.000000
vn 0.000000 -1.000000 0.000000
vn 0.000000 -1.000000 0.000000
vn 0.000000 -1.000000 0.000000
vn 0.000000 -1.000000 0.000000
vn 0.000000 -1.000000 0.000000
vn 0.000000 -1.000000 0.000000
vn 0.000000 -1.000000 0.000000
vn 0.000000 -1.000000 0.000000
vn 0.000000 -1.000000 0.000000
vn 0.000000 -1.000000 0.000000
vn 0.000000 -1.000000 0.000000
vn 0.000000 -1.000000 0.000000
vn 0.000000 -1.000000 0.000000
vn 0.000000 -1.000000 0.000000
vn 0.000000 -1.000000 0.000000
vn 0.000000 -1.000000 0.000000
vn 0.000000 -1.000000 0.000000
vn 0.000000 -1.000000 0.000000
vn 0.000000 -1.000000 0.000000
vn 0.000000 -1.000000 0.000000
vn 0.000000 -1.000000 0.000000
vn 0.000000 -1.000000 0.000000
vn 0.000000 -1.000000 0.000000
vn 0.000000 -1.000000 0.000000
vn 0.000000 -1.000000 0.000000
vn 0.000000 -1.000000 0.000000
vn 0.000000 -1.000000 0.000000
vn 0.000000 -1.000000 0.000000
vn 0.000000 -1.000000 0.000000
vn 0.000000 -1.000000 0.000000
vn 0.000000 -1.000000 0.000000
vn 0.000000 -1.000000 0.000000
vn 0.000000 -1.000000 0.000000
vn 0.000000 -1.000000 0.000000
vn 0.000000 -1.000000 0.000000
vn 0.000000 -1.000000 0.000000
vn 0.000000 -1.000000 0.000000
vn 0.000000 -1.000000 0.000000
vn 0.000000 -1.000000 0.000000
vn 0.000000 -1.000000 0.000000
vn 0.000000 -1.000000 0.000000
vn 0.000000 -1.000000 0.000000
vn 0.000000 -1.000000 0.000000
vn 0.000000 -1.000000 0.000000
vn 0.000000 -1.000000 0.000000
vn 0.000000 -1.000000 0.000000
vn 0.000000 -1.000000 0.000000
vn 0.000000 -1.000000 0.000000
vn 0.000000 -1.000000 0.000000
vn 0.000000 -1.000000 0.000000
vn 0.000000 -1.000000 0.000000
vn 0.000000 -1.000000 0.000000
vn 0.000000 -1.000000 0.000000
vn 0.000000 -1.000000 0.000000
vn 0.000000 -1.000000 0.000000
vn 0.000000 -1.000000 0.000000
vn 0.000000 -1.000000 0.000000
vn 0.000000 -1.000000 0.000000
vn 0.000000 -1.000000 0.000000
vn 0.000000 -1.000000 0.000000
vn 0.000000 -1.000000 0.000000
vn 0.000000 -1.000000 0.000000
vn 0.000000 -1.000000 0.000000
vn 0.000000 -1.000000 0.000000
vn 0.000000 -1.000000 0.000000
vn 0.000000 -1.000000 0.000000
vn 0.000000 -1.000000 0.000000
vn 0.000000 -1.000000 0.000000
vn 0.000000 -1.000000 0.000000
vn 0.000000 -1.000000 0.000000
vn 0.000000 -1.000000 0.000000
vn 0.000000 -1.000000 0.000000
vn 0.000000 -1.000000 0.000000
vn 0.000000 -1.000000 0.000000
vn 0.000000 -1.000000 0.000000
vn 0.000000 -1.000000 0.000000
vn 0.000000 -1.000000 0.000000
vn 0.000000 -1.000000 0.000000
vn 0.000000 -1.000000 0.000000
vn 0.000000 -1.000000 0.000000
vn 0.000000 -1.000000 0.000000
vn 0.000000 0.000000 1.000000
vn 0.000000 0.000000 1.000000
vn 0.000000 0.000000 1.000000
vn 0.000000 0.000000 1.000000
vn 0.000000 0.000000 1.000000
vn 0.000000 0.000000 1.000000
vn 0.000000 1.000000 0.000000
vn 0.000000 1.000000 0.000000
vn 0.000000 1.000000 0.000000
vn 0.000000 1.000000 0.000000
vn 0.000000 1.000000 0.000000
vn 0.000000 1.000000 0.000000
vn 0.000000 0.000000 -1.000000
vn 0.000000 0.000000 -1.000000
vn 0.000000 0.000000 -1.000000
vn 0.000000 0.000000 -1.000000
vn 0.000000 0.000000 -1.000000
vn 0.000000 0.000000 -1.000000
vn 0.000000 -1.000000 0.000000
vn 0.000000 -1.000000 0.000000
vn 0.000000 -1.000000 0.000000
vn 0.000000 -1.000000 0.000000
vn 0.000000 -1.000000 0.000000
vn 0.000000 -1.000000 0.000000
vn 1.000000 0.000000 0.000000
vn 1.000000 0.000000 0.000000
vn 1.000000 0.000000 0.000000
vn 1.000000 0.000000 0.000000
vn 1.000000 0.000000 0.000000
vn 1.000000 0.000000 0.000000
vn -1.000000 0.000000 0.000000
vn -1.000000 0.000000 0.000000
vn -1.000000 0.000000 0.000000
vn -1.000000 0.000000 0.000000
vn -1.000000 0.000000 0.000000
vn -1.000000 0.000000 0.000000
vn 0.000000 0.000000 1.000000
vn 0.000000 0.000000 1.000000
vn 0.000000 0.000000 1.000000
vn 0.000000 0.000000 1.000000
vn 0.000000 0.000000 1.000000
vn 0.000000 0.000000 1.000000
vn 0.000000 1.000000 0.000000
vn 0.000000 1.000000 0.000000
vn 0.000000 1.000000 0.000000
vn 0.000000 1.000000 0.000000
vn 0.000000 1.000000 0.000000
vn 0.000000 1.000000 0.000000
vn 0.000000 0.000000 -1.000000
vn 0.000000 0.000000 -1.000000
vn 0.000000 0.000000 -1.000000
vn 0.000000 0.000000 -1.000000
vn 0.000000 0.000000 -1.000000
vn 0.000000 0.000000 -1.000000
vn 0.000000 -1.000000 0.000000
vn 0.000000 -1.000000 0.000000
vn 0.000000 -1.000000 0.000000
vn 0.000000 -1.000000 0.000000
vn 0.000000 -1.000000 0.000000
vn 0.000000 -1.000000 0.000000
vn 1.000000 0.000000 0.000000
vn 1.000000 0.000000 0.000000
vn 1.000000 0.000000 0.000000
vn 1.000000 0.000000 0.000000
vn 1.000000 0.000000 0.000000
vn 1.000000 0.000000 0.000000
vn -1.000000 0.000000 0.000000
vn -1.000000 0.000000 0.000000
vn -1.000000 0.000000 0.000000
vn -1.000000 0.000000 0.000000
vn -1.000000 0.000000 0.000000
vn -1.000000 0.000000 0.000000
vn 0.000000 0.000000 1.000000
vn 0.000000 0.000000 1.000000
vn 0.000000 0.000000 1.000000
vn 0.000000 0.000000 1.000000
vn 0.000000 0.000000 1.000000
vn 0.000000 0.000000 1.000000
vn 0.000000 1.000000 0.000000
vn 0.000000 1.000000 0.000000
vn 0.000000 1.000000 0.000000
vn 0.000000 1.000000 0.000000
vn 0.000000 1.000000 0.000000
vn 0.000000 1.000000 0.000000
vn 0.000000 0.000000 -1.000000
vn 0.000000 0.000000 -1.000000
vn 0.000000 0.000000 -1.000000
vn 0.000000 0.000000 -1.000000
vn 0.000000 0.000000 -1.000000
vn 0.000000 0.000000 -1.000000
vn 0.000000 -1.000000 0.000000
vn 0.000000 -1.000000 0.000000
vn 0.000000 -1.000000 0.000000
vn 0.000000 -1.000000 0.000000
vn 0.000000 -1.000000 0.000000
vn 0.000000 -1.000000 0.000000
vn 1.000000 0.000000 0.000000
vn 1.000000 0.000000 0.000000
vn 1.000000 0.000000 0.000000
vn 1.000000 0.000000 0.000000
vn 1.000000 0.000000 0.000000
vn 1.000000 0.000000 0.000000
vn -1.000000 0.000000 0.000000
vn -1.000000 0.000000 0.000000
vn -1.000000 0.000000 0.000000
vn -1.000000 0.000000 0.000000
vn -1.000000 0.000000 0.000000
vn -1.000000 0.000000 0.000000
vn 0.000000 0.000000 1.000000
vn 0.000000 0.000000 1.000000
vn 0.000000 0.000000 1.000000
vn 0.000000 0.000000 1.000000
vn 0.000000 0.000000 1.000000
vn 0.000000 0.000000 1.000000
vn 0.000000 1.000000 0.000000
vn 0.000000 1.000000 0.000000
vn 0.000000 1.000000 0.000000
vn 0.000000 1.000000 0.000000
vn 0.000000 1.000000 0.000000
vn 0.000000 1.000000 0.000000
vn 0.000000 0.000000 -1.000000
vn 0.000000 0.000000 -1.000000
vn 0.000000 0.000000 -1.000000
vn 0.000000 0.000000 -1.000000
vn 0.000000 0.000000 -1.000000
vn 0.000000 0.000000 -1.000000
vn 0.000000 -1.000000 0.000000
vn 0.000000 -1.000000 0.000000
vn 0.000000 -1.000000 0.000000
vn 0.000000 -1.000000 0.000000
vn 0.000000 -1.000000 0.000000
vn 0.000000 -1.000000 0.000000
vn 1.000000 0.000000 0.000000
vn 1.000000 0.000000 0.000000
vn 1.000000 0.000000 0.000000
vn 1.000000 0.000000 0.000000
vn 1.000000 0.000000 0.000000
vn 1.000000 0.000000 0.000000
vn -1.000000 0.000000 0.000000
vn -1.000000 0.000000 0.000000
vn -1.000000 0.000000 0.000000
vn -1.000000 0.000000 0.000000
vn -1.000000 0.000000 0.000000
vn -1.000000 0.000000 0.000000
vn 0.000000 0.000000 1.000000
vn 0.000000 0.000000 1.000000
vn 0.000000 0.000000 1.000000
vn 0.000000 0.000000 1.000000
vn 0.000000 0.000000 1.000000
vn 0.000000 0.000000 1.000000
vn 0.000000 1.000000 0.000000
vn 0.000000 1.000000 0.000000
vn 0.000000 1.000000 0.000000
vn 0.000000 1.000000 0.000000
vn 0.000000 1.000000 0.000000
vn 0.000000 1.000000 0.000000
vn 0.000000 0.000000 -1.000000
vn 0.000000 0.000000 -1.000000
vn 0.000000 0.000000 -1.000000
vn 0.000000 0.000000 -1.000000
vn 0.000000 0.000000 -1.000000
vn 0.000000 0.000000 -1.000000
vn 0.000000 -1.000000 0.000000
vn 0.000000 -1.000000 0.000000
vn 0.000000 -1.000000 0.000000
vn 0.000000 -1.000000 0.000000
vn 0.000000 -1.000000 0.000000
vn 0.000000 -1.000000 0.000000
vn 1.000000 0.000000 0.000000
vn 1.000000 0.000000 0.000000
vn 1.000000 0.000000 0.000000
vn 1.000000 0.000000 0.000000
vn 1.000000 0.000000 0.000000
vn 1.000000 0.000000 0.000000
vn -1.000000 0.000000 0.000000
vn -1.000000 0.000000 0.000000
vn -1.000000 0.000000 0.000000
vn -1.000000 0.000000 0.000000
vn -1.000000 0.000000 0.000000
vn -1.000000 0.000000 0.000000
vn 0.000000 0.000000 1.000000
vn 0.000000 0.000000 1.000000
vn 0.000000 0.000000 1.000000
vn 0.000000 0.000000 1.000000
vn 0.000000 0.000000 1.000000
vn 0.000000 0.000000 1.000000
vn 0.000000 1.000000 0.000000
vn 0.000000 1.000000 0.000000
vn 0.000000 1.000000 0.000000
vn 0.000000 1.000000 0.000000
vn 0.000000 1.000000 0.000000
vn 0.000000 1.000000 0.000000
vn 0.000000 0.000000 -1.000000
vn 0.000000 0.000000 -1.000000
vn 0.000000 0.000000 -1.000000
vn 0.000000 0.000000 -1.000000
vn 0.000000 0.000000 -1.000000
vn 0.000000 0.000000 -1.000000
vn 0.000000 -1.000000 0.000000
vn 0.000000 -1.000000 0.000000
vn 0.000000 -1.000000 0.000000
vn 0.000000 -1.000000 0.000000
vn 0.000000 -1.000000 0.000000
vn 0.000000 -1.000000 0.000000
vn 1.000000 0.000000 0.000000
vn 1.000000 0.000000 0.000000
vn 1.000000 0.000000 0.000000
vn 1.000000 0.000000 0.000000
vn 1.000000 0.000000 0.000000
vn 1.000000 0.000000 0.000000
vn -1.000000 0.000000 0.000000
vn -1.000000 0.000000 0.000000
vn -1.000000 0.000000 0.000000
vn -1.000000 0.000000 0.000000
vn -1.000000 0.000000 0.000000
vn -1.000000 0.000000 0.000000
vn 0.000000 0.000000 1.000000
vn 0.000000 0.000000 1.000000
vn 0.000000 0.000000 1.000000
vn 0.000000 0.000000 1.000000
vn 0.000000 0.000000 1.000000
vn 0.000000 0.000000 1.000000
vn 0.000000 1.000000 0.000000
vn 0.000000 1.000000 0.000000
vn 0.000000 1.000000 0.000000
vn 0.000000 1.000000 0.000000
vn 0.000000 1.000000 0.000000
vn 0.000000 1.000000 0.000000
vn 0.000000 0.000000 -1.000000
vn 0.000000 0.000000 -1.000000
vn 0.000000 0.000000 -1.000000
vn 0.000000 0.000000 -1.000000
vn 0.000000 0.000000 -1.000000
vn 0.000000 0.000000 -1.000000
vn 0.000000 -1.000000 0.000000
vn 0.000000 -1.000000 0.000000
vn 0.000000 -1.000000 0.000000
vn 0.000000 -1.000000 0.000000
vn 0.000000 -1.000000 0.000000
vn 0.000000 -1.000000 0.000000
vn 1.000000 0.000000 0.000000
vn 1.000000 0.000000 0.000000
vn 1.000000 0.000000 0.000000
vn 1.000000 0.000000 0.000000
vn 1.000000 0.000000 0.000000
vn 1.000000 0.000000 0.000000
vn -1.000000 0.000000 0.000000
vn -1.000000 0.000000 0.000000
vn -1.000000 0.000000 0.000000
vn -1.000000 0.000000 0.000000
vn -1.000000 0.000000 0.000000
vn -1.000000 0.000000 0.000000
vn 0.000000 0.000000 1.000000
vn 0.000000 0.000000 1.000000
vn 0.000000 0.000000 1.000000
vn 0.000000 0.000000 1.000000
vn 0.000000 0.000000 1.000000
vn 0.000000 0.000000 1.000000
vn 0.000000 1.000000 0.000000
vn 0.000000 1.000000 0.000000
vn 0.000000 1.000000 0.000000
vn 0.000000 1.000000 0.000000
vn 0.000000 1.000000 0.000000
vn 0.000000 1.000000 0.000000
vn 0.000000 0.000000 -1.000000
vn 0.000000 0.000000 -1.000000
vn 0.000000 0.000000 -1.000000
vn 0.000000 0.000000 -1.000000
vn 0.000000 0.000000 -1.000000
vn 0.000000 0.000000 -1.000000
vn 0.000000 -1.000000 0.000000
vn 0.000000 -1.000000 0.000000
vn 0.000000 -1.000000 0.000000
vn 0.000000 -1.000000 0.000000
vn 0.000000 -1.000000 0.000000
vn 0.000000 -1.000000 0.000000
vn 1.000000 0.000000 0.000000
vn 1.000000 0.000000 0.000000
vn 1.000000 0.000000 0.000000
vn 1.000000 0.000000 0.000000
vn 1.000000 0.000000 0.000000
vn 1.000000 0.000000 0.000000
vn -1.000000 0.000000 0.000000
vn -1.000000 0.000000 0.000000
vn -1.000000 0.000000 0.000000
vn -1.000000 0.000000 0.000000
vn -1.000000 0.000000 0.000000
vn -1.000000 0.000000 0.000000
vn 0.000000 0.000000 1.000000
vn 0.000000 0.000000 1.000000
vn 0.000000 0.000000 1.000000
vn 0.000000 0.000000 1.000000
vn 0.000000 0.000000 1.000000
vn 0.000000 0.000000 1.000000
vn 0.000000 1.000000 0.000000
vn 0.000000 1.000000 0.000000
vn 0.000000 1.000000 0.000000
vn 0.000000 1.000000 0.000000
vn 0.000000 1.000000 0.000000
vn 0.000000 1.000000 0.000000
vn 0.000000 0.000000 -1.000000
vn 0.000000 0.000000 -1.000000
vn 0.000000 0.000000 -1.000000
vn 0.000000 0.000000 -1.000000
vn 0.000000 0.000000 -1.000000
vn 0.000000 0.000000 -1.000000
vn 0.000000 -1.000000 0.000000
vn 0.000000 -1.000000 0.000000
vn 0.000000 -1.000000 0.000000
vn 0.000000 -1.000000 0.000000
vn 0.000000 -1.000000 0.000000
vn 0.000000 -1.000000 0.000000
vn 1.000000 0.000000 0.000000
vn 1.000000 0.000000 0.000000
vn 1.000000 0.000000 0.000000
vn 1.000000 0.000000 0.000000
vn 1.000000 0.000000 0.000000
vn 1.000000 0.000000 0.000000
vn -1.000000 0.000000 0.000000
vn -1.000000 0.000000 0.000000
vn -1.000000 0.000000 0.000000
vn -1.000000 0.000000 0.000000
vn -1.000000 0.000000 0.000000
vn -1.000000 0.000000 0.000000
vn 0.000000 0.000000 1.000000
vn 0.000000 0.000000 1.000000
vn 0.000000 0.000000 1.000000
vn 0.000000 0.000000 1.000000
vn 0.000000 0.000000 1.000000
vn 0.000000 0.000000 1.000000
vn 0.000000 1.000000 0.000000
vn 0.000000 1.000000 0.000000
vn 0.000000 1.000000 0.000000
vn 0.000000 1.000000 0.000000
vn 0.000000 1.000000 0.000000
vn 0.000000 1.000000 0.000000
vn 0.000000 0.000000 -1.000000
vn 0.000000 0.000000 -1.000000
vn 0.000000 0.000000 -1.000000
vn 0.000000 0.000000 -1.000000
vn 0.000000 0.000000 -1.000000
vn 0.000000 0.000000 -1.000000
vn 0.000000 -1.000000 0.000000
vn 0.000000 -1.000000 0.000000
vn 0.000000 -1.000000 0.000000
vn 0.000000 -1.000000 0.000000
vn 0.000000 -1.000000 0.000000
vn 0.000000 -1.000000 0.000000
vn 1.000000 0.000000 0.000000
vn 1.000000 0.000000 0.000000
vn 1.000000 0.000000 0.000000
vn 1.000000 0.000000 0.000000
vn 1.000000 0.000000 0.000000
vn 1.000000 0.000000 0.000000
vn -1.000000 0.000000 0.000000
vn -1.000000 0.000000 0.000000
vn -1.000000 0.000000 0.000000
vn -1.000000 0.000000 0.000000
vn -1.000000 0.000000 0.000000
vn -1.000000 0.000000 0.000000
vn 0.000000 0.000000 1.000000
vn 0.000000 0.000000 1.000000
vn 0.000000 0.000000 1.000000
vn 0.000000 0.000000 1.000000
vn 0.000000 0.000000 1.000000
vn 0.000000 0.000000 1.000000
vn 0.000000 1.000000 0.000000
vn 0.000000 1.000000 0.000000
vn 0.000000 1.000000 0.000000
vn 0.000000 1.000000 0.000000
vn 0.000000 1.000000 0.000000
vn 0.000000 1.000000 0.000000
vn 0.000000 0.000000 -1.000000
vn 0.000000 0.000000 -1.000000
vn 0.000000 0.000000 -1.000000
vn 0.000000 0.000000 -1.000000
vn 0.000000 0.000000 -1.000000
vn 0.000000 0.000000 -1.000000
vn 0.000000 -1.000000 0.000000
vn 0.000000 -1.000000 0.000000
vn 0.000000 -1.000000 0.000000
vn 0.000000 -1.000000 0.000000
vn 0.000000 -1.000000 0.000000
vn 0.000000 -1.000000 0.000000
vn 1.000000 0.000000 0.000000
vn 1.000000 0.000000 0.000000
vn 1.000000 0.000000 0.000000
vn 1.000000 0.000000 0.000000
vn 1.000000 0.000000 0.000000
vn 1.000000 0.000000 0.000000
vn -1.000000 0.000000 0.000000
vn -1.000000 0.000000 0.000000
vn -1.000000 0.000000 0.000000
vn -1.000000 0.000000 0.000000
vn -1.000000 0.000000 0.000000
vn -1.000000 0.000000 0.000000
vn 0.000000 0.000000 1.000000
vn 0.000000 0.000000 1.000000
vn 0.000000 0.000000 1.000000
vn 0.000000 0.000000 1.000000
vn 0.000000 0.000000 1.000000
vn 0.000000 0.000000 1.000000
vn 0.000000 1.000000 0.000000
vn 0.000000 1.000000 0.000000
vn 0.000000 1.000000 0.000000
vn 0.000000 1.000000 0.000000
vn 0.000000 1.000000 0.000000
vn 0.000000 1.000000 0.000000
vn 0.000000 0.000000 -1.000000
vn 0.000000 0.000000 -1.000000
vn 0.000000 0.000000 -1.000000
vn 0.000000 0.000000 -1.000000
vn 0.000000 0.000000 -1.000000
vn 0.000000 0.000000 -1.000000
vn 0.000000 -1.000000 0.000000
vn 0.000000 -1.000000 0.000000
vn 0.000000 -1.000000 0.000000
vn 0.000000 -1.000000 0.000000
vn 0.000000 -1.000000 0.000000
vn 0.000000 -1.000000 0.000000
vn 1.000000 0.000000 0.000000
vn 1.000000 0.000000 0.000000
vn 1.000000 0.000000 0.000000
vn 1.000000 0.000000 0.000000
vn 1.000000 0.000000 0.000000
vn 1.000000 0.000000 0.000000
vn -1.000000 0.000000 0.000000
vn -1.000000 0.000000 0.000000
vn -1.000000 0.000000 0.000000
vn -1.000000 0.000000 0.000000
vn -1.000000 0.000000 0.000000
vn -1.000000 0.000000 0.000000
vn 0.000000 0.000000 1.000000
vn 0.000000 0.000000 1.000000
vn 0.000000 0.000000 1.000000
vn 0.000000 0.000000 1.000000
vn 0.000000 0.000000 1.000000
vn 0.000000 0.000000 1.000000
vn 0.000000 1.000000 0.000000
vn 0.000000 1.000000 0.000000
vn 0.000000 1.000000 0.000000
vn 0.000000 1.000000 0.000000
vn 0.000000 1.000000 0.000000
vn 0.000000 1.000000 0.000000
vn 0.000000 0.000000 -1.000000
vn 0.000000 0.000000 -1.000000
vn 0.000000 0.000000 -1.000000
vn 0.000000 0.000000 -1.000000
vn 0.000000 0.000000 -1.000000
vn 0.000000 0.000000 -1.000000
vn 0.000000 -1.000000 0.000000
vn 0.000000 -1.000000 0.000000
vn 0.000000 -1.000000 0.000000
vn 0.000000 -1.000000 0.000000
vn 0.000000 -1.000000 0.000000
vn 0.000000 -1.000000 0.000000
vn 1.000000 0.000000 0.000000
vn 1.000000 0.000000 0.000000
vn 1.000000 0.000000 0.000000
vn 1.000000 0.000000 0.000000
vn 1.000000 0.000000 0.000000
vn 1.000000 0.000000 0.000000
vn -1.000000 0.000000 0.000000
vn -1.000000 0.000000 0.000000
vn -1.000000 0.000000 0.000000
vn -1.000000 0.000000 0.000000
vn -1.000000 0.000000 0.000000
vn -1.000000 0.000000 0.000000
vn 0.000000 0.000000 1.000000
vn 0.000000 0.000000 1.000000
vn 0.000000 0.000000 1.000000
vn 0.000000 0.000000 1.000000
vn 0.000000 0.000000 1.000000
vn 0.000000 0.000000 1.000000
vn 0.000000 1.000000 0.000000
vn 0.000000 1.000000 0.000000
vn 0.000000 1.000000 0.000000
vn 0.000000 1.000000 0.000000
vn 0.000000 1.000000 0.000000
vn 0.000000 1.000000 0.000000
vn 0.000000 0.000000 -1.000000
vn 0.000000 0.000000 -1.000000
vn 0.000000 0.000000 -1.000000
vn 0.000000 0.000000 -1.000000
vn 0.000000 0.000000 -1.000000
vn 0.000000 0.000000 -1.000000
vn 0.000000 -1.000000 0.000000
vn 0.000000 -1.000000 0.000000
vn 0.000000 -1.000000 0.000000
vn 0.000000 -1.000000 0.000000
vn 0.000000 -1.000000 0.000000
vn 0.000000 -1.000000 0.000000
vn 1.000000 0.000000 0.000000
vn 1.000000 0.000000 0.000000
vn 1.000000 0.000000 0.000000
vn 1.000000 0.000000 0.000000
vn 1.000000 0.000000 0.000000
vn 1.000000 0.000000 0.000000
vn -1.000000 0.000000 0.000000
vn -1.000000 0.000000 0.000000
vn -1.000000 0.000000 0.000000
vn -1.000000 0.000000 0.000000
vn -1.000000 0.000000 0.000000
vn -1.000000 0.000000 0.000000
vn 0.000000 0.000000 1.000000
vn 0.000000 0.000000 1.000000
vn 0.000000 0.000000 1.000000
vn 0.000000 0.000000 1.000000
vn 0.000000 0.000000 1.000000
vn 0.000000 0.000000 1.000000
vn 0.000000 1.000000 0.000000
vn 0.000000 1.000000 0.000000
vn 0.000000 1.000000 0.000000
vn 0.000000 1.000000 0.000000
vn 0.000000 1.000000 0.000000
vn 0.000000 1.000000 0.000000
vn 0.000000 0.000000 -1.000000
vn 0.000000 0.000000 -1.000000
vn 0.000000 0.000000 -1.000000
vn 0.000000 0.000000 -1.000000
vn 0.000000 0.000000 -1.000000
vn 0.000000 0.000000 -1.000000
vn 0.000000 -1.000000 0.000000
vn 0.000000 -1.000000 0.000000
vn 0.000000 -1.000000 0.000000
vn 0.000000 -1.000000 0.000000
vn 0.000000 -1.000000 0.000000
vn 0.000000 -1.000000 0.000000
vn 1.000000 0.000000 0.000000
vn 1.000000 0.000000 0.000000
vn 1.000000 0.000000 0.000000
vn 1.000000 0.000000 0.000000
vn 1.000000 0.000000 0.000000
vn 1.000000 0.000000 0.000000
vn -1.000000 0.000000 0.000000
vn -1.000000 0.000000 0.000000
vn -1.000000 0.000000 0.000000
vn -1.000000 0.000000 0.000000
vn -1.000000 0.000000 0.000000
vn -1.000000 0.000000 0.000000
vn 0.000000 0.000000 1.000000
vn 0.000000 0.000000 1.000000
vn 0.000000 0.000000 1.000000
vn 0.000000 0.000000 1.000000
vn 0.000000 0.000000 1.000000
vn 0.000000 0.000000 1.000000
vn 0.000000 1.000000 0.000000
vn 0.000000 1.000000 0.000000
vn 0.000000 1.000000 0.000000
vn 0.000000 1.000000 0.000000
vn 0.000000 1.000000 0.000000
vn 0.000000 1.000000 0.000000
vn 0.000000 0.000000 -1.000000
vn 0.000000 0.000000 -1.000000
vn 0.000000 0.000000 -1.000000
vn 0.000000 0.000000 -1.000000
vn 0.000000 0.000000 -1.000000
vn 0.000000 0.000000 -1.000000
vn 0.000000 -1.000000 0.000000
vn 0.000000 -1.000000 0.000000
vn 0.000000 -1.000000 0.000000
vn 0.000000 -1.000000 0.000000
vn 0.000000 -1.000000 0.000000
vn 0.000000 -1.000000 0.000000
vn 1.000000 0.000000 0.000000
vn 1.000000 0.000000 0.000000
vn 1.000000 0.000000 0.000000
vn 1.000000 0.000000 0.000000
vn 1.000000 0.000000 0.000000
vn 1.000000 0.000000 0.000000
vn -1.000000 0.000000 0.000000
vn -1.000000 0.000000 0.000000
vn -1.000000 0.000000 0.000000
vn -1.000000 0.000000 0.000000
vn -1.000000 0.000000 0.000000
vn -1.000000 0.000000 0.000000
vn 0.000000 0.000000 1.000000
vn 0.000000 0.000000 1.000000
vn 0.000000 0.000000 1.000000
vn 0.000000 0.000000 1.000000
vn 0.000000 0.000000 1.000000
vn 0.000000 0.000000 1.000000
vn 0.000000 1.000000 0.000000
vn 0.000000 1.000000 0.000000
vn 0.000000 1.000000 0.000000
vn 0.000000 1.000000 0.000000
vn 0.000000 1.000000 0.000000
vn 0.000000 1.000000 0.000000
vn 0.000000 0.000000 -1.000000
vn 0.000000 0.000000 -1.000000
vn 0.000000 0.000000 -1.000000
vn 0.000000 0.000000 -1.000000
vn 0.000000 0.000000 -1.000000
vn 0.000000 0.000000 -1.000000
vn 0.000000 -1.000000 0.000000
vn 0.000000 -1.000000 0.000000
vn 0.000000 -1.000000 0.000000
vn 0.000000 -1.000000 0.000000
vn 0.000000 -1.000000 0.000000
vn 0.000000 -1.000000 0.000000
vn 1.000000 0.000000 0.000000
vn 1.000000 0.000000 0.000000
vn 1.000000 0.000000 0.000000
vn 1.000000 0.000000 0.000000
vn 1.000000 0.000000 0.000000
vn 1.000000 0.000000 0.000000
vn -1.000000 0.000000 0.000000
vn -1.000000 0.000000 0.000000
vn -1.000000 0.000000 0.000000
vn -1.000000 0.000000 0.000000
vn -1.000000 0.000000 0.000000
vn -1.000000 0.000000 0.000000
vn 0.000000 0.000000 1.000000
vn 0.000000 0.000000 1.000000
vn 0.000000 0.000000 1.000000
vn 0.000000 0.000000 1.000000
vn 0.000000 0.000000 1.000000
vn 0.000000 0.000000 1.000000
vn 0.000000 1.000000 0.000000
vn 0.000000 1.000000 0.000000
vn 0.000000 1.000000 0.000000
vn 0.000000 1.000000 0.000000
vn 0.000000 1.000000 0.000000
vn 0.000000 1.000000 0.000000
vn 0.000000 0.000000 -1.000000
vn 0.000000 0.000000 -1.000000
vn 0.000000 0.000000 -1.000000
vn 0.000000 0.000000 -1.000000
vn 0.000000 0.000000 -1.000000
vn 0.000000 0.000000 -1.000000
vn 0.000000 -1.000000 0.000000
vn 0.000000 -1.000000 0.000000
vn 0.000000 -1.000000 0.000000
vn 0.000000 -1.000000 0.000000
vn 0.000000 -1.000000 0.000000
vn 0.000000 -1.000000 0.000000
vn 1.000000 0.000000 0.000000
vn 1.000000 0.000000 0.000000
vn 1.000000 0.000000 0.000000
vn 1.000000 0.000000 0.000000
vn 1.000000 0.000000 0.000000
vn 1.000000 0.000000 0.000000
vn -1.000000 0.000000 0.000000
vn -1.000000 0.000000 0.000000
vn -1.000000 0.000000 0.000000
vn -1.000000 0.000000 0.000000
vn -1.000000 0.000000 0.000000
vn -1.000000 0.000000 0.000000
vn 0.000000 0.000000 1.000000
vn 0.000000 0.000000 1.000000
vn 0.000000 0.000000 1.000000
vn 0.000000 0.000000 1.000000
vn 0.000000 0.000000 1.000000
vn 0.000000 0.000000 1.000000
vn 0.000000 1.000000 0.000000
vn 0.000000 1.000000 0.000000
vn 0.000000 1.000000 0.000000
vn 0.000000 1.000000 0.000000
vn 0.000000 1.000000 0.000000
vn 0.000000 1.000000 0.000000
vn 0.000000 0.000000 -1.000000
vn 0.000000 0.000000 -1.000000
vn 0.000000 0.000000 -1.000000
vn 0.000000 0.000000 -1.000000
vn 0.000000 0.000000 -1.000000
vn 0.000000 0.000000 -1.000000
vn 0.000000 -1.000000 0.000000
vn 0.000000 -1.000000 0.000000
vn 0.000000 -1.000000 0.000000
vn 0.000000 -1.000000 0.000000
vn 0.000000 -1.000000 0.000000
vn 0.000000 -1.000000 0.000000
vn 1.000000 0.000000 0.000000
vn 1.000000 0.000000 0.000000
vn 1.000000 0.000000 0.000000
vn 1.000000 0.000000 0.000000
vn 1.000000 0.000000 0.000000
vn 1.000000 0.000000 0.000000
vn -1.000000 0.000000 0.000000
vn -1.000000 0.000000 0.000000
vn -1.000000 0.000000 0.000000
vn -1.000000 0.000000 0.000000
vn -1.000000 0.000000 0.000000
vn -1.000000 0.000000 0.000000
vn 0.000000 0.000000 1.000000
vn 0.000000 0.000000 1.000000
vn 0.000000 0.000000 1.000000
vn 0.000000 0.000000 1.000000
vn 0.000000 0.000000 1.000000
vn 0.000000 0.000000 1.000000
vn 0.000000 1.000000 0.000000
vn 0.000000 1.000000 0.000000
vn 0.000000 1.000000 0.000000
vn 0.000000 1.000000 0.000000
vn 0.000000 1.000000 0.000000
vn 0.000000 1.000000 0.000000
vn 0.000000 0.000000 -1.000000
vn 0.000000 0.000000 -1.000000
vn 0.000000 0.000000 -1.000000
vn 0.000000 0.000000 -1.000000
vn 0.000000 0.000000 -1.000000
vn 0.000000 0.000000 -1.000000
vn 0.000000 -1.000000 0.000000
vn 0.000000 -1.000000 0.000000
vn 0.000000 -1.000000 0.000000
vn 0.000000 -1.000000 0.000000
vn 0.000000 -1.000000 0.000000
vn 0.000000 -1.000000 0.000000
vn 1.000000 0.000000 0.000000
vn 1.000000 0.000000 0.000000
vn 1.000000 0.000000 0.000000
vn 1.000000 0.000000 0.000000
vn 1.000000 0.000000 0.000000
vn 1.000000 0.000000 0.000000
vn -1.000000 0.000000 0.000000
vn -1.000000 0.000000 0.000000
vn -1.000000 0.000000 0.000000
vn -1.000000 0.000000 0.000000
vn -1.000000 0.000000 0.000000
vn -1.000000 0.000000 0.000000
vn 0.000000 0.000000 1.000000
vn 0.000000 0.000000 1.000000
vn 0.000000 0.000000 1.000000
vn 0.000000 0.000000 1.000000
vn 0.000000 0.000000 1.000000
vn 0.000000 0.000000 1.000000
vn 0.000000 1.000000 0.000000
vn 0.000000 1.000000 0.000000
vn 0.000000 1.000000 0.000000
vn 0.000000 1.000000 0.000000
vn 0.000000 1.000000 0.000000
vn 0.000000 1.000000 0.000000
vn 0.000000 0.000000 -1.000000
vn 0.000000 0.000000 -1.000000
vn 0.000000 0.000000 -1.000000
vn 0.000000 0.000000 -1.000000
vn 0.000000 0.000000 -1.000000
vn 0.000000 0.000000 -1.000000
vn 0.000000 -1.000000 0.000000
vn 0.000000 -1.000000 0.000000
vn 0.000000 -1.000000 0.000000
vn 0.000000 -1.000000 0.000000
vn 0.000000 -1.000000 0.000000
vn 0.000000 -1.000000 0.000000
vn 1.000000 0.000000 0.000000
vn 1.000000 0.000000 0.000000
vn 1.000000 0.000000 0.000000
vn 1.000000 0.000000 0.000000
vn 1.000000 0.000000 0.000000
vn 1.000000 0.000000 0.000000
vn -1.000000 0.000000 0.000000
vn -1.000000 0.000000 0.000000
vn -1.000000 0.000000 0.000000
vn -1.000000 0.000000 0.000000
vn -1.000000 0.000000 0.000000
vn -1.000000 0.000000 0.000000
vn 0.000000 0.000000 1.000000
vn 0.000000 0.000000 1.000000
vn 0.000000 0.000000 1.000000
vn 0.000000 0.000000 1.000000
vn 0.000000 0.000000 1.000000
vn 0.000000 0.000000 1.000000
vn 0.000000 1.000000 0.000000
vn 0.000000 1.000000 0.000000
vn 0.000000 1.000000 0.000000
vn 0.000000 1.000000 0.000000
vn 0.000000 1.000000 0.000000
vn 0.000000 1.000000 0.000000
vn 0.000000 0.000000 -1.000000
vn 0.000000 0.000000 -1.000000
vn 0.000000 0.000000 -1.000000
vn 0.000000 0.000000 -1.000000
vn 0.000000 0.000000 -1.000000
vn 0.000000 0.000000 -1.000000
vn 0.000000 -1.000000 0.000000
vn 0.000000 -1.000000 0.000000
vn 0.000000 -1.000000 0.000000
vn 0.000000 -1.000000 0.000000
vn 0.000000 -1.000000 0.000000
vn 0.000000 -1.000000 0.000000
vn 1.000000 0.000000 0.000000
vn 1.000000 0.000000 0.000000
vn 1.000000 0.000000 0.000000
vn 1.000000 0.000000 0.000000
vn 1.000000 0.000000 0.000000
vn 1.000000 0.000000 0.000000
vn -1.000000 0.000000 0.000000
vn -1.000000 0.000000 0.000000
vn -1.000000 0.000000 0.000000
vn -1.000000 0.000000 0.000000
vn -1.000000 0.000000 0.000000
vn -1.000000 0.000000 0.000000
vn 0.000000 0.000000 1.000000
vn 0.000000 0.000000 1.000000
vn 0.000000 0.000000 1.000000
vn 0.000000 0.000000 1.000000
vn 0.000000 0.000000 1.000000
vn 0.000000 0.000000 1.000000
vn 0.000000 1.000000 0.000000
vn 0.000000 1.000000 0.000000
vn 0.000000 1.000000 0.000000
vn 0.000000 1.000000 0.000000
vn 0.000000 1.000000 0.000000
vn 0.000000 1.000000 0.000000
vn 0.000000 0.000000 -1.000000
vn 0.000000 0.000000 -1.000000
vn 0.000000 0.000000 -1.000000
vn 0.000000 0.000000 -1.000000
vn 0.000000 0.000000 -1.000000
vn 0.000000 0.000000 -1.000000
vn 0.000000 -1.000000 0.000000
vn 0.000000 -1.000000 0.000000
vn 0.000000 -1.000000 0.000000
vn 0.000000 -1.000000 0.000000
vn 0.000000 -1.000000 0.000000
vn 0.000000 -1.000000 0.000000
vn 1.000000 0.000000 0.000000
vn 1.000000 0.000000 0.000000
vn 1.000000 0.000000 0.000000
vn 1.000000 0.000000 0.000000
vn 1.000000 0.000000 0.000000
vn 1.000000 0.000000 0.000000
vn -1.000000 0.000000 0.000000
vn -1.000000 0.000000 0.000000
vn -1.000000 0.000000 0.000000
vn -1.000000 0.000000 0.000000
vn -1.000000 0.000000 0.000000
vn -1.000000 0.000000 0.000000
vn 0.000000 0.000000 1.000000
vn 0.000000 0.000000 1.000000
vn 0.000000 0.000000 1.000000
vn 0.000000 0.000000 1.000000
vn 0.000000 0.000000 1.000000
vn 0.000000 0.000000 1.000000
vn 0.000000 1.000000 0.000000
vn 0.000000 1.000000 0.000000
vn 0.000000 1.000000 0.000000
vn 0.000000 1.000000 0.000000
vn 0.000000 1.000000 0.000000
vn 0.000000 1.000000 0.000000
vn 0.000000 0.000000 -1.000000
vn 0.000000 0.000000 -1.000000
vn 0.000000 0.000000 -1.000000
vn 0.000000 0.000000 -1.000000
vn 0.000000 0.000000 -1.000000
vn 0.000000 0.000000 -1.000000
vn 0.000000 -1.000000 0.000000
vn 0.000000 -1.000000 0.000000
vn 0.000000 -1.000000 0.000000
vn 0.000000 -1.000000 0.000000
vn 0.000000 -1.000000 0.000000
vn 0.000000 -1.000000 0.000000
vn 1.000000 0.000000 0.000000
vn 1.000000 0.000000 0.000000
vn 1.000000 0.000000 0.000000
vn 1.000000 0.000000 0.000000
vn 1.000000 0.000000 0.000000
vn 1.000000 0.000000 0.000000
vn -1.000000 0.000000 0.000000
vn -1.000000 0.000000 0.000000
vn -1.000000 0.000000 0.000000
vn -1.000000 0.000000 0.000000
vn -1.000000 0.000000 0.000000
vn -1.000000 0.000000 0.000000
vn 0.000000 0.000000 1.000000
vn 0.000000 0.000000 1.000000
vn 0.000000 0.000000 1.000000
vn 0.000000 0.000000 1.000000
vn 0.000000 0.000000 1.000000
vn 0.000000 0.000000 1.000000
vn 0.494006 0.869459 0.000000
vn 0.494006 0.869459 0.000000
vn 0.494006 0.869459 0.000000
vn 0.494006 0.869459 0.000000
vn 0.494006 0.869459 0.000000
vn 0.494006 0.869459 0.000000
vn 0.000000 0.000000 -1.000000
vn 0.000000 0.000000 -1.000000
vn 0.000000 0.000000 -1.000000
vn 0.000000 0.000000 -1.000000
vn 0.000000 0.000000 -1.000000
vn 0.000000 0.000000 -1.000000
vn -0.494006 -0.869459 0.000000
vn -0.494006 -0.869459 0.000000
vn -0.494006 -0.869459 0.000000
vn -0.494006 -0.869459 0.000000
vn -0.494006 -0.869459 0.000000
vn -0.494006 -0.869459 0.000000
vn 0.869459 -0.494006 0.000000
vn 0.869459 -0.494006 0.000000
vn 0.869459 -0.494006 0.000000
vn 0.869459 -0.494006 0.000000
vn 0.869459 -0.494006 0.000000
vn 0.869459 -0.494006 0.000000
vn -0.869459 0.494006 0.000000
vn -0.869459 0.494006 0.000000
vn -0.869459 0.494006 0.000000
vn -0.869459 0.494006 0.000000
vn -0.869459 0.494006 0.000000
vn -0.869459 0.494006 0.000000
vn 0.000000 0.000000 1.000000
vn 0.000000 0.000000 1.000000
vn 0.000000 0.000000 1.000000
vn 0.000000 0.000000 1.000000
vn 0.000000 0.000000 1.000000
vn 0.000000 0.000000 1.000000
vn -0.516385 0.856356 0.000000
vn -0.516385 0.856356 0.000000
vn -0.516385 0.856356 0.000000
vn -0.516385 0.856356 0.000000
vn -0.516385 0.856356 0.000000
vn -0.516385 0.856356 0.000000
vn 0.000000 0.000000 -1.000000
vn 0.000000 0.000000 -1.000000
vn 0.000000 0.000000 -1.000000
vn 0.000000 0.000000 -1.000000
vn 0.000000 0.000000 -1.000000
vn 0.000000 0.000000 -1.000000
vn 0.516385 -0.856356 0.000000
vn 0.516385 -0.856356 0.000000
vn 0.516385 -0.856356 0.000000
vn 0.516385 -0.856356 0.000000
vn 0.516385 -0.856356 0.000000
vn 0.516385 -0.856356 0.000000
vn 0.856357 0.516385 0.000000
vn 0.856357 0.516385 0.000000
vn 0.856357 0.516385 0.000000
vn 0.856357 0.516385 0.000000
vn 0.856357 0.516385 0.000000
vn 0.856357 0.516385 0.000000
vn -0.856357 -0.516385 0.000000
vn -0.856357 -0.516385 0.000000
vn -0.856357 -0.516385 0.000000
vn -0.856357 -0.516385 0.000000
vn -0.856357 -0.516385 0.000000
vn -0.856357 -0.516385 0.000000
vn 0.000000 0.000000 1.000000
vn 0.000000 0.000000 1.000000
vn 0.000000 0.000000 1.000000
vn 0.000000 0.000000 1.000000
vn 0.000000 0.000000 1.000000
vn 0.000000 0.000000 1.000000
vn 0.000000 1.000000 0.000000
vn 0.000000 1.000000 0.000000
vn 0.000000 1.000000 0.000000
vn 0.000000 1.000000 0.000000
vn 0.000000 1.000000 0.000000
vn 0.000000 1.000000 0.000000
vn 0.000000 0.000000 -1.000000
vn 0.000000 0.000000 -1.000000
vn 0.000000 0.000000 -1.000000
vn 0.000000 0.000000 -1.000000
vn 0.000000 0.000000 -1.000000
vn 0.000000 0.000000 -1.000000
vn 0.000000 -1.000000 0.000000
vn 0.000000 -1.000000 0.000000
vn 0.000000 -1.000000 0.000000
vn 0.000000 -1.000000 0.000000
vn 0.000000 -1.000000 0.000000
vn 0.000000 -1.000000 0.000000
vn 1.000000 0.000000 0.000000
vn 1.000000 0.000000 0.000000
vn 1.000000 0.000000 0.000000
vn 1.000000 0.000000 0.000000
vn 1.000000 0.000000 0.000000
vn 1.000000 0.000000 0.000000
vn -1.000000 0.000000 0.000000
vn -1.000000 0.000000 0.000000
vn -1.000000 0.000000 0.000000
vn -1.000000 0.000000 0.000000
vn -1.000000 0.000000 0.000000
vn -1.000000 0.000000 0.000000
vn 0.000000 0.000000 1.000000
vn 0.000000 0.000000 1.000000
vn 0.000000 0.000000 1.000000
vn 0.000000 0.000000 1.000000
vn 0.000000 0.000000 1.000000
vn 0.000000 0.000000 1.000000
vn 0.000000 1.000000 0.000000
vn 0.000000 1.000000 0.000000
vn 0.000000 1.000000 0.000000
vn 0.000000 1.000000 0.000000
vn 0.000000 1.000000 0.000000
vn 0.000000 1.000000 0.000000
vn 0.000000 0.000000 -1.000000
vn 0.000000 0.000000 -1.000000
vn 0.000000 0.000000 -1.000000
vn 0.000000 0.000000 -1.000000
vn 0.000000 0.000000 -1.000000
vn 0.000000 0.000000 -1.000000
vn 0.000000 -1.000000 0.000000
vn 0.000000 -1.000000 0.000000
vn 0.000000 -1.000000 0.000000
vn 0.000000 -1.000000 0.000000
vn 0.000000 -1.000000 0.000000
vn 0.000000 -1.000000 0.000000
vn 1.000000 0.000000 0.000000
vn 1.000000 0.000000 0.000000
vn 1.000000 0.000000 0.000000
vn 1.000000 0.000000 0.000000
vn 1.000000 0.000000 0.000000
vn 1.000000 0.000000 0.000000
vn -1.000000 0.000000 0.000000
vn -1.000000 0.000000 0.000000
vn -1.000000 0.000000 0.000000
vn -1.000000 0.000000 0.000000
vn -1.000000 0.000000 0.000000
vn -1.000000 0.000000 0.000000
vn 0.000000 0.000000 1.000000
vn 0.000000 0.000000 1.000000
vn 0.000000 0.000000 1.000000
vn 0.000000 0.000000 1.000000
vn 0.000000 0.000000 1.000000
vn 0.000000 0.000000 1.000000
vn 0.000000 1.000000 0.000000
vn 0.000000 1.000000 0.000000
vn 0.000000 1.000000 0.000000
vn 0.000000 1.000000 0.000000
vn 0.000000 1.000000 0.000000
vn 0.000000 1.000000 0.000000
vn 0.000000 0.000000 -1.000000
vn 0.000000 0.000000 -1.000000
vn 0.000000 0.000000 -1.000000
vn 0.000000 0.000000 -1.000000
vn 0.000000 0.000000 -1.000000
vn 0.000000 0.000000 -1.000000
vn 0.000000 -1.000000 0.000000
vn 0.000000 -1.000000 0.000000
vn 0.000000 -1.000000 0.000000
vn 0.000000 -1.000000 0.000000
vn 0.000000 -1.000000 0.000000
vn 0.000000 -1.000000 0.000000
vn 1.000000 0.000000 0.000000
vn 1.000000 0.000000 0.000000
vn 1.000000 0.000000 0.000000
vn 1.000000 0.000000 0.000000
vn 1.000000 0.000000 0.000000
vn 1.000000 0.000000 0.000000
vn -1.000000 0.000000 0.000000
vn -1.000000 0.000000 0.000000
vn -1.000000 0.000000 0.000000
vn -1.000000 0.000000 0.000000
vn -1.000000 0.000000 0.000000
vn -1.000000 0.000000 0.000000
vn 0.000000 0.000000 1.000000
vn 0.000000 0.000000 1.000000
vn 0.000000 0.000000 1.000000
vn 0.000000 0.000000 1.000000
vn 0.000000 0.000000 1.000000
vn 0.000000 0.000000 1.000000
vn 0.000000 1.000000 0.000000
vn 0.000000 1.000000 0.000000
vn 0.000000 1.000000 0.000000
vn 0.000000 1.000000 0.000000
vn 0.000000 1.000000 0.000000
vn 0.000000 1.000000 0.000000
vn 0.000000 0.000000 -1.000000
vn 0.000000 0.000000 -1.000000
vn 0.000000 0.000000 -1.000000
vn 0.000000 0.000000 -1.000000
vn 0.000000 0.000000 -1.000000
vn 0.000000 0.000000 -1.000000
vn 0.000000 -1.000000 0.000000
vn 0.000000 -1.000000 0.000000
vn 0.000000 -1.000000 0.000000
vn 0.000000 -1.000000 0.000000
vn 0.000000 -1.000000 0.000000
vn 0.000000 -1.000000 0.000000
vn 1.000000 0.000000 0.000000
vn 1.000000 0.000000 0.000000
vn 1.000000 0.000000 0.000000
vn 1.000000 0.000000 0.000000
vn 1.000000 0.000000 0.000000
vn 1.000000 0.000000 0.000000
vn -1.000000 0.000000 0.000000
vn -1.000000 0.000000 0.000000
vn -1.000000 0.000000 0.000000
vn -1.000000 0.000000 0.000000
vn -1.000000 0.000000 0.000000
vn -1.000000 0.000000 0.000000
vn 0.000000 0.000000 1.000000
vn 0.000000 0.000000 1.000000
vn 0.000000 0.000000 1.000000
vn 0.000000 0.000000 1.000000
vn 0.000000 0.000000 1.000000
vn 0.000000 0.000000 1.000000
vn -0.707107 0.707107 0.000000
vn -0.707107 0.707107 0.000000
vn -0.707107 0.707107 0.000000
vn -0.707107 0.707107 0.000000
vn -0.707107 0.707107 0.000000
vn -0.707107 0.707107 0.000000
vn 0.000000 0.000000 -1.000000
vn 0.000000 0.000000 -1.000000
vn 0.000000 0.000000 -1.000000
vn 0.000000 0.000000 -1.000000
vn 0.000000 0.000000 -1.000000
vn 0.000000 0.000000 -1.000000
vn 0.707107 -0.707107 0.000000
vn 0.707107 -0.707107 0.000000
vn 0.707107 -0.707107 0.000000
vn 0.707107 -0.707107 0.000000
vn 0.707107 -0.707107 0.000000
vn 0.707107 -0.707107 0.000000
vn 0.707107 0.707107 0.000000
vn 0.707107 0.707107 0.000000
vn 0.707107 0.707107 0.000000
vn 0.707107 0.707107 0.000000
vn 0.707107 0.707107 0.000000
vn 0.707107 0.707107 0.000000
vn -0.707107 -0.707107 0.000000
vn -0.707107 -0.707107 0.000000
vn -0.707107 -0.707107 0.000000
vn -0.707107 -0.707107 0.000000
vn -0.707107 -0.707107 0.000000
vn -0.707107 -0.707107 0.000000
vn 0.000000 0.000000 1.000000
vn 0.000000 0.000000 1.000000
vn 0.000000 0.000000 1.000000
vn 0.000000 0.000000 1.000000
vn 0.000000 0.000000 1.000000
vn 0.000000 0.000000 1.000000
vn 0.707107 0.707107 0.000000
vn 0.707107 0.707107 0.000000
vn 0.707107 0.707107 0.000000
vn 0.707107 0.707107 0.000000
vn 0.707107 0.707107 0.000000
vn 0.707107 0.707107 0.000000
vn 0.000000 0.000000 -1.000000
vn 0.000000 0.000000 -1.000000
vn 0.000000 0.000000 -1.000000
vn 0.000000 0.000000 -1.000000
vn 0.000000 0.000000 -1.000000
vn 0.000000 0.000000 -1.000000
vn -0.707107 -0.707107 0.000000
vn -0.707107 -0.707107 0.000000
vn -0.707107 -0.707107 0.000000
vn -0.707107 -0.707107 0.000000
vn -0.707107 -0.707107 0.000000
vn -0.707107 -0.707107 0.000000
vn 0.707107 -0.707107 0.000000
vn 0.707107 -0.707107 0.000000
vn 0.707107 -0.707107 0.000000
vn 0.707107 -0.707107 0.000000
vn 0.707107 -0.707107 0.000000
vn 0.707107 -0.707107 0.000000
vn -0.707107 0.707107 0.000000
vn -0.707107 0.707107 0.000000
vn -0.707107 0.707107 0.000000
vn -0.707107 0.707107 0.000000
vn -0.707107 0.707107 0.000000
vn -0.707107 0.707107 0.000000
vn 0.000000 0.000000 1.000000
vn 0.000000 0.000000 1.000000
vn 0.000000 0.000000 1.000000
vn 0.000000 0.000000 1.000000
vn 0.000000 0.000000 1.000000
vn 0.000000 0.000000 1.000000
vn -0.707107 0.707107 0.000000
vn -0.707107 0.707107 0.000000
vn -0.707107 0.707107 0.000000
vn -0.707107 0.707107 0.000000
vn -0.707107 0.707107 0.000000
vn -0.707107 0.707107 0.000000
vn 0.000000 0.000000 -1.000000
vn 0.000000 0.000000 -1.000000
vn 0.000000 0.000000 -1.000000
vn 0.000000 0.000000 -1.000000
vn 0.000000 0.000000 -1.000000
vn 0.000000 0.000000 -1.000000
vn 0.707107 -0.707107 0.000000
vn 0.707107 -0.707107 0.000000
vn 0.707107 -0.707107 0.000000
vn 0.707107 -0.707107 0.000000
vn 0.707107 -0.707107 0.000000
vn 0.707107 -0.707107 0.000000
vn 0.707107 0.707107 0.000000
vn 0.707107 0.707107 0.000000
vn 0.707107 0.707107 0.000000
vn 0.707107 0.707107 0.000000
vn 0.707107 0.707107 0.000000
vn 0.707107 0.707107 0.000000
vn -0.707107 -0.707107 0.000000
vn -0.707107 -0.707107 0.000000
vn -0.707107 -0.707107 0.000000
vn -0.707107 -0.707107 0.000000
vn -0.707107 -0.707107 0.000000
vn -0.707107 -0.707107 0.000000
vn 0.000000 0.000000 1.000000
vn 0.000000 0.000000 1.000000
vn 0.000000 0.000000 1.000000
vn 0.000000 0.000000 1.000000
vn 0.000000 0.000000 1.000000
vn 0.000000 0.000000 1.000000
vn 0.707107 0.707107 0.000000
vn 0.707107 0.707107 0.000000
vn 0.707107 0.707107 0.000000
vn 0.707107 0.707107 0.000000
vn 0.707107 0.707107 0.000000
vn 0.707107 0.707107 0.000000
vn 0.000000 0.000000 -1.000000
vn 0.000000 0.000000 -1.000000
vn 0.000000 0.000000 -1.000000
vn 0.000000 0.000000 -1.000000
vn 0.000000 0.000000 -1.000000
vn 0.000000 0.000000 -1.000000
vn -0.707107 -0.707107 0.000000
vn -0.707107 -0.707107 0.000000
vn -0.707107 -0.707107 0.000000
vn -0.707107 -0.707107 0.000000
vn -0.707107 -0.707107 0.000000
vn -0.707107 -0.707107 0.000000
vn 0.707107 -0.707107 0.000000
vn 0.707107 -0.707107 0.000000
vn 0.707107 -0.707107 0.000000
vn 0.707107 -0.707107 0.000000
vn 0.707107 -0.707107 0.000000
vn 0.707107 -0.707107 0.000000
vn -0.707107 0.707107 0.000000
vn -0.707107 0.707107 0.000000
vn -0.707107 0.707107 0.000000
vn -0.707107 0.707107 0.000000
vn -0.707107 0.707107 0.000000
vn -0.707107 0.707107 0.000000
vn 0.000000 0.000000 1.000000
vn 0.000000 0.000000 1.000000
vn 0.000000 0.000000 1.000000
vn 0.000000 0.000000 1.000000
vn 0.000000 0.000000 1.000000
vn 0.000000 0.000000 1.000000
vn -0.707107 0.707107 0.000000
vn -0.707107 0.707107 0.000000
vn -0.707107 0.707107 0.000000
vn -0.707107 0.707107 0.000000
vn -0.707107 0.707107 0.000000
vn -0.707107 0.707107 0.000000
vn 0.000000 0.000000 -1.000000
vn 0.000000 0.000000 -1.000000
vn 0.000000 0.000000 -1.000000
vn 0.000000 0.000000 -1.000000
vn 0.000000 0.000000 -1.000000
vn 0.000000 0.000000 -1.000000
vn 0.707107 -0.707107 0.000000
vn 0.707107 -0.707107 0.000000
vn 0.707107 -0.707107 0.000000
vn 0.707107 -0.707107 0.000000
vn 0.707107 -0.707107 0.000000
vn 0.707107 -0.707107 0.000000
vn 0.707107 0.707107 0.000000
vn 0.707107 0.707107 0.000000
vn 0.707107 0.707107 0.000000
vn 0.707107 0.707107 0.000000
vn 0.707107 0.707107 0.000000
vn 0.707107 0.707107 0.000000
vn -0.707107 -0.707107 0.000000
vn -0.707107 -0.707107 0.000000
vn -0.707107 -0.707107 0.000000
vn -0.707107 -0.707107 0.000000
vn -0.707107 -0.707107 0.000000
vn -0.707107 -0.707107 0.000000
vn 0.000000 0.000000 1.000000
vn 0.000000 0.000000 1.000000
vn 0.000000 0.000000 1.000000
vn 0.000000 0.000000 1.000000
vn 0.000000 0.000000 1.000000
vn 0.000000 0.000000 1.000000
vn -0.707107 0.707107 0.000000
vn -0.707107 0.707107 0.000000
vn -0.707107 0.707107 0.000000
vn -0.707107 0.707107 0.000000
vn -0.707107 0.707107 0.000000
vn -0.707107 0.707107 0.000000
vn 0.000000 0.000000 -1.000000
vn 0.000000 0.000000 -1.000000
vn 0.000000 0.000000 -1.000000
vn 0.000000 0.000000 -1.000000
vn 0.000000 0.000000 -1.000000
vn 0.000000 0.000000 -1.000000
vn 0.707107 -0.707107 0.000000
vn 0.707107 -0.707107 0.000000
vn 0.707107 -0.707107 0.000000
vn 0.707107 -0.707107 0.000000
vn 0.707107 -0.707107 0.000000
vn 0.707107 -0.707107 0.000000
vn 0.707107 0.707107 0.000000
vn 0.707107 0.707107 0.000000
vn 0.707107 0.707107 0.000000
vn 0.707107 0.707107 0.000000
vn 0.707107 0.707107 0.000000
vn 0.707107 0.707107 0.000000
vn -0.707107 -0.707107 0.000000
vn -0.707107 -0.707107 0.000000
vn -0.707107 -0.707107 0.000000
vn -0.707107 -0.707107 0.000000
vn -0.707107 -0.707107 0.000000
vn -0.707107 -0.707107 0.000000
vn 0.000000 0.000000 1.000000
vn 0.000000 0.000000 1.000000
vn 0.000000 0.000000 1.000000
vn 0.000000 0.000000 1.000000
vn 0.000000 0.000000 1.000000
vn 0.000000 0.000000 1.000000
vn 0.707107 0.707107 0.000000
vn 0.707107 0.707107 0.000000
vn 0.707107 0.707107 0.000000
vn 0.707107 0.707107 0.000000
vn 0.707107 0.707107 0.000000
vn 0.707107 0.707107 0.000000
vn 0.000000 0.000000 -1.000000
vn 0.000000 0.000000 -1.000000
vn 0.000000 0.000000 -1.000000
vn 0.000000 0.000000 -1.000000
vn 0.000000 0.000000 -1.000000
vn 0.000000 0.000000 -1.000000
vn -0.707107 -0.707107 0.000000
vn -0.707107 -0.707107 0.000000
vn -0.707107 -0.707107 0.000000
vn -0.707107 -0.707107 0.000000
vn -0.707107 -0.707107 0.000000
vn -0.707107 -0.707107 0.000000
vn 0.707107 -0.707107 0.000000
vn 0.707107 -0.707107 0.000000
vn 0.707107 -0.707107 0.000000
vn 0.707107 -0.707107 0.000000
vn 0.707107 -0.707107 0.000000
vn 0.707107 -0.707107 0.000000
vn -0.707107 0.707107 0.000000
vn -0.707107 0.707107 0.000000
vn -0.707107 0.707107 0.000000
vn -0.707107 0.707107 0.000000
vn -0.707107 0.707107 0.000000
vn -0.707107 0.707107 0.000000
vn 0.000000 0.000000 1.000000
vn 0.000000 0.000000 1.000000
vn 0.000000 0.000000 1.000000
vn 0.000000 0.000000 1.000000
vn 0.000000 0.000000 1.000000
vn 0.000000 0.000000 1.000000
vn 0.707107 0.707107 0.000000
vn 0.707107 0.707107 0.000000
vn 0.707107 0.707107 0.000000
vn 0.707107 0.707107 0.000000
vn 0.707107 0.707107 0.000000
vn 0.707107 0.707107 0.000000
vn 0.000000 0.000000 -1.000000
vn 0.000000 0.000000 -1.000000
vn 0.000000 0.000000 -1.000000
vn 0.000000 0.000000 -1.000000
vn 0.000000 0.000000 -1.000000
vn 0.000000 0.000000 -1.000000
vn -0.707107 -0.707107 0.000000
vn -0.707107 -0.707107 0.000000
vn -0.707107 -0.707107 0.000000
vn -0.707107 -0.707107 0.000000
vn -0.707107 -0.707107 0.000000
vn -0.707107 -0.707107 0.000000
vn 0.707107 -0.707107 0.000000
vn 0.707107 -0.707107 0.000000
vn 0.707107 -0.707107 0.000000
vn 0.707107 -0.707107 0.000000
vn 0.707107 -0.707107 0.000000
vn 0.707107 -0.707107 0.000000
vn -0.707107 0.707107 0.000000
vn -0.707107 0.707107 0.000000
vn -0.707107 0.707107 0.000000
vn -0.707107 0.707107 0.000000
vn -0.707107 0.707107 0.000000
vn -0.707107 0.707107 0.000000
vn 0.000000 0.000000 1.000000
vn 0.000000 0.000000 1.000000
vn 0.000000 0.000000 1.000000
vn 0.000000 0.000000 1.000000
vn 0.000000 0.000000 1.000000
vn 0.000000 0.000000 1.000000
vn -0.707107 0.707107 0.000000
vn -0.707107 0.707107 0.000000
vn -0.707107 0.707107 0.000000
vn -0.707107 0.707107 0.000000
vn -0.707107 0.707107 0.000000
vn -0.707107 0.707107 0.000000
vn 0.000000 0.000000 -1.000000
vn 0.000000 0.000000 -1.000000
vn 0.000000 0.000000 -1.000000
vn 0.000000 0.000000 -1.000000
vn 0.000000 0.000000 -1.000000
vn 0.000000 0.000000 -1.000000
vn 0.707107 -0.707107 0.000000
vn 0.707107 -0.707107 0.000000
vn 0.707107 -0.707107 0.000000
vn 0.707107 -0.707107 0.000000
vn 0.707107 -0.707107 0.000000
vn 0.707107 -0.707107 0.000000
vn 0.707107 0.707107 0.000000
vn 0.707107 0.707107 0.000000
vn 0.707107 0.707107 0.000000
vn 0.707107 0.707107 0.000000
vn 0.707107 0.707107 0.000000
vn 0.707107 0.707107 0.000000
vn -0.707107 -0.707107 0.000000
vn -0.707107 -0.707107 0.000000
vn -0.707107 -0.707107 0.000000
vn -0.707107 -0.707107 0.000000
vn -0.707107 -0.707107 0.000000
vn -0.707107 -0.707107 0.000000
vn 0.000000 0.000000 1.000000
vn 0.000000 0.000000 1.000000
vn 0.000000 0.000000 1.000000
vn 0.000000 0.000000 1.000000
vn 0.000000 0.000000 1.000000
vn 0.000000 0.000000 1.000000
vn 0.707107 0.707107 0.000000
vn 0.707107 0.707107 0.000000
vn 0.707107 0.707107 0.000000
vn 0.707107 0.707107 0.000000
vn 0.707107 0.707107 0.000000
vn 0.707107 0.707107 0.000000
vn 0.000000 0.000000 -1.000000
vn 0.000000 0.000000 -1.000000
vn 0.000000 0.000000 -1.000000
vn 0.000000 0.000000 -1.000000
vn 0.000000 0.000000 -1.000000
vn 0.000000 0.000000 -1.000000
vn -0.707107 -0.707107 0.000000
vn -0.707107 -0.707107 0.000000
vn -0.707107 -0.707107 0.000000
vn -0.707107 -0.707107 0.000000
vn -0.707107 -0.707107 0.000000
vn -0.707107 -0.707107 0.000000
vn 0.707107 -0.707107 0.000000
vn 0.707107 -0.707107 0.000000
vn 0.707107 -0.707107 0.000000
vn 0.707107 -0.707107 0.000000
vn 0.707107 -0.707107 0.000000
vn 0.707107 -0.707107 0.000000
vn -0.707107 0.707107 0.000000
vn -0.707107 0.707107 0.000000
vn -0.707107 0.707107 0.000000
vn -0.707107 0.707107 0.000000
vn -0.707107 0.707107 0.000000
vn -0.707107 0.707107 0.000000
vn 0.000000 0.000000 1.000000
vn 0.000000 0.000000 1.000000
vn 0.000000 0.000000 1.000000
vn 0.000000 0.000000 1.000000
vn 0.000000 0.000000 1.000000
vn 0.000000 0.000000 1.000000
vn 0.000000 1.000000 0.000000
vn 0.000000 1.000000 0.000000
vn 0.000000 1.000000 0.000000
vn 0.000000 1.000000 0.000000
vn 0.000000 1.000000 0.000000
vn 0.000000 1.000000 0.000000
vn 0.000000 0.000000 -1.000000
vn 0.000000 0.000000 -1.000000
vn 0.000000 0.000000 -1.000000
vn 0.000000 0.000000 -1.000000
vn 0.000000 0.000000 -1.000000
vn 0.000000 0.000000 -1.000000
vn 0.000000 -1.000000 0.000000
vn 0.000000 -1.000000 0.000000
vn 0.000000 -1.000000 0.000000
vn 0.000000 -1.000000 0.000000
vn 0.000000 -1.000000 0.000000
vn 0.000000 -1.000000 0.000000
vn 1.000000 0.000000 0.000000
vn 1.000000 0.000000 0.000000
vn 1.000000 0.000000 0.000000
vn 1.000000 0.000000 0.000000
vn 1.000000 0.000000 0.000000
vn 1.000000 0.000000 0.000000
vn -1.000000 0.000000 0.000000
vn -1.000000 0.000000 0.000000
vn -1.000000 0.000000 0.000000
vn -1.000000 0.000000 0.000000
vn -1.000000 0.000000 0.000000
vn -1.000000 0.000000 0.000000
vn 0.000000 0.000000 1.000000
vn 0.000000 0.000000 1.000000
vn 0.000000 0.000000 1.000000
vn 0.000000 0.000000 1.000000
vn 0.000000 0.000000 1.000000
vn 0.000000 0.000000 1.000000
vn 0.000000 1.000000 0.000000
vn 0.000000 1.000000 0.000000
vn 0.000000 1.000000 0.000000
vn 0.000000 1.000000 0.000000
vn 0.000000 1.000000 0.000000
vn 0.000000 1.000000 0.000000
vn 0.000000 0.000000 -1.000000
vn 0.000000 0.000000 -1.000000
vn 0.000000 0.000000 -1.000000
vn 0.000000 0.000000 -1.000000
vn 0.000000 0.000000 -1.000000
vn 0.000000 0.000000 -1.000000
vn 0.000000 -1.000000 0.000000
vn 0.000000 -1.000000 0.000000
vn 0.000000 -1.000000 0.000000
vn 0.000000 -1.000000 0.000000
vn 0.000000 -1.000000 0.000000
vn 0.000000 -1.000000 0.000000
vn 1.000000 0.000000 0.000000
vn 1.000000 0.000000 0.000000
vn 1.000000 0.000000 0.000000
vn 1.000000 0.000000 0.000000
vn 1.000000 0.000000 0.000000
vn 1.000000 0.000000 0.000000
vn -1.000000 0.000000 0.000000
vn -1.000000 0.000000 0.000000
vn -1.000000 0.000000 0.000000
vn -1.000000 0.000000 0.000000
vn -1.000000 0.000000 0.000000
vn -1.000000 0.000000 0.000000
vn 0.000000 0.000000 1.000000
vn 0.000000 0.000000 1.000000
vn 0.000000 0.000000 1.000000
vn 0.000000 0.000000 1.000000
vn 0.000000 0.000000 1.000000
vn 0.000000 0.000000 1.000000
vn 0.000000 1.000000 0.000000
vn 0.000000 1.000000 0.000000
vn 0.000000 1.000000 0.000000
vn 0.000000 1.000000 0.000000
vn 0.000000 1.000000 0.000000
vn 0.000000 1.000000 0.000000
vn 0.000000 0.000000 -1.000000
vn 0.000000 0.000000 -1.000000
vn 0.000000 0.000000 -1.000000
vn 0.000000 0.000000 -1.000000
vn 0.000000 0.000000 -1.000000
vn 0.000000 0.000000 -1.000000
vn 0.000000 -1.000000 0.000000
vn 0.000000 -1.000000 0.000000
vn 0.000000 -1.000000 0.000000
vn 0.000000 -1.000000 0.000000
vn 0.000000 -1.000000 0.000000
vn 0.000000 -1.000000 0.000000
vn 1.000000 0.000000 0.000000
vn 1.000000 0.000000 0.000000
vn 1.000000 0.000000 0.000000
vn 1.000000 0.000000 0.000000
vn 1.000000 0.000000 0.000000
vn 1.000000 0.000000 0.000000
vn -1.000000 0.000000 0.000000
vn -1.000000 0.000000 0.000000
vn -1.000000 0.000000 0.000000
vn -1.000000 0.000000 0.000000
vn -1.000000 0.000000 0.000000
vn -1.000000 0.000000 0.000000
vn 0.000000 0.000000 1.000000
vn 0.000000 0.000000 1.000000
vn 0.000000 0.000000 1.000000
vn 0.000000 0.000000 1.000000
vn 0.000000 0.000000 1.000000
vn 0.000000 0.000000 1.000000
vn 0.000000 1.000000 0.000000
vn 0.000000 1.000000 0.000000
vn 0.000000 1.000000 0.000000
vn 0.000000 1.000000 0.000000
vn 0.000000 1.000000 0.000000
vn 0.000000 1.000000 0.000000
vn 0.000000 0.000000 -1.000000
vn 0.000000 0.000000 -1.000000
vn 0.000000 0.000000 -1.000000
vn 0.000000 0.000000 -1.000000
vn 0.000000 0.000000 -1.000000
vn 0.000000 0.000000 -1.000000
vn 0.000000 -1.000000 0.000000
vn 0.000000 -1.000000 0.000000
vn 0.000000 -1.000000 0.000000
vn 0.000000 -1.000000 0.000000
vn 0.000000 -1.000000 0.000000
vn 0.000000 -1.000000 0.000000
vn 1.000000 0.000000 0.000000
vn 1.000000 0.000000 0.000000
vn 1.000000 0.000000 0.000000
vn 1.000000 0.000000 0.000000
vn 1.000000 0.000000 0.000000
vn 1.000000 0.000000 0.000000
vn -1.000000 0.000000 0.000000
vn -1.000000 0.000000 0.000000
vn -1.000000 0.000000 0.000000
vn -1.000000 0.000000 0.000000
vn -1.000000 0.000000 0.000000
vn -1.000000 0.000000 0.000000
vn -0.999839 0.000000 -0.017918
vn -0.999839 0.000000 -0.017918
vn -0.999839 0.000000 -0.017918
vn -0.999839 0.000000 -0.017918
vn -0.999839 0.000000 -0.017918
vn -0.999839 0.000000 -0.017918
vn 0.000000 1.000000 0.000000
vn 0.000000 1.000000 0.000000
vn 0.000000 1.000000 0.000000
vn 0.000000 1.000000 0.000000
vn 0.000000 1.000000 0.000000
vn 0.000000 1.000000 0.000000
vn 0.999839 0.000000 0.017918
vn 0.999839 0.000000 0.017918
vn 0.999839 0.000000 0.017918
vn 0.999839 0.000000 0.017918
vn 0.999839 0.000000 0.017918
vn 0.999839 0.000000 0.017918
vn 0.000000 -1.000000 0.000000
vn 0.000000 -1.000000 0.000000
vn 0.000000 -1.000000 0.000000
vn 0.000000 -1.000000 0.000000
vn 0.000000 -1.000000 0.000000
vn 0.000000 -1.000000 0.000000
vn -0.017918 0.000000 0.999839
vn -0.017918 0.000000 0.999839
vn -0.017918 0.000000 0.999839
vn -0.017918 0.000000 0.999839
vn -0.017918 0.000000 0.999839
vn -0.017918 0.000000 0.999839
vn 0.017918 0.000000 -0.999839
vn 0.017918 0.000000 -0.999839
vn 0.017918 0.000000 -0.999839
vn 0.017918 0.000000 -0.999839
vn 0.017918 0.000000 -0.999839
vn 0.017918 0.000000 -0.999839
vn -0.999839 0.000000 -0.017918
vn -0.999839 0.000000 -0.017918
vn -0.999839 0.000000 -0.017918
vn -0.999839 0.000000 -0.017918
vn -0.999839 0.000000 -0.017918
vn -0.999839 0.000000 -0.017918
vn 0.000000 1.000000 0.000000
vn 0.000000 1.000000 0.000000
vn 0.000000 1.000000 0.000000
vn 0.000000 1.000000 0.000000
vn 0.000000 1.000000 0.000000
vn 0.000000 1.000000 0.000000
vn 0.999839 0.000000 0.017918
vn 0.999839 0.000000 0.017918
vn 0.999839 0.000000 0.017918
vn 0.999839 0.000000 0.017918
vn 0.999839 0.000000 0.017918
vn 0.999839 0.000000 0.017918
vn 0.000000 -1.000000 0.000000
vn 0.000000 -1.000000 0.000000
vn 0.000000 -1.000000 0.000000
vn 0.000000 -1.000000 0.000000
vn 0.000000 -1.000000 0.000000
vn 0.000000 -1.000000 0.000000
vn -0.017918 0.000000 0.999839
vn -0.017918 0.000000 0.999839
vn -0.017918 0.000000 0.999839
vn -0.017918 0.000000 0.999839
vn -0.017918 0.000000 0.999839
vn -0.017918 0.000000 0.999839
vn 0.017918 0.000000 -0.999839
vn 0.017918 0.000000 -0.999839
vn 0.017918 0.000000 -0.999839
vn 0.017918 0.000000 -0.999839
vn 0.017918 0.000000 -0.999839
vn 0.017918 0.000000 -0.999839
vn -0.999839 0.000000 -0.017918
vn -0.999839 0.000000 -0.017918
vn -0.999839 0.000000 -0.017918
vn -0.999839 0.000000 -0.017918
vn -0.999839 0.000000 -0.017918
vn -0.999839 0.000000 -0.017918
vn 0.000000 1.000000 0.000000
vn 0.000000 1.000000 0.000000
vn 0.000000 1.000000 0.000000
vn 0.000000 1.000000 0.000000
vn 0.000000 1.000000 0.000000
vn 0.000000 1.000000 0.000000
vn 0.999839 0.000000 0.017918
vn 0.999839 0.000000 0.017918
vn 0.999839 0.000000 0.017918
vn 0.999839 0.000000 0.017918
vn 0.999839 0.000000 0.017918
vn 0.999839 0.000000 0.017918
vn 0.000000 -1.000000 0.000000
vn 0.000000 -1.000000 0.000000
vn 0.000000 -1.000000 0.000000
vn 0.000000 -1.000000 0.000000
vn 0.000000 -1.000000 0.000000
vn 0.000000 -1.000000 0.000000
vn -0.017918 0.000000 0.999839
vn -0.017918 0.000000 0.999839
vn -0.017918 0.000000 0.999839
vn -0.017918 0.000000 0.999839
vn -0.017918 0.000000 0.999839
vn -0.017918 0.000000 0.999839
vn 0.017918 0.000000 -0.999839
vn 0.017918 0.000000 -0.999839
vn 0.017918 0.000000 -0.999839
vn 0.017918 0.000000 -0.999839
vn 0.017918 0.000000 -0.999839
vn 0.017918 0.000000 -0.999839
vn -0.999839 0.000000 -0.017918
vn -0.999839 0.000000 -0.017918
vn -0.999839 0.000000 -0.017918
vn -0.999839 0.000000 -0.017918
vn -0.999839 0.000000 -0.017918
vn -0.999839 0.000000 -0.017918
vn 0.000000 1.000000 0.000000
vn 0.000000 1.000000 0.000000
vn 0.000000 1.000000 0.000000
vn 0.000000 1.000000 0.000000
vn 0.000000 1.000000 0.000000
vn 0.000000 1.000000 0.000000
vn 0.999839 0.000000 0.017918
vn 0.999839 0.000000 0.017918
vn 0.999839 0.000000 0.017918
vn 0.999839 0.000000 0.017918
vn 0.999839 0.000000 0.017918
vn 0.999839 0.000000 0.017918
vn 0.000000 -1.000000 0.000000
vn 0.000000 -1.000000 0.000000
vn 0.000000 -1.000000 0.000000
vn 0.000000 -1.000000 0.000000
vn 0.000000 -1.000000 0.000000
vn 0.000000 -1.000000 0.000000
vn -0.017918 0.000000 0.999839
vn -0.017918 0.000000 0.999839
vn -0.017918 0.000000 0.999839
vn -0.017918 0.000000 0.999839
vn -0.017918 0.000000 0.999839
vn -0.017918 0.000000 0.999839
vn 0.017918 0.000000 -0.999839
vn 0.017918 0.000000 -0.999839
vn 0.017918 0.000000 -0.999839
vn 0.017918 0.000000 -0.999839
vn 0.017918 0.000000 -0.999839
vn 0.017918 0.000000 -0.999839
vn -0.999839 -0.000000 -0.017918
vn -0.999839 -0.000000 -0.017918
vn -0.999839 -0.000000 -0.017918
vn -0.999839 -0.000000 -0.017918
vn -0.999839 -0.000000 -0.017918
vn -0.999839 -0.000000 -0.017918
vn 0.012589 0.711589 -0.702483
vn 0.012589 0.711589 -0.702483
vn 0.012589 0.711589 -0.702483
vn 0.012589 0.711589 -0.702483
vn 0.012589 0.711589 -0.702483
vn 0.012589 0.711589 -0.702483
vn 0.999839 0.000000 0.017918
vn 0.999839 0.000000 0.017918
vn 0.999839 0.000000 0.017918
vn 0.999839 0.000000 0.017918
vn 0.999839 0.000000 0.017918
vn 0.999839 0.000000 0.017918
vn -0.012589 -0.711589 0.702483
vn -0.012589 -0.711589 0.702483
vn -0.012589 -0.711589 0.702483
vn -0.012589 -0.711589 0.702483
vn -0.012589 -0.711589 0.702483
vn -0.012589 -0.711589 0.702483
vn -0.012589 0.711589 0.702483
vn -0.012589 0.711589 0.702483
vn -0.012589 0.711589 0.702483
vn -0.012589 0.711589 0.702483
vn -0.012589 0.711589 0.702483
vn -0.012589 0.711589 0.702483
vn 0.012589 -0.711589 -0.702483
vn 0.012589 -0.711589 -0.702483
vn 0.012589 -0.711589 -0.702483
vn 0.012589 -0.711589 -0.702483
vn 0.012589 -0.711589 -0.702483
vn 0.012589 -0.711589 -0.702483
vn -0.999839 0.000000 -0.017918
vn -0.999839 0.000000 -0.017918
vn -0.999839 0.000000 -0.017918
vn -0.999839 0.000000 -0.017918
vn -0.999839 0.000000 -0.017918
vn -0.999839 0.000000 -0.017918
vn -0.012589 0.711589 0.702483
vn -0.012589 0.711589 0.702483
vn -0.012589 0.711589 0.702483
vn -0.012589 0.711589 0.702483
vn -0.012589 0.711589 0.702483
vn -0.012589 0.711589 0.702483
vn 0.999839 -0.000000 0.017918
vn 0.999839 -0.000000 0.017918
vn 0.999839 -0.000000 0.017918
vn 0.999839 -0.000000 0.017918
vn 0.999839 -0.000000 0.017918
vn 0.999839 -0.000000 0.017918
vn 0.012589 -0.711589 -0.702483
vn 0.012589 -0.711589 -0.702483
vn 0.012589 -0.711589 -0.702483
vn 0.012589 -0.711589 -0.702483
vn 0.012589 -0.711589 -0.702483
vn 0.012589 -0.711589 -0.702483
vn -0.012589 -0.711589 0.702483
vn -0.012589 -0.711589 0.702483
vn -0.012589 -0.711589 0.702483
vn -0.012589 -0.711589 0.702483
vn -0.012589 -0.711589 0.702483
vn -0.012589 -0.711589 0.702483
vn 0.012589 0.711589 -0.702483
vn 0.012589 0.711589 -0.702483
vn 0.012589 0.711589 -0.702483
vn 0.012589 0.711589 -0.702483
vn 0.012589 0.711589 -0.702483
vn 0.012589 0.711589 -0.702483
vn -0.999840 -0.000000 -0.017918
vn -0.999840 -0.000000 -0.017918
vn -0.999840 -0.000000 -0.017918
vn -0.999840 -0.000000 -0.017918
vn -0.999840 -0.000000 -0.017918
vn -0.999840 -0.000000 -0.017918
vn 0.012589 0.711589 -0.702483
vn 0.012589 0.711589 -0.702483
vn 0.012589 0.711589 -0.702483
vn 0.012589 0.711589 -0.702483
vn 0.012589 0.711589 -0.702483
vn 0.012589 0.711589 -0.702483
vn 0.999840 0.000000 0.017918
vn 0.999840 0.000000 0.017918
vn 0.999840 0.000000 0.017918
vn 0.999840 0.000000 0.017918
vn 0.999840 0.000000 0.017918
vn 0.999840 0.000000 0.017918
vn -0.012589 -0.711589 0.702483
vn -0.012589 -0.711589 0.702483
vn -0.012589 -0.711589 0.702483
vn -0.012589 -0.711589 0.702483
vn -0.012589 -0.711589 0.702483
vn -0.012589 -0.711589 0.702483
vn -0.012589 0.711589 0.702483
vn -0.012589 0.711589 0.702483
vn -0.012589 0.711589 0.702483
vn -0.012589 0.711589 0.702483
vn -0.012589 0.711589 0.702483
vn -0.012589 0.711589 0.702483
vn 0.012589 -0.711589 -0.702483
vn 0.012589 -0.711589 -0.702483
vn 0.012589 -0.711589 -0.702483
vn 0.012589 -0.711589 -0.702483
vn 0.012589 -0.711589 -0.702483
vn 0.012589 -0.711589 -0.702483
vn -0.999840 0.000000 -0.017918
vn -0.999840 0.000000 -0.017918
vn -0.999840 0.000000 -0.017918
vn -0.999840 0.000000 -0.017918
vn -0.999840 0.000000 -0.017918
vn -0.999840 0.000000 -0.017918
vn -0.012589 0.711589 0.702483
vn -0.012589 0.711589 0.702483
vn -0.012589 0.711589 0.702483
vn -0.012589 0.711589 0.702483
vn -0.012589 0.711589 0.702483
vn -0.012589 0.711589 0.702483
vn 0.999840 -0.000000 0.017918
vn 0.999840 -0.000000 0.017918
vn 0.999840 -0.000000 0.017918
vn 0.999840 -0.000000 0.017918
vn 0.999840 -0.000000 0.017918
vn 0.999840 -0.000000 0.017918
vn 0.012589 -0.711589 -0.702483
vn 0.012589 -0.711589 -0.702483
vn 0.012589 -0.711589 -0.702483
vn 0.012589 -0.711589 -0.702483
vn 0.012589 -0.711589 -0.702483
vn 0.012589 -0.711589 -0.702483
vn -0.012589 -0.711589 0.702483
vn -0.012589 -0.711589 0.702483
vn -0.012589 -0.711589 0.702483
vn -0.012589 -0.711589 0.702483
vn -0.012589 -0.711589 0.702483
vn -0.012589 -0.711589 0.702483
vn 0.012589 0.711589 -0.702483
vn 0.012589 0.711589 -0.702483
vn 0.012589 0.711589 -0.702483
vn 0.012589 0.711589 -0.702483
vn 0.012589 0.711589 -0.702483
vn 0.012589 0.711589 -0.702483
vn -0.999840 0.000000 -0.017918
vn -0.999840 0.000000 -0.017918
vn -0.999840 0.000000 -0.017918
vn -0.999840 0.000000 -0.017918
vn -0.999840 0.000000 -0.017918
vn -0.999840 0.000000 -0.017918
vn 0.012589 0.711589 -0.702483
vn 0.012589 0.711589 -0.702483
vn 0.012589 0.711589 -0.702483
vn 0.012589 0.711589 -0.702483
vn 0.012589 0.711589 -0.702483
vn 0.012589 0.711589 -0.702483
vn 0.999840 -0.000000 0.017918
vn 0.999840 -0.000000 0.017918
vn 0.999840 -0.000000 0.017918
vn 0.999840 -0.000000 0.017918
vn 0.999840 -0.000000 0.017918
vn 0.999840 -0.000000 0.017918
vn -0.012589 -0.711589 0.702483
vn -0.012589 -0.711589 0.702483
vn -0.012589 -0.711589 0.702483
vn -0.012589 -0.711589 0.702483
vn -0.012589 -0.711589 0.702483
vn -0.012589 -0.711589 0.702483
vn -0.012589 0.711589 0.702483
vn -0.012589 0.711589 0.702483
vn -0.012589 0.711589 0.702483
vn -0.012589 0.711589 0.702483
vn -0.012589 0.711589 0.702483
vn -0.012589 0.711589 0.702483
vn 0.012589 -0.711589 -0.702483
vn 0.012589 -0.711589 -0.702483
vn 0.012589 -0.711589 -0.702483
vn 0.012589 -0.711589 -0.702483
vn 0.012589 -0.711589 -0.702483
vn 0.012589 -0.711589 -0.702483
vn -0.999839 0.000000 -0.017918
vn -0.999839 0.000000 -0.017918
vn -0.999839 0.000000 -0.017918
vn -0.999839 0.000000 -0.017918
vn -0.999839 0.000000 -0.017918
vn -0.999839 0.000000 -0.017918
vn 0.012589 0.711589 -0.702483
vn 0.012589 0.711589 -0.702483
vn 0.012589 0.711589 -0.702483
vn 0.012589 0.711589 -0.702483
vn 0.012589 0.711589 -0.702483
vn 0.012589 0.711589 -0.702483
vn 0.999839 -0.000000 0.017918
vn 0.999839 -0.000000 0.017918
vn 0.999839 -0.000000 0.017918
vn 0.999839 -0.000000 0.017918
vn 0.999839 -0.000000 0.017918
vn 0.999839 -0.000000 0.017918
vn -0.012589 -0.711589 0.702483
vn -0.012589 -0.711589 0.702483
vn -0.012589 -0.711589 0.702483
vn -0.012589 -0.711589 0.702483
vn -0.012589 -0.711589 0.702483
vn -0.012589 -0.711589 0.702483
vn -0.012589 0.711589 0.702483
vn -0.012589 0.711589 0.702483
vn -0.012589 0.711589 0.702483
vn -0.012589 0.711589 0.702483
vn -0.012589 0.711589 0.702483
vn -0.012589 0.711589 0.702483
vn 0.012589 -0.711589 -0.702483
vn 0.012589 -0.711589 -0.702483
vn 0.012589 -0.711589 -0.702483
vn 0.012589 -0.711589 -0.702483
vn 0.012589 -0.711589 -0.702483
vn 0.012589 -0.711589 -0.702483
vn -0.999839 0.000000 -0.017918
vn -0.999839 0.000000 -0.017918
vn -0.999839 0.000000 -0.017918
vn -0.999839 0.000000 -0.017918
vn -0.999839 0.000000 -0.017918
vn -0.999839 0.000000 -0.017918
vn 0.012589 0.711589 -0.702483
vn 0.012589 0.711589 -0.702483
vn 0.012589 0.711589 -0.702483
vn 0.012589 0.711589 -0.702483
vn 0.012589 0.711589 -0.702483
vn 0.012589 0.711589 -0.702483
vn 0.999839 -0.000000 0.017918
vn 0.999839 -0.000000 0.017918
vn 0.999839 -0.000000 0.017918
vn 0.999839 -0.000000 0.017918
vn 0.999839 -0.000000 0.017918
vn 0.999839 -0.000000 0.017918
vn -0.012589 -0.711589 0.702483
vn -0.012589 -0.711589 0.702483
vn -0.012589 -0.711589 0.702483
vn -0.012589 -0.711589 0.702483
vn -0.012589 -0.711589 0.702483
vn -0.012589 -0.711589 0.702483
vn -0.012589 0.711589 0.702483
vn -0.012589 0.711589 0.702483
vn -0.012589 0.711589 0.702483
vn -0.012589 0.711589 0.702483
vn -0.012589 0.711589 0.702483
vn -0.012589 0.711589 0.702483
vn 0.012589 -0.711589 -0.702483
vn 0.012589 -0.711589 -0.702483
vn 0.012589 -0.711589 -0.702483
vn 0.012589 -0.711589 -0.702483
vn 0.012589 -0.711589 -0.702483
vn 0.012589 -0.711589 -0.702483
vn -0.999840 0.000000 -0.017918
vn -0.999840 0.000000 -0.017918
vn -0.999840 0.000000 -0.017918
vn -0.999840 0.000000 -0.017918
vn -0.999840 0.000000 -0.017918
vn -0.999840 0.000000 -0.017918
vn -0.012589 0.711589 0.702483
vn -0.012589 0.711589 0.702483
vn -0.012589 0.711589 0.702483
vn -0.012589 0.711589 0.702483
vn -0.012589 0.711589 0.702483
vn -0.012589 0.711589 0.702483
vn 0.999840 -0.000000 0.017918
vn 0.999840 -0.000000 0.017918
vn 0.999840 -0.000000 0.017918
vn 0.999840 -0.000000 0.017918
vn 0.999840 -0.000000 0.017918
vn 0.999840 -0.000000 0.017918
vn 0.012589 -0.711589 -0.702483
vn 0.012589 -0.711589 -0.702483
vn 0.012589 -0.711589 -0.702483
vn 0.012589 -0.711589 -0.702483
vn 0.012589 -0.711589 -0.702483
vn 0.012589 -0.711589 -0.702483
vn -0.012589 -0.711589 0.702483
vn -0.012589 -0.711589 0.702483
vn -0.012589 -0.711589 0.702483
vn -0.012589 -0.711589 0.702483
vn -0.012589 -0.711589 0.702483
vn -0.012589 -0.711589 0.702483
vn 0.012589 0.711589 -0.702483
vn 0.012589 0.711589 -0.702483
vn 0.012589 0.711589 -0.702483
vn 0.012589 0.711589 -0.702483
vn 0.012589 0.711589 -0.702483
vn 0.012589 0.711589 -0.702483
vn -0.999840 0.000000 -0.017918
vn -0.999840 0.000000 -0.017918
vn -0.999840 0.000000 -0.017918
vn -0.999840 0.000000 -0.017918
vn -0.999840 0.000000 -0.017918
vn -0.999840 0.000000 -0.017918
vn -0.012589 0.711589 0.702483
vn -0.012589 0.711589 0.702483
vn -0.012589 0.711589 0.702483
vn -0.012589 0.711589 0.702483
vn -0.012589 0.711589 0.702483
vn -0.012589 0.711589 0.702483
vn 0.999840 -0.000000 0.017918
vn 0.999840 -0.000000 0.017918
vn 0.999840 -0.000000 0.017918
vn 0.999840 -0.000000 0.017918
vn 0.999840 -0.000000 0.017918
vn 0.999840 -0.000000 0.017918
vn 0.012589 -0.711589 -0.702483
vn 0.012589 -0.711589 -0.702483
vn 0.012589 -0.711589 -0.702483
vn 0.012589 -0.711589 -0.702483
vn 0.012589 -0.711589 -0.702483
vn 0.012589 -0.711589 -0.702483
vn -0.012589 -0.711589 0.702483
vn -0.012589 -0.711589 0.702483
vn -0.012589 -0.711589 0.702483
vn -0.012589 -0.711589 0.702483
vn -0.012589 -0.711589 0.702483
vn -0.012589 -0.711589 0.702483
vn 0.012589 0.711589 -0.702483
vn 0.012589 0.711589 -0.702483
vn 0.012589 0.711589 -0.702483
vn 0.012589 0.711589 -0.702483
vn 0.012589 0.711589 -0.702483
vn 0.012589 0.711589 -0.702483
vn -0.999840 -0.000000 -0.017918
vn -0.999840 -0.000000 -0.017918
vn -0.999840 -0.000000 -0.017918
vn -0.999840 -0.000000 -0.017918
vn -0.999840 -0.000000 -0.017918
vn -0.999840 -0.000000 -0.017918
vn 0.012589 0.711589 -0.702483
vn 0.012589 0.711589 -0.702483
vn 0.012589 0.711589 -0.702483
vn 0.012589 0.711589 -0.702483
vn 0.012589 0.711589 -0.702483
vn 0.012589 0.711589 -0.702483
vn 0.999840 0.000000 0.017918
vn 0.999840 0.000000 0.017918
vn 0.999840 0.000000 0.017918
vn 0.999840 0.000000 0.017918
vn 0.999840 0.000000 0.017918
vn 0.999840 0.000000 0.017918
vn -0.012589 -0.711589 0.702483
vn -0.012589 -0.711589 0.702483
vn -0.012589 -0.711589 0.702483
vn -0.012589 -0.711589 0.702483
vn -0.012589 -0.711589 0.702483
vn -0.012589 -0.711589 0.702483
vn -0.012589 0.711589 0.702483
vn -0.012589 0.711589 0.702483
vn -0.012589 0.711589 0.702483
vn -0.012589 0.711589 0.702483
vn -0.012589 0.711589 0.702483
vn -0.012589 0.711589 0.702483
vn 0.012589 -0.711589 -0.702483
vn 0.012589 -0.711589 -0.702483
vn 0.012589 -0.711589 -0.702483
vn 0.012589 -0.711589 -0.702483
vn 0.012589 -0.711589 -0.702483
vn 0.012589 -0.711589 -0.702483
vn -0.999840 0.000000 -0.017918
vn -0.999840 0.000000 -0.017918
vn -0.999840 0.000000 -0.017918
vn -0.999840 0.000000 -0.017918
vn -0.999840 0.000000 -0.017918
vn -0.999840 0.000000 -0.017918
vn 0.012589 0.711589 -0.702483
vn 0.012589 0.711589 -0.702483
vn 0.012589 0.711589 -0.702483
vn 0.012589 0.711589 -0.702483
vn 0.012589 0.711589 -0.702483
vn 0.012589 0.711589 -0.702483
vn 0.999840 0.000000 0.017918
vn 0.999840 0.000000 0.017918
vn 0.999840 0.000000 0.017918
vn 0.999840 0.000000 0.017918
vn 0.999840 0.000000 0.017918
vn 0.999840 0.000000 0.017918
vn -0.012589 -0.711589 0.702483
vn -0.012589 -0.711589 0.702483
vn -0.012589 -0.711589 0.702483
vn -0.012589 -0.711589 0.702483
vn -0.012589 -0.711589 0.702483
vn -0.012589 -0.711589 0.702483
vn -0.012589 0.711589 0.702483
vn -0.012589 0.711589 0.702483
vn -0.012589 0.711589 0.702483
vn -0.012589 0.711589 0.702483
vn -0.012589 0.711589 0.702483
vn -0.012589 0.711589 0.702483
vn 0.012589 -0.711589 -0.702483
vn 0.012589 -0.711589 -0.702483
vn 0.012589 -0.711589 -0.702483
vn 0.012589 -0.711589 -0.702483
vn 0.012589 -0.711589 -0.702483
vn 0.012589 -0.711589 -0.702483
vn -0.999840 0.000000 -0.017918
vn -0.999840 0.000000 -0.017918
vn -0.999840 0.000000 -0.017918
vn -0.999840 0.000000 -0.017918
vn -0.999840 0.000000 -0.017918
vn -0.999840 0.000000 -0.017918
vn 0.012589 0.711589 -0.702483
vn 0.012589 0.711589 -0.702483
vn 0.012589 0.711589 -0.702483
vn 0.012589 0.711589 -0.702483
vn 0.012589 0.711589 -0.702483
vn 0.012589 0.711589 -0.702483
vn 0.999840 0.000000 0.017918
vn 0.999840 0.000000 0.017918
vn 0.999840 0.000000 0.017918
vn 0.999840 0.000000 0.017918
vn 0.999840 0.000000 0.017918
vn 0.999840 0.000000 0.017918
vn -0.012589 -0.711589 0.702483
vn -0.012589 -0.711589 0.702483
vn -0.012589 -0.711589 0.702483
vn -0.012589 -0.711589 0.702483
vn -0.012589 -0.711589 0.702483
vn -0.012589 -0.711589 0.702483
vn -0.012589 0.711589 0.702483
vn -0.012589 0.711589 0.702483
vn -0.012589 0.711589 0.702483
vn -0.012589 0.711589 0.702483
vn -0.012589 0.711589 0.702483
vn -0.012589 0.711589 0.702483
vn 0.012589 -0.711589 -0.702483
vn 0.012589 -0.711589 -0.702483
vn 0.012589 -0.711589 -0.702483
vn 0.012589 -0.711589 -0.702483
vn 0.012589 -0.711589 -0.702483
vn 0.012589 -0.711589 -0.702483
vn -0.999840 0.000000 -0.017918
vn -0.999840 0.000000 -0.017918
vn -0.999840 0.000000 -0.017918
vn -0.999840 0.000000 -0.017918
vn -0.999840 0.000000 -0.017918
vn -0.999840 0.000000 -0.017918
vn -0.012589 0.711589 0.702483
vn -0.012589 0.711589 0.702483
vn -0.012589 0.711589 0.702483
vn -0.012589 0.711589 0.702483
vn -0.012589 0.711589 0.702483
vn -0.012589 0.711589 0.702483
vn 0.999840 -0.000000 0.017918
vn 0.999840 -0.000000 0.017918
vn 0.999840 -0.000000 0.017918
vn 0.999840 -0.000000 0.017918
vn 0.999840 -0.000000 0.017918
vn 0.999840 -0.000000 0.017918
vn 0.012589 -0.711589 -0.702483
vn 0.012589 -0.711589 -0.702483
vn 0.012589 -0.711589 -0.702483
vn 0.012589 -0.711589 -0.702483
vn 0.012589 -0.711589 -0.702483
vn 0.012589 -0.711589 -0.702483
vn -0.012589 -0.711589 0.702483
vn -0.012589 -0.711589 0.702483
vn -0.012589 -0.711589 0.702483
vn -0.012589 -0.711589 0.702483
vn -0.012589 -0.711589 0.702483
vn -0.012589 -0.711589 0.702483
vn 0.012589 0.711589 -0.702483
vn 0.012589 0.711589 -0.702483
vn 0.012589 0.711589 -0.702483
vn 0.012589 0.711589 -0.702483
vn 0.012589 0.711589 -0.702483
vn 0.012589 0.711589 -0.702483
vn -0.999840 0.000000 -0.017918
vn -0.999840 0.000000 -0.017918
vn -0.999840 0.000000 -0.017918
vn -0.999840 0.000000 -0.017918
vn -0.999840 0.000000 -0.017918
vn -0.999840 0.000000 -0.017918
vn -0.012589 0.711589 0.702483
vn -0.012589 0.711589 0.702483
vn -0.012589 0.711589 0.702483
vn -0.012589 0.711589 0.702483
vn -0.012589 0.711589 0.702483
vn -0.012589 0.711589 0.702483
vn 0.999840 0.000000 0.017918
vn 0.999840 0.000000 0.017918
vn 0.999840 0.000000 0.017918
vn 0.999840 0.000000 0.017918
vn 0.999840 0.000000 0.017918
vn 0.999840 0.000000 0.017918
vn 0.012589 -0.711589 -0.702483
vn 0.012589 -0.711589 -0.702483
vn 0.012589 -0.711589 -0.702483
vn 0.012589 -0.711589 -0.702483
vn 0.012589 -0.711589 -0.702483
vn 0.012589 -0.711589 -0.702483
vn -0.012589 -0.711589 0.702483
vn -0.012589 -0.711589 0.702483
vn -0.012589 -0.711589 0.702483
vn -0.012589 -0.711589 0.702483
vn -0.012589 -0.711589 0.702483
vn -0.012589 -0.711589 0.702483
vn 0.012589 0.711589 -0.702483
vn 0.012589 0.711589 -0.702483
vn 0.012589 0.711589 -0.702483
vn 0.012589 0.711589 -0.702483
vn 0.012589 0.711589 -0.702483
vn 0.012589 0.711589 -0.702483
vn -0.999839 0.000000 -0.017918
vn -0.999839 0.000000 -0.017918
vn -0.999839 0.000000 -0.017918
vn -0.999839 0.000000 -0.017918
vn -0.999839 0.000000 -0.017918
vn -0.999839 0.000000 -0.017918
vn 0.000000 1.000000 0.000000
vn 0.000000 1.000000 0.000000
vn 0.000000 1.000000 0.000000
vn 0.000000 1.000000 0.000000
vn 0.000000 1.000000 0.000000
vn 0.000000 1.000000 0.000000
vn 0.999839 0.000000 0.017918
vn 0.999839 0.000000 0.017918
vn 0.999839 0.000000 0.017918
vn 0.999839 0.000000 0.017918
vn 0.999839 0.000000 0.017918
vn 0.999839 0.000000 0.017918
vn 0.000000 -1.000000 0.000000
vn 0.000000 -1.000000 0.000000
vn 0.000000 -1.000000 0.000000
vn 0.000000 -1.000000 0.000000
vn 0.000000 -1.000000 0.000000
vn 0.000000 -1.000000 0.000000
vn -0.017918 0.000000 0.999840
vn -0.017918 0.000000 0.999840
vn -0.017918 0.000000 0.999840
vn -0.017918 0.000000 0.999840
vn -0.017918 0.000000 0.999840
vn -0.017918 0.000000 0.999840
vn 0.017918 0.000000 -0.999840
vn 0.017918 0.000000 -0.999840
vn 0.017918 0.000000 -0.999840
vn 0.017918 0.000000 -0.999840
vn 0.017918 0.000000 -0.999840
vn 0.017918 0.000000 -0.999840
vn -0.999839 0.000000 -0.017918
vn -0.999839 0.000000 -0.017918
vn -0.999839 0.000000 -0.017918
vn -0.999839 0.000000 -0.017918
vn -0.999839 0.000000 -0.017918
vn -0.999839 0.000000 -0.017918
vn 0.000000 1.000000 0.000000
vn 0.000000 1.000000 0.000000
vn 0.000000 1.000000 0.000000
vn 0.000000 1.000000 0.000000
vn 0.000000 1.000000 0.000000
vn 0.000000 1.000000 0.000000
vn 0.999839 0.000000 0.017918
vn 0.999839 0.000000 0.017918
vn 0.999839 0.000000 0.017918
vn 0.999839 0.000000 0.017918
vn 0.999839 0.000000 0.017918
vn 0.999839 0.000000 0.017918
vn 0.000000 -1.000000 0.000000
vn 0.000000 -1.000000 0.000000
vn 0.000000 -1.000000 0.000000
vn 0.000000 -1.000000 0.000000
vn 0.000000 -1.000000 0.000000
vn 0.000000 -1.000000 0.000000
vn -0.017918 0.000000 0.999840
vn -0.017918 0.000000 0.999840
vn -0.017918 0.000000 0.999840
vn -0.017918 0.000000 0.999840
vn -0.017918 0.000000 0.999840
vn -0.017918 0.000000 0.999840
vn 0.017918 0.000000 -0.999840
vn 0.017918 0.000000 -0.999840
vn 0.017918 0.000000 -0.999840
vn 0.017918 0.000000 -0.999840
vn 0.017918 0.000000 -0.999840
vn 0.017918 0.000000 -0.999840
vn -0.999840 0.000000 -0.017918
vn -0.999840 0.000000 -0.017918
vn -0.999840 0.000000 -0.017918
vn -0.999840 0.000000 -0.017918
vn -0.999840 0.000000 -0.017918
vn -0.999840 0.000000 -0.017918
vn 0.000000 1.000000 0.000000
vn 0.000000 1.000000 0.000000
vn 0.000000 1.000000 0.000000
vn 0.000000 1.000000 0.000000
vn 0.000000 1.000000 0.000000
vn 0.000000 1.000000 0.000000
vn 0.999840 0.000000 0.017918
vn 0.999840 0.000000 0.017918
vn 0.999840 0.000000 0.017918
vn 0.999840 0.000000 0.017918
vn 0.999840 0.000000 0.017918
vn 0.999840 0.000000 0.017918
vn 0.000000 -1.000000 0.000000
vn 0.000000 -1.000000 0.000000
vn 0.000000 -1.000000 0.000000
vn 0.000000 -1.000000 0.000000
vn 0.000000 -1.000000 0.000000
vn 0.000000 -1.000000 0.000000
vn -0.017918 0.000000 0.999840
vn -0.017918 0.000000 0.999840
vn -0.017918 0.000000 0.999840
vn -0.017918 0.000000 0.999840
vn -0.017918 0.000000 0.999840
vn -0.017918 0.000000 0.999840
vn 0.017918 0.000000 -0.999840
vn 0.017918 0.000000 -0.999840
vn 0.017918 0.000000 -0.999840
vn 0.017918 0.000000 -0.999840
vn 0.017918 0.000000 -0.999840
vn 0.017918 0.000000 -0.999840
vn -0.999840 0.000000 -0.017918
vn -0.999840 0.000000 -0.017918
vn -0.999840 0.000000 -0.017918
vn -0.999840 0.000000 -0.017918
vn -0.999840 0.000000 -0.017918
vn -0.999840 0.000000 -0.017918
vn 0.000000 1.000000 0.000000
vn 0.000000 1.000000 0.000000
vn 0.000000 1.000000 0.000000
vn 0.000000 1.000000 0.000000
vn 0.000000 1.000000 0.000000
vn 0.000000 1.000000 0.000000
vn 0.999840 0.000000 0.017918
vn 0.999840 0.000000 0.017918
vn 0.999840 0.000000 0.017918
vn 0.999840 0.000000 0.017918
vn 0.999840 0.000000 0.017918
vn 0.999840 0.000000 0.017918
vn 0.000000 -1.000000 0.000000
vn 0.000000 -1.000000 0.000000
vn 0.000000 -1.000000 0.000000
vn 0.000000 -1.000000 0.000000
vn 0.000000 -1.000000 0.000000
vn 0.000000 -1.000000 0.000000
vn -0.017918 0.000000 0.999840
vn -0.017918 0.000000 0.999840
vn -0.017918 0.000000 0.999840
vn -0.017918 0.000000 0.999840
vn -0.017918 0.000000 0.999840
vn -0.017918 0.000000 0.999840
vn 0.017918 0.000000 -0.999840
vn 0.017918 0.000000 -0.999840
vn 0.017918 0.000000 -0.999840
vn 0.017918 0.000000 -0.999840
vn 0.017918 0.000000 -0.999840
vn 0.017918 0.000000 -0.999840
vn -0.999839 0.000000 -0.017918
vn -0.999839 0.000000 -0.017918
vn -0.999839 0.000000 -0.017918
vn -0.999839 0.000000 -0.017918
vn -0.999839 0.000000 -0.017918
vn -0.999839 0.000000 -0.017918
vn 0.000000 1.000000 0.000000
vn 0.000000 1.000000 0.000000
vn 0.000000 1.000000 0.000000
vn 0.000000 1.000000 0.000000
vn 0.000000 1.000000 0.000000
vn 0.000000 1.000000 0.000000
vn 0.999839 0.000000 0.017918
vn 0.999839 0.000000 0.017918
vn 0.999839 0.000000 0.017918
vn 0.999839 0.000000 0.017918
vn 0.999839 0.000000 0.017918
vn 0.999839 0.000000 0.017918
vn 0.000000 -1.000000 0.000000
vn 0.000000 -1.000000 0.000000
vn 0.000000 -1.000000 0.000000
vn 0.000000 -1.000000 0.000000
vn 0.000000 -1.000000 0.000000
vn 0.000000 -1.000000 0.000000
vn -0.017918 0.000000 0.999840
vn -0.017918 0.000000 0.999840
vn -0.017918 0.000000 0.999840
vn -0.017918 0.000000 0.999840
vn -0.017918 0.000000 0.999840
vn -0.017918 0.000000 0.999840
vn 0.017918 0.000000 -0.999840
vn 0.017918 0.000000 -0.999840
vn 0.017918 0.000000 -0.999840
vn 0.017918 0.000000 -0.999840
vn 0.017918 0.000000 -0.999840
vn 0.017918 0.000000 -0.999840
vn -0.999839 0.000000 -0.017918
vn -0.999839 0.000000 -0.017918
vn -0.999839 0.000000 -0.017918
vn -0.999839 0.000000 -0.017918
vn -0.999839 0.000000 -0.017918
vn -0.999839 0.000000 -0.017918
vn 0.000000 1.000000 0.000000
vn 0.000000 1.000000 0.000000
vn 0.000000 1.000000 0.000000
vn 0.000000 1.000000 0.000000
vn 0.000000 1.000000 0.000000
vn 0.000000 1.000000 0.000000
vn 0.999839 0.000000 0.017918
vn 0.999839 0.000000 0.017918
vn 0.999839 0.000000 0.017918
vn 0.999839 0.000000 0.017918
vn 0.999839 0.000000 0.017918
vn 0.999839 0.000000 0.017918
vn 0.000000 -1.000000 0.000000
vn 0.000000 -1.000000 0.000000
vn 0.000000 -1.000000 0.000000
vn 0.000000 -1.000000 0.000000
vn 0.000000 -1.000000 0.000000
vn 0.000000 -1.000000 0.000000
vn -0.017918 0.000000 0.999840
vn -0.017918 0.000000 0.999840
vn -0.017918 0.000000 0.999840
vn -0.017918 0.000000 0.999840
vn -0.017918 0.000000 0.999840
vn -0.017918 0.000000 0.999840
vn 0.017918 0.000000 -0.999840
vn 0.017918 0.000000 -0.999840
vn 0.017918 0.000000 -0.999840
vn 0.017918 0.000000 -0.999840
vn 0.017918 0.000000 -0.999840
vn 0.017918 0.000000 -0.999840
vn -0.999839 0.000000 -0.017918
vn -0.999839 0.000000 -0.017918
vn -0.999839 0.000000 -0.017918
vn -0.999839 0.000000 -0.017918
vn -0.999839 0.000000 -0.017918
vn -0.999839 0.000000 -0.017918
vn 0.000000 1.000000 0.000000
vn 0.000000 1.000000 0.000000
vn 0.000000 1.000000 0.000000
vn 0.000000 1.000000 0.000000
vn 0.000000 1.000000 0.000000
vn 0.000000 1.000000 0.000000
vn 0.999839 0.000000 0.017918
vn 0.999839 0.000000 0.017918
vn 0.999839 0.000000 0.017918
vn 0.999839 0.000000 0.017918
vn 0.999839 0.000000 0.017918
vn 0.999839 0.000000 0.017918
vn 0.000000 -1.000000 0.000000
vn 0.000000 -1.000000 0.000000
vn 0.000000 -1.000000 0.000000
vn 0.000000 -1.000000 0.000000
vn 0.000000 -1.000000 0.000000
vn 0.000000 -1.000000 0.000000
vn -0.017918 0.000000 0.999839
vn -0.017918 0.000000 0.999839
vn -0.017918 0.000000 0.999839
vn -0.017918 0.000000 0.999839
vn -0.017918 0.000000 0.999839
vn -0.017918 0.000000 0.999839
vn 0.017918 0.000000 -0.999839
vn 0.017918 0.000000 -0.999839
vn 0.017918 0.000000 -0.999839
vn 0.017918 0.000000 -0.999839
vn 0.017918 0.000000 -0.999839
vn 0.017918 0.000000 -0.999839
vn -0.999839 0.000000 -0.017918
vn -0.999839 0.000000 -0.017918
vn -0.999839 0.000000 -0.017918
vn -0.999839 0.000000 -0.017918
vn -0.999839 0.000000 -0.017918
vn -0.999839 0.000000 -0.017918
vn 0.000000 1.000000 0.000000
vn 0.000000 1.000000 0.000000
vn 0.000000 1.000000 0.000000
vn 0.000000 1.000000 0.000000
vn 0.000000 1.000000 0.000000
vn 0.000000 1.000000 0.000000
vn 0.999839 0.000000 0.017918
vn 0.999839 0.000000 0.017918
vn 0.999839 0.000000 0.017918
vn 0.999839 0.000000 0.017918
vn 0.999839 0.000000 0.017918
vn 0.999839 0.000000 0.017918
vn 0.000000 -1.000000 0.000000
vn 0.000000 -1.000000 0.000000
vn 0.000000 -1.000000 0.000000
vn 0.000000 -1.000000 0.000000
vn 0.000000 -1.000000 0.000000
vn 0.000000 -1.000000 0.000000
vn -0.017918 0.000000 0.999839
vn -0.017918 0.000000 0.999839
vn -0.017918 0.000000 0.999839
vn -0.017918 0.000000 0.999839
vn -0.017918 0.000000 0.999839
vn -0.017918 0.000000 0.999839
vn 0.017918 0.000000 -0.999839
vn 0.017918 0.000000 -0.999839
vn 0.017918 0.000000 -0.999839
vn 0.017918 0.000000 -0.999839
vn 0.017918 0.000000 -0.999839
vn 0.017918 0.000000 -0.999839
vn -0.999839 0.000000 -0.017918
vn -0.999839 0.000000 -0.017918
vn -0.999839 0.000000 -0.017918
vn -0.999839 0.000000 -0.017918
vn -0.999839 0.000000 -0.017918
vn -0.999839 0.000000 -0.017918
vn 0.000000 1.000000 0.000000
vn 0.000000 1.000000 0.000000
vn 0.000000 1.000000 0.000000
vn 0.000000 1.000000 0.000000
vn 0.000000 1.000000 0.000000
vn 0.000000 1.000000 0.000000
vn 0.999839 0.000000 0.017918
vn 0.999839 0.000000 0.017918
vn 0.999839 0.000000 0.017918
vn 0.999839 0.000000 0.017918
vn 0.999839 0.000000 0.017918
vn 0.999839 0.000000 0.017918
vn 0.000000 -1.000000 0.000000
vn 0.000000 -1.000000 0.000000
vn 0.000000 -1.000000 0.000000
vn 0.000000 -1.000000 0.000000
vn 0.000000 -1.000000 0.000000
vn 0.000000 -1.000000 0.000000
vn -0.017918 0.000000 0.999839
vn -0.017918 0.000000 0.999839
vn -0.017918 0.000000 0.999839
vn -0.017918 0.000000 0.999839
vn -0.017918 0.000000 0.999839
vn -0.017918 0.000000 0.999839
vn 0.017918 0.000000 -0.999839
vn 0.017918 0.000000 -0.999839
vn 0.017918 0.000000 -0.999839
vn 0.017918 0.000000 -0.999839
vn 0.017918 0.000000 -0.999839
vn 0.017918 0.000000 -0.999839
vn -0.999839 0.000000 -0.017918
vn -0.999839 0.000000 -0.017918
vn -0.999839 0.000000 -0.017918
vn -0.999839 0.000000 -0.017918
vn -0.999839 0.000000 -0.017918
vn -0.999839 0.000000 -0.017918
vn 0.000000 1.000000 0.000000
vn 0.000000 1.000000 0.000000
vn 0.000000 1.000000 0.000000
vn 0.000000 1.000000 0.000000
vn 0.000000 1.000000 0.000000
vn 0.000000 1.000000 0.000000
vn 0.999839 0.000000 0.017918
vn 0.999839 0.000000 0.017918
vn 0.999839 0.000000 0.017918
vn 0.999839 0.000000 0.017918
vn 0.999839 0.000000 0.017918
vn 0.999839 0.000000 0.017918
vn 0.000000 -1.000000 0.000000
vn 0.000000 -1.000000 0.000000
vn 0.000000 -1.000000 0.000000
vn 0.000000 -1.000000 0.000000
vn 0.000000 -1.000000 0.000000
vn 0.000000 -1.000000 0.000000
vn -0.017918 0.000000 0.999839
vn -0.017918 0.000000 0.999839
vn -0.017918 0.000000 0.999839
vn -0.017918 0.000000 0.999839
vn -0.017918 0.000000 0.999839
vn -0.017918 0.000000 0.999839
vn 0.017918 0.000000 -0.999839
vn 0.017918 0.000000 -0.999839
vn 0.017918 0.000000 -0.999839
vn 0.017918 0.000000 -0.999839
vn 0.017918 0.000000 -0.999839
vn 0.017918 0.000000 -0.999839
vn -0.999839 -0.000000 -0.017918
vn -0.999839 -0.000000 -0.017918
vn -0.999839 -0.000000 -0.017918
vn -0.999839 -0.000000 -0.017918
vn -0.999839 -0.000000 -0.017918
vn -0.999839 -0.000000 -0.017918
vn 0.012589 0.711589 -0.702483
vn 0.012589 0.711589 -0.702483
vn 0.012589 0.711589 -0.702483
vn 0.012589 0.711589 -0.702483
vn 0.012589 0.711589 -0.702483
vn 0.012589 0.711589 -0.702483
vn 0.999839 0.000000 0.017918
vn 0.999839 0.000000 0.017918
vn 0.999839 0.000000 0.017918
vn 0.999839 0.000000 0.017918
vn 0.999839 0.000000 0.017918
vn 0.999839 0.000000 0.017918
vn -0.012589 -0.711589 0.702483
vn -0.012589 -0.711589 0.702483
vn -0.012589 -0.711589 0.702483
vn -0.012589 -0.711589 0.702483
vn -0.012589 -0.711589 0.702483
vn -0.012589 -0.711589 0.702483
vn -0.012589 0.711589 0.702483
vn -0.012589 0.711589 0.702483
vn -0.012589 0.711589 0.702483
vn -0.012589 0.711589 0.702483
vn -0.012589 0.711589 0.702483
vn -0.012589 0.711589 0.702483
vn 0.012589 -0.711589 -0.702483
vn 0.012589 -0.711589 -0.702483
vn 0.012589 -0.711589 -0.702483
vn 0.012589 -0.711589 -0.702483
vn 0.012589 -0.711589 -0.702483
vn 0.012589 -0.711589 -0.702483
vn -0.999839 0.000000 -0.017918
vn -0.999839 0.000000 -0.017918
vn -0.999839 0.000000 -0.017918
vn -0.999839 0.000000 -0.017918
vn -0.999839 0.000000 -0.017918
vn -0.999839 0.000000 -0.017918
vn -0.012589 0.711589 0.702483
vn -0.012589 0.711589 0.702483
vn -0.012589 0.711589 0.702483
vn -0.012589 0.711589 0.702483
vn -0.012589 0.711589 0.702483
vn -0.012589 0.711589 0.702483
vn 0.999839 -0.000000 0.017918
vn 0.999839 -0.000000 0.017918
vn 0.999839 -0.000000 0.017918
vn 0.999839 -0.000000 0.017918
vn 0.999839 -0.000000 0.017918
vn 0.999839 -0.000000 0.017918
vn 0.012589 -0.711589 -0.702483
vn 0.012589 -0.711589 -0.702483
vn 0.012589 -0.711589 -0.702483
vn 0.012589 -0.711589 -0.702483
vn 0.012589 -0.711589 -0.702483
vn 0.012589 -0.711589 -0.702483
vn -0.012589 -0.711589 0.702483
vn -0.012589 -0.711589 0.702483
vn -0.012589 -0.711589 0.702483
vn -0.012589 -0.711589 0.702483
vn -0.012589 -0.711589 0.702483
vn -0.012589 -0.711589 0.702483
vn 0.012589 0.711589 -0.702483
vn 0.012589 0.711589 -0.702483
vn 0.012589 0.711589 -0.702483
vn 0.012589 0.711589 -0.702483
vn 0.012589 0.711589 -0.702483
vn 0.012589 0.711589 -0.702483
vn -0.999840 -0.000000 -0.017918
vn -0.999840 -0.000000 -0.017918
vn -0.999840 -0.000000 -0.017918
vn -0.999840 -0.000000 -0.017918
vn -0.999840 -0.000000 -0.017918
vn -0.999840 -0.000000 -0.017918
vn 0.012589 0.711589 -0.702483
vn 0.012589 0.711589 -0.702483
vn 0.012589 0.711589 -0.702483
vn 0.012589 0.711589 -0.702483
vn 0.012589 0.711589 -0.702483
vn 0.012589 0.711589 -0.702483
vn 0.999840 0.000000 0.017918
vn 0.999840 0.000000 0.017918
vn 0.999840 0.000000 0.017918
vn 0.999840 0.000000 0.017918
vn 0.999840 0.000000 0.017918
vn 0.999840 0.000000 0.017918
vn -0.012589 -0.711589 0.702483
vn -0.012589 -0.711589 0.702483
vn -0.012589 -0.711589 0.702483
vn -0.012589 -0.711589 0.702483
vn -0.012589 -0.711589 0.702483
vn -0.012589 -0.711589 0.702483
vn -0.012589 0.711589 0.702483
vn -0.012589 0.711589 0.702483
vn -0.012589 0.711589 0.702483
vn -0.012589 0.711589 0.702483
vn -0.012589 0.711589 0.702483
vn -0.012589 0.711589 0.702483
vn 0.012589 -0.711589 -0.702483
vn 0.012589 -0.711589 -0.702483
vn 0.012589 -0.711589 -0.702483
vn 0.012589 -0.711589 -0.702483
vn 0.012589 -0.711589 -0.702483
vn 0.012589 -0.711589 -0.702483
vn -0.999840 0.000000 -0.017918
vn -0.999840 0.000000 -0.017918
vn -0.999840 0.000000 -0.017918
vn -0.999840 0.000000 -0.017918
vn -0.999840 0.000000 -0.017918
vn -0.999840 0.000000 -0.017918
vn -0.012589 0.711589 0.702483
vn -0.012589 0.711589 0.702483
vn -0.012589 0.711589 0.702483
vn -0.012589 0.711589 0.702483
vn -0.012589 0.711589 0.702483
vn -0.012589 0.711589 0.702483
vn 0.999840 -0.000000 0.017918
vn 0.999840 -0.000000 0.017918
vn 0.999840 -0.000000 0.017918
vn 0.999840 -0.000000 0.017918
vn 0.999840 -0.000000 0.017918
vn 0.999840 -0.000000 0.017918
vn 0.012589 -0.711589 -0.702483
vn 0.012589 -0.711589 -0.702483
vn 0.012589 -0.711589 -0.702483
vn 0.012589 -0.711589 -0.702483
vn 0.012589 -0.711589 -0.702483
vn 0.012589 -0.711589 -0.702483
vn -0.012589 -0.711589 0.702483
vn -0.012589 -0.711589 0.702483
vn -0.012589 -0.711589 0.702483
vn -0.012589 -0.711589 0.702483
vn -0.012589 -0.711589 0.702483
vn -0.012589 -0.711589 0.702483
vn 0.012589 0.711589 -0.702483
vn 0.012589 0.711589 -0.702483
vn 0.012589 0.711589 -0.702483
vn 0.012589 0.711589 -0.702483
vn 0.012589 0.711589 -0.702483
vn 0.012589 0.711589 -0.702483
vn -0.999840 0.000000 -0.017918
vn -0.999840 0.000000 -0.017918
vn -0.999840 0.000000 -0.017918
vn -0.999840 0.000000 -0.017918
vn -0.999840 0.000000 -0.017918
vn -0.999840 0.000000 -0.017918
vn 0.012589 0.711589 -0.702483
vn 0.012589 0.711589 -0.702483
vn 0.012589 0.711589 -0.702483
vn 0.012589 0.711589 -0.702483
vn 0.012589 0.711589 -0.702483
vn 0.012589 0.711589 -0.702483
vn 0.999840 -0.000000 0.017918
vn 0.999840 -0.000000 0.017918
vn 0.999840 -0.000000 0.017918
vn 0.999840 -0.000000 0.017918
vn 0.999840 -0.000000 0.017918
vn 0.999840 -0.000000 0.017918
vn -0.012589 -0.711589 0.702483
vn -0.012589 -0.711589 0.702483
vn -0.012589 -0.711589 0.702483
vn -0.012589 -0.711589 0.702483
vn -0.012589 -0.711589 0.702483
vn -0.012589 -0.711589 0.702483
vn -0.012589 0.711589 0.702483
vn -0.012589 0.711589 0.702483
vn -0.012589 0.711589 0.702483
vn -0.012589 0.711589 0.702483
vn -0.012589 0.711589 0.702483
vn -0.012589 0.711589 0.702483
vn 0.012589 -0.711589 -0.702483
vn 0.012589 -0.711589 -0.702483
vn 0.012589 -0.711589 -0.702483
vn 0.012589 -0.711589 -0.702483
vn 0.012589 -0.711589 -0.702483
vn 0.012589 -0.711589 -0.702483
vn -0.999839 0.000000 -0.017918
vn -0.999839 0.000000 -0.017918
vn -0.999839 0.000000 -0.017918
vn -0.999839 0.000000 -0.017918
vn -0.999839 0.000000 -0.017918
vn -0.999839 0.000000 -0.017918
vn 0.012589 0.711589 -0.702483
vn 0.012589 0.711589 -0.702483
vn 0.012589 0.711589 -0.702483
vn 0.012589 0.711589 -0.702483
vn 0.012589 0.711589 -0.702483
vn 0.012589 0.711589 -0.702483
vn 0.999839 -0.000000 0.017918
vn 0.999839 -0.000000 0.017918
vn 0.999839 -0.000000 0.017918
vn 0.999839 -0.000000 0.017918
vn 0.999839 -0.000000 0.017918
vn 0.999839 -0.000000 0.017918
vn -0.012589 -0.711589 0.702483
vn -0.012589 -0.711589 0.702483
vn -0.012589 -0.711589 0.702483
vn -0.012589 -0.711589 0.702483
vn -0.012589 -0.711589 0.702483
vn -0.012589 -0.711589 0.702483
vn -0.012589 0.711589 0.702483
vn -0.012589 0.711589 0.702483
vn -0.012589 0.711589 0.702483
vn -0.012589 0.711589 0.702483
vn -0.012589 0.711589 0.702483
vn -0.012589 0.711589 0.702483
vn 0.012589 -0.711589 -0.702483
vn 0.012589 -0.711589 -0.702483
vn 0.012589 -0.711589 -0.702483
vn 0.012589 -0.711589 -0.702483
vn 0.012589 -0.711589 -0.702483
vn 0.012589 -0.711589 -0.702483
vn -0.999840 0.000000 -0.017918
vn -0.999840 0.000000 -0.017918
vn -0.999840 0.000000 -0.017918
vn -0.999840 0.000000 -0.017918
vn -0.999840 0.000000 -0.017918
vn -0.999840 0.000000 -0.017918
vn -0.012589 0.711589 0.702483
vn -0.012589 0.711589 0.702483
vn -0.012589 0.711589 0.702483
vn -0.012589 0.711589 0.702483
vn -0.012589 0.711589 0.702483
vn -0.012589 0.711589 0.702483
vn 0.999840 -0.000000 0.017918
vn 0.999840 -0.000000 0.017918
vn 0.999840 -0.000000 0.017918
vn 0.999840 -0.000000 0.017918
vn 0.999840 -0.000000 0.017918
vn 0.999840 -0.000000 0.017918
vn 0.012589 -0.711589 -0.702483
vn 0.012589 -0.711589 -0.702483
vn 0.012589 -0.711589 -0.702483
vn 0.012589 -0.711589 -0.702483
vn 0.012589 -0.711589 -0.702483
vn 0.012589 -0.711589 -0.702483
vn -0.012589 -0.711589 0.702483
vn -0.012589 -0.711589 0.702483
vn -0.012589 -0.711589 0.702483
vn -0.012589 -0.711589 0.702483
vn -0.012589 -0.711589 0.702483
vn -0.012589 -0.711589 0.702483
vn 0.012589 0.711589 -0.702483
vn 0.012589 0.711589 -0.702483
vn 0.012589 0.711589 -0.702483
vn 0.012589 0.711589 -0.702483
vn 0.012589 0.711589 -0.702483
vn 0.012589 0.711589 -0.702483
vn -0.999840 0.000000 -0.017918
vn -0.999840 0.000000 -0.017918
vn -0.999840 0.000000 -0.017918
vn -0.999840 0.000000 -0.017918
vn -0.999840 0.000000 -0.017918
vn -0.999840 0.000000 -0.017918
vn -0.012589 0.711589 0.702483
vn -0.012589 0.711589 0.702483
vn -0.012589 0.711589 0.702483
vn -0.012589 0.711589 0.702483
vn -0.012589 0.711589 0.702483
vn -0.012589 0.711589 0.702483
vn 0.999840 -0.000000 0.017918
vn 0.999840 -0.000000 0.017918
vn 0.999840 -0.000000 0.017918
vn 0.999840 -0.000000 0.017918
vn 0.999840 -0.000000 0.017918
vn 0.999840 -0.000000 0.017918
vn 0.012589 -0.711589 -0.702483
vn 0.012589 -0.711589 -0.702483
vn 0.012589 -0.711589 -0.702483
vn 0.012589 -0.711589 -0.702483
vn 0.012589 -0.711589 -0.702483
vn 0.012589 -0.711589 -0.702483
vn -0.012589 -0.711589 0.702483
vn -0.012589 -0.711589 0.702483
vn -0.012589 -0.711589 0.702483
vn -0.012589 -0.711589 0.702483
vn -0.012589 -0.711589 0.702483
vn -0.012589 -0.711589 0.702483
vn 0.012589 0.711589 -0.702483
vn 0.012589 0.711589 -0.702483
vn 0.012589 0.711589 -0.702483
vn 0.012589 0.711589 -0.702483
vn 0.012589 0.711589 -0.702483
vn 0.012589 0.711589 -0.702483
vn -0.999840 -0.000000 -0.017918
vn -0.999840 -0.000000 -0.017918
vn -0.999840 -0.000000 -0.017918
vn -0.999840 -0.000000 -0.017918
vn -0.999840 -0.000000 -0.017918
vn -0.999840 -0.000000 -0.017918
vn 0.012589 0.711589 -0.702483
vn 0.012589 0.711589 -0.702483
vn 0.012589 0.711589 -0.702483
vn 0.012589 0.711589 -0.702483
vn 0.012589 0.711589 -0.702483
vn 0.012589 0.711589 -0.702483
vn 0.999840 0.000000 0.017918
vn 0.999840 0.000000 0.017918
vn 0.999840 0.000000 0.017918
vn 0.999840 0.000000 0.017918
vn 0.999840 0.000000 0.017918
vn 0.999840 0.000000 0.017918
vn -0.012589 -0.711589 0.702483
vn -0.012589 -0.711589 0.702483
vn -0.012589 -0.711589 0.702483
vn -0.012589 -0.711589 0.702483
vn -0.012589 -0.711589 0.702483
vn -0.012589 -0.711589 0.702483
vn -0.012589 0.711589 0.702483
vn -0.012589 0.711589 0.702483
vn -0.012589 0.711589 0.702483
vn -0.012589 0.711589 0.702483
vn -0.012589 0.711589 0.702483
vn -0.012589 0.711589 0.702483
vn 0.012589 -0.711589 -0.702483
vn 0.012589 -0.711589 -0.702483
vn 0.012589 -0.711589 -0.702483
vn 0.012589 -0.711589 -0.702483
vn 0.012589 -0.711589 -0.702483
vn 0.012589 -0.711589 -0.702483
vn -0.999840 0.000000 -0.017918
vn -0.999840 0.000000 -0.017918
vn -0.999840 0.000000 -0.017918
vn -0.999840 0.000000 -0.017918
vn -0.999840 0.000000 -0.017918
vn -0.999840 0.000000 -0.017918
vn -0.012589 0.711589 0.702483
vn -0.012589 0.711589 0.702483
vn -0.012589 0.711589 0.702483
vn -0.012589 0.711589 0.702483
vn -0.012589 0.711589 0.702483
vn -0.012589 0.711589 0.702483
vn 0.999840 -0.000000 0.017918
vn 0.999840 -0.000000 0.017918
vn 0.999840 -0.000000 0.017918
vn 0.999840 -0.000000 0.017918
vn 0.999840 -0.000000 0.017918
vn 0.999840 -0.000000 0.017918
vn 0.012589 -0.711589 -0.702483
vn 0.012589 -0.711589 -0.702483
vn 0.012589 -0.711589 -0.702483
vn 0.012589 -0.711589 -0.702483
vn 0.012589 -0.711589 -0.702483
vn 0.012589 -0.711589 -0.702483
vn -0.012589 -0.711589 0.702483
vn -0.012589 -0.711589 0.702483
vn -0.012589 -0.711589 0.702483
vn -0.012589 -0.711589 0.702483
vn -0.012589 -0.711589 0.702483
vn -0.012589 -0.711589 0.702483
vn 0.012589 0.711589 -0.702483
vn 0.012589 0.711589 -0.702483
vn 0.012589 0.711589 -0.702483
vn 0.012589 0.711589 -0.702483
vn 0.012589 0.711589 -0.702483
vn 0.012589 0.711589 -0.702483
vn -0.999839 0.000000 -0.017918
vn -0.999839 0.000000 -0.017918
vn -0.999839 0.000000 -0.017918
vn -0.999839 0.000000 -0.017918
vn -0.999839 0.000000 -0.017918
vn -0.999839 0.000000 -0.017918
vn 0.000000 1.000000 0.000000
vn 0.000000 1.000000 0.000000
vn 0.000000 1.000000 0.000000
vn 0.000000 1.000000 0.000000
vn 0.000000 1.000000 0.000000
vn 0.000000 1.000000 0.000000
vn 0.999839 0.000000 0.017918
vn 0.999839 0.000000 0.017918
vn 0.999839 0.000000 0.017918
vn 0.999839 0.000000 0.017918
vn 0.999839 0.000000 0.017918
vn 0.999839 0.000000 0.017918
vn 0.000000 -1.000000 0.000000
vn 0.000000 -1.000000 0.000000
vn 0.000000 -1.000000 0.000000
vn 0.000000 -1.000000 0.000000
vn 0.000000 -1.000000 0.000000
vn 0.000000 -1.000000 0.000000
vn -0.017918 0.000000 0.999840
vn -0.017918 0.000000 0.999840
vn -0.017918 0.000000 0.999840
vn -0.017918 0.000000 0.999840
vn -0.017918 0.000000 0.999840
vn -0.017918 0.000000 0.999840
vn 0.017918 0.000000 -0.999840
vn 0.017918 0.000000 -0.999840
vn 0.017918 0.000000 -0.999840
vn 0.017918 0.000000 -0.999840
vn 0.017918 0.000000 -0.999840
vn 0.017918 0.000000 -0.999840
vn -0.999839 0.000000 -0.017918
vn -0.999839 0.000000 -0.017918
vn -0.999839 0.000000 -0.017918
vn -0.999839 0.000000 -0.017918
vn -0.999839 0.000000 -0.017918
vn -0.999839 0.000000 -0.017918
vn 0.000000 1.000000 0.000000
vn 0.000000 1.000000 0.000000
vn 0.000000 1.000000 0.000000
vn 0.000000 1.000000 0.000000
vn 0.000000 1.000000 0.000000
vn 0.000000 1.000000 0.000000
vn 0.999839 0.000000 0.017918
vn 0.999839 0.000000 0.017918
vn 0.999839 0.000000 0.017918
vn 0.999839 0.000000 0.017918
vn 0.999839 0.000000 0.017918
vn 0.999839 0.000000 0.017918
vn 0.000000 -1.000000 0.000000
vn 0.000000 -1.000000 0.000000
vn 0.000000 -1.000000 0.000000
vn 0.000000 -1.000000 0.000000
vn 0.000000 -1.000000 0.000000
vn 0.000000 -1.000000 0.000000
vn -0.017918 0.000000 0.999840
vn -0.017918 0.000000 0.999840
vn -0.017918 0.000000 0.999840
vn -0.017918 0.000000 0.999840
vn -0.017918 0.000000 0.999840
vn -0.017918 0.000000 0.999840
vn 0.017918 0.000000 -0.999840
vn 0.017918 0.000000 -0.999840
vn 0.017918 0.000000 -0.999840
vn 0.017918 0.000000 -0.999840
vn 0.017918 0.000000 -0.999840
vn 0.017918 0.000000 -0.999840
vn -0.999839 0.000000 -0.017918
vn -0.999839 0.000000 -0.017918
vn -0.999839 0.000000 -0.017918
vn -0.999839 0.000000 -0.017918
vn -0.999839 0.000000 -0.017918
vn -0.999839 0.000000 -0.017918
vn 0.000000 1.000000 0.000000
vn 0.000000 1.000000 0.000000
vn 0.000000 1.000000 0.000000
vn 0.000000 1.000000 0.000000
vn 0.000000 1.000000 0.000000
vn 0.000000 1.000000 0.000000
vn 0.999839 0.000000 0.017918
vn 0.999839 0.000000 0.017918
vn 0.999839 0.000000 0.017918
vn 0.999839 0.000000 0.017918
vn 0.999839 0.000000 0.017918
vn 0.999839 0.000000 0.017918
vn 0.000000 -1.000000 0.000000
vn 0.000000 -1.000000 0.000000
vn 0.000000 -1.000000 0.000000
vn 0.000000 -1.000000 0.000000
vn 0.000000 -1.000000 0.000000
vn 0.000000 -1.000000 0.000000
vn -0.017918 0.000000 0.999840
vn -0.017918 0.000000 0.999840
vn -0.017918 0.000000 0.999840
vn -0.017918 0.000000 0.999840
vn -0.017918 0.000000 0.999840
vn -0.017918 0.000000 0.999840
vn 0.017918 0.000000 -0.999840
vn 0.017918 0.000000 -0.999840
vn 0.017918 0.000000 -0.999840
vn 0.017918 0.000000 -0.999840
vn 0.017918 0.000000 -0.999840
vn 0.017918 0.000000 -0.999840
vn -0.999839 0.000000 -0.017918
vn -0.999839 0.000000 -0.017918
vn -0.999839 0.000000 -0.017918
vn -0.999839 0.000000 -0.017918
vn -0.999839 0.000000 -0.017918
vn -0.999839 0.000000 -0.017918
vn 0.000000 1.000000 0.000000
vn 0.000000 1.000000 0.000000
vn 0.000000 1.000000 0.000000
vn 0.000000 1.000000 0.000000
vn 0.000000 1.000000 0.000000
vn 0.000000 1.000000 0.000000
vn 0.999839 0.000000 0.017918
vn 0.999839 0.000000 0.017918
vn 0.999839 0.000000 0.017918
vn 0.999839 0.000000 0.017918
vn 0.999839 0.000000 0.017918
vn 0.999839 0.000000 0.017918
vn 0.000000 -1.000000 0.000000
vn 0.000000 -1.000000 0.000000
vn 0.000000 -1.000000 0.000000
vn 0.000000 -1.000000 0.000000
vn 0.000000 -1.000000 0.000000
vn 0.000000 -1.000000 0.000000
vn -0.017918 0.000000 0.999840
vn -0.017918 0.000000 0.999840
vn -0.017918 0.000000 0.999840
vn -0.017918 0.000000 0.999840
vn -0.017918 0.000000 0.999840
vn -0.017918 0.000000 0.999840
vn 0.017918 0.000000 -0.999840
vn 0.017918 0.000000 -0.999840
vn 0.017918 0.000000 -0.999840
vn 0.017918 0.000000 -0.999840
vn 0.017918 0.000000 -0.999840
vn 0.017918 0.000000 -0.999840
vn 0.000000 0.000000 1.000000
vn 0.000000 0.000000 1.000000
vn 0.000000 0.000000 1.000000
vn 0.000000 0.000000 1.000000
vn 0.000000 0.000000 1.000000
vn 0.000000 0.000000 1.000000
vn 0.000000 1.000000 0.000000
vn 0.000000 1.000000 0.000000
vn 0.000000 1.000000 0.000000
vn 0.000000 1.000000 0.000000
vn 0.000000 1.000000 0.000000
vn 0.000000 1.000000 0.000000
vn 0.000000 0.000000 -1.000000
vn 0.000000 0.000000 -1.000000
vn 0.000000 0.000000 -1.000000
vn 0.000000 0.000000 -1.000000
vn 0.000000 0.000000 -1.000000
vn 0.000000 0.000000 -1.000000
vn 0.000000 -1.000000 0.000000
vn 0.000000 -1.000000 0.000000
vn 0.000000 -1.000000 0.000000
vn 0.000000 -1.000000 0.000000
vn 0.000000 -1.000000 0.000000
vn 0.000000 -1.000000 0.000000
vn 1.000000 0.000000 0.000000
vn 1.000000 0.000000 0.000000
vn 1.000000 0.000000 0.000000
vn 1.000000 0.000000 0.000000
vn 1.000000 0.000000 0.000000
vn 1.000000 0.000000 0.000000
vn -1.000000 0.000000 0.000000
vn -1.000000 0.000000 0.000000
vn -1.000000 0.000000 0.000000
vn -1.000000 0.000000 0.000000
vn -1.000000 0.000000 0.000000
vn -1.000000 0.000000 0.000000
vn 0.000000 0.000000 1.000000
vn 0.000000 0.000000 1.000000
vn 0.000000 0.000000 1.000000
vn 0.000000 0.000000 1.000000
vn 0.000000 0.000000 1.000000
vn 0.000000 0.000000 1.000000
vn 0.000000 1.000000 0.000000
vn 0.000000 1.000000 0.000000
vn 0.000000 1.000000 0.000000
vn 0.000000 1.000000 0.000000
vn 0.000000 1.000000 0.000000
vn 0.000000 1.000000 0.000000
vn 0.000000 0.000000 -1.000000
vn 0.000000 0.000000 -1.000000
vn 0.000000 0.000000 -1.000000
vn 0.000000 0.000000 -1.000000
vn 0.000000 0.000000 -1.000000
vn 0.000000 0.000000 -1.000000
vn 0.000000 -1.000000 0.000000
vn 0.000000 -1.000000 0.000000
vn 0.000000 -1.000000 0.000000
vn 0.000000 -1.000000 0.000000
vn 0.000000 -1.000000 0.000000
vn 0.000000 -1.000000 0.000000
vn 1.000000 0.000000 0.000000
vn 1.000000 0.000000 0.000000
vn 1.000000 0.000000 0.000000
vn 1.000000 0.000000 0.000000
vn 1.000000 0.000000 0.000000
vn 1.000000 0.000000 0.000000
vn -1.000000 0.000000 0.000000
vn -1.000000 0.000000 0.000000
vn -1.000000 0.000000 0.000000
vn -1.000000 0.000000 0.000000
vn -1.000000 0.000000 0.000000
vn -1.000000 0.000000 0.000000
vn 0.000000 0.000000 1.000000
vn 0.000000 0.000000 1.000000
vn 0.000000 0.000000 1.000000
vn 0.000000 0.000000 1.000000
vn 0.000000 0.000000 1.000000
vn 0.000000 0.000000 1.000000
vn 0.000000 1.000000 0.000000
vn 0.000000 1.000000 0.000000
vn 0.000000 1.000000 0.000000
vn 0.000000 1.000000 0.000000
vn 0.000000 1.000000 0.000000
vn 0.000000 1.000000 0.000000
vn 0.000000 0.000000 -1.000000
vn 0.000000 0.000000 -1.000000
vn 0.000000 0.000000 -1.000000
vn 0.000000 0.000000 -1.000000
vn 0.000000 0.000000 -1.000000
vn 0.000000 0.000000 -1.000000
vn 0.000000 -1.000000 0.000000
vn 0.000000 -1.000000 0.000000
vn 0.000000 -1.000000 0.000000
vn 0.000000 -1.000000 0.000000
vn 0.000000 -1.000000 0.000000
vn 0.000000 -1.000000 0.000000
vn 1.000000 0.000000 0.000000
vn 1.000000 0.000000 0.000000
vn 1.000000 0.000000 0.000000
vn 1.000000 0.000000 0.000000
vn 1.000000 0.000000 0.000000
vn 1.000000 0.000000 0.000000
vn -1.000000 0.000000 0.000000
vn -1.000000 0.000000 0.000000
vn -1.000000 0.000000 0.000000
vn -1.000000 0.000000 0.000000
vn -1.000000 0.000000 0.000000
vn -1.000000 0.000000 0.000000
vn -1.000000 0.000000 0.000000
vn -1.000000 0.000000 0.000000
vn -1.000000 0.000000 0.000000
vn -1.000000 0.000000 0.000000
vn -1.000000 0.000000 0.000000
vn -1.000000 0.000000 0.000000
vn 0.000000 1.000000 0.000000
vn 0.000000 1.000000 0.000000
vn 0.000000 1.000000 0.000000
vn 0.000000 1.000000 0.000000
vn 0.000000 1.000000 0.000000
vn 0.000000 1.000000 0.000000
vn 1.000000 0.000000 0.000000
vn 1.000000 0.000000 0.000000
vn 1.000000 0.000000 0.000000
vn 1.000000 0.000000 0.000000
vn 1.000000 0.000000 0.000000
vn 1.000000 0.000000 0.000000
vn 0.000000 -1.000000 0.000000
vn 0.000000 -1.000000 0.000000
vn 0.000000 -1.000000 0.000000
vn 0.000000 -1.000000 0.000000
vn 0.000000 -1.000000 0.000000
vn 0.000000 -1.000000 0.000000
vn 0.000000 0.000000 1.000000
vn 0.000000 0.000000 1.000000
vn 0.000000 0.000000 1.000000
vn 0.000000 0.000000 1.000000
vn 0.000000 0.000000 1.000000
vn 0.000000 0.000000 1.000000
vn 0.000000 0.000000 -1.000000
vn 0.000000 0.000000 -1.000000
vn 0.000000 0.000000 -1.000000
vn 0.000000 0.000000 -1.000000
vn 0.000000 0.000000 -1.000000
vn 0.000000 0.000000 -1.000000
vn -1.000000 0.000000 0.000000
vn -1.000000 0.000000 0.000000
vn -1.000000 0.000000 0.000000
vn -1.000000 0.000000 0.000000
vn -1.000000 0.000000 0.000000
vn -1.000000 0.000000 0.000000
vn 0.000000 1.000000 0.000000
vn 0.000000 1.000000 0.000000
vn 0.000000 1.000000 0.000000
vn 0.000000 1.000000 0.000000
vn 0.000000 1.000000 0.000000
vn 0.000000 1.000000 0.000000
vn 1.000000 0.000000 0.000000
vn 1.000000 0.000000 0.000000
vn 1.000000 0.000000 0.000000
vn 1.000000 0.000000 0.000000
vn 1.000000 0.000000 0.000000
vn 1.000000 0.000000 0.000000
vn 0.000000 -1.000000 0.000000
vn 0.000000 -1.000000 0.000000
vn 0.000000 -1.000000 0.000000
vn 0.000000 -1.000000 0.000000
vn 0.000000 -1.000000 0.000000
vn 0.000000 -1.000000 0.000000
vn 0.000000 0.000000 1.000000
vn 0.000000 0.000000 1.000000
vn 0.000000 0.000000 1.000000
vn 0.000000 0.000000 1.000000
vn 0.000000 0.000000 1.000000
vn 0.000000 0.000000 1.000000
vn 0.000000 0.000000 -1.000000
vn 0.000000 0.000000 -1.000000
vn 0.000000 0.000000 -1.000000
vn 0.000000 0.000000 -1.000000
vn 0.000000 0.000000 -1.000000
vn 0.000000 0.000000 -1.000000
vn -1.000000 0.000000 0.000000
vn -1.000000 0.000000 0.000000
vn -1.000000 0.000000 0.000000
vn -1.000000 0.000000 0.000000
vn -1.000000 0.000000 0.000000
vn -1.000000 0.000000 0.000000
vn 0.000000 1.000000 0.000000
vn 0.000000 1.000000 0.000000
vn 0.000000 1.000000 0.000000
vn 0.000000 1.000000 0.000000
vn 0.000000 1.000000 0.000000
vn 0.000000 1.000000 0.000000
vn 1.000000 0.000000 0.000000
vn 1.000000 0.000000 0.000000
vn 1.000000 0.000000 0.000000
vn 1.000000 0.000000 0.000000
vn 1.000000 0.000000 0.000000
vn 1.000000 0.000000 0.000000
vn 0.000000 -1.000000 0.000000
vn 0.000000 -1.000000 0.000000
vn 0.000000 -1.000000 0.000000
vn 0.000000 -1.000000 0.000000
vn 0.000000 -1.000000 0.000000
vn 0.000000 -1.000000 0.000000
vn 0.000000 0.000000 1.000000
vn 0.000000 0.000000 1.000000
vn 0.000000 0.000000 1.000000
vn 0.000000 0.000000 1.000000
vn 0.000000 0.000000 1.000000
vn 0.000000 0.000000 1.000000
vn 0.000000 0.000000 -1.000000
vn 0.000000 0.000000 -1.000000
vn 0.000000 0.000000 -1.000000
vn 0.000000 0.000000 -1.000000
vn 0.000000 0.000000 -1.000000
vn 0.000000 0.000000 -1.000000
vn -1.000000 0.000000 0.000000
vn -1.000000 0.000000 0.000000
vn -1.000000 0.000000 0.000000
vn -1.000000 0.000000 0.000000
vn -1.000000 0.000000 0.000000
vn -1.000000 0.000000 0.000000
vn 0.000000 1.000000 0.000000
vn 0.000000 1.000000 0.000000
vn 0.000000 1.000000 0.000000
vn 0.000000 1.000000 0.000000
vn 0.000000 1.000000 0.000000
vn 0.000000 1.000000 0.000000
vn 1.000000 0.000000 0.000000
vn 1.000000 0.000000 0.000000
vn 1.000000 0.000000 0.000000
vn 1.000000 0.000000 0.000000
vn 1.000000 0.000000 0.000000
vn 1.000000 0.000000 0.000000
vn 0.000000 -1.000000 0.000000
vn 0.000000 -1.000000 0.000000
vn 0.000000 -1.000000 0.000000
vn 0.000000 -1.000000 0.000000
vn 0.000000 -1.000000 0.000000
vn 0.000000 -1.000000 0.000000
vn 0.000000 0.000000 1.000000
vn 0.000000 0.000000 1.000000
vn 0.000000 0.000000 1.000000
vn 0.000000 0.000000 1.000000
vn 0.000000 0.000000 1.000000
vn 0.000000 0.000000 1.000000
vn 0.000000 0.000000 -1.000000
vn 0.000000 0.000000 -1.000000
vn 0.000000 0.000000 -1.000000
vn 0.000000 0.000000 -1.000000
vn 0.000000 0.000000 -1.000000
vn 0.000000 0.000000 -1.000000
vn -1.000000 0.000000 0.000000
vn -1.000000 0.000000 0.000000
vn -1.000000 0.000000 0.000000
vn -1.000000 0.000000 0.000000
vn -1.000000 0.000000 0.000000
vn -1.000000 0.000000 0.000000
vn 0.000000 1.000000 0.000000
vn 0.000000 1.000000 0.000000
vn 0.000000 1.000000 0.000000
vn 0.000000 1.000000 0.000000
vn 0.000000 1.000000 0.000000
vn 0.000000 1.000000 0.000000
vn 1.000000 0.000000 0.000000
vn 1.000000 0.000000 0.000000
vn 1.000000 0.000000 0.000000
vn 1.000000 0.000000 0.000000
vn 1.000000 0.000000 0.000000
vn 1.000000 0.000000 0.000000
vn 0.000000 -1.000000 0.000000
vn 0.000000 -1.000000 0.000000
vn 0.000000 -1.000000 0.000000
vn 0.000000 -1.000000 0.000000
vn 0.000000 -1.000000 0.000000
vn 0.000000 -1.000000 0.000000
vn 0.000000 0.000000 1.000000
vn 0.000000 0.000000 1.000000
vn 0.000000 0.000000 1.000000
vn 0.000000 0.000000 1.000000
vn 0.000000 0.000000 1.000000
vn 0.000000 0.000000 1.000000
vn 0.000000 0.000000 -1.000000
vn 0.000000 0.000000 -1.000000
vn 0.000000 0.000000 -1.000000
vn 0.000000 0.000000 -1.000000
vn 0.000000 0.000000 -1.000000
vn 0.000000 0.000000 -1.000000
vn -1.000000 0.000000 0.000000
vn -1.000000 0.000000 0.000000
vn -1.000000 0.000000 0.000000
vn -1.000000 0.000000 0.000000
vn -1.000000 0.000000 0.000000
vn -1.000000 0.000000 0.000000
vn 0.000000 1.000000 0.000000
vn 0.000000 1.000000 0.000000
vn 0.000000 1.000000 0.000000
vn 0.000000 1.000000 0.000000
vn 0.000000 1.000000 0.000000
vn 0.000000 1.000000 0.000000
vn 1.000000 0.000000 0.000000
vn 1.000000 0.000000 0.000000
vn 1.000000 0.000000 0.000000
vn 1.000000 0.000000 0.000000
vn 1.000000 0.000000 0.000000
vn 1.000000 0.000000 0.000000
vn 0.000000 -1.000000 0.000000
vn 0.000000 -1.000000 0.000000
vn 0.000000 -1.000000 0.000000
vn 0.000000 -1.000000 0.000000
vn 0.000000 -1.000000 0.000000
vn 0.000000 -1.000000 0.000000
vn 0.000000 0.000000 1.000000
vn 0.000000 0.000000 1.000000
vn 0.000000 0.000000 1.000000
vn 0.000000 0.000000 1.000000
vn 0.000000 0.000000 1.000000
vn 0.000000 0.000000 1.000000
vn 0.000000 0.000000 -1.000000
vn 0.000000 0.000000 -1.000000
vn 0.000000 0.000000 -1.000000
vn 0.000000 0.000000 -1.000000
vn 0.000000 0.000000 -1.000000
vn 0.000000 0.000000 -1.000000
vn -1.000000 0.000000 0.000000
vn -1.000000 0.000000 0.000000
vn -1.000000 0.000000 0.000000
vn -1.000000 0.000000 0.000000
vn -1.000000 0.000000 0.000000
vn -1.000000 0.000000 0.000000
vn 0.000000 1.000000 0.000000
vn 0.000000 1.000000 0.000000
vn 0.000000 1.000000 0.000000
vn 0.000000 1.000000 0.000000
vn 0.000000 1.000000 0.000000
vn 0.000000 1.000000 0.000000
vn 1.000000 0.000000 0.000000
vn 1.000000 0.000000 0.000000
vn 1.000000 0.000000 0.000000
vn 1.000000 0.000000 0.000000
vn 1.000000 0.000000 0.000000
vn 1.000000 0.000000 0.000000
vn 0.000000 -1.000000 0.000000
vn 0.000000 -1.000000 0.000000
vn 0.000000 -1.000000 0.000000
vn 0.000000 -1.000000 0.000000
vn 0.000000 -1.000000 0.000000
vn 0.000000 -1.000000 0.000000
vn 0.000000 0.000000 1.000000
vn 0.000000 0.000000 1.000000
vn 0.000000 0.000000 1.000000
vn 0.000000 0.000000 1.000000
vn 0.000000 0.000000 1.000000
vn 0.000000 0.000000 1.000000
vn 0.000000 0.000000 -1.000000
vn 0.000000 0.000000 -1.000000
vn 0.000000 0.000000 -1.000000
vn 0.000000 0.000000 -1.000000
vn 0.000000 0.000000 -1.000000
vn 0.000000 0.000000 -1.000000
vn -1.000000 0.000000 0.000000
vn -1.000000 0.000000 0.000000
vn -1.000000 0.000000 0.000000
vn -1.000000 0.000000 0.000000
vn -1.000000 0.000000 0.000000
vn -1.000000 0.000000 0.000000
vn 0.000000 1.000000 0.000000
vn 0.000000 1.000000 0.000000
vn 0.000000 1.000000 0.000000
vn 0.000000 1.000000 0.000000
vn 0.000000 1.000000 0.000000
vn 0.000000 1.000000 0.000000
vn 1.000000 0.000000 0.000000
vn 1.000000 0.000000 0.000000
vn 1.000000 0.000000 0.000000
vn 1.000000 0.000000 0.000000
vn 1.000000 0.000000 0.000000
vn 1.000000 0.000000 0.000000
vn 0.000000 -1.000000 0.000000
vn 0.000000 -1.000000 0.000000
vn 0.000000 -1.000000 0.000000
vn 0.000000 -1.000000 0.000000
vn 0.000000 -1.000000 0.000000
vn 0.000000 -1.000000 0.000000
vn 0.000000 0.000000 1.000000
vn 0.000000 0.000000 1.000000
vn 0.000000 0.000000 1.000000
vn 0.000000 0.000000 1.000000
vn 0.000000 0.000000 1.000000
vn 0.000000 0.000000 1.000000
vn 0.000000 0.000000 -1.000000
vn 0.000000 0.000000 -1.000000
vn 0.000000 0.000000 -1.000000
vn 0.000000 0.000000 -1.000000
vn 0.000000 0.000000 -1.000000
vn 0.000000 0.000000 -1.000000
vn -1.000000 0.000000 0.000000
vn -1.000000 0.000000 0.000000
vn -1.000000 0.000000 0.000000
vn -1.000000 0.000000 0.000000
vn -1.000000 0.000000 0.000000
vn -1.000000 0.000000 0.000000
vn 0.000000 1.000000 0.000000
vn 0.000000 1.000000 0.000000
vn 0.000000 1.000000 0.000000
vn 0.000000 1.000000 0.000000
vn 0.000000 1.000000 0.000000
vn 0.000000 1.000000 0.000000
vn 1.000000 0.000000 0.000000
vn 1.000000 0.000000 0.000000
vn 1.000000 0.000000 0.000000
vn 1.000000 0.000000 0.000000
vn 1.000000 0.000000 0.000000
vn 1.000000 0.000000 0.000000
vn 0.000000 -1.000000 0.000000
vn 0.000000 -1.000000 0.000000
vn 0.000000 -1.000000 0.000000
vn 0.000000 -1.000000 0.000000
vn 0.000000 -1.000000 0.000000
vn 0.000000 -1.000000 0.000000
vn 0.000000 0.000000 1.000000
vn 0.000000 0.000000 1.000000
vn 0.000000 0.000000 1.000000
vn 0.000000 0.000000 1.000000
vn 0.000000 0.000000 1.000000
vn 0.000000 0.000000 1.000000
vn 0.000000 0.000000 -1.000000
vn 0.000000 0.000000 -1.000000
vn 0.000000 0.000000 -1.000000
vn 0.000000 0.000000 -1.000000
vn 0.000000 0.000000 -1.000000
vn 0.000000 0.000000 -1.000000
vn -1.000000 0.000000 0.000000
vn -1.000000 0.000000 0.000000
vn -1.000000 0.000000 0.000000
vn -1.000000 0.000000 0.000000
vn -1.000000 0.000000 0.000000
vn -1.000000 0.000000 0.000000
vn 0.000000 1.000000 0.000000
vn 0.000000 1.000000 0.000000
vn 0.000000 1.000000 0.000000
vn 0.000000 1.000000 0.000000
vn 0.000000 1.000000 0.000000
vn 0.000000 1.000000 0.000000
vn 1.000000 0.000000 0.000000
vn 1.000000 0.000000 0.000000
vn 1.000000 0.000000 0.000000
vn 1.000000 0.000000 0.000000
vn 1.000000 0.000000 0.000000
vn 1.000000 0.000000 0.000000
vn 0.000000 -1.000000 0.000000
vn 0.000000 -1.000000 0.000000
vn 0.000000 -1.000000 0.000000
vn 0.000000 -1.000000 0.000000
vn 0.000000 -1.000000 0.000000
vn 0.000000 -1.000000 0.000000
vn 0.000000 0.000000 1.000000
vn 0.000000 0.000000 1.000000
vn 0.000000 0.000000 1.000000
vn 0.000000 0.000000 1.000000
vn 0.000000 0.000000 1.000000
vn 0.000000 0.000000 1.000000
vn 0.000000 0.000000 -1.000000
vn 0.000000 0.000000 -1.000000
vn 0.000000 0.000000 -1.000000
vn 0.000000 0.000000 -1.000000
vn 0.000000 0.000000 -1.000000
vn 0.000000 0.000000 -1.000000
vn -1.000000 0.000000 0.000000
vn -1.000000 0.000000 0.000000
vn -1.000000 0.000000 0.000000
vn -1.000000 0.000000 0.000000
vn -1.000000 0.000000 0.000000
vn -1.000000 0.000000 0.000000
vn 0.000000 1.000000 0.000000
vn 0.000000 1.000000 0.000000
vn 0.000000 1.000000 0.000000
vn 0.000000 1.000000 0.000000
vn 0.000000 1.000000 0.000000
vn 0.000000 1.000000 0.000000
vn 1.000000 0.000000 0.000000
vn 1.000000 0.000000 0.000000
vn 1.000000 0.000000 0.000000
vn 1.000000 0.000000 0.000000
vn 1.000000 0.000000 0.000000
vn 1.000000 0.000000 0.000000
vn 0.000000 -1.000000 0.000000
vn 0.000000 -1.000000 0.000000
vn 0.000000 -1.000000 0.000000
vn 0.000000 -1.000000 0.000000
vn 0.000000 -1.000000 0.000000
vn 0.000000 -1.000000 0.000000
vn 0.000000 0.000000 1.000000
vn 0.000000 0.000000 1.000000
vn 0.000000 0.000000 1.000000
vn 0.000000 0.000000 1.000000
vn 0.000000 0.000000 1.000000
vn 0.000000 0.000000 1.000000
vn 0.000000 0.000000 -1.000000
vn 0.000000 0.000000 -1.000000
vn 0.000000 0.000000 -1.000000
vn 0.000000 0.000000 -1.000000
vn 0.000000 0.000000 -1.000000
vn 0.000000 0.000000 -1.000000
vn -1.000000 0.000000 0.000000
vn -1.000000 0.000000 0.000000
vn -1.000000 0.000000 0.000000
vn -1.000000 0.000000 0.000000
vn -1.000000 0.000000 0.000000
vn -1.000000 0.000000 0.000000
vn 0.000000 1.000000 0.000000
vn 0.000000 1.000000 0.000000
vn 0.000000 1.000000 0.000000
vn 0.000000 1.000000 0.000000
vn 0.000000 1.000000 0.000000
vn 0.000000 1.000000 0.000000
vn 1.000000 0.000000 0.000000
vn 1.000000 0.000000 0.000000
vn 1.000000 0.000000 0.000000
vn 1.000000 0.000000 0.000000
vn 1.000000 0.000000 0.000000
vn 1.000000 0.000000 0.000000
vn 0.000000 -1.000000 0.000000
vn 0.000000 -1.000000 0.000000
vn 0.000000 -1.000000 0.000000
vn 0.000000 -1.000000 0.000000
vn 0.000000 -1.000000 0.000000
vn 0.000000 -1.000000 0.000000
vn 0.000000 0.000000 1.000000
vn 0.000000 0.000000 1.000000
vn 0.000000 0.000000 1.000000
vn 0.000000 0.000000 1.000000
vn 0.000000 0.000000 1.000000
vn 0.000000 0.000000 1.000000
vn 0.000000 0.000000 -1.000000
vn 0.000000 0.000000 -1.000000
vn 0.000000 0.000000 -1.000000
vn 0.000000 0.000000 -1.000000
vn 0.000000 0.000000 -1.000000
vn 0.000000 0.000000 -1.000000
vn -1.000000 0.000000 0.000000
vn -1.000000 0.000000 0.000000
vn -1.000000 0.000000 0.000000
vn -1.000000 0.000000 0.000000
vn -1.000000 0.000000 0.000000
vn -1.000000 0.000000 0.000000
vn 0.000000 1.000000 0.000000
vn 0.000000 1.000000 0.000000
vn 0.000000 1.000000 0.000000
vn 0.000000 1.000000 0.000000
vn 0.000000 1.000000 0.000000
vn 0.000000 1.000000 0.000000
vn 1.000000 0.000000 0.000000
vn 1.000000 0.000000 0.000000
vn 1.000000 0.000000 0.000000
vn 1.000000 0.000000 0.000000
vn 1.000000 0.000000 0.000000
vn 1.000000 0.000000 0.000000
vn 0.000000 -1.000000 0.000000
vn 0.000000 -1.000000 0.000000
vn 0.000000 -1.000000 0.000000
vn 0.000000 -1.000000 0.000000
vn 0.000000 -1.000000 0.000000
vn 0.000000 -1.000000 0.000000
vn 0.000000 0.000000 1.000000
vn 0.000000 0.000000 1.000000
vn 0.000000 0.000000 1.000000
vn 0.000000 0.000000 1.000000
vn 0.000000 0.000000 1.000000
vn 0.000000 0.000000 1.000000
vn 0.000000 0.000000 -1.000000
vn 0.000000 0.000000 -1.000000
vn 0.000000 0.000000 -1.000000
vn 0.000000 0.000000 -1.000000
vn 0.000000 0.000000 -1.000000
vn 0.000000 0.000000 -1.000000
vn -1.000000 0.000000 0.000000
vn -1.000000 0.000000 0.000000
vn -1.000000 0.000000 0.000000
vn -1.000000 0.000000 0.000000
vn -1.000000 0.000000 0.000000
vn -1.000000 0.000000 0.000000
vn 0.000000 1.000000 0.000000
vn 0.000000 1.000000 0.000000
vn 0.000000 1.000000 0.000000
vn 0.000000 1.000000 0.000000
vn 0.000000 1.000000 0.000000
vn 0.000000 1.000000 0.000000
vn 1.000000 0.000000 0.000000
vn 1.000000 0.000000 0.000000
vn 1.000000 0.000000 0.000000
vn 1.000000 0.000000 0.000000
vn 1.000000 0.000000 0.000000
vn 1.000000 0.000000 0.000000
vn 0.000000 -1.000000 0.000000
vn 0.000000 -1.000000 0.000000
vn 0.000000 -1.000000 0.000000
vn 0.000000 -1.000000 0.000000
vn 0.000000 -1.000000 0.000000
vn 0.000000 -1.000000 0.000000
vn 0.000000 0.000000 1.000000
vn 0.000000 0.000000 1.000000
vn 0.000000 0.000000 1.000000
vn 0.000000 0.000000 1.000000
vn 0.000000 0.000000 1.000000
vn 0.000000 0.000000 1.000000
vn 0.000000 0.000000 -1.000000
vn 0.000000 0.000000 -1.000000
vn 0.000000 0.000000 -1.000000
vn 0.000000 0.000000 -1.000000
vn 0.000000 0.000000 -1.000000
vn 0.000000 0.000000 -1.000000
vn -1.000000 0.000000 0.000000
vn -1.000000 0.000000 0.000000
vn -1.000000 0.000000 0.000000
vn -1.000000 0.000000 0.000000
vn -1.000000 0.000000 0.000000
vn -1.000000 0.000000 0.000000
vn 0.000000 1.000000 0.000000
vn 0.000000 1.000000 0.000000
vn 0.000000 1.000000 0.000000
vn 0.000000 1.000000 0.000000
vn 0.000000 1.000000 0.000000
vn 0.000000 1.000000 0.000000
vn 1.000000 0.000000 0.000000
vn 1.000000 0.000000 0.000000
vn 1.000000 0.000000 0.000000
vn 1.000000 0.000000 0.000000
vn 1.000000 0.000000 0.000000
vn 1.000000 0.000000 0.000000
vn 0.000000 -1.000000 0.000000
vn 0.000000 -1.000000 0.000000
vn 0.000000 -1.000000 0.000000
vn 0.000000 -1.000000 0.000000
vn 0.000000 -1.000000 0.000000
vn 0.000000 -1.000000 0.000000
vn 0.000000 0.000000 1.000000
vn 0.000000 0.000000 1.000000
vn 0.000000 0.000000 1.000000
vn 0.000000 0.000000 1.000000
vn 0.000000 0.000000 1.000000
vn 0.000000 0.000000 1.000000
vn 0.000000 0.000000 -1.000000
vn 0.000000 0.000000 -1.000000
vn 0.000000 0.000000 -1.000000
vn 0.000000 0.000000 -1.000000
vn 0.000000 0.000000 -1.000000
vn 0.000000 0.000000 -1.000000
vn -1.000000 0.000000 0.000000
vn -1.000000 0.000000 0.000000
vn -1.000000 0.000000 0.000000
vn -1.000000 0.000000 0.000000
vn -1.000000 0.000000 0.000000
vn -1.000000 0.000000 0.000000
vn 0.000000 1.000000 0.000000
vn 0.000000 1.000000 0.000000
vn 0.000000 1.000000 0.000000
vn 0.000000 1.000000 0.000000
vn 0.000000 1.000000 0.000000
vn 0.000000 1.000000 0.000000
vn 1.000000 0.000000 0.000000
vn 1.000000 0.000000 0.000000
vn 1.000000 0.000000 0.000000
vn 1.000000 0.000000 0.000000
vn 1.000000 0.000000 0.000000
vn 1.000000 0.000000 0.000000
vn 0.000000 -1.000000 0.000000
vn 0.000000 -1.000000 0.000000
vn 0.000000 -1.000000 0.000000
vn 0.000000 -1.000000 0.000000
vn 0.000000 -1.000000 0.000000
vn 0.000000 -1.000000 0.000000
vn 0.000000 0.000000 1.000000
vn 0.000000 0.000000 1.000000
vn 0.000000 0.000000 1.000000
vn 0.000000 0.000000 1.000000
vn 0.000000 0.000000 1.000000
vn 0.000000 0.000000 1.000000
vn 0.000000 0.000000 -1.000000
vn 0.000000 0.000000 -1.000000
vn 0.000000 0.000000 -1.000000
vn 0.000000 0.000000 -1.000000
vn 0.000000 0.000000 -1.000000
vn 0.000000 0.000000 -1.000000
vn -1.000000 0.000000 0.000000
vn -1.000000 0.000000 0.000000
vn -1.000000 0.000000 0.000000
vn -1.000000 0.000000 0.000000
vn -1.000000 0.000000 0.000000
vn -1.000000 0.000000 0.000000
vn 0.000000 1.000000 0.000000
vn 0.000000 1.000000 0.000000
vn 0.000000 1.000000 0.000000
vn 0.000000 1.000000 0.000000
vn 0.000000 1.000000 0.000000
vn 0.000000 1.000000 0.000000
vn 1.000000 0.000000 0.000000
vn 1.000000 0.000000 0.000000
vn 1.000000 0.000000 0.000000
vn 1.000000 0.000000 0.000000
vn 1.000000 0.000000 0.000000
vn 1.000000 0.000000 0.000000
vn 0.000000 -1.000000 0.000000
vn 0.000000 -1.000000 0.000000
vn 0.000000 -1.000000 0.000000
vn 0.000000 -1.000000 0.000000
vn 0.000000 -1.000000 0.000000
vn 0.000000 -1.000000 0.000000
vn 0.000000 0.000000 1.000000
vn 0.000000 0.000000 1.000000
vn 0.000000 0.000000 1.000000
vn 0.000000 0.000000 1.000000
vn 0.000000 0.000000 1.000000
vn 0.000000 0.000000 1.000000
vn 0.000000 0.000000 -1.000000
vn 0.000000 0.000000 -1.000000
vn 0.000000 0.000000 -1.000000
vn 0.000000 0.000000 -1.000000
vn 0.000000 0.000000 -1.000000
vn 0.000000 0.000000 -1.000000
vn -1.000000 0.000000 0.000000
vn -1.000000 0.000000 0.000000
vn -1.000000 0.000000 0.000000
vn -1.000000 0.000000 0.000000
vn -1.000000 0.000000 0.000000
vn -1.000000 0.000000 0.000000
vn 0.000000 1.000000 0.000000
vn 0.000000 1.000000 0.000000
vn 0.000000 1.000000 0.000000
vn 0.000000 1.000000 0.000000
vn 0.000000 1.000000 0.000000
vn 0.000000 1.000000 0.000000
vn 1.000000 0.000000 0.000000
vn 1.000000 0.000000 0.000000
vn 1.000000 0.000000 0.000000
vn 1.000000 0.000000 0.000000
vn 1.000000 0.000000 0.000000
vn 1.000000 0.000000 0.000000
vn 0.000000 -1.000000 0.000000
vn 0.000000 -1.000000 0.000000
vn 0.000000 -1.000000 0.000000
vn 0.000000 -1.000000 0.000000
vn 0.000000 -1.000000 0.000000
vn 0.000000 -1.000000 0.000000
vn 0.000000 0.000000 1.000000
vn 0.000000 0.000000 1.000000
vn 0.000000 0.000000 1.000000
vn 0.000000 0.000000 1.000000
vn 0.000000 0.000000 1.000000
vn 0.000000 0.000000 1.000000
vn 0.000000 0.000000 -1.000000
vn 0.000000 0.000000 -1.000000
vn 0.000000 0.000000 -1.000000
vn 0.000000 0.000000 -1.000000
vn 0.000000 0.000000 -1.000000
vn 0.000000 0.000000 -1.000000
vn -1.000000 0.000000 0.000000
vn -1.000000 0.000000 0.000000
vn -1.000000 0.000000 0.000000
vn -1.000000 0.000000 0.000000
vn -1.000000 0.000000 0.000000
vn -1.000000 0.000000 0.000000
vn 0.000000 1.000000 0.000000
vn 0.000000 1.000000 0.000000
vn 0.000000 1.000000 0.000000
vn 0.000000 1.000000 0.000000
vn 0.000000 1.000000 0.000000
vn 0.000000 1.000000 0.000000
vn 1.000000 0.000000 0.000000
vn 1.000000 0.000000 0.000000
vn 1.000000 0.000000 0.000000
vn 1.000000 0.000000 0.000000
vn 1.000000 0.000000 0.000000
vn 1.000000 0.000000 0.000000
vn 0.000000 -1.000000 0.000000
vn 0.000000 -1.000000 0.000000
vn 0.000000 -1.000000 0.000000
vn 0.000000 -1.000000 0.000000
vn 0.000000 -1.000000 0.000000
vn 0.000000 -1.000000 0.000000
vn 0.000000 0.000000 1.000000
vn 0.000000 0.000000 1.000000
vn 0.000000 0.000000 1.000000
vn 0.000000 0.000000 1.000000
vn 0.000000 0.000000 1.000000
vn 0.000000 0.000000 1.000000
vn 0.000000 0.000000 -1.000000
vn 0.000000 0.000000 -1.000000
vn 0.000000 0.000000 -1.000000
vn 0.000000 0.000000 -1.000000
vn 0.000000 0.000000 -1.000000
vn 0.000000 0.000000 -1.000000
vn -1.000000 0.000000 0.000000
vn -1.000000 0.000000 0.000000
vn -1.000000 0.000000 0.000000
vn -1.000000 0.000000 0.000000
vn -1.000000 0.000000 0.000000
vn -1.000000 0.000000 0.000000
vn 0.000000 1.000000 0.000000
vn 0.000000 1.000000 0.000000
vn 0.000000 1.000000 0.000000
vn 0.000000 1.000000 0.000000
vn 0.000000 1.000000 0.000000
vn 0.000000 1.000000 0.000000
vn 1.000000 0.000000 0.000000
vn 1.000000 0.000000 0.000000
vn 1.000000 0.000000 0.000000
vn 1.000000 0.000000 0.000000
vn 1.000000 0.000000 0.000000
vn 1.000000 0.000000 0.000000
vn 0.000000 -1.000000 0.000000
vn 0.000000 -1.000000 0.000000
vn 0.000000 -1.000000 0.000000
vn 0.000000 -1.000000 0.000000
vn 0.000000 -1.000000 0.000000
vn 0.000000 -1.000000 0.000000
vn 0.000000 0.000000 1.000000
vn 0.000000 0.000000 1.000000
vn 0.000000 0.000000 1.000000
vn 0.000000 0.000000 1.000000
vn 0.000000 0.000000 1.000000
vn 0.000000 0.000000 1.000000
vn 0.000000 0.000000 -1.000000
vn 0.000000 0.000000 -1.000000
vn 0.000000 0.000000 -1.000000
vn 0.000000 0.000000 -1.000000
vn 0.000000 0.000000 -1.000000
vn 0.000000 0.000000 -1.000000
vn -1.000000 0.000000 0.000000
vn -1.000000 0.000000 0.000000
vn -1.000000 0.000000 0.000000
vn -1.000000 0.000000 0.000000
vn -1.000000 0.000000 0.000000
vn -1.000000 0.000000 0.000000
vn 0.000000 1.000000 0.000000
vn 0.000000 1.000000 0.000000
vn 0.000000 1.000000 0.000000
vn 0.000000 1.000000 0.000000
vn 0.000000 1.000000 0.000000
vn 0.000000 1.000000 0.000000
vn 1.000000 0.000000 0.000000
vn 1.000000 0.000000 0.000000
vn 1.000000 0.000000 0.000000
vn 1.000000 0.000000 0.000000
vn 1.000000 0.000000 0.000000
vn 1.000000 0.000000 0.000000
vn 0.000000 -1.000000 0.000000
vn 0.000000 -1.000000 0.000000
vn 0.000000 -1.000000 0.000000
vn 0.000000 -1.000000 0.000000
vn 0.000000 -1.000000 0.000000
vn 0.000000 -1.000000 0.000000
vn 0.000000 0.000000 1.000000
vn 0.000000 0.000000 1.000000
vn 0.000000 0.000000 1.000000
vn 0.000000 0.000000 1.000000
vn 0.000000 0.000000 1.000000
vn 0.000000 0.000000 1.000000
vn 0.000000 0.000000 -1.000000
vn 0.000000 0.000000 -1.000000
vn 0.000000 0.000000 -1.000000
vn 0.000000 0.000000 -1.000000
vn 0.000000 0.000000 -1.000000
vn 0.000000 0.000000 -1.000000
vn -1.000000 0.000000 0.000000
vn -1.000000 0.000000 0.000000
vn -1.000000 0.000000 0.000000
vn -1.000000 0.000000 0.000000
vn -1.000000 0.000000 0.000000
vn -1.000000 0.000000 0.000000
vn 0.000000 1.000000 0.000000
vn 0.000000 1.000000 0.000000
vn 0.000000 1.000000 0.000000
vn 0.000000 1.000000 0.000000
vn 0.000000 1.000000 0.000000
vn 0.000000 1.000000 0.000000
vn 1.000000 0.000000 0.000000
vn 1.000000 0.000000 0.000000
vn 1.000000 0.000000 0.000000
vn 1.000000 0.000000 0.000000
vn 1.000000 0.000000 0.000000
vn 1.000000 0.000000 0.000000
vn 0.000000 -1.000000 0.000000
vn 0.000000 -1.000000 0.000000
vn 0.000000 -1.000000 0.000000
vn 0.000000 -1.000000 0.000000
vn 0.000000 -1.000000 0.000000
vn 0.000000 -1.000000 0.000000
vn 0.000000 0.000000 1.000000
vn 0.000000 0.000000 1.000000
vn 0.000000 0.000000 1.000000
vn 0.000000 0.000000 1.000000
vn 0.000000 0.000000 1.000000
vn 0.000000 0.000000 1.000000
vn 0.000000 0.000000 -1.000000
vn 0.000000 0.000000 -1.000000
vn 0.000000 0.000000 -1.000000
vn 0.000000 0.000000 -1.000000
vn 0.000000 0.000000 -1.000000
vn 0.000000 0.000000 -1.000000
vn -1.000000 0.000000 0.000000
vn -1.000000 0.000000 0.000000
vn -1.000000 0.000000 0.000000
vn -1.000000 0.000000 0.000000
vn -1.000000 0.000000 0.000000
vn -1.000000 0.000000 0.000000
vn 0.000000 1.000000 0.000000
vn 0.000000 1.000000 0.000000
vn 0.000000 1.000000 0.000000
vn 0.000000 1.000000 0.000000
vn 0.000000 1.000000 0.000000
vn 0.000000 1.000000 0.000000
vn 1.000000 0.000000 0.000000
vn 1.000000 0.000000 0.000000
vn 1.000000 0.000000 0.000000
vn 1.000000 0.000000 0.000000
vn 1.000000 0.000000 0.000000
vn 1.000000 0.000000 0.000000
vn 0.000000 -1.000000 0.000000
vn 0.000000 -1.000000 0.000000
vn 0.000000 -1.000000 0.000000
vn 0.000000 -1.000000 0.000000
vn 0.000000 -1.000000 0.000000
vn 0.000000 -1.000000 0.000000
vn 0.000000 0.000000 1.000000
vn 0.000000 0.000000 1.000000
vn 0.000000 0.000000 1.000000
vn 0.000000 0.000000 1.000000
vn 0.000000 0.000000 1.000000
vn 0.000000 0.000000 1.000000
vn 0.000000 0.000000 -1.000000
vn 0.000000 0.000000 -1.000000
vn 0.000000 0.000000 -1.000000
vn 0.000000 0.000000 -1.000000
vn 0.000000 0.000000 -1.000000
vn 0.000000 0.000000 -1.000000
vn -1.000000 0.000000 0.000000
vn -1.000000 0.000000 0.000000
vn -1.000000 0.000000 0.000000
vn -1.000000 0.000000 0.000000
vn -1.000000 0.000000 0.000000
vn -1.000000 0.000000 0.000000
vn 0.000000 1.000000 0.000000
vn 0.000000 1.000000 0.000000
vn 0.000000 1.000000 0.000000
vn 0.000000 1.000000 0.000000
vn 0.000000 1.000000 0.000000
vn 0.000000 1.000000 0.000000
vn 1.000000 0.000000 0.000000
vn 1.000000 0.000000 0.000000
vn 1.000000 0.000000 0.000000
vn 1.000000 0.000000 0.000000
vn 1.000000 0.000000 0.000000
vn 1.000000 0.000000 0.000000
vn 0.000000 -1.000000 0.000000
vn 0.000000 -1.000000 0.000000
vn 0.000000 -1.000000 0.000000
vn 0.000000 -1.000000 0.000000
vn 0.000000 -1.000000 0.000000
vn 0.000000 -1.000000 0.000000
vn 0.000000 0.000000 1.000000
vn 0.000000 0.000000 1.000000
vn 0.000000 0.000000 1.000000
vn 0.000000 0.000000 1.000000
vn 0.000000 0.000000 1.000000
vn 0.000000 0.000000 1.000000
vn 0.000000 0.000000 -1.000000
vn 0.000000 0.000000 -1.000000
vn 0.000000 0.000000 -1.000000
vn 0.000000 0.000000 -1.000000
vn 0.000000 0.000000 -1.000000
vn 0.000000 0.000000 -1.000000
vn -1.000000 0.000000 0.000000
vn -1.000000 0.000000 0.000000
vn -1.000000 0.000000 0.000000
vn -1.000000 0.000000 0.000000
vn -1.000000 0.000000 0.000000
vn -1.000000 0.000000 0.000000
vn 0.000000 1.000000 0.000000
vn 0.000000 1.000000 0.000000
vn 0.000000 1.000000 0.000000
vn 0.000000 1.000000 0.000000
vn 0.000000 1.000000 0.000000
vn 0.000000 1.000000 0.000000
vn 1.000000 0.000000 0.000000
vn 1.000000 0.000000 0.000000
vn 1.000000 0.000000 0.000000
vn 1.000000 0.000000 0.000000
vn 1.000000 0.000000 0.000000
vn 1.000000 0.000000 0.000000
vn 0.000000 -1.000000 0.000000
vn 0.000000 -1.000000 0.000000
vn 0.000000 -1.000000 0.000000
vn 0.000000 -1.000000 0.000000
vn 0.000000 -1.000000 0.000000
vn 0.000000 -1.000000 0.000000
vn 0.000000 0.000000 1.000000
vn 0.000000 0.000000 1.000000
vn 0.000000 0.000000 1.000000
vn 0.000000 0.000000 1.000000
vn 0.000000 0.000000 1.000000
vn 0.000000 0.000000 1.000000
vn 0.000000 0.000000 -1.000000
vn 0.000000 0.000000 -1.000000
vn 0.000000 0.000000 -1.000000
vn 0.000000 0.000000 -1.000000
vn 0.000000 0.000000 -1.000000
vn 0.000000 0.000000 -1.000000
vn -1.000000 0.000000 0.000000
vn -1.000000 0.000000 0.000000
vn -1.000000 0.000000 0.000000
vn -1.000000 0.000000 0.000000
vn -1.000000 0.000000 0.000000
vn -1.000000 0.000000 0.000000
vn 0.000000 1.000000 0.000000
vn 0.000000 1.000000 0.000000
vn 0.000000 1.000000 0.000000
vn 0.000000 1.000000 0.000000
vn 0.000000 1.000000 0.000000
vn 0.000000 1.000000 0.000000
vn 1.000000 0.000000 0.000000
vn 1.000000 0.000000 0.000000
vn 1.000000 0.000000 0.000000
vn 1.000000 0.000000 0.000000
vn 1.000000 0.000000 0.000000
vn 1.000000 0.000000 0.000000
vn 0.000000 -1.000000 0.000000
vn 0.000000 -1.000000 0.000000
vn 0.000000 -1.000000 0.000000
vn 0.000000 -1.000000 0.000000
vn 0.000000 -1.000000 0.000000
vn 0.000000 -1.000000 0.000000
vn 0.000000 0.000000 1.000000
vn 0.000000 0.000000 1.000000
vn 0.000000 0.000000 1.000000
vn 0.000000 0.000000 1.000000
vn 0.000000 0.000000 1.000000
vn 0.000000 0.000000 1.000000
vn 0.000000 0.000000 -1.000000
vn 0.000000 0.000000 -1.000000
vn 0.000000 0.000000 -1.000000
vn 0.000000 0.000000 -1.000000
vn 0.000000 0.000000 -1.000000
vn 0.000000 0.000000 -1.000000
vn -1.000000 0.000000 0.000000
vn -1.000000 0.000000 0.000000
vn -1.000000 0.000000 0.000000
vn -1.000000 0.000000 0.000000
vn -1.000000 0.000000 0.000000
vn -1.000000 0.000000 0.000000
vn 0.000000 1.000000 0.000000
vn 0.000000 1.000000 0.000000
vn 0.000000 1.000000 0.000000
vn 0.000000 1.000000 0.000000
vn 0.000000 1.000000 0.000000
vn 0.000000 1.000000 0.000000
vn 1.000000 0.000000 0.000000
vn 1.000000 0.000000 0.000000
vn 1.000000 0.000000 0.000000
vn 1.000000 0.000000 0.000000
vn 1.000000 0.000000 0.000000
vn 1.000000 0.000000 0.000000
vn 0.000000 -1.000000 0.000000
vn 0.000000 -1.000000 0.000000
vn 0.000000 -1.000000 0.000000
vn 0.000000 -1.000000 0.000000
vn 0.000000 -1.000000 0.000000
vn 0.000000 -1.000000 0.000000
vn 0.000000 0.000000 1.000000
vn 0.000000 0.000000 1.000000
vn 0.000000 0.000000 1.000000
vn 0.000000 0.000000 1.000000
vn 0.000000 0.000000 1.000000
vn 0.000000 0.000000 1.000000
vn 0.000000 0.000000 -1.000000
vn 0.000000 0.000000 -1.000000
vn 0.000000 0.000000 -1.000000
vn 0.000000 0.000000 -1.000000
vn 0.000000 0.000000 -1.000000
vn 0.000000 0.000000 -1.000000
vn -1.000000 0.000000 0.000000
vn -1.000000 0.000000 0.000000
vn -1.000000 0.000000 0.000000
vn -1.000000 0.000000 0.000000
vn -1.000000 0.000000 0.000000
vn -1.000000 0.000000 0.000000
vn 0.000000 1.000000 0.000000
vn 0.000000 1.000000 0.000000
vn 0.000000 1.000000 0.000000
vn 0.000000 1.000000 0.000000
vn 0.000000 1.000000 0.000000
vn 0.000000 1.000000 0.000000
vn 1.000000 0.000000 0.000000
vn 1.000000 0.000000 0.000000
vn 1.000000 0.000000 0.000000
vn 1.000000 0.000000 0.000000
vn 1.000000 0.000000 0.000000
vn 1.000000 0.000000 0.000000
vn 0.000000 -1.000000 0.000000
vn 0.000000 -1.000000 0.000000
vn 0.000000 -1.000000 0.000000
vn 0.000000 -1.000000 0.000000
vn 0.000000 -1.000000 0.000000
vn 0.000000 -1.000000 0.000000
vn 0.000000 0.000000 1.000000
vn 0.000000 0.000000 1.000000
vn 0.000000 0.000000 1.000000
vn 0.000000 0.000000 1.000000
vn 0.000000 0.000000 1.000000
vn 0.000000 0.000000 1.000000
vn 0.000000 0.000000 -1.000000
vn 0.000000 0.000000 -1.000000
vn 0.000000 0.000000 -1.000000
vn 0.000000 0.000000 -1.000000
vn 0.000000 0.000000 -1.000000
vn 0.000000 0.000000 -1.000000
vn -1.000000 0.000000 0.000000
vn -1.000000 0.000000 0.000000
vn -1.000000 0.000000 0.000000
vn -1.000000 0.000000 0.000000
vn -1.000000 0.000000 0.000000
vn -1.000000 0.000000 0.000000
vn 0.000000 1.000000 0.000000
vn 0.000000 1.000000 0.000000
vn 0.000000 1.000000 0.000000
vn 0.000000 1.000000 0.000000
vn 0.000000 1.000000 0.000000
vn 0.000000 1.000000 0.000000
vn 1.000000 0.000000 0.000000
vn 1.000000 0.000000 0.000000
vn 1.000000 0.000000 0.000000
vn 1.000000 0.000000 0.000000
vn 1.000000 0.000000 0.000000
vn 1.000000 0.000000 0.000000
vn 0.000000 -1.000000 0.000000
vn 0.000000 -1.000000 0.000000
vn 0.000000 -1.000000 0.000000
vn 0.000000 -1.000000 0.000000
vn 0.000000 -1.000000 0.000000
vn 0.000000 -1.000000 0.000000
vn 0.000000 0.000000 1.000000
vn 0.000000 0.000000 1.000000
vn 0.000000 0.000000 1.000000
vn 0.000000 0.000000 1.000000
vn 0.000000 0.000000 1.000000
vn 0.000000 0.000000 1.000000
vn 0.000000 0.000000 -1.000000
vn 0.000000 0.000000 -1.000000
vn 0.000000 0.000000 -1.000000
vn 0.000000 0.000000 -1.000000
vn 0.000000 0.000000 -1.000000
vn 0.000000 0.000000 -1.000000
vn -1.000000 0.000000 0.000000
vn -1.000000 0.000000 0.000000
vn -1.000000 0.000000 0.000000
vn -1.000000 0.000000 0.000000
vn -1.000000 0.000000 0.000000
vn -1.000000 0.000000 0.000000
vn 0.000000 1.000000 0.000000
vn 0.000000 1.000000 0.000000
vn 0.000000 1.000000 0.000000
vn 0.000000 1.000000 0.000000
vn 0.000000 1.000000 0.000000
vn 0.000000 1.000000 0.000000
vn 1.000000 0.000000 0.000000
vn 1.000000 0.000000 0.000000
vn 1.000000 0.000000 0.000000
vn 1.000000 0.000000 0.000000
vn 1.000000 0.000000 0.000000
vn 1.000000 0.000000 0.000000
vn 0.000000 -1.000000 0.000000
vn 0.000000 -1.000000 0.000000
vn 0.000000 -1.000000 0.000000
vn 0.000000 -1.000000 0.000000
vn 0.000000 -1.000000 0.000000
vn 0.000000 -1.000000 0.000000
vn 0.000000 0.000000 1.000000
vn 0.000000 0.000000 1.000000
vn 0.000000 0.000000 1.000000
vn 0.000000 0.000000 1.000000
vn 0.000000 0.000000 1.000000
vn 0.000000 0.000000 1.000000
vn 0.000000 0.000000 -1.000000
vn 0.000000 0.000000 -1.000000
vn 0.000000 0.000000 -1.000000
vn 0.000000 0.000000 -1.000000
vn 0.000000 0.000000 -1.000000
vn 0.000000 0.000000 -1.000000
vn 0.000000 0.000000 1.000000
vn 0.000000 0.000000 1.000000
vn 0.000000 0.000000 1.000000
vn 0.000000 0.000000 1.000000
vn 0.000000 0.000000 1.000000
vn 0.000000 0.000000 1.000000
vn 0.000000 1.000000 0.000000
vn 0.000000 1.000000 0.000000
vn 0.000000 1.000000 0.000000
vn 0.000000 1.000000 0.000000
vn 0.000000 1.000000 0.000000
vn 0.000000 1.000000 0.000000
vn 0.000000 0.000000 -1.000000
vn 0.000000 0.000000 -1.000000
vn 0.000000 0.000000 -1.000000
vn 0.000000 0.000000 -1.000000
vn 0.000000 0.000000 -1.000000
vn 0.000000 0.000000 -1.000000
vn 0.000000 -1.000000 0.000000
vn 0.000000 -1.000000 0.000000
vn 0.000000 -1.000000 0.000000
vn 0.000000 -1.000000 0.000000
vn 0.000000 -1.000000 0.000000
vn 0.000000 -1.000000 0.000000
vn 1.000000 0.000000 0.000000
vn 1.000000 0.000000 0.000000
vn 1.000000 0.000000 0.000000
vn 1.000000 0.000000 0.000000
vn 1.000000 0.000000 0.000000
vn 1.000000 0.000000 0.000000
vn -1.000000 0.000000 0.000000
vn -1.000000 0.000000 0.000000
vn -1.000000 0.000000 0.000000
vn -1.000000 0.000000 0.000000
vn -1.000000 0.000000 0.000000
vn -1.000000 0.000000 0.000000
vn 0.000000 0.000000 1.000000
vn 0.000000 0.000000 1.000000
vn 0.000000 0.000000 1.000000
vn 0.000000 0.000000 1.000000
vn 0.000000 0.000000 1.000000
vn 0.000000 0.000000 1.000000
vn 0.000000 1.000000 0.000000
vn 0.000000 1.000000 0.000000
vn 0.000000 1.000000 0.000000
vn 0.000000 1.000000 0.000000
vn 0.000000 1.000000 0.000000
vn 0.000000 1.000000 0.000000
vn 0.000000 0.000000 -1.000000
vn 0.000000 0.000000 -1.000000
vn 0.000000 0.000000 -1.000000
vn 0.000000 0.000000 -1.000000
vn 0.000000 0.000000 -1.000000
vn 0.000000 0.000000 -1.000000
vn 0.000000 -1.000000 0.000000
vn 0.000000 -1.000000 0.000000
vn 0.000000 -1.000000 0.000000
vn 0.000000 -1.000000 0.000000
vn 0.000000 -1.000000 0.000000
vn 0.000000 -1.000000 0.000000
vn 1.000000 0.000000 0.000000
vn 1.000000 0.000000 0.000000
vn 1.000000 0.000000 0.000000
vn 1.000000 0.000000 0.000000
vn 1.000000 0.000000 0.000000
vn 1.000000 0.000000 0.000000
vn -1.000000 0.000000 0.000000
vn -1.000000 0.000000 0.000000
vn -1.000000 0.000000 0.000000
vn -1.000000 0.000000 0.000000
vn -1.000000 0.000000 0.000000
vn -1.000000 0.000000 0.000000
vn 0.000000 0.000000 1.000000
vn 0.000000 0.000000 1.000000
vn 0.000000 0.000000 1.000000
vn 0.000000 0.000000 1.000000
vn 0.000000 0.000000 1.000000
vn 0.000000 0.000000 1.000000
vn 0.000000 1.000000 0.000000
vn 0.000000 1.000000 0.000000
vn 0.000000 1.000000 0.000000
vn 0.000000 1.000000 0.000000
vn 0.000000 1.000000 0.000000
vn 0.000000 1.000000 0.000000
vn 0.000000 0.000000 -1.000000
vn 0.000000 0.000000 -1.000000
vn 0.000000 0.000000 -1.000000
vn 0.000000 0.000000 -1.000000
vn 0.000000 0.000000 -1.000000
vn 0.000000 0.000000 -1.000000
vn 0.000000 -1.000000 0.000000
vn 0.000000 -1.000000 0.000000
vn 0.000000 -1.000000 0.000000
vn 0.000000 -1.000000 0.000000
vn 0.000000 -1.000000 0.000000
vn 0.000000 -1.000000 0.000000
vn 1.000000 0.000000 0.000000
vn 1.000000 0.000000 0.000000
vn 1.000000 0.000000 0.000000
vn 1.000000 0.000000 0.000000
vn 1.000000 0.000000 0.000000
vn 1.000000 0.000000 0.000000
vn -1.000000 0.000000 0.000000
vn -1.000000 0.000000 0.000000
vn -1.000000 0.000000 0.000000
vn -1.000000 0.000000 0.000000
vn -1.000000 0.000000 0.000000
vn -1.000000 0.000000 0.000000
vn 0.000000 0.000000 1.000000
vn 0.000000 0.000000 1.000000
vn 0.000000 0.000000 1.000000
vn 0.000000 0.000000 1.000000
vn 0.000000 0.000000 1.000000
vn 0.000000 0.000000 1.000000
vn 0.000000 1.000000 0.000000
vn 0.000000 1.000000 0.000000
vn 0.000000 1.000000 0.000000
vn 0.000000 1.000000 0.000000
vn 0.000000 1.000000 0.000000
vn 0.000000 1.000000 0.000000
vn 0.000000 0.000000 -1.000000
vn 0.000000 0.000000 -1.000000
vn 0.000000 0.000000 -1.000000
vn 0.000000 0.000000 -1.000000
vn 0.000000 0.000000 -1.000000
vn 0.000000 0.000000 -1.000000
vn 0.000000 -1.000000 0.000000
vn 0.000000 -1.000000 0.000000
vn 0.000000 -1.000000 0.000000
vn 0.000000 -1.000000 0.000000
vn 0.000000 -1.000000 0.000000
vn 0.000000 -1.000000 0.000000
vn 1.000000 0.000000 0.000000
vn 1.000000 0.000000 0.000000
vn 1.000000 0.000000 0.000000
vn 1.000000 0.000000 0.000000
vn 1.000000 0.000000 0.000000
vn 1.000000 0.000000 0.000000
vn -1.000000 0.000000 0.000000
vn -1.000000 0.000000 0.000000
vn -1.000000 0.000000 0.000000
vn -1.000000 0.000000 0.000000
vn -1.000000 0.000000 0.000000
vn -1.000000 0.000000 0.000000
vn 0.000000 0.000000 1.000000
vn 0.000000 0.000000 1.000000
vn 0.000000 0.000000 1.000000
vn 0.000000 0.000000 1.000000
vn 0.000000 0.000000 1.000000
vn 0.000000 0.000000 1.000000
vn 0.000000 1.000000 0.000000
vn 0.000000 1.000000 0.000000
vn 0.000000 1.000000 0.000000
vn 0.000000 1.000000 0.000000
vn 0.000000 1.000000 0.000000
vn 0.000000 1.000000 0.000000
vn 0.000000 0.000000 -1.000000
vn 0.000000 0.000000 -1.000000
vn 0.000000 0.000000 -1.000000
vn 0.000000 0.000000 -1.000000
vn 0.000000 0.000000 -1.000000
vn 0.000000 0.000000 -1.000000
vn 0.000000 -1.000000 0.000000
vn 0.000000 -1.000000 0.000000
vn 0.000000 -1.000000 0.000000
vn 0.000000 -1.000000 0.000000
vn 0.000000 -1.000000 0.000000
vn 0.000000 -1.000000 0.000000
vn 1.000000 0.000000 0.000000
vn 1.000000 0.000000 0.000000
vn 1.000000 0.000000 0.000000
vn 1.000000 0.000000 0.000000
vn 1.000000 0.000000 0.000000
vn 1.000000 0.000000 0.000000
vn -1.000000 0.000000 0.000000
vn -1.000000 0.000000 0.000000
vn -1.000000 0.000000 0.000000
vn -1.000000 0.000000 0.000000
vn -1.000000 0.000000 0.000000
vn -1.000000 0.000000 0.000000
vn 0.000000 0.000000 1.000000
vn 0.000000 0.000000 1.000000
vn 0.000000 0.000000 1.000000
vn 0.000000 0.000000 1.000000
vn 0.000000 0.000000 1.000000
vn 0.000000 0.000000 1.000000
vn 0.000000 1.000000 0.000000
vn 0.000000 1.000000 0.000000
vn 0.000000 1.000000 0.000000
vn 0.000000 1.000000 0.000000
vn 0.000000 1.000000 0.000000
vn 0.000000 1.000000 0.000000
vn 0.000000 0.000000 -1.000000
vn 0.000000 0.000000 -1.000000
vn 0.000000 0.000000 -1.000000
vn 0.000000 0.000000 -1.000000
vn 0.000000 0.000000 -1.000000
vn 0.000000 0.000000 -1.000000
vn 0.000000 -1.000000 0.000000
vn 0.000000 -1.000000 0.000000
vn 0.000000 -1.000000 0.000000
vn 0.000000 -1.000000 0.000000
vn 0.000000 -1.000000 0.000000
vn 0.000000 -1.000000 0.000000
vn 1.000000 0.000000 0.000000
vn 1.000000 0.000000 0.000000
vn 1.000000 0.000000 0.000000
vn 1.000000 0.000000 0.000000
vn 1.000000 0.000000 0.000000
vn 1.000000 0.000000 0.000000
vn -1.000000 0.000000 0.000000
vn -1.000000 0.000000 0.000000
vn -1.000000 0.000000 0.000000
vn -1.000000 0.000000 0.000000
vn -1.000000 0.000000 0.000000
vn -1.000000 0.000000 0.000000
vn 0.000000 0.000000 1.000000
vn 0.000000 0.000000 1.000000
vn 0.000000 0.000000 1.000000
vn 0.000000 0.000000 1.000000
vn 0.000000 0.000000 1.000000
vn 0.000000 0.000000 1.000000
vn 0.000000 1.000000 0.000000
vn 0.000000 1.000000 0.000000
vn 0.000000 1.000000 0.000000
vn 0.000000 1.000000 0.000000
vn 0.000000 1.000000 0.000000
vn 0.000000 1.000000 0.000000
vn 0.000000 0.000000 -1.000000
vn 0.000000 0.000000 -1.000000
vn 0.000000 0.000000 -1.000000
vn 0.000000 0.000000 -1.000000
vn 0.000000 0.000000 -1.000000
vn 0.000000 0.000000 -1.000000
vn 0.000000 -1.000000 0.000000
vn 0.000000 -1.000000 0.000000
vn 0.000000 -1.000000 0.000000
vn 0.000000 -1.000000 0.000000
vn 0.000000 -1.000000 0.000000
vn 0.000000 -1.000000 0.000000
vn 1.000000 0.000000 0.000000
vn 1.000000 0.000000 0.000000
vn 1.000000 0.000000 0.000000
vn 1.000000 0.000000 0.000000
vn 1.000000 0.000000 0.000000
vn 1.000000 0.000000 0.000000
vn -1.000000 0.000000 0.000000
vn -1.000000 0.000000 0.000000
vn -1.000000 0.000000 0.000000
vn -1.000000 0.000000 0.000000
vn -1.000000 0.000000 0.000000
vn -1.000000 0.000000 0.000000
vn 0.000000 0.000000 1.000000
vn 0.000000 0.000000 1.000000
vn 0.000000 0.000000 1.000000
vn 0.000000 0.000000 1.000000
vn 0.000000 0.000000 1.000000
vn 0.000000 0.000000 1.000000
vn 0.000000 1.000000 0.000000
vn 0.000000 1.000000 0.000000
vn 0.000000 1.000000 0.000000
vn 0.000000 1.000000 0.000000
vn 0.000000 1.000000 0.000000
vn 0.000000 1.000000 0.000000
vn 0.000000 0.000000 -1.000000
vn 0.000000 0.000000 -1.000000
vn 0.000000 0.000000 -1.000000
vn 0.000000 0.000000 -1.000000
vn 0.000000 0.000000 -1.000000
vn 0.000000 0.000000 -1.000000
vn 0.000000 -1.000000 0.000000
vn 0.000000 -1.000000 0.000000
vn 0.000000 -1.000000 0.000000
vn 0.000000 -1.000000 0.000000
vn 0.000000 -1.000000 0.000000
vn 0.000000 -1.000000 0.000000
vn 1.000000 0.000000 0.000000
vn 1.000000 0.000000 0.000000
vn 1.000000 0.000000 0.000000
vn 1.000000 0.000000 0.000000
vn 1.000000 0.000000 0.000000
vn 1.000000 0.000000 0.000000
vn -1.000000 0.000000 0.000000
vn -1.000000 0.000000 0.000000
vn -1.000000 0.000000 0.000000
vn -1.000000 0.000000 0.000000
vn -1.000000 0.000000 0.000000
vn -1.000000 0.000000 0.000000
vn 0.000000 0.000000 1.000000
vn 0.000000 0.000000 1.000000
vn 0.000000 0.000000 1.000000
vn 0.000000 0.000000 1.000000
vn 0.000000 0.000000 1.000000
vn 0.000000 0.000000 1.000000
vn 0.000000 1.000000 0.000000
vn 0.000000 1.000000 0.000000
vn 0.000000 1.000000 0.000000
vn 0.000000 1.000000 0.000000
vn 0.000000 1.000000 0.000000
vn 0.000000 1.000000 0.000000
vn 0.000000 0.000000 -1.000000
vn 0.000000 0.000000 -1.000000
vn 0.000000 0.000000 -1.000000
vn 0.000000 0.000000 -1.000000
vn 0.000000 0.000000 -1.000000
vn 0.000000 0.000000 -1.000000
vn 0.000000 -1.000000 0.000000
vn 0.000000 -1.000000 0.000000
vn 0.000000 -1.000000 0.000000
vn 0.000000 -1.000000 0.000000
vn 0.000000 -1.000000 0.000000
vn 0.000000 -1.000000 0.000000
vn 1.000000 0.000000 0.000000
vn 1.000000 0.000000 0.000000
vn 1.000000 0.000000 0.000000
vn 1.000000 0.000000 0.000000
vn 1.000000 0.000000 0.000000
vn 1.000000 0.000000 0.000000
vn -1.000000 0.000000 0.000000
vn -1.000000 0.000000 0.000000
vn -1.000000 0.000000 0.000000
vn -1.000000 0.000000 0.000000
vn -1.000000 0.000000 0.000000
vn -1.000000 0.000000 0.000000
vn 0.000000 0.000000 1.000000
vn 0.000000 0.000000 1.000000
vn 0.000000 0.000000 1.000000
vn 0.000000 0.000000 1.000000
vn 0.000000 0.000000 1.000000
vn 0.000000 0.000000 1.000000
vn 0.000000 1.000000 0.000000
vn 0.000000 1.000000 0.000000
vn 0.000000 1.000000 0.000000
vn 0.000000 1.000000 0.000000
vn 0.000000 1.000000 0.000000
vn 0.000000 1.000000 0.000000
vn 0.000000 0.000000 -1.000000
vn 0.000000 0.000000 -1.000000
vn 0.000000 0.000000 -1.000000
vn 0.000000 0.000000 -1.000000
vn 0.000000 0.000000 -1.000000
vn 0.000000 0.000000 -1.000000
vn 0.000000 -1.000000 0.000000
vn 0.000000 -1.000000 0.000000
vn 0.000000 -1.000000 0.000000
vn 0.000000 -1.000000 0.000000
vn 0.000000 -1.000000 0.000000
vn 0.000000 -1.000000 0.000000
vn 1.000000 0.000000 0.000000
vn 1.000000 0.000000 0.000000
vn 1.000000 0.000000 0.000000
vn 1.000000 0.000000 0.000000
vn 1.000000 0.000000 0.000000
vn 1.000000 0.000000 0.000000
vn -1.000000 0.000000 0.000000
vn -1.000000 0.000000 0.000000
vn -1.000000 0.000000 0.000000
vn -1.000000 0.000000 0.000000
vn -1.000000 0.000000 0.000000
vn -1.000000 0.000000 0.000000
vn 0.000000 0.000000 1.000000
vn 0.000000 0.000000 1.000000
vn 0.000000 0.000000 1.000000
vn 0.000000 0.000000 1.000000
vn 0.000000 0.000000 1.000000
vn 0.000000 0.000000 1.000000
vn 0.000000 1.000000 0.000000
vn 0.000000 1.000000 0.000000
vn 0.000000 1.000000 0.000000
vn 0.000000 1.000000 0.000000
vn 0.000000 1.000000 0.000000
vn 0.000000 1.000000 0.000000
vn 0.000000 0.000000 -1.000000
vn 0.000000 0.000000 -1.000000
vn 0.000000 0.000000 -1.000000
vn 0.000000 0.000000 -1.000000
vn 0.000000 0.000000 -1.000000
vn 0.000000 0.000000 -1.000000
vn 0.000000 -1.000000 0.000000
vn 0.000000 -1.000000 0.000000
vn 0.000000 -1.000000 0.000000
vn 0.000000 -1.000000 0.000000
vn 0.000000 -1.000000 0.000000
vn 0.000000 -1.000000 0.000000
vn 1.000000 0.000000 0.000000
vn 1.000000 0.000000 0.000000
vn 1.000000 0.000000 0.000000
vn 1.000000 0.000000 0.000000
vn 1.000000 0.000000 0.000000
vn 1.000000 0.000000 0.000000
vn -1.000000 0.000000 0.000000
vn -1.000000 0.000000 0.000000
vn -1.000000 0.000000 0.000000
vn -1.000000 0.000000 0.000000
vn -1.000000 0.000000 0.000000
vn -1.000000 0.000000 0.000000
vn 0.000000 0.000000 1.000000
vn 0.000000 0.000000 1.000000
vn 0.000000 0.000000 1.000000
vn 0.000000 0.000000 1.000000
vn 0.000000 0.000000 1.000000
vn 0.000000 0.000000 1.000000
vn 0.000000 1.000000 0.000000
vn 0.000000 1.000000 0.000000
vn 0.000000 1.000000 0.000000
vn 0.000000 1.000000 0.000000
vn 0.000000 1.000000 0.000000
vn 0.000000 1.000000 0.000000
vn 0.000000 0.000000 -1.000000
vn 0.000000 0.000000 -1.000000
vn 0.000000 0.000000 -1.000000
vn 0.000000 0.000000 -1.000000
vn 0.000000 0.000000 -1.000000
vn 0.000000 0.000000 -1.000000
vn 0.000000 -1.000000 0.000000
vn 0.000000 -1.000000 0.000000
vn 0.000000 -1.000000 0.000000
vn 0.000000 -1.000000 0.000000
vn 0.000000 -1.000000 0.000000
vn 0.000000 -1.000000 0.000000
vn 1.000000 0.000000 0.000000
vn 1.000000 0.000000 0.000000
vn 1.000000 0.000000 0.000000
vn 1.000000 0.000000 0.000000
vn 1.000000 0.000000 0.000000
vn 1.000000 0.000000 0.000000
vn -1.000000 0.000000 0.000000
vn -1.000000 0.000000 0.000000
vn -1.000000 0.000000 0.000000
vn -1.000000 0.000000 0.000000
vn -1.000000 0.000000 0.000000
vn -1.000000 0.000000 0.000000
vn 0.000000 0.000000 1.000000
vn 0.000000 0.000000 1.000000
vn 0.000000 0.000000 1.000000
vn 0.000000 0.000000 1.000000
vn 0.000000 0.000000 1.000000
vn 0.000000 0.000000 1.000000
vn 0.000000 1.000000 0.000000
vn 0.000000 1.000000 0.000000
vn 0.000000 1.000000 0.000000
vn 0.000000 1.000000 0.000000
vn 0.000000 1.000000 0.000000
vn 0.000000 1.000000 0.000000
vn 0.000000 0.000000 -1.000000
vn 0.000000 0.000000 -1.000000
vn 0.000000 0.000000 -1.000000
vn 0.000000 0.000000 -1.000000
vn 0.000000 0.000000 -1.000000
vn 0.000000 0.000000 -1.000000
vn 0.000000 -1.000000 0.000000
vn 0.000000 -1.000000 0.000000
vn 0.000000 -1.000000 0.000000
vn 0.000000 -1.000000 0.000000
vn 0.000000 -1.000000 0.000000
vn 0.000000 -1.000000 0.000000
vn 1.000000 0.000000 0.000000
vn 1.000000 0.000000 0.000000
vn 1.000000 0.000000 0.000000
vn 1.000000 0.000000 0.000000
vn 1.000000 0.000000 0.000000
vn 1.000000 0.000000 0.000000
vn -1.000000 0.000000 0.000000
vn -1.000000 0.000000 0.000000
vn -1.000000 0.000000 0.000000
vn -1.000000 0.000000 0.000000
vn -1.000000 0.000000 0.000000
vn -1.000000 0.000000 0.000000
vn 0.000000 0.000000 1.000000
vn 0.000000 0.000000 1.000000
vn 0.000000 0.000000 1.000000
vn 0.000000 0.000000 1.000000
vn 0.000000 0.000000 1.000000
vn 0.000000 0.000000 1.000000
vn 0.000000 1.000000 0.000000
vn 0.000000 1.000000 0.000000
vn 0.000000 1.000000 0.000000
vn 0.000000 1.000000 0.000000
vn 0.000000 1.000000 0.000000
vn 0.000000 1.000000 0.000000
vn 0.000000 0.000000 -1.000000
vn 0.000000 0.000000 -1.000000
vn 0.000000 0.000000 -1.000000
vn 0.000000 0.000000 -1.000000
vn 0.000000 0.000000 -1.000000
vn 0.000000 0.000000 -1.000000
vn 0.000000 -1.000000 0.000000
vn 0.000000 -1.000000 0.000000
vn 0.000000 -1.000000 0.000000
vn 0.000000 -1.000000 0.000000
vn 0.000000 -1.000000 0.000000
vn 0.000000 -1.000000 0.000000
vn 1.000000 0.000000 0.000000
vn 1.000000 0.000000 0.000000
vn 1.000000 0.000000 0.000000
vn 1.000000 0.000000 0.000000
vn 1.000000 0.000000 0.000000
vn 1.000000 0.000000 0.000000
vn -1.000000 0.000000 0.000000
vn -1.000000 0.000000 0.000000
vn -1.000000 0.000000 0.000000
vn -1.000000 0.000000 0.000000
vn -1.000000 0.000000 0.000000
vn -1.000000 0.000000 0.000000
vn 0.000000 0.000000 1.000000
vn 0.000000 0.000000 1.000000
vn 0.000000 0.000000 1.000000
vn 0.000000 0.000000 1.000000
vn 0.000000 0.000000 1.000000
vn 0.000000 0.000000 1.000000
vn 0.000000 1.000000 0.000000
vn 0.000000 1.000000 0.000000
vn 0.000000 1.000000 0.000000
vn 0.000000 1.000000 0.000000
vn 0.000000 1.000000 0.000000
vn 0.000000 1.000000 0.000000
vn 0.000000 0.000000 -1.000000
vn 0.000000 0.000000 -1.000000
vn 0.000000 0.000000 -1.000000
vn 0.000000 0.000000 -1.000000
vn 0.000000 0.000000 -1.000000
vn 0.000000 0.000000 -1.000000
vn 0.000000 -1.000000 0.000000
vn 0.000000 -1.000000 0.000000
vn 0.000000 -1.000000 0.000000
vn 0.000000 -1.000000 0.000000
vn 0.000000 -1.000000 0.000000
vn 0.000000 -1.000000 0.000000
vn 1.000000 0.000000 0.000000
vn 1.000000 0.000000 0.000000
vn 1.000000 0.000000 0.000000
vn 1.000000 0.000000 0.000000
vn 1.000000 0.000000 0.000000
vn 1.000000 0.000000 0.000000
vn -1.000000 0.000000 0.000000
vn -1.000000 0.000000 0.000000
vn -1.000000 0.000000 0.000000
vn -1.000000 0.000000 0.000000
vn -1.000000 0.000000 0.000000
vn -1.000000 0.000000 0.000000
vn 0.000000 0.000000 1.000000
vn 0.000000 0.000000 1.000000
vn 0.000000 0.000000 1.000000
vn 0.000000 0.000000 1.000000
vn 0.000000 0.000000 1.000000
vn 0.000000 0.000000 1.000000
vn 0.000000 1.000000 0.000000
vn 0.000000 1.000000 0.000000
vn 0.000000 1.000000 0.000000
vn 0.000000 1.000000 0.000000
vn 0.000000 1.000000 0.000000
vn 0.000000 1.000000 0.000000
vn 0.000000 0.000000 -1.000000
vn 0.000000 0.000000 -1.000000
vn 0.000000 0.000000 -1.000000
vn 0.000000 0.000000 -1.000000
vn 0.000000 0.000000 -1.000000
vn 0.000000 0.000000 -1.000000
vn 0.000000 -1.000000 0.000000
vn 0.000000 -1.000000 0.000000
vn 0.000000 -1.000000 0.000000
vn 0.000000 -1.000000 0.000000
vn 0.000000 -1.000000 0.000000
vn 0.000000 -1.000000 0.000000
vn 1.000000 0.000000 0.000000
vn 1.000000 0.000000 0.000000
vn 1.000000 0.000000 0.000000
vn 1.000000 0.000000 0.000000
vn 1.000000 0.000000 0.000000
vn 1.000000 0.000000 0.000000
vn -1.000000 0.000000 0.000000
vn -1.000000 0.000000 0.000000
vn -1.000000 0.000000 0.000000
vn -1.000000 0.000000 0.000000
vn -1.000000 0.000000 0.000000
vn -1.000000 0.000000 0.000000
vn 0.000000 0.000000 1.000000
vn 0.000000 0.000000 1.000000
vn 0.000000 0.000000 1.000000
vn 0.000000 0.000000 1.000000
vn 0.000000 0.000000 1.000000
vn 0.000000 0.000000 1.000000
vn 0.000000 1.000000 0.000000
vn 0.000000 1.000000 0.000000
vn 0.000000 1.000000 0.000000
vn 0.000000 1.000000 0.000000
vn 0.000000 1.000000 0.000000
vn 0.000000 1.000000 0.000000
vn 0.000000 0.000000 -1.000000
vn 0.000000 0.000000 -1.000000
vn 0.000000 0.000000 -1.000000
vn 0.000000 0.000000 -1.000000
vn 0.000000 0.000000 -1.000000
vn 0.000000 0.000000 -1.000000
vn 0.000000 -1.000000 0.000000
vn 0.000000 -1.000000 0.000000
vn 0.000000 -1.000000 0.000000
vn 0.000000 -1.000000 0.000000
vn 0.000000 -1.000000 0.000000
vn 0.000000 -1.000000 0.000000
vn 1.000000 0.000000 0.000000
vn 1.000000 0.000000 0.000000
vn 1.000000 0.000000 0.000000
vn 1.000000 0.000000 0.000000
vn 1.000000 0.000000 0.000000
vn 1.000000 0.000000 0.000000
vn -1.000000 0.000000 0.000000
vn -1.000000 0.000000 0.000000
vn -1.000000 0.000000 0.000000
vn -1.000000 0.000000 0.000000
vn -1.000000 0.000000 0.000000
vn -1.000000 0.000000 0.000000
vn 0.000000 0.000000 1.000000
vn 0.000000 0.000000 1.000000
vn 0.000000 0.000000 1.000000
vn 0.000000 0.000000 1.000000
vn 0.000000 0.000000 1.000000
vn 0.000000 0.000000 1.000000
vn 0.000000 1.000000 0.000000
vn 0.000000 1.000000 0.000000
vn 0.000000 1.000000 0.000000
vn 0.000000 1.000000 0.000000
vn 0.000000 1.000000 0.000000
vn 0.000000 1.000000 0.000000
vn 0.000000 0.000000 -1.000000
vn 0.000000 0.000000 -1.000000
vn 0.000000 0.000000 -1.000000
vn 0.000000 0.000000 -1.000000
vn 0.000000 0.000000 -1.000000
vn 0.000000 0.000000 -1.000000
vn 0.000000 -1.000000 0.000000
vn 0.000000 -1.000000 0.000000
vn 0.000000 -1.000000 0.000000
vn 0.000000 -1.000000 0.000000
vn 0.000000 -1.000000 0.000000
vn 0.000000 -1.000000 0.000000
vn 1.000000 0.000000 0.000000
vn 1.000000 0.000000 0.000000
vn 1.000000 0.000000 0.000000
vn 1.000000 0.000000 0.000000
vn 1.000000 0.000000 0.000000
vn 1.000000 0.000000 0.000000
vn -1.000000 0.000000 0.000000
vn -1.000000 0.000000 0.000000
vn -1.000000 0.000000 0.000000
vn -1.000000 0.000000 0.000000
vn -1.000000 0.000000 0.000000
vn -1.000000 0.000000 0.000000
vn 0.000000 0.000000 1.000000
vn 0.000000 0.000000 1.000000
vn 0.000000 0.000000 1.000000
vn 0.000000 0.000000 1.000000
vn 0.000000 0.000000 1.000000
vn 0.000000 0.000000 1.000000
vn 0.000000 1.000000 0.000000
vn 0.000000 1.000000 0.000000
vn 0.000000 1.000000 0.000000
vn 0.000000 1.000000 0.000000
vn 0.000000 1.000000 0.000000
vn 0.000000 1.000000 0.000000
vn 0.000000 0.000000 -1.000000
vn 0.000000 0.000000 -1.000000
vn 0.000000 0.000000 -1.000000
vn 0.000000 0.000000 -1.000000
vn 0.000000 0.000000 -1.000000
vn 0.000000 0.000000 -1.000000
vn 0.000000 -1.000000 0.000000
vn 0.000000 -1.000000 0.000000
vn 0.000000 -1.000000 0.000000
vn 0.000000 -1.000000 0.000000
vn 0.000000 -1.000000 0.000000
vn 0.000000 -1.000000 0.000000
vn 1.000000 0.000000 0.000000
vn 1.000000 0.000000 0.000000
vn 1.000000 0.000000 0.000000
vn 1.000000 0.000000 0.000000
vn 1.000000 0.000000 0.000000
vn 1.000000 0.000000 0.000000
vn -1.000000 0.000000 0.000000
vn -1.000000 0.000000 0.000000
vn -1.000000 0.000000 0.000000
vn -1.000000 0.000000 0.000000
vn -1.000000 0.000000 0.000000
vn -1.000000 0.000000 0.000000
vn 0.000000 0.000000 1.000000
vn 0.000000 0.000000 1.000000
vn 0.000000 0.000000 1.000000
vn 0.000000 0.000000 1.000000
vn 0.000000 0.000000 1.000000
vn 0.000000 0.000000 1.000000
vn 0.000000 1.000000 0.000000
vn 0.000000 1.000000 0.000000
vn 0.000000 1.000000 0.000000
vn 0.000000 1.000000 0.000000
vn 0.000000 1.000000 0.000000
vn 0.000000 1.000000 0.000000
vn 0.000000 0.000000 -1.000000
vn 0.000000 0.000000 -1.000000
vn 0.000000 0.000000 -1.000000
vn 0.000000 0.000000 -1.000000
vn 0.000000 0.000000 -1.000000
vn 0.000000 0.000000 -1.000000
vn 0.000000 -1.000000 0.000000
vn 0.000000 -1.000000 0.000000
vn 0.000000 -1.000000 0.000000
vn 0.000000 -1.000000 0.000000
vn 0.000000 -1.000000 0.000000
vn 0.000000 -1.000000 0.000000
vn 1.000000 0.000000 0.000000
vn 1.000000 0.000000 0.000000
vn 1.000000 0.000000 0.000000
vn 1.000000 0.000000 0.000000
vn 1.000000 0.000000 0.000000
vn 1.000000 0.000000 0.000000
vn -1.000000 0.000000 0.000000
vn -1.000000 0.000000 0.000000
vn -1.000000 0.000000 0.000000
vn -1.000000 0.000000 0.000000
vn -1.000000 0.000000 0.000000
vn -1.000000 0.000000 0.000000
vn 0.000000 0.000000 1.000000
vn 0.000000 0.000000 1.000000
vn 0.000000 0.000000 1.000000
vn 0.000000 0.000000 1.000000
vn 0.000000 0.000000 1.000000
vn 0.000000 0.000000 1.000000
vn 0.000000 1.000000 0.000000
vn 0.000000 1.000000 0.000000
vn 0.000000 1.000000 0.000000
vn 0.000000 1.000000 0.000000
vn 0.000000 1.000000 0.000000
vn 0.000000 1.000000 0.000000
vn 0.000000 0.000000 -1.000000
vn 0.000000 0.000000 -1.000000
vn 0.000000 0.000000 -1.000000
vn 0.000000 0.000000 -1.000000
vn 0.000000 0.000000 -1.000000
vn 0.000000 0.000000 -1.000000
vn 0.000000 -1.000000 0.000000
vn 0.000000 -1.000000 0.000000
vn 0.000000 -1.000000 0.000000
vn 0.000000 -1.000000 0.000000
vn 0.000000 -1.000000 0.000000
vn 0.000000 -1.000000 0.000000
vn 1.000000 0.000000 0.000000
vn 1.000000 0.000000 0.000000
vn 1.000000 0.000000 0.000000
vn 1.000000 0.000000 0.000000
vn 1.000000 0.000000 0.000000
vn 1.000000 0.000000 0.000000
vn -1.000000 0.000000 0.000000
vn -1.000000 0.000000 0.000000
vn -1.000000 0.000000 0.000000
vn -1.000000 0.000000 0.000000
vn -1.000000 0.000000 0.000000
vn -1.000000 0.000000 0.000000
vn 0.000000 0.000000 1.000000
vn 0.000000 0.000000 1.000000
vn 0.000000 0.000000 1.000000
vn 0.000000 0.000000 1.000000
vn 0.000000 0.000000 1.000000
vn 0.000000 0.000000 1.000000
vn 0.000000 1.000000 0.000000
vn 0.000000 1.000000 0.000000
vn 0.000000 1.000000 0.000000
vn 0.000000 1.000000 0.000000
vn 0.000000 1.000000 0.000000
vn 0.000000 1.000000 0.000000
vn 0.000000 0.000000 -1.000000
vn 0.000000 0.000000 -1.000000
vn 0.000000 0.000000 -1.000000
vn 0.000000 0.000000 -1.000000
vn 0.000000 0.000000 -1.000000
vn 0.000000 0.000000 -1.000000
vn 0.000000 -1.000000 0.000000
vn 0.000000 -1.000000 0.000000
vn 0.000000 -1.000000 0.000000
vn 0.000000 -1.000000 0.000000
vn 0.000000 -1.000000 0.000000
vn 0.000000 -1.000000 0.000000
vn 1.000000 0.000000 0.000000
vn 1.000000 0.000000 0.000000
vn 1.000000 0.000000 0.000000
vn 1.000000 0.000000 0.000000
vn 1.000000 0.000000 0.000000
vn 1.000000 0.000000 0.000000
vn -1.000000 0.000000 0.000000
vn -1.000000 0.000000 0.000000
vn -1.000000 0.000000 0.000000
vn -1.000000 0.000000 0.000000
vn -1.000000 0.000000 0.000000
vn -1.000000 0.000000 0.000000
vn 0.000000 0.000000 1.000000
vn 0.000000 0.000000 1.000000
vn 0.000000 0.000000 1.000000
vn 0.000000 0.000000 1.000000
vn 0.000000 0.000000 1.000000
vn 0.000000 0.000000 1.000000
vn 0.000000 1.000000 0.000000
vn 0.000000 1.000000 0.000000
vn 0.000000 1.000000 0.000000
vn 0.000000 1.000000 0.000000
vn 0.000000 1.000000 0.000000
vn 0.000000 1.000000 0.000000
vn 0.000000 0.000000 -1.000000
vn 0.000000 0.000000 -1.000000
vn 0.000000 0.000000 -1.000000
vn 0.000000 0.000000 -1.000000
vn 0.000000 0.000000 -1.000000
vn 0.000000 0.000000 -1.000000
vn 0.000000 -1.000000 0.000000
vn 0.000000 -1.000000 0.000000
vn 0.000000 -1.000000 0.000000
vn 0.000000 -1.000000 0.000000
vn 0.000000 -1.000000 0.000000
vn 0.000000 -1.000000 0.000000
vn 1.000000 0.000000 0.000000
vn 1.000000 0.000000 0.000000
vn 1.000000 0.000000 0.000000
vn 1.000000 0.000000 0.000000
vn 1.000000 0.000000 0.000000
vn 1.000000 0.000000 0.000000
vn -1.000000 0.000000 0.000000
vn -1.000000 0.000000 0.000000
vn -1.000000 0.000000 0.000000
vn -1.000000 0.000000 0.000000
vn -1.000000 0.000000 0.000000
vn -1.000000 0.000000 0.000000
vn 0.000000 0.000000 1.000000
vn 0.000000 0.000000 1.000000
vn 0.000000 0.000000 1.000000
vn 0.000000 0.000000 1.000000
vn 0.000000 0.000000 1.000000
vn 0.000000 0.000000 1.000000
vn 0.000000 1.000000 0.000000
vn 0.000000 1.000000 0.000000
vn 0.000000 1.000000 0.000000
vn 0.000000 1.000000 0.000000
vn 0.000000 1.000000 0.000000
vn 0.000000 1.000000 0.000000
vn 0.000000 0.000000 -1.000000
vn 0.000000 0.000000 -1.000000
vn 0.000000 0.000000 -1.000000
vn 0.000000 0.000000 -1.000000
vn 0.000000 0.000000 -1.000000
vn 0.000000 0.000000 -1.000000
vn 0.000000 -1.000000 0.000000
vn 0.000000 -1.000000 0.000000
vn 0.000000 -1.000000 0.000000
vn 0.000000 -1.000000 0.000000
vn 0.000000 -1.000000 0.000000
vn 0.000000 -1.000000 0.000000
vn 1.000000 0.000000 0.000000
vn 1.000000 0.000000 0.000000
vn 1.000000 0.000000 0.000000
vn 1.000000 0.000000 0.000000
vn 1.000000 0.000000 0.000000
vn 1.000000 0.000000 0.000000
vn -1.000000 0.000000 0.000000
vn -1.000000 0.000000 0.000000
vn -1.000000 0.000000 0.000000
vn -1.000000 0.000000 0.000000
vn -1.000000 0.000000 0.000000
vn -1.000000 0.000000 0.000000
vn 0.000000 0.000000 1.000000
vn 0.000000 0.000000 1.000000
vn 0.000000 0.000000 1.000000
vn 0.000000 0.000000 1.000000
vn 0.000000 0.000000 1.000000
vn 0.000000 0.000000 1.000000
vn 0.000000 1.000000 0.000000
vn 0.000000 1.000000 0.000000
vn 0.000000 1.000000 0.000000
vn 0.000000 1.000000 0.000000
vn 0.000000 1.000000 0.000000
vn 0.000000 1.000000 0.000000
vn 0.000000 0.000000 -1.000000
vn 0.000000 0.000000 -1.000000
vn 0.000000 0.000000 -1.000000
vn 0.000000 0.000000 -1.000000
vn 0.000000 0.000000 -1.000000
vn 0.000000 0.000000 -1.000000
vn 0.000000 -1.000000 0.000000
vn 0.000000 -1.000000 0.000000
vn 0.000000 -1.000000 0.000000
vn 0.000000 -1.000000 0.000000
vn 0.000000 -1.000000 0.000000
vn 0.000000 -1.000000 0.000000
vn 1.000000 0.000000 0.000000
vn 1.000000 0.000000 0.000000
vn 1.000000 0.000000 0.000000
vn 1.000000 0.000000 0.000000
vn 1.000000 0.000000 0.000000
vn 1.000000 0.000000 0.000000
vn -1.000000 0.000000 0.000000
vn -1.000000 0.000000 0.000000
vn -1.000000 0.000000 0.000000
vn -1.000000 0.000000 0.000000
vn -1.000000 0.000000 0.000000
vn -1.000000 0.000000 0.000000
vn 0.000000 0.000000 1.000000
vn 0.000000 0.000000 1.000000
vn 0.000000 0.000000 1.000000
vn 0.000000 0.000000 1.000000
vn 0.000000 0.000000 1.000000
vn 0.000000 0.000000 1.000000
vn 0.000000 1.000000 0.000000
vn 0.000000 1.000000 0.000000
vn 0.000000 1.000000 0.000000
vn 0.000000 1.000000 0.000000
vn 0.000000 1.000000 0.000000
vn 0.000000 1.000000 0.000000
vn 0.000000 0.000000 -1.000000
vn 0.000000 0.000000 -1.000000
vn 0.000000 0.000000 -1.000000
vn 0.000000 0.000000 -1.000000
vn 0.000000 0.000000 -1.000000
vn 0.000000 0.000000 -1.000000
vn 0.000000 -1.000000 0.000000
vn 0.000000 -1.000000 0.000000
vn 0.000000 -1.000000 0.000000
vn 0.000000 -1.000000 0.000000
vn 0.000000 -1.000000 0.000000
vn 0.000000 -1.000000 0.000000
vn 1.000000 0.000000 0.000000
vn 1.000000 0.000000 0.000000
vn 1.000000 0.000000 0.000000
vn 1.000000 0.000000 0.000000
vn 1.000000 0.000000 0.000000
vn 1.000000 0.000000 0.000000
vn -1.000000 0.000000 0.000000
vn -1.000000 0.000000 0.000000
vn -1.000000 0.000000 0.000000
vn -1.000000 0.000000 0.000000
vn -1.000000 0.000000 0.000000
vn -1.000000 0.000000 0.000000
vn 0.000000 0.000000 1.000000
vn 0.000000 0.000000 1.000000
vn 0.000000 0.000000 1.000000
vn 0.000000 0.000000 1.000000
vn 0.000000 0.000000 1.000000
vn 0.000000 0.000000 1.000000
vn 0.000000 1.000000 0.000000
vn 0.000000 1.000000 0.000000
vn 0.000000 1.000000 0.000000
vn 0.000000 1.000000 0.000000
vn 0.000000 1.000000 0.000000
vn 0.000000 1.000000 0.000000
vn 0.000000 0.000000 -1.000000
vn 0.000000 0.000000 -1.000000
vn 0.000000 0.000000 -1.000000
vn 0.000000 0.000000 -1.000000
vn 0.000000 0.000000 -1.000000
vn 0.000000 0.000000 -1.000000
vn 0.000000 -1.000000 0.000000
vn 0.000000 -1.000000 0.000000
vn 0.000000 -1.000000 0.000000
vn 0.000000 -1.000000 0.000000
vn 0.000000 -1.000000 0.000000
vn 0.000000 -1.000000 0.000000
vn 1.000000 0.000000 0.000000
vn 1.000000 0.000000 0.000000
vn 1.000000 0.000000 0.000000
vn 1.000000 0.000000 0.000000
vn 1.000000 0.000000 0.000000
vn 1.000000 0.000000 0.000000
vn -1.000000 0.000000 0.000000
vn -1.000000 0.000000 0.000000
vn -1.000000 0.000000 0.000000
vn -1.000000 0.000000 0.000000
vn -1.000000 0.000000 0.000000
vn -1.000000 0.000000 0.000000
vn 0.000000 0.000000 1.000000
vn 0.000000 0.000000 1.000000
vn 0.000000 0.000000 1.000000
vn 0.000000 0.000000 1.000000
vn 0.000000 0.000000 1.000000
vn 0.000000 0.000000 1.000000
vn 0.000000 1.000000 0.000000
vn 0.000000 1.000000 0.000000
vn 0.000000 1.000000 0.000000
vn 0.000000 1.000000 0.000000
vn 0.000000 1.000000 0.000000
vn 0.000000 1.000000 0.000000
vn 0.000000 0.000000 -1.000000
vn 0.000000 0.000000 -1.000000
vn 0.000000 0.000000 -1.000000
vn 0.000000 0.000000 -1.000000
vn 0.000000 0.000000 -1.000000
vn 0.000000 0.000000 -1.000000
vn 0.000000 -1.000000 0.000000
vn 0.000000 -1.000000 0.000000
vn 0.000000 -1.000000 0.000000
vn 0.000000 -1.000000 0.000000
vn 0.000000 -1.000000 0.000000
vn 0.000000 -1.000000 0.000000
vn 1.000000 0.000000 0.000000
vn 1.000000 0.000000 0.000000
vn 1.000000 0.000000 0.000000
vn 1.000000 0.000000 0.000000
vn 1.000000 0.000000 0.000000
vn 1.000000 0.000000 0.000000
vn -1.000000 0.000000 0.000000
vn -1.000000 0.000000 0.000000
vn -1.000000 0.000000 0.000000
vn -1.000000 0.000000 0.000000
vn -1.000000 0.000000 0.000000
vn -1.000000 0.000000 0.000000
vn 0.000000 0.000000 1.000000
vn 0.000000 0.000000 1.000000
vn 0.000000 0.000000 1.000000
vn 0.000000 0.000000 1.000000
vn 0.000000 0.000000 1.000000
vn 0.000000 0.000000 1.000000
vn 0.000000 1.000000 0.000000
vn 0.000000 1.000000 0.000000
vn 0.000000 1.000000 0.000000
vn 0.000000 1.000000 0.000000
vn 0.000000 1.000000 0.000000
vn 0.000000 1.000000 0.000000
vn 0.000000 0.000000 -1.000000
vn 0.000000 0.000000 -1.000000
vn 0.000000 0.000000 -1.000000
vn 0.000000 0.000000 -1.000000
vn 0.000000 0.000000 -1.000000
vn 0.000000 0.000000 -1.000000
vn 0.000000 -1.000000 0.000000
vn 0.000000 -1.000000 0.000000
vn 0.000000 -1.000000 0.000000
vn 0.000000 -1.000000 0.000000
vn 0.000000 -1.000000 0.000000
vn 0.000000 -1.000000 0.000000
vn 1.000000 0.000000 0.000000
vn 1.000000 0.000000 0.000000
vn 1.000000 0.000000 0.000000
vn 1.000000 0.000000 0.000000
vn 1.000000 0.000000 0.000000
vn 1.000000 0.000000 0.000000
vn -1.000000 0.000000 0.000000
vn -1.000000 0.000000 0.000000
vn -1.000000 0.000000 0.000000
vn -1.000000 0.000000 0.000000
vn -1.000000 0.000000 0.000000
vn -1.000000 0.000000 0.000000
vn 0.000000 0.000000 1.000000
vn 0.000000 0.000000 1.000000
vn 0.000000 0.000000 1.000000
vn 0.000000 0.000000 1.000000
vn 0.000000 0.000000 1.000000
vn 0.000000 0.000000 1.000000
vn 0.000000 1.000000 0.000000
vn 0.000000 1.000000 0.000000
vn 0.000000 1.000000 0.000000
vn 0.000000 1.000000 0.000000
vn 0.000000 1.000000 0.000000
vn 0.000000 1.000000 0.000000
vn 0.000000 0.000000 -1.000000
vn 0.000000 0.000000 -1.000000
vn 0.000000 0.000000 -1.000000
vn 0.000000 0.000000 -1.000000
vn 0.000000 0.000000 -1.000000
vn 0.000000 0.000000 -1.000000
vn 0.000000 -1.000000 0.000000
vn 0.000000 -1.000000 0.000000
vn 0.000000 -1.000000 0.000000
vn 0.000000 -1.000000 0.000000
vn 0.000000 -1.000000 0.000000
vn 0.000000 -1.000000 0.000000
vn 1.000000 0.000000 0.000000
vn 1.000000 0.000000 0.000000
vn 1.000000 0.000000 0.000000
vn 1.000000 0.000000 0.000000
vn 1.000000 0.000000 0.000000
vn 1.000000 0.000000 0.000000
vn -1.000000 0.000000 0.000000
vn -1.000000 0.000000 0.000000
vn -1.000000 0.000000 0.000000
vn -1.000000 0.000000 0.000000
vn -1.000000 0.000000 0.000000
vn -1.000000 0.000000 0.000000
vn 0.000000 0.000000 1.000000
vn 0.000000 0.000000 1.000000
vn 0.000000 0.000000 1.000000
vn 0.000000 0.000000 1.000000
vn 0.000000 0.000000 1.000000
vn 0.000000 0.000000 1.000000
vn 0.000000 1.000000 0.000000
vn 0.000000 1.000000 0.000000
vn 0.000000 1.000000 0.000000
vn 0.000000 1.000000 0.000000
vn 0.000000 1.000000 0.000000
vn 0.000000 1.000000 0.000000
vn 0.000000 0.000000 -1.000000
vn 0.000000 0.000000 -1.000000
vn 0.000000 0.000000 -1.000000
vn 0.000000 0.000000 -1.000000
vn 0.000000 0.000000 -1.000000
vn 0.000000 0.000000 -1.000000
vn 0.000000 -1.000000 0.000000
vn 0.000000 -1.000000 0.000000
vn 0.000000 -1.000000 0.000000
vn 0.000000 -1.000000 0.000000
vn 0.000000 -1.000000 0.000000
vn 0.000000 -1.000000 0.000000
vn 1.000000 0.000000 0.000000
vn 1.000000 0.000000 0.000000
vn 1.000000 0.000000 0.000000
vn 1.000000 0.000000 0.000000
vn 1.000000 0.000000 0.000000
vn 1.000000 0.000000 0.000000
vn -1.000000 0.000000 0.000000
vn -1.000000 0.000000 0.000000
vn -1.000000 0.000000 0.000000
vn -1.000000 0.000000 0.000000
vn -1.000000 0.000000 0.000000
vn -1.000000 0.000000 0.000000
vn 0.000000 0.000000 1.000000
vn 0.000000 0.000000 1.000000
vn 0.000000 0.000000 1.000000
vn 0.000000 0.000000 1.000000
vn 0.000000 0.000000 1.000000
vn 0.000000 0.000000 1.000000
vn 0.000000 1.000000 0.000000
vn 0.000000 1.000000 0.000000
vn 0.000000 1.000000 0.000000
vn 0.000000 1.000000 0.000000
vn 0.000000 1.000000 0.000000
vn 0.000000 1.000000 0.000000
vn 0.000000 0.000000 -1.000000
vn 0.000000 0.000000 -1.000000
vn 0.000000 0.000000 -1.000000
vn 0.000000 0.000000 -1.000000
vn 0.000000 0.000000 -1.000000
vn 0.000000 0.000000 -1.000000
vn 0.000000 -1.000000 0.000000
vn 0.000000 -1.000000 0.000000
vn 0.000000 -1.000000 0.000000
vn 0.000000 -1.000000 0.000000
vn 0.000000 -1.000000 0.000000
vn 0.000000 -1.000000 0.000000
vn 1.000000 0.000000 0.000000
vn 1.000000 0.000000 0.000000
vn 1.000000 0.000000 0.000000
vn 1.000000 0.000000 0.000000
vn 1.000000 0.000000 0.000000
vn 1.000000 0.000000 0.000000
vn -1.000000 0.000000 0.000000
vn -1.000000 0.000000 0.000000
vn -1.000000 0.000000 0.000000
vn -1.000000 0.000000 0.000000
vn -1.000000 0.000000 0.000000
vn -1.000000 0.000000 0.000000
vn 0.000000 0.000000 1.000000
vn 0.000000 0.000000 1.000000
vn 0.000000 0.000000 1.000000
vn 0.000000 0.000000 1.000000
vn 0.000000 0.000000 1.000000
vn 0.000000 0.000000 1.000000
vn 0.000000 1.000000 0.000000
vn 0.000000 1.000000 0.000000
vn 0.000000 1.000000 0.000000
vn 0.000000 1.000000 0.000000
vn 0.000000 1.000000 0.000000
vn 0.000000 1.000000 0.000000
vn 0.000000 0.000000 -1.000000
vn 0.000000 0.000000 -1.000000
vn 0.000000 0.000000 -1.000000
vn 0.000000 0.000000 -1.000000
vn 0.000000 0.000000 -1.000000
vn 0.000000 0.000000 -1.000000
vn 0.000000 -1.000000 0.000000
vn 0.000000 -1.000000 0.000000
vn 0.000000 -1.000000 0.000000
vn 0.000000 -1.000000 0.000000
vn 0.000000 -1.000000 0.000000
vn 0.000000 -1.000000 0.000000
vn 1.000000 0.000000 0.000000
vn 1.000000 0.000000 0.000000
vn 1.000000 0.000000 0.000000
vn 1.000000 0.000000 0.000000
vn 1.000000 0.000000 0.000000
vn 1.000000 0.000000 0.000000
vn -1.000000 0.000000 0.000000
vn -1.000000 0.000000 0.000000
vn -1.000000 0.000000 0.000000
vn -1.000000 0.000000 0.000000
vn -1.000000 0.000000 0.000000
vn -1.000000 0.000000 0.000000
vn 0.000000 0.000000 1.000000
vn 0.000000 0.000000 1.000000
vn 0.000000 0.000000 1.000000
vn 0.000000 0.000000 1.000000
vn 0.000000 0.000000 1.000000
vn 0.000000 0.000000 1.000000
vn 0.000000 1.000000 0.000000
vn 0.000000 1.000000 0.000000
vn 0.000000 1.000000 0.000000
vn 0.000000 1.000000 0.000000
vn 0.000000 1.000000 0.000000
vn 0.000000 1.000000 0.000000
vn 0.000000 0.000000 -1.000000
vn 0.000000 0.000000 -1.000000
vn 0.000000 0.000000 -1.000000
vn 0.000000 0.000000 -1.000000
vn 0.000000 0.000000 -1.000000
vn 0.000000 0.000000 -1.000000
vn 0.000000 -1.000000 0.000000
vn 0.000000 -1.000000 0.000000
vn 0.000000 -1.000000 0.000000
vn 0.000000 -1.000000 0.000000
vn 0.000000 -1.000000 0.000000
vn 0.000000 -1.000000 0.000000
vn 1.000000 0.000000 0.000000
vn 1.000000 0.000000 0.000000
vn 1.000000 0.000000 0.000000
vn 1.000000 0.000000 0.000000
vn 1.000000 0.000000 0.000000
vn 1.000000 0.000000 0.000000
vn -1.000000 0.000000 0.000000
vn -1.000000 0.000000 0.000000
vn -1.000000 0.000000 0.000000
vn -1.000000 0.000000 0.000000
vn -1.000000 0.000000 0.000000
vn -1.000000 0.000000 0.000000
vn 0.000000 0.000000 1.000000
vn 0.000000 0.000000 1.000000
vn 0.000000 0.000000 1.000000
vn 0.000000 0.000000 1.000000
vn 0.000000 0.000000 1.000000
vn 0.000000 0.000000 1.000000
vn 0.000000 1.000000 0.000000
vn 0.000000 1.000000 0.000000
vn 0.000000 1.000000 0.000000
vn 0.000000 1.000000 0.000000
vn 0.000000 1.000000 0.000000
vn 0.000000 1.000000 0.000000
vn 0.000000 0.000000 -1.000000
vn 0.000000 0.000000 -1.000000
vn 0.000000 0.000000 -1.000000
vn 0.000000 0.000000 -1.000000
vn 0.000000 0.000000 -1.000000
vn 0.000000 0.000000 -1.000000
vn 0.000000 -1.000000 0.000000
vn 0.000000 -1.000000 0.000000
vn 0.000000 -1.000000 0.000000
vn 0.000000 -1.000000 0.000000
vn 0.000000 -1.000000 0.000000
vn 0.000000 -1.000000 0.000000
vn 1.000000 0.000000 0.000000
vn 1.000000 0.000000 0.000000
vn 1.000000 0.000000 0.000000
vn 1.000000 0.000000 0.000000
vn 1.000000 0.000000 0.000000
vn 1.000000 0.000000 0.000000
vn -1.000000 0.000000 0.000000
vn -1.000000 0.000000 0.000000
vn -1.000000 0.000000 0.000000
vn -1.000000 0.000000 0.000000
vn -1.000000 0.000000 0.000000
vn -1.000000 0.000000 0.000000
vn 0.000000 0.000000 1.000000
vn 0.000000 0.000000 1.000000
vn 0.000000 0.000000 1.000000
vn 0.000000 0.000000 1.000000
vn 0.000000 0.000000 1.000000
vn 0.000000 0.000000 1.000000
vn 0.000000 1.000000 0.000000
vn 0.000000 1.000000 0.000000
vn 0.000000 1.000000 0.000000
vn 0.000000 1.000000 0.000000
vn 0.000000 1.000000 0.000000
vn 0.000000 1.000000 0.000000
vn 0.000000 0.000000 -1.000000
vn 0.000000 0.000000 -1.000000
vn 0.000000 0.000000 -1.000000
vn 0.000000 0.000000 -1.000000
vn 0.000000 0.000000 -1.000000
vn 0.000000 0.000000 -1.000000
vn 0.000000 -1.000000 0.000000
vn 0.000000 -1.000000 0.000000
vn 0.000000 -1.000000 0.000000
vn 0.000000 -1.000000 0.000000
vn 0.000000 -1.000000 0.000000
vn 0.000000 -1.000000 0.000000
vn 1.000000 0.000000 0.000000
vn 1.000000 0.000000 0.000000
vn 1.000000 0.000000 0.000000
vn 1.000000 0.000000 0.000000
vn 1.000000 0.000000 0.000000
vn 1.000000 0.000000 0.000000
vn -1.000000 0.000000 0.000000
vn -1.000000 0.000000 0.000000
vn -1.000000 0.000000 0.000000
vn -1.000000 0.000000 0.000000
vn -1.000000 0.000000 0.000000
vn -1.000000 0.000000 0.000000
vn 0.000000 0.000000 1.000000
vn 0.000000 0.000000 1.000000
vn 0.000000 0.000000 1.000000
vn 0.000000 0.000000 1.000000
vn 0.000000 0.000000 1.000000
vn 0.000000 0.000000 1.000000
vn 0.000000 1.000000 0.000000
vn 0.000000 1.000000 0.000000
vn 0.000000 1.000000 0.000000
vn 0.000000 1.000000 0.000000
vn 0.000000 1.000000 0.000000
vn 0.000000 1.000000 0.000000
vn 0.000000 0.000000 -1.000000
vn 0.000000 0.000000 -1.000000
vn 0.000000 0.000000 -1.000000
vn 0.000000 0.000000 -1.000000
vn 0.000000 0.000000 -1.000000
vn 0.000000 0.000000 -1.000000
vn 0.000000 -1.000000 0.000000
vn 0.000000 -1.000000 0.000000
vn 0.000000 -1.000000 0.000000
vn 0.000000 -1.000000 0.000000
vn 0.000000 -1.000000 0.000000
vn 0.000000 -1.000000 0.000000
vn 1.000000 0.000000 0.000000
vn 1.000000 0.000000 0.000000
vn 1.000000 0.000000 0.000000
vn 1.000000 0.000000 0.000000
vn 1.000000 0.000000 0.000000
vn 1.000000 0.000000 0.000000
vn -1.000000 0.000000 0.000000
vn -1.000000 0.000000 0.000000
vn -1.000000 0.000000 0.000000
vn -1.000000 0.000000 0.000000
vn -1.000000 0.000000 0.000000
vn -1.000000 0.000000 0.000000
vn 0.000000 0.000000 1.000000
vn 0.000000 0.000000 1.000000
vn 0.000000 0.000000 1.000000
vn 0.000000 0.000000 1.000000
vn 0.000000 0.000000 1.000000
vn 0.000000 0.000000 1.000000
vn 0.000000 1.000000 0.000000
vn 0.000000 1.000000 0.000000
vn 0.000000 1.000000 0.000000
vn 0.000000 1.000000 0.000000
vn 0.000000 1.000000 0.000000
vn 0.000000 1.000000 0.000000
vn 0.000000 0.000000 -1.000000
vn 0.000000 0.000000 -1.000000
vn 0.000000 0.000000 -1.000000
vn 0.000000 0.000000 -1.000000
vn 0.000000 0.000000 -1.000000
vn 0.000000 0.000000 -1.000000
vn 0.000000 -1.000000 0.000000
vn 0.000000 -1.000000 0.000000
vn 0.000000 -1.000000 0.000000
vn 0.000000 -1.000000 0.000000
vn 0.000000 -1.000000 0.000000
vn 0.000000 -1.000000 0.000000
vn 1.000000 0.000000 0.000000
vn 1.000000 0.000000 0.000000
vn 1.000000 0.000000 0.000000
vn 1.000000 0.000000 0.000000
vn 1.000000 0.000000 0.000000
vn 1.000000 0.000000 0.000000
vn -1.000000 0.000000 0.000000
vn -1.000000 0.000000 0.000000
vn -1.000000 0.000000 0.000000
vn -1.000000 0.000000 0.000000
vn -1.000000 0.000000 0.000000
vn -1.000000 0.000000 0.000000
vn -1.000000 0.000000 0.000000
vn -1.000000 0.000000 0.000000
vn -1.000000 0.000000 0.000000
vn -1.000000 0.000000 0.000000
vn -1.000000 0.000000 0.000000
vn -1.000000 0.000000 0.000000
vn 0.000000 1.000000 0.000000
vn 0.000000 1.000000 0.000000
vn 0.000000 1.000000 0.000000
vn 0.000000 1.000000 0.000000
vn 0.000000 1.000000 0.000000
vn 0.000000 1.000000 0.000000
vn 1.000000 0.000000 0.000000
vn 1.000000 0.000000 0.000000
vn 1.000000 0.000000 0.000000
vn 1.000000 0.000000 0.000000
vn 1.000000 0.000000 0.000000
vn 1.000000 0.000000 0.000000
vn 0.000000 -1.000000 0.000000
vn 0.000000 -1.000000 0.000000
vn 0.000000 -1.000000 0.000000
vn 0.000000 -1.000000 0.000000
vn 0.000000 -1.000000 0.000000
vn 0.000000 -1.000000 0.000000
vn 0.000000 0.000000 1.000000
vn 0.000000 0.000000 1.000000
vn 0.000000 0.000000 1.000000
vn 0.000000 0.000000 1.000000
vn 0.000000 0.000000 1.000000
vn 0.000000 0.000000 1.000000
vn 0.000000 0.000000 -1.000000
vn 0.000000 0.000000 -1.000000
vn 0.000000 0.000000 -1.000000
vn 0.000000 0.000000 -1.000000
vn 0.000000 0.000000 -1.000000
vn 0.000000 0.000000 -1.000000
vn -1.000000 0.000000 0.000000
vn -1.000000 0.000000 0.000000
vn -1.000000 0.000000 0.000000
vn -1.000000 0.000000 0.000000
vn -1.000000 0.000000 0.000000
vn -1.000000 0.000000 0.000000
vn 0.000000 1.000000 0.000000
vn 0.000000 1.000000 0.000000
vn 0.000000 1.000000 0.000000
vn 0.000000 1.000000 0.000000
vn 0.000000 1.000000 0.000000
vn 0.000000 1.000000 0.000000
vn 1.000000 0.000000 0.000000
vn 1.000000 0.000000 0.000000
vn 1.000000 0.000000 0.000000
vn 1.000000 0.000000 0.000000
vn 1.000000 0.000000 0.000000
vn 1.000000 0.000000 0.000000
vn 0.000000 -1.000000 0.000000
vn 0.000000 -1.000000 0.000000
vn 0.000000 -1.000000 0.000000
vn 0.000000 -1.000000 0.000000
vn 0.000000 -1.000000 0.000000
vn 0.000000 -1.000000 0.000000
vn 0.000000 0.000000 1.000000
vn 0.000000 0.000000 1.000000
vn 0.000000 0.000000 1.000000
vn 0.000000 0.000000 1.000000
vn 0.000000 0.000000 1.000000
vn 0.000000 0.000000 1.000000
vn 0.000000 0.000000 -1.000000
vn 0.000000 0.000000 -1.000000
vn 0.000000 0.000000 -1.000000
vn 0.000000 0.000000 -1.000000
vn 0.000000 0.000000 -1.000000
vn 0.000000 0.000000 -1.000000
vn -1.000000 0.000000 0.000000
vn -1.000000 0.000000 0.000000
vn -1.000000 0.000000 0.000000
vn -1.000000 0.000000 0.000000
vn -1.000000 0.000000 0.000000
vn -1.000000 0.000000 0.000000
vn 0.000000 1.000000 0.000000
vn 0.000000 1.000000 0.000000
vn 0.000000 1.000000 0.000000
vn 0.000000 1.000000 0.000000
vn 0.000000 1.000000 0.000000
vn 0.000000 1.000000 0.000000
vn 1.000000 0.000000 0.000000
vn 1.000000 0.000000 0.000000
vn 1.000000 0.000000 0.000000
vn 1.000000 0.000000 0.000000
vn 1.000000 0.000000 0.000000
vn 1.000000 0.000000 0.000000
vn 0.000000 -1.000000 0.000000
vn 0.000000 -1.000000 0.000000
vn 0.000000 -1.000000 0.000000
vn 0.000000 -1.000000 0.000000
vn 0.000000 -1.000000 0.000000
vn 0.000000 -1.000000 0.000000
vn 0.000000 0.000000 1.000000
vn 0.000000 0.000000 1.000000
vn 0.000000 0.000000 1.000000
vn 0.000000 0.000000 1.000000
vn 0.000000 0.000000 1.000000
vn 0.000000 0.000000 1.000000
vn 0.000000 0.000000 -1.000000
vn 0.000000 0.000000 -1.000000
vn 0.000000 0.000000 -1.000000
vn 0.000000 0.000000 -1.000000
vn 0.000000 0.000000 -1.000000
vn 0.000000 0.000000 -1.000000
vn -1.000000 0.000000 0.000000
vn -1.000000 0.000000 0.000000
vn -1.000000 0.000000 0.000000
vn -1.000000 0.000000 0.000000
vn -1.000000 0.000000 0.000000
vn -1.000000 0.000000 0.000000
vn 0.000000 1.000000 0.000000
vn 0.000000 1.000000 0.000000
vn 0.000000 1.000000 0.000000
vn 0.000000 1.000000 0.000000
vn 0.000000 1.000000 0.000000
vn 0.000000 1.000000 0.000000
vn 1.000000 0.000000 0.000000
vn 1.000000 0.000000 0.000000
vn 1.000000 0.000000 0.000000
vn 1.000000 0.000000 0.000000
vn 1.000000 0.000000 0.000000
vn 1.000000 0.000000 0.000000
vn 0.000000 -1.000000 0.000000
vn 0.000000 -1.000000 0.000000
vn 0.000000 -1.000000 0.000000
vn 0.000000 -1.000000 0.000000
vn 0.000000 -1.000000 0.000000
vn 0.000000 -1.000000 0.000000
vn 0.000000 0.000000 1.000000
vn 0.000000 0.000000 1.000000
vn 0.000000 0.000000 1.000000
vn 0.000000 0.000000 1.000000
vn 0.000000 0.000000 1.000000
vn 0.000000 0.000000 1.000000
vn 0.000000 0.000000 -1.000000
vn 0.000000 0.000000 -1.000000
vn 0.000000 0.000000 -1.000000
vn 0.000000 0.000000 -1.000000
vn 0.000000 0.000000 -1.000000
vn 0.000000 0.000000 -1.000000
vn -1.000000 0.000000 0.000000
vn -1.000000 0.000000 0.000000
vn -1.000000 0.000000 0.000000
vn -1.000000 0.000000 0.000000
vn -1.000000 0.000000 0.000000
vn -1.000000 0.000000 0.000000
vn 0.000000 1.000000 0.000000
vn 0.000000 1.000000 0.000000
vn 0.000000 1.000000 0.000000
vn 0.000000 1.000000 0.000000
vn 0.000000 1.000000 0.000000
vn 0.000000 1.000000 0.000000
vn 1.000000 0.000000 0.000000
vn 1.000000 0.000000 0.000000
vn 1.000000 0.000000 0.000000
vn 1.000000 0.000000 0.000000
vn 1.000000 0.000000 0.000000
vn 1.000000 0.000000 0.000000
vn 0.000000 -1.000000 0.000000
vn 0.000000 -1.000000 0.000000
vn 0.000000 -1.000000 0.000000
vn 0.000000 -1.000000 0.000000
vn 0.000000 -1.000000 0.000000
vn 0.000000 -1.000000 0.000000
vn 0.000000 0.000000 1.000000
vn 0.000000 0.000000 1.000000
vn 0.000000 0.000000 1.000000
vn 0.000000 0.000000 1.000000
vn 0.000000 0.000000 1.000000
vn 0.000000 0.000000 1.000000
vn 0.000000 0.000000 -1.000000
vn 0.000000 0.000000 -1.000000
vn 0.000000 0.000000 -1.000000
vn 0.000000 0.000000 -1.000000
vn 0.000000 0.000000 -1.000000
vn 0.000000 0.000000 -1.000000
vn -1.000000 0.000000 0.000000
vn -1.000000 0.000000 0.000000
vn -1.000000 0.000000 0.000000
vn -1.000000 0.000000 0.000000
vn -1.000000 0.000000 0.000000
vn -1.000000 0.000000 0.000000
vn 0.000000 1.000000 0.000000
vn 0.000000 1.000000 0.000000
vn 0.000000 1.000000 0.000000
vn 0.000000 1.000000 0.000000
vn 0.000000 1.000000 0.000000
vn 0.000000 1.000000 0.000000
vn 1.000000 0.000000 0.000000
vn 1.000000 0.000000 0.000000
vn 1.000000 0.000000 0.000000
vn 1.000000 0.000000 0.000000
vn 1.000000 0.000000 0.000000
vn 1.000000 0.000000 0.000000
vn 0.000000 -1.000000 0.000000
vn 0.000000 -1.000000 0.000000
vn 0.000000 -1.000000 0.000000
vn 0.000000 -1.000000 0.000000
vn 0.000000 -1.000000 0.000000
vn 0.000000 -1.000000 0.000000
vn 0.000000 0.000000 1.000000
vn 0.000000 0.000000 1.000000
vn 0.000000 0.000000 1.000000
vn 0.000000 0.000000 1.000000
vn 0.000000 0.000000 1.000000
vn 0.000000 0.000000 1.000000
vn 0.000000 0.000000 -1.000000
vn 0.000000 0.000000 -1.000000
vn 0.000000 0.000000 -1.000000
vn 0.000000 0.000000 -1.000000
vn 0.000000 0.000000 -1.000000
vn 0.000000 0.000000 -1.000000
vn -1.000000 0.000000 0.000000
vn -1.000000 0.000000 0.000000
vn -1.000000 0.000000 0.000000
vn -1.000000 0.000000 0.000000
vn -1.000000 0.000000 0.000000
vn -1.000000 0.000000 0.000000
vn 0.000000 1.000000 0.000000
vn 0.000000 1.000000 0.000000
vn 0.000000 1.000000 0.000000
vn 0.000000 1.000000 0.000000
vn 0.000000 1.000000 0.000000
vn 0.000000 1.000000 0.000000
vn 1.000000 0.000000 0.000000
vn 1.000000 0.000000 0.000000
vn 1.000000 0.000000 0.000000
vn 1.000000 0.000000 0.000000
vn 1.000000 0.000000 0.000000
vn 1.000000 0.000000 0.000000
vn 0.000000 -1.000000 0.000000
vn 0.000000 -1.000000 0.000000
vn 0.000000 -1.000000 0.000000
vn 0.000000 -1.000000 0.000000
vn 0.000000 -1.000000 0.000000
vn 0.000000 -1.000000 0.000000
vn 0.000000 0.000000 1.000000
vn 0.000000 0.000000 1.000000
vn 0.000000 0.000000 1.000000
vn 0.000000 0.000000 1.000000
vn 0.000000 0.000000 1.000000
vn 0.000000 0.000000 1.000000
vn 0.000000 0.000000 -1.000000
vn 0.000000 0.000000 -1.000000
vn 0.000000 0.000000 -1.000000
vn 0.000000 0.000000 -1.000000
vn 0.000000 0.000000 -1.000000
vn 0.000000 0.000000 -1.000000
vn -1.000000 0.000000 0.000000
vn -1.000000 0.000000 0.000000
vn -1.000000 0.000000 0.000000
vn -1.000000 0.000000 0.000000
vn -1.000000 0.000000 0.000000
vn -1.000000 0.000000 0.000000
vn 0.000000 1.000000 0.000000
vn 0.000000 1.000000 0.000000
vn 0.000000 1.000000 0.000000
vn 0.000000 1.000000 0.000000
vn 0.000000 1.000000 0.000000
vn 0.000000 1.000000 0.000000
vn 1.000000 0.000000 0.000000
vn 1.000000 0.000000 0.000000
vn 1.000000 0.000000 0.000000
vn 1.000000 0.000000 0.000000
vn 1.000000 0.000000 0.000000
vn 1.000000 0.000000 0.000000
vn 0.000000 -1.000000 0.000000
vn 0.000000 -1.000000 0.000000
vn 0.000000 -1.000000 0.000000
vn 0.000000 -1.000000 0.000000
vn 0.000000 -1.000000 0.000000
vn 0.000000 -1.000000 0.000000
vn 0.000000 0.000000 1.000000
vn 0.000000 0.000000 1.000000
vn 0.000000 0.000000 1.000000
vn 0.000000 0.000000 1.000000
vn 0.000000 0.000000 1.000000
vn 0.000000 0.000000 1.000000
vn 0.000000 0.000000 -1.000000
vn 0.000000 0.000000 -1.000000
vn 0.000000 0.000000 -1.000000
vn 0.000000 0.000000 -1.000000
vn 0.000000 0.000000 -1.000000
vn 0.000000 0.000000 -1.000000
vn -1.000000 0.000000 0.000000
vn -1.000000 0.000000 0.000000
vn -1.000000 0.000000 0.000000
vn -1.000000 0.000000 0.000000
vn -1.000000 0.000000 0.000000
vn -1.000000 0.000000 0.000000
vn 0.000000 1.000000 0.000000
vn 0.000000 1.000000 0.000000
vn 0.000000 1.000000 0.000000
vn 0.000000 1.000000 0.000000
vn 0.000000 1.000000 0.000000
vn 0.000000 1.000000 0.000000
vn 1.000000 0.000000 0.000000
vn 1.000000 0.000000 0.000000
vn 1.000000 0.000000 0.000000
vn 1.000000 0.000000 0.000000
vn 1.000000 0.000000 0.000000
vn 1.000000 0.000000 0.000000
vn 0.000000 -1.000000 0.000000
vn 0.000000 -1.000000 0.000000
vn 0.000000 -1.000000 0.000000
vn 0.000000 -1.000000 0.000000
vn 0.000000 -1.000000 0.000000
vn 0.000000 -1.000000 0.000000
vn 0.000000 0.000000 1.000000
vn 0.000000 0.000000 1.000000
vn 0.000000 0.000000 1.000000
vn 0.000000 0.000000 1.000000
vn 0.000000 0.000000 1.000000
vn 0.000000 0.000000 1.000000
vn 0.000000 0.000000 -1.000000
vn 0.000000 0.000000 -1.000000
vn 0.000000 0.000000 -1.000000
vn 0.000000 0.000000 -1.000000
vn 0.000000 0.000000 -1.000000
vn 0.000000 0.000000 -1.000000
vn 0.000000 0.000000 1.000000
vn 0.000000 0.000000 1.000000
vn 0.000000 0.000000 1.000000
vn 0.000000 0.000000 1.000000
vn 0.000000 0.000000 1.000000
vn 0.000000 0.000000 1.000000
vn 0.000000 1.000000 0.000000
vn 0.000000 1.000000 0.000000
vn 0.000000 1.000000 0.000000
vn 0.000000 1.000000 0.000000
vn 0.000000 1.000000 0.000000
vn 0.000000 1.000000 0.000000
vn 0.000000 0.000000 -1.000000
vn 0.000000 0.000000 -1.000000
vn 0.000000 0.000000 -1.000000
vn 0.000000 0.000000 -1.000000
vn 0.000000 0.000000 -1.000000
vn 0.000000 0.000000 -1.000000
vn 0.000000 -1.000000 0.000000
vn 0.000000 -1.000000 0.000000
vn 0.000000 -1.000000 0.000000
vn 0.000000 -1.000000 0.000000
vn 0.000000 -1.000000 0.000000
vn 0.000000 -1.000000 0.000000
vn 1.000000 0.000000 0.000000
vn 1.000000 0.000000 0.000000
vn 1.000000 0.000000 0.000000
vn 1.000000 0.000000 0.000000
vn 1.000000 0.000000 0.000000
vn 1.000000 0.000000 0.000000
vn -1.000000 0.000000 0.000000
vn -1.000000 0.000000 0.000000
vn -1.000000 0.000000 0.000000
vn -1.000000 0.000000 0.000000
vn -1.000000 0.000000 0.000000
vn -1.000000 0.000000 0.000000
s off
g ff_ffShape
usemtl lambert1SG
f 1/1/1 4/4/2 3/3/3
f 1/1/4 2/2/5 4/4/6
f 3/9/7 6/6/8 5/5/9
f 3/9/10 4/10/11 6/6/12
f 5/11/13 8/8/14 7/7/15
f 5/11/16 6/12/17 8/8/18
f 7/13/19 2/15/20 1/14/21
f 7/13/22 8/16/23 2/15/24
f 2/17/25 6/19/26 4/18/27
f 2/17/28 8/20/29 6/19/30
f 7/21/31 3/23/32 5/22/33
f 7/21/34 1/24/35 3/23/36
f 18/25/37 19/26/38 30/27/39
f 18/25/40 30/27/41 29/28/42
f 17/29/43 18/25/44 29/28/45
f 29/28/46 30/27/47 41/30/48
f 17/29/49 29/28/50 28/31/51
f 16/32/52 17/29/53 28/31/54
f 29/28/55 41/30/56 40/33/57
f 28/31/58 29/28/59 40/33/60
f 40/33/61 41/30/62 52/34/63
f 16/32/64 28/31/65 27/35/66
f 15/36/67 16/32/68 27/35/69
f 28/31/70 40/33/71 39/37/72
f 27/35/73 28/31/74 39/37/75
f 40/33/76 52/34/77 51/38/78
f 39/37/79 40/33/80 51/38/81
f 51/38/82 52/34/83 63/39/84
f 15/36/85 27/35/86 26/40/87
f 14/41/88 15/36/89 26/40/90
f 27/35/91 39/37/92 38/42/93
f 26/40/94 27/35/95 38/42/96
f 39/37/97 51/38/98 50/43/99
f 38/42/100 39/37/101 50/43/102
f 51/38/103 63/39/104 62/44/105
f 50/43/106 51/38/107 62/44/108
f 62/44/109 63/39/110 74/45/111
f 14/41/112 26/40/113 25/46/114
f 13/47/115 14/41/116 25/46/117
f 26/40/118 38/42/119 37/48/120
f 25/46/121 26/40/122 37/48/123
f 38/42/124 50/43/125 49/49/126
f 37/48/127 38/42/128 49/49/129
f 50/43/130 62/44/131 61/50/132
f 49/49/133 50/43/134 61/50/135
f 62/44/136 74/45/137 73/51/138
f 61/50/139 62/44/140 73/51/141
f 73/51/142 74/45/143 85/52/144
f 13/47/145 25/46/146 24/53/147
f 12/54/148 13/47/149 24/53/150
f 25/46/151 37/48/152 36/55/153
f 24/53/154 25/46/155 36/55/156
f 37/48/157 49/49/158 48/56/159
f 36/55/160 37/48/161 48/56/162
f 49/49/163 61/50/164 60/57/165
f 48/56/166 49/49/167 60/57/168
f 61/50/169 73/51/170 72/58/171
f 60/57/172 61/50/173 72/58/174
f 73/51/175 85/52/176 84/59/177
f 72/58/178 73/51/179 84/59/180
f 84/59/181 85/52/182 96/60/183
f 12/54/184 24/53/185 23/61/186
f 11/62/187 12/54/188 23/61/189
f 24/53/190 36/55/191 35/63/192
f 23/61/193 24/53/194 35/63/195
f 36/55/196 48/56/197 47/64/198
f 35/63/199 36/55/200 47/64/201
f 48/56/202 60/57/203 59/65/204
f 47/64/205 48/56/206 59/65/207
f 60/57/208 72/58/209 71/66/210
f 59/65/211 60/57/212 71/66/213
f 72/58/214 84/59/215 83/67/216
f 71/66/217 72/58/218 83/67/219
f 84/59/220 96/60/221 95/68/222
f 83/67/223 84/59/224 95/68/225
f 95/68/226 96/60/227 107/69/228
f 95/68/229 107/69/230 106/70/231
f 106/70/232 107/69/233 118/71/234
f 83/67/235 95/68/236 94/72/237
f 94/72/238 95/68/239 106/70/240
f 71/66/241 83/67/242 82/73/243
f 82/73/244 83/67/245 94/72/246
f 59/65/247 71/66/248 70/74/249
f 70/74/250 71/66/251 82/73/252
f 47/64/253 59/65/254 58/75/255
f 58/75/256 59/65/257 70/74/258
f 106/70/259 118/71/260 117/76/261
f 117/76/262 118/71/263 129/77/264
f 117/76/265 129/77/266 128/78/267
f 94/72/268 106/70/269 105/79/270
f 105/79/271 106/70/272 117/76/273
f 116/80/274 117/76/275 128/78/276
f 105/79/277 117/76/278 116/80/279
f 116/80/280 128/78/281 127/81/282
f 82/73/283 94/72/284 93/82/285
f 93/82/286 94/72/287 105/79/288
f 70/74/289 82/73/290 81/83/291
f 81/83/292 82/73/293 93/82/294
f 104/84/295 105/79/296 116/80/297
f 93/82/298 105/79/299 104/84/300
f 115/85/301 116/80/302 127/81/303
f 104/84/304 116/80/305 115/85/306
f 115/85/307 127/81/308 126/86/309
f 92/87/310 93/82/311 104/84/312
f 81/83/313 93/82/314 92/87/315
f 69/88/316 70/74/317 81/83/318
f 58/75/319 70/74/320 69/88/321
f 103/89/322 104/84/323 115/85/324
f 92/87/325 104/84/326 103/89/327
f 114/90/328 115/85/329 126/86/330
f 103/89/331 115/85/332 114/90/333
f 114/90/334 126/86/335 125/91/336
f 80/92/337 81/83/338 92/87/339
f 69/88/340 81/83/341 80/92/342
f 91/93/343 92/87/344 103/89/345
f 80/92/346 92/87/347 91/93/348
f 102/94/349 103/89/350 114/90/351
f 91/93/352 103/89/353 102/94/354
f 113/95/355 114/90/356 125/91/357
f 102/94/358 114/90/359 113/95/360
f 113/95/361 125/91/362 124/96/363
f 112/97/364 113/95/365 124/96/366
f 112/97/367 124/96/368 123/98/369
f 101/99/370 102/94/371 113/95/372
f 101/99/373 113/95/374 112/97/375
f 90/100/376 91/93/377 102/94/378
f 90/100/379 102/94/380 101/99/381
f 79/101/382 80/92/383 91/93/384
f 79/101/385 91/93/386 90/100/387
f 68/102/388 69/88/389 80/92/390
f 68/102/391 80/92/392 79/101/393
f 111/103/394 112/97/395 123/98/396
f 111/103/397 123/98/398 122/104/399
f 100/105/400 101/99/401 112/97/402
f 100/105/403 112/97/404 111/103/405
f 89/106/406 90/100/407 101/99/408
f 89/106/409 101/99/410 100/105/411
f 78/107/412 79/101/413 90/100/414
f 78/107/415 90/100/416 89/106/417
f 110/108/418 111/103/419 122/104/420
f 110/108/421 122/104/422 121/109/423
f 99/110/424 100/105/425 111/103/426
f 99/110/427 111/103/428 110/108/429
f 88/111/430 89/106/431 100/105/432
f 88/111/433 100/105/434 99/110/435
f 109/112/436 110/108/437 121/109/438
f 109/112/439 121/109/440 120/113/441
f 98/114/442 99/110/443 110/108/444
f 98/114/445 110/108/446 109/112/447
f 108/115/448 109/112/449 120/113/450
f 108/115/451 120/113/452 119/116/453
f 97/117/454 109/112/455 108/115/456
f 97/117/457 98/114/458 109/112/459
f 86/118/460 98/114/461 97/117/462
f 87/119/463 99/110/464 98/114/465
f 86/118/466 87/119/467 98/114/468
f 87/119/469 88/111/470 99/110/471
f 75/120/472 87/119/473 86/118/474
f 75/120/475 76/121/476 87/119/477
f 76/121/478 88/111/479 87/119/480
f 64/122/481 76/121/482 75/120/483
f 76/121/484 77/123/485 88/111/486
f 77/123/487 89/106/488 88/111/489
f 77/123/490 78/107/491 89/106/492
f 64/122/493 65/124/494 76/121/495
f 65/124/496 77/123/497 76/121/498
f 53/125/499 65/124/500 64/122/501
f 66/126/502 78/107/503 77/123/504
f 65/124/505 66/126/506 77/123/507
f 53/125/508 54/127/509 65/124/510
f 54/127/511 66/126/512 65/124/513
f 42/128/514 54/127/515 53/125/516
f 66/126/517 67/129/518 78/107/519
f 67/129/520 79/101/521 78/107/522
f 67/129/523 68/102/524 79/101/525
f 42/128/526 43/130/527 54/127/528
f 31/131/529 43/130/530 42/128/531
f 54/127/532 55/132/533 66/126/534
f 55/132/535 67/129/536 66/126/537
f 43/130/538 55/132/539 54/127/540
f 56/133/541 68/102/542 67/129/543
f 55/132/544 56/133/545 67/129/546
f 31/131/547 32/134/548 43/130/549
f 20/135/550 32/134/551 31/131/552
f 43/130/553 44/136/554 55/132/555
f 44/136/556 56/133/557 55/132/558
f 32/134/559 44/136/560 43/130/561
f 56/133/562 57/137/563 68/102/564
f 57/137/565 69/88/566 68/102/567
f 57/137/568 58/75/569 69/88/570
f 20/135/571 21/138/572 32/134/573
f 9/139/574 21/138/575 20/135/576
f 9/139/577 10/140/578 21/138/579
f 32/134/580 33/141/581 44/136/582
f 21/138/583 33/141/584 32/134/585
f 44/136/586 45/142/587 56/133/588
f 45/142/589 57/137/590 56/133/591
f 33/141/592 45/142/593 44/136/594
f 46/143/595 58/75/596 57/137/597
f 45/142/598 46/143/599 57/137/600
f 46/143/601 47/64/602 58/75/603
f 35/63/604 47/64/605 46/143/606
f 10/140/607 22/144/608 21/138/609
f 21/138/610 22/144/611 33/141/612
f 10/140/613 11/62/614 22/144/615
f 11/62/616 23/61/617 22/144/618
f 33/141/619 34/145/620 45/142/621
f 34/145/622 46/143/623 45/142/624
f 34/145/625 35/63/626 46/143/627
f 22/144/628 34/145/629 33/141/630
f 22/144/631 23/61/632 34/145/633
f 23/61/634 35/63/635 34/145/636
f 139/146/637 140/147/638 151/148/639
f 139/146/640 151/148/641 150/149/642
f 138/150/643 139/146/644 150/149/645
f 150/149/646 151/148/647 162/151/648
f 138/150/649 150/149/650 149/152/651
f 137/153/652 138/150/653 149/152/654
f 150/149/655 162/151/656 161/154/657
f 149/152/658 150/149/659 161/154/660
f 161/154/661 162/151/662 173/155/663
f 137/153/664 149/152/665 148/156/666
f 136/157/667 137/153/668 148/156/669
f 149/152/670 161/154/671 160/158/672
f 148/156/673 149/152/674 160/158/675
f 161/154/676 173/155/677 172/159/678
f 160/158/679 161/154/680 172/159/681
f 172/159/682 173/155/683 184/160/684
f 136/157/685 148/156/686 147/161/687
f 135/162/688 136/157/689 147/161/690
f 148/156/691 160/158/692 159/163/693
f 147/161/694 148/156/695 159/163/696
f 160/158/697 172/159/698 171/164/699
f 159/163/700 160/158/701 171/164/702
f 172/159/703 184/160/704 183/165/705
f 171/164/706 172/159/707 183/165/708
f 183/165/709 184/160/710 195/166/711
f 135/162/712 147/161/713 146/167/714
f 134/168/715 135/162/716 146/167/717
f 147/161/718 159/163/719 158/169/720
f 146/167/721 147/161/722 158/169/723
f 159/163/724 171/164/725 170/170/726
f 158/169/727 159/163/728 170/170/729
f 171/164/730 183/165/731 182/171/732
f 170/170/733 171/164/734 182/171/735
f 183/165/736 195/166/737 194/172/738
f 182/171/739 183/165/740 194/172/741
f 194/172/742 195/166/743 206/173/744
f 134/168/745 146/167/746 145/174/747
f 133/175/748 134/168/749 145/174/750
f 146/167/751 158/169/752 157/176/753
f 145/174/754 146/167/755 157/176/756
f 158/169/757 170/170/758 169/177/759
f 157/176/760 158/169/761 169/177/762
f 170/170/763 182/171/764 181/178/765
f 169/177/766 170/170/767 181/178/768
f 182/171/769 194/172/770 193/179/771
f 181/178/772 182/171/773 193/179/774
f 194/172/775 206/173/776 205/180/777
f 193/179/778 194/172/779 205/180/780
f 205/180/781 206/173/782 217/181/783
f 133/175/784 145/174/785 144/182/786
f 132/183/787 133/175/788 144/182/789
f 145/174/790 157/176/791 156/184/792
f 144/182/793 145/174/794 156/184/795
f 157/176/796 169/177/797 168/185/798
f 156/184/799 157/176/800 168/185/801
f 169/177/802 181/178/803 180/186/804
f 168/185/805 169/177/806 180/186/807
f 181/178/808 193/179/809 192/187/810
f 180/186/811 181/178/812 192/187/813
f 193/179/814 205/180/815 204/188/816
f 192/187/817 193/179/818 204/188/819
f 205/180/820 217/181/821 216/189/822
f 204/188/823 205/180/824 216/189/825
f 216/189/826 217/181/827 228/190/828
f 216/189/829 228/190/830 227/191/831
f 227/191/832 228/190/833 239/192/834
f 204/188/835 216/189/836 215/193/837
f 215/193/838 216/189/839 227/191/840
f 192/187/841 204/188/842 203/194/843
f 203/194/844 204/188/845 215/193/846
f 180/186/847 192/187/848 191/195/849
f 191/195/850 192/187/851 203/194/852
f 168/185/853 180/186/854 179/196/855
f 179/196/856 180/186/857 191/195/858
f 227/191/859 239/192/860 238/197/861
f 238/197/862 239/192/863 250/198/864
f 238/197/865 250/198/866 249/199/867
f 215/193/868 227/191/869 226/200/870
f 226/200/871 227/191/872 238/197/873
f 237/201/874 238/197/875 249/199/876
f 226/200/877 238/197/878 237/201/879
f 237/201/880 249/199/881 248/202/882
f 203/194/883 215/193/884 214/203/885
f 214/203/886 215/193/887 226/200/888
f 191/195/889 203/194/890 202/204/891
f 202/204/892 203/194/893 214/203/894
f 225/205/895 226/200/896 237/201/897
f 214/203/898 226/200/899 225/205/900
f 236/206/901 237/201/902 248/202/903
f 225/205/904 237/201/905 236/206/906
f 236/206/907 248/202/908 247/207/909
f 213/208/910 214/203/911 225/205/912
f 202/204/913 214/203/914 213/208/915
f 190/209/916 191/195/917 202/204/918
f 179/196/919 191/195/920 190/209/921
f 224/210/922 225/205/923 236/206/924
f 213/208/925 225/205/926 224/210/927
f 235/211/928 236/206/929 247/207/930
f 224/210/931 236/206/932 235/211/933
f 235/211/934 247/207/935 246/212/936
f 201/213/937 202/204/938 213/208/939
f 190/209/940 202/204/941 201/213/942
f 212/214/943 213/208/944 224/210/945
f 201/213/946 213/208/947 212/214/948
f 223/215/949 224/210/950 235/211/951
f 212/214/952 224/210/953 223/215/954
f 234/216/955 235/211/956 246/212/957
f 223/215/958 235/211/959 234/216/960
f 234/216/961 246/212/962 245/217/963
f 233/218/964 234/216/965 245/217/966
f 233/218/967 245/217/968 244/219/969
f 222/220/970 223/215/971 234/216/972
f 222/220/973 234/216/974 233/218/975
f 211/221/976 212/214/977 223/215/978
f 211/221/979 223/215/980 222/220/981
f 200/222/982 201/213/983 212/214/984
f 200/222/985 212/214/986 211/221/987
f 189/223/988 190/209/989 201/213/990
f 189/223/991 201/213/992 200/222/993
f 232/224/994 233/218/995 244/219/996
f 232/224/997 244/219/998 243/225/999
f 221/226/1000 222/220/1001 233/218/1002
f 221/226/1003 233/218/1004 232/224/1005
f 210/227/1006 211/221/1007 222/220/1008
f 210/227/1009 222/220/1010 221/226/1011
f 199/228/1012 200/222/1013 211/221/1014
f 199/228/1015 211/221/1016 210/227/1017
f 231/229/1018 232/224/1019 243/225/1020
f 231/229/1021 243/225/1022 242/230/1023
f 220/231/1024 221/226/1025 232/224/1026
f 220/231/1027 232/224/1028 231/229/1029
f 209/232/1030 210/227/1031 221/226/1032
f 209/232/1033 221/226/1034 220/231/1035
f 230/233/1036 231/229/1037 242/230/1038
f 230/233/1039 242/230/1040 241/234/1041
f 219/235/1042 220/231/1043 231/229/1044
f 219/235/1045 231/229/1046 230/233/1047
f 229/236/1048 230/233/1049 241/234/1050
f 229/236/1051 241/234/1052 240/237/1053
f 218/238/1054 230/233/1055 229/236/1056
f 218/238/1057 219/235/1058 230/233/1059
f 207/239/1060 219/235/1061 218/238/1062
f 208/240/1063 220/231/1064 219/235/1065
f 207/239/1066 208/240/1067 219/235/1068
f 208/240/1069 209/232/1070 220/231/1071
f 196/241/1072 208/240/1073 207/239/1074
f 196/241/1075 197/242/1076 208/240/1077
f 197/242/1078 209/232/1079 208/240/1080
f 185/243/1081 197/242/1082 196/241/1083
f 197/242/1084 198/244/1085 209/232/1086
f 198/244/1087 210/227/1088 209/232/1089
f 198/244/1090 199/228/1091 210/227/1092
f 185/243/1093 186/245/1094 197/242/1095
f 186/245/1096 198/244/1097 197/242/1098
f 174/246/1099 186/245/1100 185/243/1101
f 187/247/1102 199/228/1103 198/244/1104
f 186/245/1105 187/247/1106 198/244/1107
f 174/246/1108 175/248/1109 186/245/1110
f 175/248/1111 187/247/1112 186/245/1113
f 163/249/1114 175/248/1115 174/246/1116
f 187/247/1117 188/250/1118 199/228/1119
f 188/250/1120 200/222/1121 199/228/1122
f 188/250/1123 189/223/1124 200/222/1125
f 163/249/1126 164/251/1127 175/248/1128
f 152/252/1129 164/251/1130 163/249/1131
f 175/248/1132 176/253/1133 187/247/1134
f 176/253/1135 188/250/1136 187/247/1137
f 164/251/1138 176/253/1139 175/248/1140
f 177/254/1141 189/223/1142 188/250/1143
f 176/253/1144 177/254/1145 188/250/1146
f 152/252/1147 153/255/1148 164/251/1149
f 141/256/1150 153/255/1151 152/252/1152
f 164/251/1153 165/257/1154 176/253/1155
f 165/257/1156 177/254/1157 176/253/1158
f 153/255/1159 165/257/1160 164/251/1161
f 177/254/1162 178/258/1163 189/223/1164
f 178/258/1165 190/209/1166 189/223/1167
f 178/258/1168 179/196/1169 190/209/1170
f 141/256/1171 142/259/1172 153/255/1173
f 130/260/1174 142/259/1175 141/256/1176
f 130/260/1177 131/261/1178 142/259/1179
f 153/255/1180 154/262/1181 165/257/1182
f 142/259/1183 154/262/1184 153/255/1185
f 165/257/1186 166/263/1187 177/254/1188
f 166/263/1189 178/258/1190 177/254/1191
f 154/262/1192 166/263/1193 165/257/1194
f 167/264/1195 179/196/1196 178/258/1197
f 166/263/1198 167/264/1199 178/258/1200
f 167/264/1201 168/185/1202 179/196/1203
f 156/184/1204 168/185/1205 167/264/1206
f 131/261/1207 143/265/1208 142/259/1209
f 142/259/1210 143/265/1211 154/262/1212
f 131/261/1213 132/183/1214 143/265/1215
f 132/183/1216 144/182/1217 143/265/1218
f 154/262/1219 155/266/1220 166/263/1221
f 155/266/1222 167/264/1223 166/263/1224
f 155/266/1225 156/184/1226 167/264/1227
f 143/265/1228 155/266/1229 154/262/1230
f 143/265/1231 144/182/1232 155/266/1233
f 144/182/1234 156/184/1235 155/266/1236
f 251/267/1237 254/268/1238 253/269/1239
f 251/267/1240 252/270/1241 254/268/1242
f 253/271/1243 256/272/1244 255/273/1245
f 253/271/1246 254/274/1247 256/272/1248
f 255/275/1249 258/276/1250 257/277/1251
f 255/275/1252 256/278/1253 258/276/1254
f 257/279/1255 252/280/1256 251/281/1257
f 257/279/1258 258/282/1259 252/280/1260
f 252/283/1261 256/284/1262 254/285/1263
f 252/283/1264 258/286/1265 256/284/1266
f 257/287/1267 253/288/1268 255/289/1269
f 257/287/1270 251/290/1271 253/288/1272
f 259/291/1273 262/292/1274 261/293/1275
f 259/291/1276 260/294/1277 262/292/1278
f 261/295/1279 264/296/1280 263/297/1281
f 261/295/1282 262/298/1283 264/296/1284
f 263/299/1285 266/300/1286 265/301/1287
f 263/299/1288 264/302/1289 266/300/1290
f 265/303/1291 260/304/1292 259/305/1293
f 265/303/1294 266/306/1295 260/304/1296
f 260/307/1297 264/308/1298 262/309/1299
f 260/307/1300 266/310/1301 264/308/1302
f 265/311/1303 261/312/1304 263/313/1305
f 265/311/1306 259/314/1307 261/312/1308
f 267/315/1309 270/316/1310 269/317/1311
f 267/315/1312 268/318/1313 270/316/1314
f 269/319/1315 272/320/1316 271/321/1317
f 269/319/1318 270/322/1319 272/320/1320
f 271/323/1321 274/324/1322 273/325/1323
f 271/323/1324 272/326/1325 274/324/1326
f 273/327/1327 268/328/1328 267/329/1329
f 273/327/1330 274/330/1331 268/328/1332
f 268/331/1333 272/332/1334 270/333/1335
f 268/331/1336 274/334/1337 272/332/1338
f 273/335/1339 269/336/1340 271/337/1341
f 273/335/1342 267/338/1343 269/336/1344
f 275/339/1345 278/340/1346 277/341/1347
f 275/339/1348 276/342/1349 278/340/1350
f 277/343/1351 280/344/1352 279/345/1353
f 277/343/1354 278/346/1355 280/344/1356
f 279/347/1357 282/348/1358 281/349/1359
f 279/347/1360 280/350/1361 282/348/1362
f 281/351/1363 276/352/1364 275/353/1365
f 281/351/1366 282/354/1367 276/352/1368
f 276/355/1369 280/356/1370 278/357/1371
f 276/355/1372 282/358/1373 280/356/1374
f 281/359/1375 277/360/1376 279/361/1377
f 281/359/1378 275/362/1379 277/360/1380
f 283/363/1381 286/364/1382 285/365/1383
f 283/363/1384 284/366/1385 286/364/1386
f 285/367/1387 288/368/1388 287/369/1389
f 285/367/1390 286/370/1391 288/368/1392
f 287/371/1393 290/372/1394 289/373/1395
f 287/371/1396 288/374/1397 290/372/1398
f 289/375/1399 284/376/1400 283/377/1401
f 289/375/1402 290/378/1403 284/376/1404
f 284/379/1405 288/380/1406 286/381/1407
f 284/379/1408 290/382/1409 288/380/1410
f 289/383/1411 285/384/1412 287/385/1413
f 289/383/1414 283/386/1415 285/384/1416
f 291/387/1417 294/388/1418 293/389/1419
f 291/387/1420 292/390/1421 294/388/1422
f 293/391/1423 296/392/1424 295/393/1425
f 293/391/1426 294/394/1427 296/392/1428
f 295/395/1429 298/396/1430 297/397/1431
f 295/395/1432 296/398/1433 298/396/1434
f 297/399/1435 292/400/1436 291/401/1437
f 297/399/1438 298/402/1439 292/400/1440
f 292/403/1441 296/404/1442 294/405/1443
f 292/403/1444 298/406/1445 296/404/1446
f 297/407/1447 293/408/1448 295/409/1449
f 297/407/1450 291/410/1451 293/408/1452
f 299/411/1453 302/412/1454 301/413/1455
f 299/411/1456 300/414/1457 302/412/1458
f 301/415/1459 304/416/1460 303/417/1461
f 301/415/1462 302/418/1463 304/416/1464
f 303/419/1465 306/420/1466 305/421/1467
f 303/419/1468 304/422/1469 306/420/1470
f 305/423/1471 300/424/1472 299/425/1473
f 305/423/1474 306/426/1475 300/424/1476
f 300/427/1477 304/428/1478 302/429/1479
f 300/427/1480 306/430/1481 304/428/1482
f 305/431/1483 301/432/1484 303/433/1485
f 305/431/1486 299/434/1487 301/432/1488
f 307/435/1489 310/436/1490 309/437/1491
f 307/435/1492 308/438/1493 310/436/1494
f 309/439/1495 312/440/1496 311/441/1497
f 309/439/1498 310/442/1499 312/440/1500
f 311/443/1501 314/444/1502 313/445/1503
f 311/443/1504 312/446/1505 314/444/1506
f 313/447/1507 308/448/1508 307/449/1509
f 313/447/1510 314/450/1511 308/448/1512
f 308/451/1513 312/452/1514 310/453/1515
f 308/451/1516 314/454/1517 312/452/1518
f 313/455/1519 309/456/1520 311/457/1521
f 313/455/1522 307/458/1523 309/456/1524
f 315/459/1525 318/460/1526 317/461/1527
f 315/459/1528 316/462/1529 318/460/1530
f 317/463/1531 320/464/1532 319/465/1533
f 317/463/1534 318/466/1535 320/464/1536
f 319/467/1537 322/468/1538 321/469/1539
f 319/467/1540 320/470/1541 322/468/1542
f 321/471/1543 316/472/1544 315/473/1545
f 321/471/1546 322/474/1547 316/472/1548
f 316/475/1549 320/476/1550 318/477/1551
f 316/475/1552 322/478/1553 320/476/1554
f 321/479/1555 317/480/1556 319/481/1557
f 321/479/1558 315/482/1559 317/480/1560
f 323/483/1561 326/484/1562 325/485/1563
f 323/483/1564 324/486/1565 326/484/1566
f 325/487/1567 328/488/1568 327/489/1569
f 325/487/1570 326/490/1571 328/488/1572
f 327/491/1573 330/492/1574 329/493/1575
f 327/491/1576 328/494/1577 330/492/1578
f 329/495/1579 324/496/1580 323/497/1581
f 329/495/1582 330/498/1583 324/496/1584
f 324/499/1585 328/500/1586 326/501/1587
f 324/499/1588 330/502/1589 328/500/1590
f 329/503/1591 325/504/1592 327/505/1593
f 329/503/1594 323/506/1595 325/504/1596
f 331/507/1597 334/508/1598 333/509/1599
f 331/507/1600 332/510/1601 334/508/1602
f 333/511/1603 336/512/1604 335/513/1605
f 333/511/1606 334/514/1607 336/512/1608
f 335/515/1609 338/516/1610 337/517/1611
f 335/515/1612 336/518/1613 338/516/1614
f 337/519/1615 332/520/1616 331/521/1617
f 337/519/1618 338/522/1619 332/520/1620
f 332/523/1621 336/524/1622 334/525/1623
f 332/523/1624 338/526/1625 336/524/1626
f 337/527/1627 333/528/1628 335/529/1629
f 337/527/1630 331/530/1631 333/528/1632
f 339/531/1633 342/532/1634 341/533/1635
f 339/531/1636 340/534/1637 342/532/1638
f 341/535/1639 344/536/1640 343/537/1641
f 341/535/1642 342/538/1643 344/536/1644
f 343/539/1645 346/540/1646 345/541/1647
f 343/539/1648 344/542/1649 346/540/1650
f 345/543/1651 340/544/1652 339/545/1653
f 345/543/1654 346/546/1655 340/544/1656
f 340/547/1657 344/548/1658 342/549/1659
f 340/547/1660 346/550/1661 344/548/1662
f 345/551/1663 341/552/1664 343/553/1665
f 345/551/1666 339/554/1667 341/552/1668
f 347/555/1669 350/556/1670 349/557/1671
f 347/555/1672 348/558/1673 350/556/1674
f 349/559/1675 352/560/1676 351/561/1677
f 349/559/1678 350/562/1679 352/560/1680
f 351/563/1681 354/564/1682 353/565/1683
f 351/563/1684 352/566/1685 354/564/1686
f 353/567/1687 348/568/1688 347/569/1689
f 353/567/1690 354/570/1691 348/568/1692
f 348/571/1693 352/572/1694 350/573/1695
f 348/571/1696 354/574/1697 352/572/1698
f 353/575/1699 349/576/1700 351/577/1701
f 353/575/1702 347/578/1703 349/576/1704
f 355/579/1705 358/580/1706 357/581/1707
f 355/579/1708 356/582/1709 358/580/1710
f 357/583/1711 360/584/1712 359/585/1713
f 357/583/1714 358/586/1715 360/584/1716
f 359/587/1717 362/588/1718 361/589/1719
f 359/587/1720 360/590/1721 362/588/1722
f 361/591/1723 356/592/1724 355/593/1725
f 361/591/1726 362/594/1727 356/592/1728
f 356/595/1729 360/596/1730 358/597/1731
f 356/595/1732 362/598/1733 360/596/1734
f 361/599/1735 357/600/1736 359/601/1737
f 361/599/1738 355/602/1739 357/600/1740
f 363/603/1741 366/604/1742 365/605/1743
f 363/603/1744 364/606/1745 366/604/1746
f 365/607/1747 368/608/1748 367/609/1749
f 365/607/1750 366/610/1751 368/608/1752
f 367/611/1753 370/612/1754 369/613/1755
f 367/611/1756 368/614/1757 370/612/1758
f 369/615/1759 364/616/1760 363/617/1761
f 369/615/1762 370/618/1763 364/616/1764
f 364/619/1765 368/620/1766 366/621/1767
f 364/619/1768 370/622/1769 368/620/1770
f 369/623/1771 365/624/1772 367/625/1773
f 369/623/1774 363/626/1775 365/624/1776
f 371/627/1777 374/628/1778 373/629/1779
f 371/627/1780 372/630/1781 374/628/1782
f 373/631/1783 376/632/1784 375/633/1785
f 373/631/1786 374/634/1787 376/632/1788
f 375/635/1789 378/636/1790 377/637/1791
f 375/635/1792 376/638/1793 378/636/1794
f 377/639/1795 372/640/1796 371/641/1797
f 377/639/1798 378/642/1799 372/640/1800
f 372/643/1801 376/644/1802 374/645/1803
f 372/643/1804 378/646/1805 376/644/1806
f 377/647/1807 373/648/1808 375/649/1809
f 377/647/1810 371/650/1811 373/648/1812
f 379/651/1813 382/652/1814 381/653/1815
f 379/651/1816 380/654/1817 382/652/1818
f 381/655/1819 384/656/1820 383/657/1821
f 381/655/1822 382/658/1823 384/656/1824
f 383/659/1825 386/660/1826 385/661/1827
f 383/659/1828 384/662/1829 386/660/1830
f 385/663/1831 380/664/1832 379/665/1833
f 385/663/1834 386/666/1835 380/664/1836
f 380/667/1837 384/668/1838 382/669/1839
f 380/667/1840 386/670/1841 384/668/1842
f 385/671/1843 381/672/1844 383/673/1845
f 385/671/1846 379/674/1847 381/672/1848
f 387/675/1849 390/676/1850 389/677/1851
f 387/675/1852 388/678/1853 390/676/1854
f 389/679/1855 392/680/1856 391/681/1857
f 389/679/1858 390/682/1859 392/680/1860
f 391/683/1861 394/684/1862 393/685/1863
f 391/683/1864 392/686/1865 394/684/1866
f 393/687/1867 388/688/1868 387/689/1869
f 393/687/1870 394/690/1871 388/688/1872
f 388/691/1873 392/692/1874 390/693/1875
f 388/691/1876 394/694/1877 392/692/1878
f 393/695/1879 389/696/1880 391/697/1881
f 393/695/1882 387/698/1883 389/696/1884
f 395/699/1885 398/700/1886 397/701/1887
f 395/699/1888 396/702/1889 398/700/1890
f 397/703/1891 400/704/1892 399/705/1893
f 397/703/1894 398/706/1895 400/704/1896
f 399/707/1897 402/708/1898 401/709/1899
f 399/707/1900 400/710/1901 402/708/1902
f 401/711/1903 396/712/1904 395/713/1905
f 401/711/1906 402/714/1907 396/712/1908
f 396/715/1909 400/716/1910 398/717/1911
f 396/715/1912 402/718/1913 400/716/1914
f 401/719/1915 397/720/1916 399/721/1917
f 401/719/1918 395/722/1919 397/720/1920
f 403/723/1921 406/724/1922 405/725/1923
f 403/723/1924 404/726/1925 406/724/1926
f 405/727/1927 408/728/1928 407/729/1929
f 405/727/1930 406/730/1931 408/728/1932
f 407/731/1933 410/732/1934 409/733/1935
f 407/731/1936 408/734/1937 410/732/1938
f 409/735/1939 404/736/1940 403/737/1941
f 409/735/1942 410/738/1943 404/736/1944
f 404/739/1945 408/740/1946 406/741/1947
f 404/739/1948 410/742/1949 408/740/1950
f 409/743/1951 405/744/1952 407/745/1953
f 409/743/1954 403/746/1955 405/744/1956
f 411/747/1957 414/748/1958 413/749/1959
f 411/747/1960 412/750/1961 414/748/1962
f 413/751/1963 416/752/1964 415/753/1965
f 413/751/1966 414/754/1967 416/752/1968
f 415/755/1969 418/756/1970 417/757/1971
f 415/755/1972 416/758/1973 418/756/1974
f 417/759/1975 412/760/1976 411/761/1977
f 417/759/1978 418/762/1979 412/760/1980
f 412/763/1981 416/764/1982 414/765/1983
f 412/763/1984 418/766/1985 416/764/1986
f 417/767/1987 413/768/1988 415/769/1989
f 417/767/1990 411/770/1991 413/768/1992
f 419/771/1993 422/772/1994 421/773/1995
f 419/771/1996 420/774/1997 422/772/1998
f 421/775/1999 424/776/2000 423/777/2001
f 421/775/2002 422/778/2003 424/776/2004
f 423/779/2005 426/780/2006 425/781/2007
f 423/779/2008 424/782/2009 426/780/2010
f 425/783/2011 420/784/2012 419/785/2013
f 425/783/2014 426/786/2015 420/784/2016
f 420/787/2017 424/788/2018 422/789/2019
f 420/787/2020 426/790/2021 424/788/2022
f 425/791/2023 421/792/2024 423/793/2025
f 425/791/2026 419/794/2027 421/792/2028
f 427/795/2029 430/796/2030 429/797/2031
f 427/795/2032 428/798/2033 430/796/2034
f 429/799/2035 432/800/2036 431/801/2037
f 429/799/2038 430/802/2039 432/800/2040
f 431/803/2041 434/804/2042 433/805/2043
f 431/803/2044 432/806/2045 434/804/2046
f 433/807/2047 428/808/2048 427/809/2049
f 433/807/2050 434/810/2051 428/808/2052
f 428/811/2053 432/812/2054 430/813/2055
f 428/811/2056 434/814/2057 432/812/2058
f 433/815/2059 429/816/2060 431/817/2061
f 433/815/2062 427/818/2063 429/816/2064
f 435/819/2065 438/820/2066 437/821/2067
f 435/819/2068 436/822/2069 438/820/2070
f 437/823/2071 440/824/2072 439/825/2073
f 437/823/2074 438/826/2075 440/824/2076
f 439/827/2077 442/828/2078 441/829/2079
f 439/827/2080 440/830/2081 442/828/2082
f 441/831/2083 436/832/2084 435/833/2085
f 441/831/2086 442/834/2087 436/832/2088
f 436/835/2089 440/836/2090 438/837/2091
f 436/835/2092 442/838/2093 440/836/2094
f 441/839/2095 437/840/2096 439/841/2097
f 441/839/2098 435/842/2099 437/840/2100
f 443/843/2101 446/844/2102 445/845/2103
f 443/843/2104 444/846/2105 446/844/2106
f 445/847/2107 448/848/2108 447/849/2109
f 445/847/2110 446/850/2111 448/848/2112
f 447/851/2113 450/852/2114 449/853/2115
f 447/851/2116 448/854/2117 450/852/2118
f 449/855/2119 444/856/2120 443/857/2121
f 449/855/2122 450/858/2123 444/856/2124
f 444/859/2125 448/860/2126 446/861/2127
f 444/859/2128 450/862/2129 448/860/2130
f 449/863/2131 445/864/2132 447/865/2133
f 449/863/2134 443/866/2135 445/864/2136
f 451/867/2137 454/868/2138 453/869/2139
f 451/867/2140 452/870/2141 454/868/2142
f 453/871/2143 456/872/2144 455/873/2145
f 453/871/2146 454/874/2147 456/872/2148
f 455/875/2149 458/876/2150 457/877/2151
f 455/875/2152 456/878/2153 458/876/2154
f 457/879/2155 452/880/2156 451/881/2157
f 457/879/2158 458/882/2159 452/880/2160
f 452/883/2161 456/884/2162 454/885/2163
f 452/883/2164 458/886/2165 456/884/2166
f 457/887/2167 453/888/2168 455/889/2169
f 457/887/2170 451/890/2171 453/888/2172
f 459/891/2173 462/892/2174 461/893/2175
f 459/891/2176 460/894/2177 462/892/2178
f 461/895/2179 464/896/2180 463/897/2181
f 461/895/2182 462/898/2183 464/896/2184
f 463/899/2185 466/900/2186 465/901/2187
f 463/899/2188 464/902/2189 466/900/2190
f 465/903/2191 460/904/2192 459/905/2193
f 465/903/2194 466/906/2195 460/904/2196
f 460/907/2197 464/908/2198 462/909/2199
f 460/907/2200 466/910/2201 464/908/2202
f 465/911/2203 461/912/2204 463/913/2205
f 465/911/2206 459/914/2207 461/912/2208
f 467/915/2209 470/916/2210 469/917/2211
f 467/915/2212 468/918/2213 470/916/2214
f 469/919/2215 472/920/2216 471/921/2217
f 469/919/2218 470/922/2219 472/920/2220
f 471/923/2221 474/924/2222 473/925/2223
f 471/923/2224 472/926/2225 474/924/2226
f 473/927/2227 468/928/2228 467/929/2229
f 473/927/2230 474/930/2231 468/928/2232
f 468/931/2233 472/932/2234 470/933/2235
f 468/931/2236 474/934/2237 472/932/2238
f 473/935/2239 469/936/2240 471/937/2241
f 473/935/2242 467/938/2243 469/936/2244
f 475/939/2245 478/940/2246 477/941/2247
f 475/939/2248 476/942/2249 478/940/2250
f 477/943/2251 480/944/2252 479/945/2253
f 477/943/2254 478/946/2255 480/944/2256
f 479/947/2257 482/948/2258 481/949/2259
f 479/947/2260 480/950/2261 482/948/2262
f 481/951/2263 476/952/2264 475/953/2265
f 481/951/2266 482/954/2267 476/952/2268
f 476/955/2269 480/956/2270 478/957/2271
f 476/955/2272 482/958/2273 480/956/2274
f 481/959/2275 477/960/2276 479/961/2277
f 481/959/2278 475/962/2279 477/960/2280
f 483/963/2281 486/964/2282 485/965/2283
f 483/963/2284 484/966/2285 486/964/2286
f 485/967/2287 488/968/2288 487/969/2289
f 485/967/2290 486/970/2291 488/968/2292
f 487/971/2293 490/972/2294 489/973/2295
f 487/971/2296 488/974/2297 490/972/2298
f 489/975/2299 484/976/2300 483/977/2301
f 489/975/2302 490/978/2303 484/976/2304
f 484/979/2305 488/980/2306 486/981/2307
f 484/979/2308 490/982/2309 488/980/2310
f 489/983/2311 485/984/2312 487/985/2313
f 489/983/2314 483/986/2315 485/984/2316
f 491/987/2317 494/988/2318 493/989/2319
f 491/987/2320 492/990/2321 494/988/2322
f 493/991/2323 496/992/2324 495/993/2325
f 493/991/2326 494/994/2327 496/992/2328
f 495/995/2329 498/996/2330 497/997/2331
f 495/995/2332 496/998/2333 498/996/2334
f 497/999/2335 492/1000/2336 491/1001/2337
f 497/999/2338 498/1002/2339 492/1000/2340
f 492/1003/2341 496/1004/2342 494/1005/2343
f 492/1003/2344 498/1006/2345 496/1004/2346
f 497/1007/2347 493/1008/2348 495/1009/2349
f 497/1007/2350 491/1010/2351 493/1008/2352
f 499/1011/2353 502/1012/2354 501/1013/2355
f 499/1011/2356 500/1014/2357 502/1012/2358
f 501/1015/2359 504/1016/2360 503/1017/2361
f 501/1015/2362 502/1018/2363 504/1016/2364
f 503/1019/2365 506/1020/2366 505/1021/2367
f 503/1019/2368 504/1022/2369 506/1020/2370
f 505/1023/2371 500/1024/2372 499/1025/2373
f 505/1023/2374 506/1026/2375 500/1024/2376
f 500/1027/2377 504/1028/2378 502/1029/2379
f 500/1027/2380 506/1030/2381 504/1028/2382
f 505/1031/2383 501/1032/2384 503/1033/2385
f 505/1031/2386 499/1034/2387 501/1032/2388
f 507/1035/2389 510/1036/2390 509/1037/2391
f 507/1035/2392 508/1038/2393 510/1036/2394
f 509/1039/2395 512/1040/2396 511/1041/2397
f 509/1039/2398 510/1042/2399 512/1040/2400
f 511/1043/2401 514/1044/2402 513/1045/2403
f 511/1043/2404 512/1046/2405 514/1044/2406
f 513/1047/2407 508/1048/2408 507/1049/2409
f 513/1047/2410 514/1050/2411 508/1048/2412
f 508/1051/2413 512/1052/2414 510/1053/2415
f 508/1051/2416 514/1054/2417 512/1052/2418
f 513/1055/2419 509/1056/2420 511/1057/2421
f 513/1055/2422 507/1058/2423 509/1056/2424
f 515/1059/2425 518/1060/2426 517/1061/2427
f 515/1059/2428 516/1062/2429 518/1060/2430
f 517/1063/2431 520/1064/2432 519/1065/2433
f 517/1063/2434 518/1066/2435 520/1064/2436
f 519/1067/2437 522/1068/2438 521/1069/2439
f 519/1067/2440 520/1070/2441 522/1068/2442
f 521/1071/2443 516/1072/2444 515/1073/2445
f 521/1071/2446 522/1074/2447 516/1072/2448
f 516/1075/2449 520/1076/2450 518/1077/2451
f 516/1075/2452 522/1078/2453 520/1076/2454
f 521/1079/2455 517/1080/2456 519/1081/2457
f 521/1079/2458 515/1082/2459 517/1080/2460
f 523/1083/2461 526/1084/2462 525/1085/2463
f 523/1083/2464 524/1086/2465 526/1084/2466
f 525/1087/2467 528/1088/2468 527/1089/2469
f 525/1087/2470 526/1090/2471 528/1088/2472
f 527/1091/2473 530/1092/2474 529/1093/2475
f 527/1091/2476 528/1094/2477 530/1092/2478
f 529/1095/2479 524/1096/2480 523/1097/2481
f 529/1095/2482 530/1098/2483 524/1096/2484
f 524/1099/2485 528/1100/2486 526/1101/2487
f 524/1099/2488 530/1102/2489 528/1100/2490
f 529/1103/2491 525/1104/2492 527/1105/2493
f 529/1103/2494 523/1106/2495 525/1104/2496
f 531/1107/2497 534/1108/2498 533/1109/2499
f 531/1107/2500 532/1110/2501 534/1108/2502
f 533/1111/2503 536/1112/2504 535/1113/2505
f 533/1111/2506 534/1114/2507 536/1112/2508
f 535/1115/2509 538/1116/2510 537/1117/2511
f 535/1115/2512 536/1118/2513 538/1116/2514
f 537/1119/2515 532/1120/2516 531/1121/2517
f 537/1119/2518 538/1122/2519 532/1120/2520
f 532/1123/2521 536/1124/2522 534/1125/2523
f 532/1123/2524 538/1126/2525 536/1124/2526
f 537/1127/2527 533/1128/2528 535/1129/2529
f 537/1127/2530 531/1130/2531 533/1128/2532
f 539/1131/2533 542/1132/2534 541/1133/2535
f 539/1131/2536 540/1134/2537 542/1132/2538
f 541/1135/2539 544/1136/2540 543/1137/2541
f 541/1135/2542 542/1138/2543 544/1136/2544
f 543/1139/2545 546/1140/2546 545/1141/2547
f 543/1139/2548 544/1142/2549 546/1140/2550
f 545/1143/2551 540/1144/2552 539/1145/2553
f 545/1143/2554 546/1146/2555 540/1144/2556
f 540/1147/2557 544/1148/2558 542/1149/2559
f 540/1147/2560 546/1150/2561 544/1148/2562
f 545/1151/2563 541/1152/2564 543/1153/2565
f 545/1151/2566 539/1154/2567 541/1152/2568
f 547/1155/2569 550/1156/2570 549/1157/2571
f 547/1155/2572 548/1158/2573 550/1156/2574
f 549/1159/2575 552/1160/2576 551/1161/2577
f 549/1159/2578 550/1162/2579 552/1160/2580
f 551/1163/2581 554/1164/2582 553/1165/2583
f 551/1163/2584 552/1166/2585 554/1164/2586
f 553/1167/2587 548/1168/2588 547/1169/2589
f 553/1167/2590 554/1170/2591 548/1168/2592
f 548/1171/2593 552/1172/2594 550/1173/2595
f 548/1171/2596 554/1174/2597 552/1172/2598
f 553/1175/2599 549/1176/2600 551/1177/2601
f 553/1175/2602 547/1178/2603 549/1176/2604
f 555/1179/2605 558/1180/2606 557/1181/2607
f 555/1179/2608 556/1182/2609 558/1180/2610
f 557/1183/2611 560/1184/2612 559/1185/2613
f 557/1183/2614 558/1186/2615 560/1184/2616
f 559/1187/2617 562/1188/2618 561/1189/2619
f 559/1187/2620 560/1190/2621 562/1188/2622
f 561/1191/2623 556/1192/2624 555/1193/2625
f 561/1191/2626 562/1194/2627 556/1192/2628
f 556/1195/2629 560/1196/2630 558/1197/2631
f 556/1195/2632 562/1198/2633 560/1196/2634
f 561/1199/2635 557/1200/2636 559/1201/2637
f 561/1199/2638 555/1202/2639 557/1200/2640
f 563/1203/2641 566/1204/2642 565/1205/2643
f 563/1203/2644 564/1206/2645 566/1204/2646
f 565/1207/2647 568/1208/2648 567/1209/2649
f 565/1207/2650 566/1210/2651 568/1208/2652
f 567/1211/2653 570/1212/2654 569/1213/2655
f 567/1211/2656 568/1214/2657 570/1212/2658
f 569/1215/2659 564/1216/2660 563/1217/2661
f 569/1215/2662 570/1218/2663 564/1216/2664
f 564/1219/2665 568/1220/2666 566/1221/2667
f 564/1219/2668 570/1222/2669 568/1220/2670
f 569/1223/2671 565/1224/2672 567/1225/2673
f 569/1223/2674 563/1226/2675 565/1224/2676
f 571/1227/2677 574/1228/2678 573/1229/2679
f 571/1227/2680 572/1230/2681 574/1228/2682
f 573/1231/2683 576/1232/2684 575/1233/2685
f 573/1231/2686 574/1234/2687 576/1232/2688
f 575/1235/2689 578/1236/2690 577/1237/2691
f 575/1235/2692 576/1238/2693 578/1236/2694
f 577/1239/2695 572/1240/2696 571/1241/2697
f 577/1239/2698 578/1242/2699 572/1240/2700
f 572/1243/2701 576/1244/2702 574/1245/2703
f 572/1243/2704 578/1246/2705 576/1244/2706
f 577/1247/2707 573/1248/2708 575/1249/2709
f 577/1247/2710 571/1250/2711 573/1248/2712
f 579/1251/2713 582/1252/2714 581/1253/2715
f 579/1251/2716 580/1254/2717 582/1252/2718
f 581/1255/2719 584/1256/2720 583/1257/2721
f 581/1255/2722 582/1258/2723 584/1256/2724
f 583/1259/2725 586/1260/2726 585/1261/2727
f 583/1259/2728 584/1262/2729 586/1260/2730
f 585/1263/2731 580/1264/2732 579/1265/2733
f 585/1263/2734 586/1266/2735 580/1264/2736
f 580/1267/2737 584/1268/2738 582/1269/2739
f 580/1267/2740 586/1270/2741 584/1268/2742
f 585/1271/2743 581/1272/2744 583/1273/2745
f 585/1271/2746 579/1274/2747 581/1272/2748
f 587/1275/2749 590/1276/2750 589/1277/2751
f 587/1275/2752 588/1278/2753 590/1276/2754
f 589/1279/2755 592/1280/2756 591/1281/2757
f 589/1279/2758 590/1282/2759 592/1280/2760
f 591/1283/2761 594/1284/2762 593/1285/2763
f 591/1283/2764 592/1286/2765 594/1284/2766
f 593/1287/2767 588/1288/2768 587/1289/2769
f 593/1287/2770 594/1290/2771 588/1288/2772
f 588/1291/2773 592/1292/2774 590/1293/2775
f 588/1291/2776 594/1294/2777 592/1292/2778
f 593/1295/2779 589/1296/2780 591/1297/2781
f 593/1295/2782 587/1298/2783 589/1296/2784
f 595/1299/2785 598/1300/2786 597/1301/2787
f 595/1299/2788 596/1302/2789 598/1300/2790
f 597/1303/2791 600/1304/2792 599/1305/2793
f 597/1303/2794 598/1306/2795 600/1304/2796
f 599/1307/2797 602/1308/2798 601/1309/2799
f 599/1307/2800 600/1310/2801 602/1308/2802
f 601/1311/2803 596/1312/2804 595/1313/2805
f 601/1311/2806 602/1314/2807 596/1312/2808
f 596/1315/2809 600/1316/2810 598/1317/2811
f 596/1315/2812 602/1318/2813 600/1316/2814
f 601/1319/2815 597/1320/2816 599/1321/2817
f 601/1319/2818 595/1322/2819 597/1320/2820
f 603/1323/2821 606/1324/2822 605/1325/2823
f 603/1323/2824 604/1326/2825 606/1324/2826
f 605/1327/2827 608/1328/2828 607/1329/2829
f 605/1327/2830 606/1330/2831 608/1328/2832
f 607/1331/2833 610/1332/2834 609/1333/2835
f 607/1331/2836 608/1334/2837 610/1332/2838
f 609/1335/2839 604/1336/2840 603/1337/2841
f 609/1335/2842 610/1338/2843 604/1336/2844
f 604/1339/2845 608/1340/2846 606/1341/2847
f 604/1339/2848 610/1342/2849 608/1340/2850
f 609/1343/2851 605/1344/2852 607/1345/2853
f 609/1343/2854 603/1346/2855 605/1344/2856
f 611/1347/2857 614/1348/2858 613/1349/2859
f 611/1347/2860 612/1350/2861 614/1348/2862
f 613/1351/2863 616/1352/2864 615/1353/2865
f 613/1351/2866 614/1354/2867 616/1352/2868
f 615/1355/2869 618/1356/2870 617/1357/2871
f 615/1355/2872 616/1358/2873 618/1356/2874
f 617/1359/2875 612/1360/2876 611/1361/2877
f 617/1359/2878 618/1362/2879 612/1360/2880
f 612/1363/2881 616/1364/2882 614/1365/2883
f 612/1363/2884 618/1366/2885 616/1364/2886
f 617/1367/2887 613/1368/2888 615/1369/2889
f 617/1367/2890 611/1370/2891 613/1368/2892
f 619/1371/2893 622/1372/2894 621/1373/2895
f 619/1371/2896 620/1374/2897 622/1372/2898
f 621/1375/2899 624/1376/2900 623/1377/2901
f 621/1375/2902 622/1378/2903 624/1376/2904
f 623/1379/2905 626/1380/2906 625/1381/2907
f 623/1379/2908 624/1382/2909 626/1380/2910
f 625/1383/2911 620/1384/2912 619/1385/2913
f 625/1383/2914 626/1386/2915 620/1384/2916
f 620/1387/2917 624/1388/2918 622/1389/2919
f 620/1387/2920 626/1390/2921 624/1388/2922
f 625/1391/2923 621/1392/2924 623/1393/2925
f 625/1391/2926 619/1394/2927 621/1392/2928
f 627/1395/2929 630/1396/2930 629/1397/2931
f 627/1395/2932 628/1398/2933 630/1396/2934
f 629/1399/2935 632/1400/2936 631/1401/2937
f 629/1399/2938 630/1402/2939 632/1400/2940
f 631/1403/2941 634/1404/2942 633/1405/2943
f 631/1403/2944 632/1406/2945 634/1404/2946
f 633/1407/2947 628/1408/2948 627/1409/2949
f 633/1407/2950 634/1410/2951 628/1408/2952
f 628/1411/2953 632/1412/2954 630/1413/2955
f 628/1411/2956 634/1414/2957 632/1412/2958
f 633/1415/2959 629/1416/2960 631/1417/2961
f 633/1415/2962 627/1418/2963 629/1416/2964
f 635/1419/2965 638/1420/2966 637/1421/2967
f 635/1419/2968 636/1422/2969 638/1420/2970
f 637/1423/2971 640/1424/2972 639/1425/2973
f 637/1423/2974 638/1426/2975 640/1424/2976
f 639/1427/2977 642/1428/2978 641/1429/2979
f 639/1427/2980 640/1430/2981 642/1428/2982
f 641/1431/2983 636/1432/2984 635/1433/2985
f 641/1431/2986 642/1434/2987 636/1432/2988
f 636/1435/2989 640/1436/2990 638/1437/2991
f 636/1435/2992 642/1438/2993 640/1436/2994
f 641/1439/2995 637/1440/2996 639/1441/2997
f 641/1439/2998 635/1442/2999 637/1440/3000
f 643/1443/3001 646/1444/3002 645/1445/3003
f 643/1443/3004 644/1446/3005 646/1444/3006
f 645/1447/3007 648/1448/3008 647/1449/3009
f 645/1447/3010 646/1450/3011 648/1448/3012
f 647/1451/3013 650/1452/3014 649/1453/3015
f 647/1451/3016 648/1454/3017 650/1452/3018
f 649/1455/3019 644/1456/3020 643/1457/3021
f 649/1455/3022 650/1458/3023 644/1456/3024
f 644/1459/3025 648/1460/3026 646/1461/3027
f 644/1459/3028 650/1462/3029 648/1460/3030
f 649/1463/3031 645/1464/3032 647/1465/3033
f 649/1463/3034 643/1466/3035 645/1464/3036
f 651/1467/3037 654/1468/3038 653/1469/3039
f 651/1467/3040 652/1470/3041 654/1468/3042
f 653/1471/3043 656/1472/3044 655/1473/3045
f 653/1471/3046 654/1474/3047 656/1472/3048
f 655/1475/3049 658/1476/3050 657/1477/3051
f 655/1475/3052 656/1478/3053 658/1476/3054
f 657/1479/3055 652/1480/3056 651/1481/3057
f 657/1479/3058 658/1482/3059 652/1480/3060
f 652/1483/3061 656/1484/3062 654/1485/3063
f 652/1483/3064 658/1486/3065 656/1484/3066
f 657/1487/3067 653/1488/3068 655/1489/3069
f 657/1487/3070 651/1490/3071 653/1488/3072
f 659/1491/3073 662/1492/3074 661/1493/3075
f 659/1491/3076 660/1494/3077 662/1492/3078
f 661/1495/3079 664/1496/3080 663/1497/3081
f 661/1495/3082 662/1498/3083 664/1496/3084
f 663/1499/3085 666/1500/3086 665/1501/3087
f 663/1499/3088 664/1502/3089 666/1500/3090
f 665/1503/3091 660/1504/3092 659/1505/3093
f 665/1503/3094 666/1506/3095 660/1504/3096
f 660/1507/3097 664/1508/3098 662/1509/3099
f 660/1507/3100 666/1510/3101 664/1508/3102
f 665/1511/3103 661/1512/3104 663/1513/3105
f 665/1511/3106 659/1514/3107 661/1512/3108
f 667/1515/3109 670/1516/3110 669/1517/3111
f 667/1515/3112 668/1518/3113 670/1516/3114
f 669/1519/3115 672/1520/3116 671/1521/3117
f 669/1519/3118 670/1522/3119 672/1520/3120
f 671/1523/3121 674/1524/3122 673/1525/3123
f 671/1523/3124 672/1526/3125 674/1524/3126
f 673/1527/3127 668/1528/3128 667/1529/3129
f 673/1527/3130 674/1530/3131 668/1528/3132
f 668/1531/3133 672/1532/3134 670/1533/3135
f 668/1531/3136 674/1534/3137 672/1532/3138
f 673/1535/3139 669/1536/3140 671/1537/3141
f 673/1535/3142 667/1538/3143 669/1536/3144
f 675/1539/3145 678/1540/3146 677/1541/3147
f 675/1539/3148 676/1542/3149 678/1540/3150
f 677/1543/3151 680/1544/3152 679/1545/3153
f 677/1543/3154 678/1546/3155 680/1544/3156
f 679/1547/3157 682/1548/3158 681/1549/3159
f 679/1547/3160 680/1550/3161 682/1548/3162
f 681/1551/3163 676/1552/3164 675/1553/3165
f 681/1551/3166 682/1554/3167 676/1552/3168
f 676/1555/3169 680/1556/3170 678/1557/3171
f 676/1555/3172 682/1558/3173 680/1556/3174
f 681/1559/3175 677/1560/3176 679/1561/3177
f 681/1559/3178 675/1562/3179 677/1560/3180
f 683/1563/3181 686/1564/3182 685/1565/3183
f 683/1563/3184 684/1566/3185 686/1564/3186
f 685/1567/3187 688/1568/3188 687/1569/3189
f 685/1567/3190 686/1570/3191 688/1568/3192
f 687/1571/3193 690/1572/3194 689/1573/3195
f 687/1571/3196 688/1574/3197 690/1572/3198
f 689/1575/3199 684/1576/3200 683/1577/3201
f 689/1575/3202 690/1578/3203 684/1576/3204
f 684/1579/3205 688/1580/3206 686/1581/3207
f 684/1579/3208 690/1582/3209 688/1580/3210
f 689/1583/3211 685/1584/3212 687/1585/3213
f 689/1583/3214 683/1586/3215 685/1584/3216
f 691/1587/3217 694/1588/3218 693/1589/3219
f 691/1587/3220 692/1590/3221 694/1588/3222
f 693/1591/3223 696/1592/3224 695/1593/3225
f 693/1591/3226 694/1594/3227 696/1592/3228
f 695/1595/3229 698/1596/3230 697/1597/3231
f 695/1595/3232 696/1598/3233 698/1596/3234
f 697/1599/3235 692/1600/3236 691/1601/3237
f 697/1599/3238 698/1602/3239 692/1600/3240
f 692/1603/3241 696/1604/3242 694/1605/3243
f 692/1603/3244 698/1606/3245 696/1604/3246
f 697/1607/3247 693/1608/3248 695/1609/3249
f 697/1607/3250 691/1610/3251 693/1608/3252
f 699/1611/3253 702/1612/3254 701/1613/3255
f 699/1611/3256 700/1614/3257 702/1612/3258
f 701/1615/3259 704/1616/3260 703/1617/3261
f 701/1615/3262 702/1618/3263 704/1616/3264
f 703/1619/3265 706/1620/3266 705/1621/3267
f 703/1619/3268 704/1622/3269 706/1620/3270
f 705/1623/3271 700/1624/3272 699/1625/3273
f 705/1623/3274 706/1626/3275 700/1624/3276
f 700/1627/3277 704/1628/3278 702/1629/3279
f 700/1627/3280 706/1630/3281 704/1628/3282
f 705/1631/3283 701/1632/3284 703/1633/3285
f 705/1631/3286 699/1634/3287 701/1632/3288
f 707/1635/3289 710/1636/3290 709/1637/3291
f 707/1635/3292 708/1638/3293 710/1636/3294
f 709/1639/3295 712/1640/3296 711/1641/3297
f 709/1639/3298 710/1642/3299 712/1640/3300
f 711/1643/3301 714/1644/3302 713/1645/3303
f 711/1643/3304 712/1646/3305 714/1644/3306
f 713/1647/3307 708/1648/3308 707/1649/3309
f 713/1647/3310 714/1650/3311 708/1648/3312
f 708/1651/3313 712/1652/3314 710/1653/3315
f 708/1651/3316 714/1654/3317 712/1652/3318
f 713/1655/3319 709/1656/3320 711/1657/3321
f 713/1655/3322 707/1658/3323 709/1656/3324
f 715/1659/3325 718/1660/3326 717/1661/3327
f 715/1659/3328 716/1662/3329 718/1660/3330
f 717/1663/3331 720/1664/3332 719/1665/3333
f 717/1663/3334 718/1666/3335 720/1664/3336
f 719/1667/3337 722/1668/3338 721/1669/3339
f 719/1667/3340 720/1670/3341 722/1668/3342
f 721/1671/3343 716/1672/3344 715/1673/3345
f 721/1671/3346 722/1674/3347 716/1672/3348
f 716/1675/3349 720/1676/3350 718/1677/3351
f 716/1675/3352 722/1678/3353 720/1676/3354
f 721/1679/3355 717/1680/3356 719/1681/3357
f 721/1679/3358 715/1682/3359 717/1680/3360
f 723/1683/3361 726/1684/3362 725/1685/3363
f 723/1683/3364 724/1686/3365 726/1684/3366
f 725/1687/3367 728/1688/3368 727/1689/3369
f 725/1687/3370 726/1690/3371 728/1688/3372
f 727/1691/3373 730/1692/3374 729/1693/3375
f 727/1691/3376 728/1694/3377 730/1692/3378
f 729/1695/3379 724/1696/3380 723/1697/3381
f 729/1695/3382 730/1698/3383 724/1696/3384
f 724/1699/3385 728/1700/3386 726/1701/3387
f 724/1699/3388 730/1702/3389 728/1700/3390
f 729/1703/3391 725/1704/3392 727/1705/3393
f 729/1703/3394 723/1706/3395 725/1704/3396
f 731/1707/3397 734/1708/3398 733/1709/3399
f 731/1707/3400 732/1710/3401 734/1708/3402
f 733/1711/3403 736/1712/3404 735/1713/3405
f 733/1711/3406 734/1714/3407 736/1712/3408
f 735/1715/3409 738/1716/3410 737/1717/3411
f 735/1715/3412 736/1718/3413 738/1716/3414
f 737/1719/3415 732/1720/3416 731/1721/3417
f 737/1719/3418 738/1722/3419 732/1720/3420
f 732/1723/3421 736/1724/3422 734/1725/3423
f 732/1723/3424 738/1726/3425 736/1724/3426
f 737/1727/3427 733/1728/3428 735/1729/3429
f 737/1727/3430 731/1730/3431 733/1728/3432
f 739/1731/3433 742/1732/3434 741/1733/3435
f 739/1731/3436 740/1734/3437 742/1732/3438
f 741/1735/3439 744/1736/3440 743/1737/3441
f 741/1735/3442 742/1738/3443 744/1736/3444
f 743/1739/3445 746/1740/3446 745/1741/3447
f 743/1739/3448 744/1742/3449 746/1740/3450
f 745/1743/3451 740/1744/3452 739/1745/3453
f 745/1743/3454 746/1746/3455 740/1744/3456
f 740/1747/3457 744/1748/3458 742/1749/3459
f 740/1747/3460 746/1750/3461 744/1748/3462
f 745/1751/3463 741/1752/3464 743/1753/3465
f 745/1751/3466 739/1754/3467 741/1752/3468
f 747/1755/3469 750/1756/3470 749/1757/3471
f 747/1755/3472 748/1758/3473 750/1756/3474
f 749/1759/3475 752/1760/3476 751/1761/3477
f 749/1759/3478 750/1762/3479 752/1760/3480
f 751/1763/3481 754/1764/3482 753/1765/3483
f 751/1763/3484 752/1766/3485 754/1764/3486
f 753/1767/3487 748/1768/3488 747/1769/3489
f 753/1767/3490 754/1770/3491 748/1768/3492
f 748/1771/3493 752/1772/3494 750/1773/3495
f 748/1771/3496 754/1774/3497 752/1772/3498
f 753/1775/3499 749/1776/3500 751/1777/3501
f 753/1775/3502 747/1778/3503 749/1776/3504
f 755/1779/3505 758/1780/3506 757/1781/3507
f 755/1779/3508 756/1782/3509 758/1780/3510
f 757/1783/3511 760/1784/3512 759/1785/3513
f 757/1783/3514 758/1786/3515 760/1784/3516
f 759/1787/3517 762/1788/3518 761/1789/3519
f 759/1787/3520 760/1790/3521 762/1788/3522
f 761/1791/3523 756/1792/3524 755/1793/3525
f 761/1791/3526 762/1794/3527 756/1792/3528
f 756/1795/3529 760/1796/3530 758/1797/3531
f 756/1795/3532 762/1798/3533 760/1796/3534
f 761/1799/3535 757/1800/3536 759/1801/3537
f 761/1799/3538 755/1802/3539 757/1800/3540
f 763/1803/3541 766/1804/3542 765/1805/3543
f 763/1803/3544 764/1806/3545 766/1804/3546
f 765/1807/3547 768/1808/3548 767/1809/3549
f 765/1807/3550 766/1810/3551 768/1808/3552
f 767/1811/3553 770/1812/3554 769/1813/3555
f 767/1811/3556 768/1814/3557 770/1812/3558
f 769/1815/3559 764/1816/3560 763/1817/3561
f 769/1815/3562 770/1818/3563 764/1816/3564
f 764/1819/3565 768/1820/3566 766/1821/3567
f 764/1819/3568 770/1822/3569 768/1820/3570
f 769/1823/3571 765/1824/3572 767/1825/3573
f 769/1823/3574 763/1826/3575 765/1824/3576
f 771/1827/3577 774/1828/3578 773/1829/3579
f 771/1827/3580 772/1830/3581 774/1828/3582
f 773/1831/3583 776/1832/3584 775/1833/3585
f 773/1831/3586 774/1834/3587 776/1832/3588
f 775/1835/3589 778/1836/3590 777/1837/3591
f 775/1835/3592 776/1838/3593 778/1836/3594
f 777/1839/3595 772/1840/3596 771/1841/3597
f 777/1839/3598 778/1842/3599 772/1840/3600
f 772/1843/3601 776/1844/3602 774/1845/3603
f 772/1843/3604 778/1846/3605 776/1844/3606
f 777/1847/3607 773/1848/3608 775/1849/3609
f 777/1847/3610 771/1850/3611 773/1848/3612
f 779/1851/3613 782/1852/3614 781/1853/3615
f 779/1851/3616 780/1854/3617 782/1852/3618
f 781/1855/3619 784/1856/3620 783/1857/3621
f 781/1855/3622 782/1858/3623 784/1856/3624
f 783/1859/3625 786/1860/3626 785/1861/3627
f 783/1859/3628 784/1862/3629 786/1860/3630
f 785/1863/3631 780/1864/3632 779/1865/3633
f 785/1863/3634 786/1866/3635 780/1864/3636
f 780/1867/3637 784/1868/3638 782/1869/3639
f 780/1867/3640 786/1870/3641 784/1868/3642
f 785/1871/3643 781/1872/3644 783/1873/3645
f 785/1871/3646 779/1874/3647 781/1872/3648
f 787/1875/3649 790/1876/3650 789/1877/3651
f 787/1875/3652 788/1878/3653 790/1876/3654
f 789/1879/3655 792/1880/3656 791/1881/3657
f 789/1879/3658 790/1882/3659 792/1880/3660
f 791/1883/3661 794/1884/3662 793/1885/3663
f 791/1883/3664 792/1886/3665 794/1884/3666
f 793/1887/3667 788/1888/3668 787/1889/3669
f 793/1887/3670 794/1890/3671 788/1888/3672
f 788/1891/3673 792/1892/3674 790/1893/3675
f 788/1891/3676 794/1894/3677 792/1892/3678
f 793/1895/3679 789/1896/3680 791/1897/3681
f 793/1895/3682 787/1898/3683 789/1896/3684
f 795/1899/3685 798/1900/3686 797/1901/3687
f 795/1899/3688 796/1902/3689 798/1900/3690
f 797/1903/3691 800/1904/3692 799/1905/3693
f 797/1903/3694 798/1906/3695 800/1904/3696
f 799/1907/3697 802/1908/3698 801/1909/3699
f 799/1907/3700 800/1910/3701 802/1908/3702
f 801/1911/3703 796/1912/3704 795/1913/3705
f 801/1911/3706 802/1914/3707 796/1912/3708
f 796/1915/3709 800/1916/3710 798/1917/3711
f 796/1915/3712 802/1918/3713 800/1916/3714
f 801/1919/3715 797/1920/3716 799/1921/3717
f 801/1919/3718 795/1922/3719 797/1920/3720
f 803/1923/3721 806/1924/3722 805/1925/3723
f 803/1923/3724 804/1926/3725 806/1924/3726
f 805/1927/3727 808/1928/3728 807/1929/3729
f 805/1927/3730 806/1930/3731 808/1928/3732
f 807/1931/3733 810/1932/3734 809/1933/3735
f 807/1931/3736 808/1934/3737 810/1932/3738
f 809/1935/3739 804/1936/3740 803/1937/3741
f 809/1935/3742 810/1938/3743 804/1936/3744
f 804/1939/3745 808/1940/3746 806/1941/3747
f 804/1939/3748 810/1942/3749 808/1940/3750
f 809/1943/3751 805/1944/3752 807/1945/3753
f 809/1943/3754 803/1946/3755 805/1944/3756
f 811/1947/3757 814/1948/3758 813/1949/3759
f 811/1947/3760 812/1950/3761 814/1948/3762
f 813/1951/3763 816/1952/3764 815/1953/3765
f 813/1951/3766 814/1954/3767 816/1952/3768
f 815/1955/3769 818/1956/3770 817/1957/3771
f 815/1955/3772 816/1958/3773 818/1956/3774
f 817/1959/3775 812/1960/3776 811/1961/3777
f 817/1959/3778 818/1962/3779 812/1960/3780
f 812/1963/3781 816/1964/3782 814/1965/3783
f 812/1963/3784 818/1966/3785 816/1964/3786
f 817/1967/3787 813/1968/3788 815/1969/3789
f 817/1967/3790 811/1970/3791 813/1968/3792
f 819/1971/3793 822/1972/3794 821/1973/3795
f 819/1971/3796 820/1974/3797 822/1972/3798
f 821/1975/3799 824/1976/3800 823/1977/3801
f 821/1975/3802 822/1978/3803 824/1976/3804
f 823/1979/3805 826/1980/3806 825/1981/3807
f 823/1979/3808 824/1982/3809 826/1980/3810
f 825/1983/3811 820/1984/3812 819/1985/3813
f 825/1983/3814 826/1986/3815 820/1984/3816
f 820/1987/3817 824/1988/3818 822/1989/3819
f 820/1987/3820 826/1990/3821 824/1988/3822
f 825/1991/3823 821/1992/3824 823/1993/3825
f 825/1991/3826 819/1994/3827 821/1992/3828
f 827/1995/3829 830/1996/3830 829/1997/3831
f 827/1995/3832 828/1998/3833 830/1996/3834
f 829/1999/3835 832/2000/3836 831/2001/3837
f 829/1999/3838 830/2002/3839 832/2000/3840
f 831/2003/3841 834/2004/3842 833/2005/3843
f 831/2003/3844 832/2006/3845 834/2004/3846
f 833/2007/3847 828/2008/3848 827/2009/3849
f 833/2007/3850 834/2010/3851 828/2008/3852
f 828/2011/3853 832/2012/3854 830/2013/3855
f 828/2011/3856 834/2014/3857 832/2012/3858
f 833/2015/3859 829/2016/3860 831/2017/3861
f 833/2015/3862 827/2018/3863 829/2016/3864
f 835/2019/3865 838/2020/3866 837/2021/3867
f 835/2019/3868 836/2022/3869 838/2020/3870
f 837/2023/3871 840/2024/3872 839/2025/3873
f 837/2023/3874 838/2026/3875 840/2024/3876
f 839/2027/3877 842/2028/3878 841/2029/3879
f 839/2027/3880 840/2030/3881 842/2028/3882
f 841/2031/3883 836/2032/3884 835/2033/3885
f 841/2031/3886 842/2034/3887 836/2032/3888
f 836/2035/3889 840/2036/3890 838/2037/3891
f 836/2035/3892 842/2038/3893 840/2036/3894
f 841/2039/3895 837/2040/3896 839/2041/3897
f 841/2039/3898 835/2042/3899 837/2040/3900
f 843/2043/3901 846/2044/3902 845/2045/3903
f 843/2043/3904 844/2046/3905 846/2044/3906
f 845/2047/3907 848/2048/3908 847/2049/3909
f 845/2047/3910 846/2050/3911 848/2048/3912
f 847/2051/3913 850/2052/3914 849/2053/3915
f 847/2051/3916 848/2054/3917 850/2052/3918
f 849/2055/3919 844/2056/3920 843/2057/3921
f 849/2055/3922 850/2058/3923 844/2056/3924
f 844/2059/3925 848/2060/3926 846/2061/3927
f 844/2059/3928 850/2062/3929 848/2060/3930
f 849/2063/3931 845/2064/3932 847/2065/3933
f 849/2063/3934 843/2066/3935 845/2064/3936
f 851/2067/3937 854/2068/3938 853/2069/3939
f 851/2067/3940 852/2070/3941 854/2068/3942
f 853/2071/3943 856/2072/3944 855/2073/3945
f 853/2071/3946 854/2074/3947 856/2072/3948
f 855/2075/3949 858/2076/3950 857/2077/3951
f 855/2075/3952 856/2078/3953 858/2076/3954
f 857/2079/3955 852/2080/3956 851/2081/3957
f 857/2079/3958 858/2082/3959 852/2080/3960
f 852/2083/3961 856/2084/3962 854/2085/3963
f 852/2083/3964 858/2086/3965 856/2084/3966
f 857/2087/3967 853/2088/3968 855/2089/3969
f 857/2087/3970 851/2090/3971 853/2088/3972
f 859/2091/3973 862/2092/3974 861/2093/3975
f 859/2091/3976 860/2094/3977 862/2092/3978
f 861/2095/3979 864/2096/3980 863/2097/3981
f 861/2095/3982 862/2098/3983 864/2096/3984
f 863/2099/3985 866/2100/3986 865/2101/3987
f 863/2099/3988 864/2102/3989 866/2100/3990
f 865/2103/3991 860/2104/3992 859/2105/3993
f 865/2103/3994 866/2106/3995 860/2104/3996
f 860/2107/3997 864/2108/3998 862/2109/3999
f 860/2107/4000 866/2110/4001 864/2108/4002
f 865/2111/4003 861/2112/4004 863/2113/4005
f 865/2111/4006 859/2114/4007 861/2112/4008
f 867/2115/4009 870/2116/4010 869/2117/4011
f 867/2115/4012 868/2118/4013 870/2116/4014
f 869/2119/4015 872/2120/4016 871/2121/4017
f 869/2119/4018 870/2122/4019 872/2120/4020
f 871/2123/4021 874/2124/4022 873/2125/4023
f 871/2123/4024 872/2126/4025 874/2124/4026
f 873/2127/4027 868/2128/4028 867/2129/4029
f 873/2127/4030 874/2130/4031 868/2128/4032
f 868/2131/4033 872/2132/4034 870/2133/4035
f 868/2131/4036 874/2134/4037 872/2132/4038
f 873/2135/4039 869/2136/4040 871/2137/4041
f 873/2135/4042 867/2138/4043 869/2136/4044
f 875/2139/4045 878/2140/4046 877/2141/4047
f 875/2139/4048 876/2142/4049 878/2140/4050
f 877/2143/4051 880/2144/4052 879/2145/4053
f 877/2143/4054 878/2146/4055 880/2144/4056
f 879/2147/4057 882/2148/4058 881/2149/4059
f 879/2147/4060 880/2150/4061 882/2148/4062
f 881/2151/4063 876/2152/4064 875/2153/4065
f 881/2151/4066 882/2154/4067 876/2152/4068
f 876/2155/4069 880/2156/4070 878/2157/4071
f 876/2155/4072 882/2158/4073 880/2156/4074
f 881/2159/4075 877/2160/4076 879/2161/4077
f 881/2159/4078 875/2162/4079 877/2160/4080
f 883/2163/4081 886/2164/4082 885/2165/4083
f 883/2163/4084 884/2166/4085 886/2164/4086
f 885/2167/4087 888/2168/4088 887/2169/4089
f 885/2167/4090 886/2170/4091 888/2168/4092
f 887/2171/4093 890/2172/4094 889/2173/4095
f 887/2171/4096 888/2174/4097 890/2172/4098
f 889/2175/4099 884/2176/4100 883/2177/4101
f 889/2175/4102 890/2178/4103 884/2176/4104
f 884/2179/4105 888/2180/4106 886/2181/4107
f 884/2179/4108 890/2182/4109 888/2180/4110
f 889/2183/4111 885/2184/4112 887/2185/4113
f 889/2183/4114 883/2186/4115 885/2184/4116
f 891/2187/4117 894/2188/4118 893/2189/4119
f 891/2187/4120 892/2190/4121 894/2188/4122
f 893/2191/4123 896/2192/4124 895/2193/4125
f 893/2191/4126 894/2194/4127 896/2192/4128
f 895/2195/4129 898/2196/4130 897/2197/4131
f 895/2195/4132 896/2198/4133 898/2196/4134
f 897/2199/4135 892/2200/4136 891/2201/4137
f 897/2199/4138 898/2202/4139 892/2200/4140
f 892/2203/4141 896/2204/4142 894/2205/4143
f 892/2203/4144 898/2206/4145 896/2204/4146
f 897/2207/4147 893/2208/4148 895/2209/4149
f 897/2207/4150 891/2210/4151 893/2208/4152
f 899/2211/4153 902/2212/4154 901/2213/4155
f 899/2211/4156 900/2214/4157 902/2212/4158
f 901/2215/4159 904/2216/4160 903/2217/4161
f 901/2215/4162 902/2218/4163 904/2216/4164
f 903/2219/4165 906/2220/4166 905/2221/4167
f 903/2219/4168 904/2222/4169 906/2220/4170
f 905/2223/4171 900/2224/4172 899/2225/4173
f 905/2223/4174 906/2226/4175 900/2224/4176
f 900/2227/4177 904/2228/4178 902/2229/4179
f 900/2227/4180 906/2230/4181 904/2228/4182
f 905/2231/4183 901/2232/4184 903/2233/4185
f 905/2231/4186 899/2234/4187 901/2232/4188
f 907/2235/4189 910/2236/4190 909/2237/4191
f 907/2235/4192 908/2238/4193 910/2236/4194
f 909/2239/4195 912/2240/4196 911/2241/4197
f 909/2239/4198 910/2242/4199 912/2240/4200
f 911/2243/4201 914/2244/4202 913/2245/4203
f 911/2243/4204 912/2246/4205 914/2244/4206
f 913/2247/4207 908/2248/4208 907/2249/4209
f 913/2247/4210 914/2250/4211 908/2248/4212
f 908/2251/4213 912/2252/4214 910/2253/4215
f 908/2251/4216 914/2254/4217 912/2252/4218
f 913/2255/4219 909/2256/4220 911/2257/4221
f 913/2255/4222 907/2258/4223 909/2256/4224
f 915/2259/4225 918/2260/4226 917/2261/4227
f 915/2259/4228 916/2262/4229 918/2260/4230
f 917/2263/4231 920/2264/4232 919/2265/4233
f 917/2263/4234 918/2266/4235 920/2264/4236
f 919/2267/4237 922/2268/4238 921/2269/4239
f 919/2267/4240 920/2270/4241 922/2268/4242
f 921/2271/4243 916/2272/4244 915/2273/4245
f 921/2271/4246 922/2274/4247 916/2272/4248
f 916/2275/4249 920/2276/4250 918/2277/4251
f 916/2275/4252 922/2278/4253 920/2276/4254
f 921/2279/4255 917/2280/4256 919/2281/4257
f 921/2279/4258 915/2282/4259 917/2280/4260
f 923/2283/4261 926/2284/4262 925/2285/4263
f 923/2283/4264 924/2286/4265 926/2284/4266
f 925/2287/4267 928/2288/4268 927/2289/4269
f 925/2287/4270 926/2290/4271 928/2288/4272
f 927/2291/4273 930/2292/4274 929/2293/4275
f 927/2291/4276 928/2294/4277 930/2292/4278
f 929/2295/4279 924/2296/4280 923/2297/4281
f 929/2295/4282 930/2298/4283 924/2296/4284
f 924/2299/4285 928/2300/4286 926/2301/4287
f 924/2299/4288 930/2302/4289 928/2300/4290
f 929/2303/4291 925/2304/4292 927/2305/4293
f 929/2303/4294 923/2306/4295 925/2304/4296
f 931/2307/4297 934/2308/4298 933/2309/4299
f 931/2307/4300 932/2310/4301 934/2308/4302
f 933/2311/4303 936/2312/4304 935/2313/4305
f 933/2311/4306 934/2314/4307 936/2312/4308
f 935/2315/4309 938/2316/4310 937/2317/4311
f 935/2315/4312 936/2318/4313 938/2316/4314
f 937/2319/4315 932/2320/4316 931/2321/4317
f 937/2319/4318 938/2322/4319 932/2320/4320
f 932/2323/4321 936/2324/4322 934/2325/4323
f 932/2323/4324 938/2326/4325 936/2324/4326
f 937/2327/4327 933/2328/4328 935/2329/4329
f 937/2327/4330 931/2330/4331 933/2328/4332
f 939/2331/4333 942/2332/4334 941/2333/4335
f 939/2331/4336 940/2334/4337 942/2332/4338
f 941/2335/4339 944/2336/4340 943/2337/4341
f 941/2335/4342 942/2338/4343 944/2336/4344
f 943/2339/4345 946/2340/4346 945/2341/4347
f 943/2339/4348 944/2342/4349 946/2340/4350
f 945/2343/4351 940/2344/4352 939/2345/4353
f 945/2343/4354 946/2346/4355 940/2344/4356
f 940/2347/4357 944/2348/4358 942/2349/4359
f 940/2347/4360 946/2350/4361 944/2348/4362
f 945/2351/4363 941/2352/4364 943/2353/4365
f 945/2351/4366 939/2354/4367 941/2352/4368
f 947/2355/4369 950/2356/4370 949/2357/4371
f 947/2355/4372 948/2358/4373 950/2356/4374
f 949/2359/4375 952/2360/4376 951/2361/4377
f 949/2359/4378 950/2362/4379 952/2360/4380
f 951/2363/4381 954/2364/4382 953/2365/4383
f 951/2363/4384 952/2366/4385 954/2364/4386
f 953/2367/4387 948/2368/4388 947/2369/4389
f 953/2367/4390 954/2370/4391 948/2368/4392
f 948/2371/4393 952/2372/4394 950/2373/4395
f 948/2371/4396 954/2374/4397 952/2372/4398
f 953/2375/4399 949/2376/4400 951/2377/4401
f 953/2375/4402 947/2378/4403 949/2376/4404
f 955/2379/4405 958/2380/4406 957/2381/4407
f 955/2379/4408 956/2382/4409 958/2380/4410
f 957/2383/4411 960/2384/4412 959/2385/4413
f 957/2383/4414 958/2386/4415 960/2384/4416
f 959/2387/4417 962/2388/4418 961/2389/4419
f 959/2387/4420 960/2390/4421 962/2388/4422
f 961/2391/4423 956/2392/4424 955/2393/4425
f 961/2391/4426 962/2394/4427 956/2392/4428
f 956/2395/4429 960/2396/4430 958/2397/4431
f 956/2395/4432 962/2398/4433 960/2396/4434
f 961/2399/4435 957/2400/4436 959/2401/4437
f 961/2399/4438 955/2402/4439 957/2400/4440
f 963/2403/4441 966/2404/4442 965/2405/4443
f 963/2403/4444 964/2406/4445 966/2404/4446
f 965/2407/4447 968/2408/4448 967/2409/4449
f 965/2407/4450 966/2410/4451 968/2408/4452
f 967/2411/4453 970/2412/4454 969/2413/4455
f 967/2411/4456 968/2414/4457 970/2412/4458
f 969/2415/4459 964/2416/4460 963/2417/4461
f 969/2415/4462 970/2418/4463 964/2416/4464
f 964/2419/4465 968/2420/4466 966/2421/4467
f 964/2419/4468 970/2422/4469 968/2420/4470
f 969/2423/4471 965/2424/4472 967/2425/4473
f 969/2423/4474 963/2426/4475 965/2424/4476
f 971/2427/4477 974/2428/4478 973/2429/4479
f 971/2427/4480 972/2430/4481 974/2428/4482
f 973/2431/4483 976/2432/4484 975/2433/4485
f 973/2431/4486 974/2434/4487 976/2432/4488
f 975/2435/4489 978/2436/4490 977/2437/4491
f 975/2435/4492 976/2438/4493 978/2436/4494
f 977/2439/4495 972/2440/4496 971/2441/4497
f 977/2439/4498 978/2442/4499 972/2440/4500
f 972/2443/4501 976/2444/4502 974/2445/4503
f 972/2443/4504 978/2446/4505 976/2444/4506
f 977/2447/4507 973/2448/4508 975/2449/4509
f 977/2447/4510 971/2450/4511 973/2448/4512
f 979/2451/4513 982/2452/4514 981/2453/4515
f 979/2451/4516 980/2454/4517 982/2452/4518
f 981/2455/4519 984/2456/4520 983/2457/4521
f 981/2455/4522 982/2458/4523 984/2456/4524
f 983/2459/4525 986/2460/4526 985/2461/4527
f 983/2459/4528 984/2462/4529 986/2460/4530
f 985/2463/4531 980/2464/4532 979/2465/4533
f 985/2463/4534 986/2466/4535 980/2464/4536
f 980/2467/4537 984/2468/4538 982/2469/4539
f 980/2467/4540 986/2470/4541 984/2468/4542
f 985/2471/4543 981/2472/4544 983/2473/4545
f 985/2471/4546 979/2474/4547 981/2472/4548
f 987/2475/4549 990/2476/4550 989/2477/4551
f 987/2475/4552 988/2478/4553 990/2476/4554
f 989/2479/4555 992/2480/4556 991/2481/4557
f 989/2479/4558 990/2482/4559 992/2480/4560
f 991/2483/4561 994/2484/4562 993/2485/4563
f 991/2483/4564 992/2486/4565 994/2484/4566
f 993/2487/4567 988/2488/4568 987/2489/4569
f 993/2487/4570 994/2490/4571 988/2488/4572
f 988/2491/4573 992/2492/4574 990/2493/4575
f 988/2491/4576 994/2494/4577 992/2492/4578
f 993/2495/4579 989/2496/4580 991/2497/4581
f 993/2495/4582 987/2498/4583 989/2496/4584
f 995/2499/4585 998/2500/4586 997/2501/4587
f 995/2499/4588 996/2502/4589 998/2500/4590
f 997/2503/4591 1000/2504/4592 999/2505/4593
f 997/2503/4594 998/2506/4595 1000/2504/4596
f 999/2507/4597 1002/2508/4598 1001/2509/4599
f 999/2507/4600 1000/2510/4601 1002/2508/4602
f 1001/2511/4603 996/2512/4604 995/2513/4605
f 1001/2511/4606 1002/2514/4607 996/2512/4608
f 996/2515/4609 1000/2516/4610 998/2517/4611
f 996/2515/4612 1002/2518/4613 1000/2516/4614
f 1001/2519/4615 997/2520/4616 999/2521/4617
f 1001/2519/4618 995/2522/4619 997/2520/4620
f 1003/2523/4621 1006/2524/4622 1005/2525/4623
f 1003/2523/4624 1004/2526/4625 1006/2524/4626
f 1005/2527/4627 1008/2528/4628 1007/2529/4629
f 1005/2527/4630 1006/2530/4631 1008/2528/4632
f 1007/2531/4633 1010/2532/4634 1009/2533/4635
f 1007/2531/4636 1008/2534/4637 1010/2532/4638
f 1009/2535/4639 1004/2536/4640 1003/2537/4641
f 1009/2535/4642 1010/2538/4643 1004/2536/4644
f 1004/2539/4645 1008/2540/4646 1006/2541/4647
f 1004/2539/4648 1010/2542/4649 1008/2540/4650
f 1009/2543/4651 1005/2544/4652 1007/2545/4653
f 1009/2543/4654 1003/2546/4655 1005/2544/4656
f 1011/2547/4657 1014/2548/4658 1013/2549/4659
f 1011/2547/4660 1012/2550/4661 1014/2548/4662
f 1013/2551/4663 1016/2552/4664 1015/2553/4665
f 1013/2551/4666 1014/2554/4667 1016/2552/4668
f 1015/2555/4669 1018/2556/4670 1017/2557/4671
f 1015/2555/4672 1016/2558/4673 1018/2556/4674
f 1017/2559/4675 1012/2560/4676 1011/2561/4677
f 1017/2559/4678 1018/2562/4679 1012/2560/4680
f 1012/2563/4681 1016/2564/4682 1014/2565/4683
f 1012/2563/4684 1018/2566/4685 1016/2564/4686
f 1017/2567/4687 1013/2568/4688 1015/2569/4689
f 1017/2567/4690 1011/2570/4691 1013/2568/4692
f 1019/2571/4693 1022/2572/4694 1021/2573/4695
f 1019/2571/4696 1020/2574/4697 1022/2572/4698
f 1021/2575/4699 1024/2576/4700 1023/2577/4701
f 1021/2575/4702 1022/2578/4703 1024/2576/4704
f 1023/2579/4705 1026/2580/4706 1025/2581/4707
f 1023/2579/4708 1024/2582/4709 1026/2580/4710
f 1025/2583/4711 1020/2584/4712 1019/2585/4713
f 1025/2583/4714 1026/2586/4715 1020/2584/4716
f 1020/2587/4717 1024/2588/4718 1022/2589/4719
f 1020/2587/4720 1026/2590/4721 1024/2588/4722
f 1025/2591/4723 1021/2592/4724 1023/2593/4725
f 1025/2591/4726 1019/2594/4727 1021/2592/4728
f 1027/2595/4729 1030/2596/4730 1029/2597/4731
f 1027/2595/4732 1028/2598/4733 1030/2596/4734
f 1029/2599/4735 1032/2600/4736 1031/2601/4737
f 1029/2599/4738 1030/2602/4739 1032/2600/4740
f 1031/2603/4741 1034/2604/4742 1033/2605/4743
f 1031/2603/4744 1032/2606/4745 1034/2604/4746
f 1033/2607/4747 1028/2608/4748 1027/2609/4749
f 1033/2607/4750 1034/2610/4751 1028/2608/4752
f 1028/2611/4753 1032/2612/4754 1030/2613/4755
f 1028/2611/4756 1034/2614/4757 1032/2612/4758
f 1033/2615/4759 1029/2616/4760 1031/2617/4761
f 1033/2615/4762 1027/2618/4763 1029/2616/4764
f 1035/2619/4765 1038/2620/4766 1037/2621/4767
f 1035/2619/4768 1036/2622/4769 1038/2620/4770
f 1037/2623/4771 1040/2624/4772 1039/2625/4773
f 1037/2623/4774 1038/2626/4775 1040/2624/4776
f 1039/2627/4777 1042/2628/4778 1041/2629/4779
f 1039/2627/4780 1040/2630/4781 1042/2628/4782
f 1041/2631/4783 1036/2632/4784 1035/2633/4785
f 1041/2631/4786 1042/2634/4787 1036/2632/4788
f 1036/2635/4789 1040/2636/4790 1038/2637/4791
f 1036/2635/4792 1042/2638/4793 1040/2636/4794
f 1041/2639/4795 1037/2640/4796 1039/2641/4797
f 1041/2639/4798 1035/2642/4799 1037/2640/4800
f 1043/2643/4801 1046/2644/4802 1045/2645/4803
f 1043/2643/4804 1044/2646/4805 1046/2644/4806
f 1045/2647/4807 1048/2648/4808 1047/2649/4809
f 1045/2647/4810 1046/2650/4811 1048/2648/4812
f 1047/2651/4813 1050/2652/4814 1049/2653/4815
f 1047/2651/4816 1048/2654/4817 1050/2652/4818
f 1049/2655/4819 1044/2656/4820 1043/2657/4821
f 1049/2655/4822 1050/2658/4823 1044/2656/4824
f 1044/2659/4825 1048/2660/4826 1046/2661/4827
f 1044/2659/4828 1050/2662/4829 1048/2660/4830
f 1049/2663/4831 1045/2664/4832 1047/2665/4833
f 1049/2663/4834 1043/2666/4835 1045/2664/4836
f 1051/2667/4837 1054/2668/4838 1053/2669/4839
f 1051/2667/4840 1052/2670/4841 1054/2668/4842
f 1053/2671/4843 1056/2672/4844 1055/2673/4845
f 1053/2671/4846 1054/2674/4847 1056/2672/4848
f 1055/2675/4849 1058/2676/4850 1057/2677/4851
f 1055/2675/4852 1056/2678/4853 1058/2676/4854
f 1057/2679/4855 1052/2680/4856 1051/2681/4857
f 1057/2679/4858 1058/2682/4859 1052/2680/4860
f 1052/2683/4861 1056/2684/4862 1054/2685/4863
f 1052/2683/4864 1058/2686/4865 1056/2684/4866
f 1057/2687/4867 1053/2688/4868 1055/2689/4869
f 1057/2687/4870 1051/2690/4871 1053/2688/4872
f 1059/2691/4873 1062/2692/4874 1061/2693/4875
f 1059/2691/4876 1060/2694/4877 1062/2692/4878
f 1061/2695/4879 1064/2696/4880 1063/2697/4881
f 1061/2695/4882 1062/2698/4883 1064/2696/4884
f 1063/2699/4885 1066/2700/4886 1065/2701/4887
f 1063/2699/4888 1064/2702/4889 1066/2700/4890
f 1065/2703/4891 1060/2704/4892 1059/2705/4893
f 1065/2703/4894 1066/2706/4895 1060/2704/4896
f 1060/2707/4897 1064/2708/4898 1062/2709/4899
f 1060/2707/4900 1066/2710/4901 1064/2708/4902
f 1065/2711/4903 1061/2712/4904 1063/2713/4905
f 1065/2711/4906 1059/2714/4907 1061/2712/4908
f 1067/2715/4909 1070/2716/4910 1069/2717/4911
f 1067/2715/4912 1068/2718/4913 1070/2716/4914
f 1069/2719/4915 1072/2720/4916 1071/2721/4917
f 1069/2719/4918 1070/2722/4919 1072/2720/4920
f 1071/2723/4921 1074/2724/4922 1073/2725/4923
f 1071/2723/4924 1072/2726/4925 1074/2724/4926
f 1073/2727/4927 1068/2728/4928 1067/2729/4929
f 1073/2727/4930 1074/2730/4931 1068/2728/4932
f 1068/2731/4933 1072/2732/4934 1070/2733/4935
f 1068/2731/4936 1074/2734/4937 1072/2732/4938
f 1073/2735/4939 1069/2736/4940 1071/2737/4941
f 1073/2735/4942 1067/2738/4943 1069/2736/4944
f 1075/2739/4945 1078/2740/4946 1077/2741/4947
f 1075/2739/4948 1076/2742/4949 1078/2740/4950
f 1077/2743/4951 1080/2744/4952 1079/2745/4953
f 1077/2743/4954 1078/2746/4955 1080/2744/4956
f 1079/2747/4957 1082/2748/4958 1081/2749/4959
f 1079/2747/4960 1080/2750/4961 1082/2748/4962
f 1081/2751/4963 1076/2752/4964 1075/2753/4965
f 1081/2751/4966 1082/2754/4967 1076/2752/4968
f 1076/2755/4969 1080/2756/4970 1078/2757/4971
f 1076/2755/4972 1082/2758/4973 1080/2756/4974
f 1081/2759/4975 1077/2760/4976 1079/2761/4977
f 1081/2759/4978 1075/2762/4979 1077/2760/4980
f 1083/2763/4981 1086/2764/4982 1085/2765/4983
f 1083/2763/4984 1084/2766/4985 1086/2764/4986
f 1085/2767/4987 1088/2768/4988 1087/2769/4989
f 1085/2767/4990 1086/2770/4991 1088/2768/4992
f 1087/2771/4993 1090/2772/4994 1089/2773/4995
f 1087/2771/4996 1088/2774/4997 1090/2772/4998
f 1089/2775/4999 1084/2776/5000 1083/2777/5001
f 1089/2775/5002 1090/2778/5003 1084/2776/5004
f 1084/2779/5005 1088/2780/5006 1086/2781/5007
f 1084/2779/5008 1090/2782/5009 1088/2780/5010
f 1089/2783/5011 1085/2784/5012 1087/2785/5013
f 1089/2783/5014 1083/2786/5015 1085/2784/5016
f 1091/2787/5017 1094/2788/5018 1093/2789/5019
f 1091/2787/5020 1092/2790/5021 1094/2788/5022
f 1093/2791/5023 1096/2792/5024 1095/2793/5025
f 1093/2791/5026 1094/2794/5027 1096/2792/5028
f 1095/2795/5029 1098/2796/5030 1097/2797/5031
f 1095/2795/5032 1096/2798/5033 1098/2796/5034
f 1097/2799/5035 1092/2800/5036 1091/2801/5037
f 1097/2799/5038 1098/2802/5039 1092/2800/5040
f 1092/2803/5041 1096/2804/5042 1094/2805/5043
f 1092/2803/5044 1098/2806/5045 1096/2804/5046
f 1097/2807/5047 1093/2808/5048 1095/2809/5049
f 1097/2807/5050 1091/2810/5051 1093/2808/5052
f 1099/2811/5053 1102/2812/5054 1101/2813/5055
f 1099/2811/5056 1100/2814/5057 1102/2812/5058
f 1101/2815/5059 1104/2816/5060 1103/2817/5061
f 1101/2815/5062 1102/2818/5063 1104/2816/5064
f 1103/2819/5065 1106/2820/5066 1105/2821/5067
f 1103/2819/5068 1104/2822/5069 1106/2820/5070
f 1105/2823/5071 1100/2824/5072 1099/2825/5073
f 1105/2823/5074 1106/2826/5075 1100/2824/5076
f 1100/2827/5077 1104/2828/5078 1102/2829/5079
f 1100/2827/5080 1106/2830/5081 1104/2828/5082
f 1105/2831/5083 1101/2832/5084 1103/2833/5085
f 1105/2831/5086 1099/2834/5087 1101/2832/5088
f 1107/2835/5089 1110/2836/5090 1109/2837/5091
f 1107/2835/5092 1108/2838/5093 1110/2836/5094
f 1109/2839/5095 1112/2840/5096 1111/2841/5097
f 1109/2839/5098 1110/2842/5099 1112/2840/5100
f 1111/2843/5101 1114/2844/5102 1113/2845/5103
f 1111/2843/5104 1112/2846/5105 1114/2844/5106
f 1113/2847/5107 1108/2848/5108 1107/2849/5109
f 1113/2847/5110 1114/2850/5111 1108/2848/5112
f 1108/2851/5113 1112/2852/5114 1110/2853/5115
f 1108/2851/5116 1114/2854/5117 1112/2852/5118
f 1113/2855/5119 1109/2856/5120 1111/2857/5121
f 1113/2855/5122 1107/2858/5123 1109/2856/5124
f 1115/2859/5125 1118/2860/5126 1117/2861/5127
f 1115/2859/5128 1116/2862/5129 1118/2860/5130
f 1117/2863/5131 1120/2864/5132 1119/2865/5133
f 1117/2863/5134 1118/2866/5135 1120/2864/5136
f 1119/2867/5137 1122/2868/5138 1121/2869/5139
f 1119/2867/5140 1120/2870/5141 1122/2868/5142
f 1121/2871/5143 1116/2872/5144 1115/2873/5145
f 1121/2871/5146 1122/2874/5147 1116/2872/5148
f 1116/2875/5149 1120/2876/5150 1118/2877/5151
f 1116/2875/5152 1122/2878/5153 1120/2876/5154
f 1121/2879/5155 1117/2880/5156 1119/2881/5157
f 1121/2879/5158 1115/2882/5159 1117/2880/5160
f 1123/2883/5161 1126/2884/5162 1125/2885/5163
f 1123/2883/5164 1124/2886/5165 1126/2884/5166
f 1125/2887/5167 1128/2888/5168 1127/2889/5169
f 1125/2887/5170 1126/2890/5171 1128/2888/5172
f 1127/2891/5173 1130/2892/5174 1129/2893/5175
f 1127/2891/5176 1128/2894/5177 1130/2892/5178
f 1129/2895/5179 1124/2896/5180 1123/2897/5181
f 1129/2895/5182 1130/2898/5183 1124/2896/5184
f 1124/2899/5185 1128/2900/5186 1126/2901/5187
f 1124/2899/5188 1130/2902/5189 1128/2900/5190
f 1129/2903/5191 1125/2904/5192 1127/2905/5193
f 1129/2903/5194 1123/2906/5195 1125/2904/5196
f 1131/2907/5197 1134/2908/5198 1133/2909/5199
f 1131/2907/5200 1132/2910/5201 1134/2908/5202
f 1133/2911/5203 1136/2912/5204 1135/2913/5205
f 1133/2911/5206 1134/2914/5207 1136/2912/5208
f 1135/2915/5209 1138/2916/5210 1137/2917/5211
f 1135/2915/5212 1136/2918/5213 1138/2916/5214
f 1137/2919/5215 1132/2920/5216 1131/2921/5217
f 1137/2919/5218 1138/2922/5219 1132/2920/5220
f 1132/2923/5221 1136/2924/5222 1134/2925/5223
f 1132/2923/5224 1138/2926/5225 1136/2924/5226
f 1137/2927/5227 1133/2928/5228 1135/2929/5229
f 1137/2927/5230 1131/2930/5231 1133/2928/5232
f 1139/2931/5233 1142/2932/5234 1141/2933/5235
f 1139/2931/5236 1140/2934/5237 1142/2932/5238
f 1141/2935/5239 1144/2936/5240 1143/2937/5241
f 1141/2935/5242 1142/2938/5243 1144/2936/5244
f 1143/2939/5245 1146/2940/5246 1145/2941/5247
f 1143/2939/5248 1144/2942/5249 1146/2940/5250
f 1145/2943/5251 1140/2944/5252 1139/2945/5253
f 1145/2943/5254 1146/2946/5255 1140/2944/5256
f 1140/2947/5257 1144/2948/5258 1142/2949/5259
f 1140/2947/5260 1146/2950/5261 1144/2948/5262
f 1145/2951/5263 1141/2952/5264 1143/2953/5265
f 1145/2951/5266 1139/2954/5267 1141/2952/5268
f 1147/2955/5269 1150/2956/5270 1149/2957/5271
f 1147/2955/5272 1148/2958/5273 1150/2956/5274
f 1149/2959/5275 1152/2960/5276 1151/2961/5277
f 1149/2959/5278 1150/2962/5279 1152/2960/5280
f 1151/2963/5281 1154/2964/5282 1153/2965/5283
f 1151/2963/5284 1152/2966/5285 1154/2964/5286
f 1153/2967/5287 1148/2968/5288 1147/2969/5289
f 1153/2967/5290 1154/2970/5291 1148/2968/5292
f 1148/2971/5293 1152/2972/5294 1150/2973/5295
f 1148/2971/5296 1154/2974/5297 1152/2972/5298
f 1153/2975/5299 1149/2976/5300 1151/2977/5301
f 1153/2975/5302 1147/2978/5303 1149/2976/5304
f 1155/2979/5305 1158/2980/5306 1157/2981/5307
f 1155/2979/5308 1156/2982/5309 1158/2980/5310
f 1157/2983/5311 1160/2984/5312 1159/2985/5313
f 1157/2983/5314 1158/2986/5315 1160/2984/5316
f 1159/2987/5317 1162/2988/5318 1161/2989/5319
f 1159/2987/5320 1160/2990/5321 1162/2988/5322
f 1161/2991/5323 1156/2992/5324 1155/2993/5325
f 1161/2991/5326 1162/2994/5327 1156/2992/5328
f 1156/2995/5329 1160/2996/5330 1158/2997/5331
f 1156/2995/5332 1162/2998/5333 1160/2996/5334
f 1161/2999/5335 1157/3000/5336 1159/3001/5337
f 1161/2999/5338 1155/3002/5339 1157/3000/5340
f 1163/3003/5341 1166/3004/5342 1165/3005/5343
f 1163/3003/5344 1164/3006/5345 1166/3004/5346
f 1165/3007/5347 1168/3008/5348 1167/3009/5349
f 1165/3007/5350 1166/3010/5351 1168/3008/5352
f 1167/3011/5353 1170/3012/5354 1169/3013/5355
f 1167/3011/5356 1168/3014/5357 1170/3012/5358
f 1169/3015/5359 1164/3016/5360 1163/3017/5361
f 1169/3015/5362 1170/3018/5363 1164/3016/5364
f 1164/3019/5365 1168/3020/5366 1166/3021/5367
f 1164/3019/5368 1170/3022/5369 1168/3020/5370
f 1169/3023/5371 1165/3024/5372 1167/3025/5373
f 1169/3023/5374 1163/3026/5375 1165/3024/5376
f 1171/3027/5377 1174/3028/5378 1173/3029/5379
f 1171/3027/5380 1172/3030/5381 1174/3028/5382
f 1173/3031/5383 1176/3032/5384 1175/3033/5385
f 1173/3031/5386 1174/3034/5387 1176/3032/5388
f 1175/3035/5389 1178/3036/5390 1177/3037/5391
f 1175/3035/5392 1176/3038/5393 1178/3036/5394
f 1177/3039/5395 1172/3040/5396 1171/3041/5397
f 1177/3039/5398 1178/3042/5399 1172/3040/5400
f 1172/3043/5401 1176/3044/5402 1174/3045/5403
f 1172/3043/5404 1178/3046/5405 1176/3044/5406
f 1177/3047/5407 1173/3048/5408 1175/3049/5409
f 1177/3047/5410 1171/3050/5411 1173/3048/5412
f 1179/3051/5413 1182/3052/5414 1181/3053/5415
f 1179/3051/5416 1180/3054/5417 1182/3052/5418
f 1181/3055/5419 1184/3056/5420 1183/3057/5421
f 1181/3055/5422 1182/3058/5423 1184/3056/5424
f 1183/3059/5425 1186/3060/5426 1185/3061/5427
f 1183/3059/5428 1184/3062/5429 1186/3060/5430
f 1185/3063/5431 1180/3064/5432 1179/3065/5433
f 1185/3063/5434 1186/3066/5435 1180/3064/5436
f 1180/3067/5437 1184/3068/5438 1182/3069/5439
f 1180/3067/5440 1186/3070/5441 1184/3068/5442
f 1185/3071/5443 1181/3072/5444 1183/3073/5445
f 1185/3071/5446 1179/3074/5447 1181/3072/5448
f 1187/3075/5449 1190/3076/5450 1189/3077/5451
f 1187/3075/5452 1188/3078/5453 1190/3076/5454
f 1189/3079/5455 1192/3080/5456 1191/3081/5457
f 1189/3079/5458 1190/3082/5459 1192/3080/5460
f 1191/3083/5461 1194/3084/5462 1193/3085/5463
f 1191/3083/5464 1192/3086/5465 1194/3084/5466
f 1193/3087/5467 1188/3088/5468 1187/3089/5469
f 1193/3087/5470 1194/3090/5471 1188/3088/5472
f 1188/3091/5473 1192/3092/5474 1190/3093/5475
f 1188/3091/5476 1194/3094/5477 1192/3092/5478
f 1193/3095/5479 1189/3096/5480 1191/3097/5481
f 1193/3095/5482 1187/3098/5483 1189/3096/5484
f 1195/3099/5485 1198/3100/5486 1197/3101/5487
f 1195/3099/5488 1196/3102/5489 1198/3100/5490
f 1197/3103/5491 1200/3104/5492 1199/3105/5493
f 1197/3103/5494 1198/3106/5495 1200/3104/5496
f 1199/3107/5497 1202/3108/5498 1201/3109/5499
f 1199/3107/5500 1200/3110/5501 1202/3108/5502
f 1201/3111/5503 1196/3112/5504 1195/3113/5505
f 1201/3111/5506 1202/3114/5507 1196/3112/5508
f 1196/3115/5509 1200/3116/5510 1198/3117/5511
f 1196/3115/5512 1202/3118/5513 1200/3116/5514
f 1201/3119/5515 1197/3120/5516 1199/3121/5517
f 1201/3119/5518 1195/3122/5519 1197/3120/5520
f 1203/3123/5521 1206/3124/5522 1205/3125/5523
f 1203/3123/5524 1204/3126/5525 1206/3124/5526
f 1205/3127/5527 1208/3128/5528 1207/3129/5529
f 1205/3127/5530 1206/3130/5531 1208/3128/5532
f 1207/3131/5533 1210/3132/5534 1209/3133/5535
f 1207/3131/5536 1208/3134/5537 1210/3132/5538
f 1209/3135/5539 1204/3136/5540 1203/3137/5541
f 1209/3135/5542 1210/3138/5543 1204/3136/5544
f 1204/3139/5545 1208/3140/5546 1206/3141/5547
f 1204/3139/5548 1210/3142/5549 1208/3140/5550
f 1209/3143/5551 1205/3144/5552 1207/3145/5553
f 1209/3143/5554 1203/3146/5555 1205/3144/5556
f 1211/3147/5557 1214/3148/5558 1213/3149/5559
f 1211/3147/5560 1212/3150/5561 1214/3148/5562
f 1213/3151/5563 1216/3152/5564 1215/3153/5565
f 1213/3151/5566 1214/3154/5567 1216/3152/5568
f 1215/3155/5569 1218/3156/5570 1217/3157/5571
f 1215/3155/5572 1216/3158/5573 1218/3156/5574
f 1217/3159/5575 1212/3160/5576 1211/3161/5577
f 1217/3159/5578 1218/3162/5579 1212/3160/5580
f 1212/3163/5581 1216/3164/5582 1214/3165/5583
f 1212/3163/5584 1218/3166/5585 1216/3164/5586
f 1217/3167/5587 1213/3168/5588 1215/3169/5589
f 1217/3167/5590 1211/3170/5591 1213/3168/5592
f 1219/3171/5593 1222/3172/5594 1221/3173/5595
f 1219/3171/5596 1220/3174/5597 1222/3172/5598
f 1221/3175/5599 1224/3176/5600 1223/3177/5601
f 1221/3175/5602 1222/3178/5603 1224/3176/5604
f 1223/3179/5605 1226/3180/5606 1225/3181/5607
f 1223/3179/5608 1224/3182/5609 1226/3180/5610
f 1225/3183/5611 1220/3184/5612 1219/3185/5613
f 1225/3183/5614 1226/3186/5615 1220/3184/5616
f 1220/3187/5617 1224/3188/5618 1222/3189/5619
f 1220/3187/5620 1226/3190/5621 1224/3188/5622
f 1225/3191/5623 1221/3192/5624 1223/3193/5625
f 1225/3191/5626 1219/3194/5627 1221/3192/5628
f 1227/3195/5629 1230/3196/5630 1229/3197/5631
f 1227/3195/5632 1228/3198/5633 1230/3196/5634
f 1229/3199/5635 1232/3200/5636 1231/3201/5637
f 1229/3199/5638 1230/3202/5639 1232/3200/5640
f 1231/3203/5641 1234/3204/5642 1233/3205/5643
f 1231/3203/5644 1232/3206/5645 1234/3204/5646
f 1233/3207/5647 1228/3208/5648 1227/3209/5649
f 1233/3207/5650 1234/3210/5651 1228/3208/5652
f 1228/3211/5653 1232/3212/5654 1230/3213/5655
f 1228/3211/5656 1234/3214/5657 1232/3212/5658
f 1233/3215/5659 1229/3216/5660 1231/3217/5661
f 1233/3215/5662 1227/3218/5663 1229/3216/5664
f 1235/3219/5665 1238/3220/5666 1237/3221/5667
f 1235/3219/5668 1236/3222/5669 1238/3220/5670
f 1237/3223/5671 1240/3224/5672 1239/3225/5673
f 1237/3223/5674 1238/3226/5675 1240/3224/5676
f 1239/3227/5677 1242/3228/5678 1241/3229/5679
f 1239/3227/5680 1240/3230/5681 1242/3228/5682
f 1241/3231/5683 1236/3232/5684 1235/3233/5685
f 1241/3231/5686 1242/3234/5687 1236/3232/5688
f 1236/3235/5689 1240/3236/5690 1238/3237/5691
f 1236/3235/5692 1242/3238/5693 1240/3236/5694
f 1241/3239/5695 1237/3240/5696 1239/3241/5697
f 1241/3239/5698 1235/3242/5699 1237/3240/5700
f 1243/3243/5701 1246/3244/5702 1245/3245/5703
f 1243/3243/5704 1244/3246/5705 1246/3244/5706
f 1245/3247/5707 1248/3248/5708 1247/3249/5709
f 1245/3247/5710 1246/3250/5711 1248/3248/5712
f 1247/3251/5713 1250/3252/5714 1249/3253/5715
f 1247/3251/5716 1248/3254/5717 1250/3252/5718
f 1249/3255/5719 1244/3256/5720 1243/3257/5721
f 1249/3255/5722 1250/3258/5723 1244/3256/5724
f 1244/3259/5725 1248/3260/5726 1246/3261/5727
f 1244/3259/5728 1250/3262/5729 1248/3260/5730
f 1249/3263/5731 1245/3264/5732 1247/3265/5733
f 1249/3263/5734 1243/3266/5735 1245/3264/5736
f 1251/3267/5737 1254/3268/5738 1253/3269/5739
f 1251/3267/5740 1252/3270/5741 1254/3268/5742
f 1253/3271/5743 1256/3272/5744 1255/3273/5745
f 1253/3271/5746 1254/3274/5747 1256/3272/5748
f 1255/3275/5749 1258/3276/5750 1257/3277/5751
f 1255/3275/5752 1256/3278/5753 1258/3276/5754
f 1257/3279/5755 1252/3280/5756 1251/3281/5757
f 1257/3279/5758 1258/3282/5759 1252/3280/5760
f 1252/3283/5761 1256/3284/5762 1254/3285/5763
f 1252/3283/5764 1258/3286/5765 1256/3284/5766
f 1257/3287/5767 1253/3288/5768 1255/3289/5769
f 1257/3287/5770 1251/3290/5771 1253/3288/5772
f 1259/3291/5773 1262/3292/5774 1261/3293/5775
f 1259/3291/5776 1260/3294/5777 1262/3292/5778
f 1261/3295/5779 1264/3296/5780 1263/3297/5781
f 1261/3295/5782 1262/3298/5783 1264/3296/5784
f 1263/3299/5785 1266/3300/5786 1265/3301/5787
f 1263/3299/5788 1264/3302/5789 1266/3300/5790
f 1265/3303/5791 1260/3304/5792 1259/3305/5793
f 1265/3303/5794 1266/3306/5795 1260/3304/5796
f 1260/3307/5797 1264/3308/5798 1262/3309/5799
f 1260/3307/5800 1266/3310/5801 1264/3308/5802
f 1265/3311/5803 1261/3312/5804 1263/3313/5805
f 1265/3311/5806 1259/3314/5807 1261/3312/5808
f 1267/3315/5809 1270/3316/5810 1269/3317/5811
f 1267/3315/5812 1268/3318/5813 1270/3316/5814
f 1269/3319/5815 1272/3320/5816 1271/3321/5817
f 1269/3319/5818 1270/3322/5819 1272/3320/5820
f 1271/3323/5821 1274/3324/5822 1273/3325/5823
f 1271/3323/5824 1272/3326/5825 1274/3324/5826
f 1273/3327/5827 1268/3328/5828 1267/3329/5829
f 1273/3327/5830 1274/3330/5831 1268/3328/5832
f 1268/3331/5833 1272/3332/5834 1270/3333/5835
f 1268/3331/5836 1274/3334/5837 1272/3332/5838
f 1273/3335/5839 1269/3336/5840 1271/3337/5841
f 1273/3335/5842 1267/3338/5843 1269/3336/5844
f 1275/3339/5845 1278/3340/5846 1277/3341/5847
f 1275/3339/5848 1276/3342/5849 1278/3340/5850
f 1277/3343/5851 1280/3344/5852 1279/3345/5853
f 1277/3343/5854 1278/3346/5855 1280/3344/5856
f 1279/3347/5857 1282/3348/5858 1281/3349/5859
f 1279/3347/5860 1280/3350/5861 1282/3348/5862
f 1281/3351/5863 1276/3352/5864 1275/3353/5865
f 1281/3351/5866 1282/3354/5867 1276/3352/5868
f 1276/3355/5869 1280/3356/5870 1278/3357/5871
f 1276/3355/5872 1282/3358/5873 1280/3356/5874
f 1281/3359/5875 1277/3360/5876 1279/3361/5877
f 1281/3359/5878 1275/3362/5879 1277/3360/5880
f 1283/3363/5881 1286/3364/5882 1285/3365/5883
f 1283/3363/5884 1284/3366/5885 1286/3364/5886
f 1285/3367/5887 1288/3368/5888 1287/3369/5889
f 1285/3367/5890 1286/3370/5891 1288/3368/5892
f 1287/3371/5893 1290/3372/5894 1289/3373/5895
f 1287/3371/5896 1288/3374/5897 1290/3372/5898
f 1289/3375/5899 1284/3376/5900 1283/3377/5901
f 1289/3375/5902 1290/3378/5903 1284/3376/5904
f 1284/3379/5905 1288/3380/5906 1286/3381/5907
f 1284/3379/5908 1290/3382/5909 1288/3380/5910
f 1289/3383/5911 1285/3384/5912 1287/3385/5913
f 1289/3383/5914 1283/3386/5915 1285/3384/5916
f 1291/3387/5917 1294/3388/5918 1293/3389/5919
f 1291/3387/5920 1292/3390/5921 1294/3388/5922
f 1293/3391/5923 1296/3392/5924 1295/3393/5925
f 1293/3391/5926 1294/3394/5927 1296/3392/5928
f 1295/3395/5929 1298/3396/5930 1297/3397/5931
f 1295/3395/5932 1296/3398/5933 1298/3396/5934
f 1297/3399/5935 1292/3400/5936 1291/3401/5937
f 1297/3399/5938 1298/3402/5939 1292/3400/5940
f 1292/3403/5941 1296/3404/5942 1294/3405/5943
f 1292/3403/5944 1298/3406/5945 1296/3404/5946
f 1297/3407/5947 1293/3408/5948 1295/3409/5949
f 1297/3407/5950 1291/3410/5951 1293/3408/5952
f 1299/3411/5953 1302/3412/5954 1301/3413/5955
f 1299/3411/5956 1300/3414/5957 1302/3412/5958
f 1301/3415/5959 1304/3416/5960 1303/3417/5961
f 1301/3415/5962 1302/3418/5963 1304/3416/5964
f 1303/3419/5965 1306/3420/5966 1305/3421/5967
f 1303/3419/5968 1304/3422/5969 1306/3420/5970
f 1305/3423/5971 1300/3424/5972 1299/3425/5973
f 1305/3423/5974 1306/3426/5975 1300/3424/5976
f 1300/3427/5977 1304/3428/5978 1302/3429/5979
f 1300/3427/5980 1306/3430/5981 1304/3428/5982
f 1305/3431/5983 1301/3432/5984 1303/3433/5985
f 1305/3431/5986 1299/3434/5987 1301/3432/5988
f 1307/3435/5989 1310/3436/5990 1309/3437/5991
f 1307/3435/5992 1308/3438/5993 1310/3436/5994
f 1309/3439/5995 1312/3440/5996 1311/3441/5997
f 1309/3439/5998 1310/3442/5999 1312/3440/6000
f 1311/3443/6001 1314/3444/6002 1313/3445/6003
f 1311/3443/6004 1312/3446/6005 1314/3444/6006
f 1313/3447/6007 1308/3448/6008 1307/3449/6009
f 1313/3447/6010 1314/3450/6011 1308/3448/6012
f 1308/3451/6013 1312/3452/6014 1310/3453/6015
f 1308/3451/6016 1314/3454/6017 1312/3452/6018
f 1313/3455/6019 1309/3456/6020 1311/3457/6021
f 1313/3455/6022 1307/3458/6023 1309/3456/6024
f 1315/3459/6025 1318/3460/6026 1317/3461/6027
f 1315/3459/6028 1316/3462/6029 1318/3460/6030
f 1317/3463/6031 1320/3464/6032 1319/3465/6033
f 1317/3463/6034 1318/3466/6035 1320/3464/6036
f 1319/3467/6037 1322/3468/6038 1321/3469/6039
f 1319/3467/6040 1320/3470/6041 1322/3468/6042
f 1321/3471/6043 1316/3472/6044 1315/3473/6045
f 1321/3471/6046 1322/3474/6047 1316/3472/6048
f 1316/3475/6049 1320/3476/6050 1318/3477/6051
f 1316/3475/6052 1322/3478/6053 1320/3476/6054
f 1321/3479/6055 1317/3480/6056 1319/3481/6057
f 1321/3479/6058 1315/3482/6059 1317/3480/6060
f 1323/3483/6061 1326/3484/6062 1325/3485/6063
f 1323/3483/6064 1324/3486/6065 1326/3484/6066
f 1325/3487/6067 1328/3488/6068 1327/3489/6069
f 1325/3487/6070 1326/3490/6071 1328/3488/6072
f 1327/3491/6073 1330/3492/6074 1329/3493/6075
f 1327/3491/6076 1328/3494/6077 1330/3492/6078
f 1329/3495/6079 1324/3496/6080 1323/3497/6081
f 1329/3495/6082 1330/3498/6083 1324/3496/6084
f 1324/3499/6085 1328/3500/6086 1326/3501/6087
f 1324/3499/6088 1330/3502/6089 1328/3500/6090
f 1329/3503/6091 1325/3504/6092 1327/3505/6093
f 1329/3503/6094 1323/3506/6095 1325/3504/6096
f 1331/3507/6097 1334/3508/6098 1333/3509/6099
f 1331/3507/6100 1332/3510/6101 1334/3508/6102
f 1333/3511/6103 1336/3512/6104 1335/3513/6105
f 1333/3511/6106 1334/3514/6107 1336/3512/6108
f 1335/3515/6109 1338/3516/6110 1337/3517/6111
f 1335/3515/6112 1336/3518/6113 1338/3516/6114
f 1337/3519/6115 1332/3520/6116 1331/3521/6117
f 1337/3519/6118 1338/3522/6119 1332/3520/6120
f 1332/3523/6121 1336/3524/6122 1334/3525/6123
f 1332/3523/6124 1338/3526/6125 1336/3524/6126
f 1337/3527/6127 1333/3528/6128 1335/3529/6129
f 1337/3527/6130 1331/3530/6131 1333/3528/6132
f 1339/3531/6133 1342/3532/6134 1341/3533/6135
f 1339/3531/6136 1340/3534/6137 1342/3532/6138
f 1341/3535/6139 1344/3536/6140 1343/3537/6141
f 1341/3535/6142 1342/3538/6143 1344/3536/6144
f 1343/3539/6145 1346/3540/6146 1345/3541/6147
f 1343/3539/6148 1344/3542/6149 1346/3540/6150
f 1345/3543/6151 1340/3544/6152 1339/3545/6153
f 1345/3543/6154 1346/3546/6155 1340/3544/6156
f 1340/3547/6157 1344/3548/6158 1342/3549/6159
f 1340/3547/6160 1346/3550/6161 1344/3548/6162
f 1345/3551/6163 1341/3552/6164 1343/3553/6165
f 1345/3551/6166 1339/3554/6167 1341/3552/6168
f 1347/3555/6169 1350/3556/6170 1349/3557/6171
f 1347/3555/6172 1348/3558/6173 1350/3556/6174
f 1349/3559/6175 1352/3560/6176 1351/3561/6177
f 1349/3559/6178 1350/3562/6179 1352/3560/6180
f 1351/3563/6181 1354/3564/6182 1353/3565/6183
f 1351/3563/6184 1352/3566/6185 1354/3564/6186
f 1353/3567/6187 1348/3568/6188 1347/3569/6189
f 1353/3567/6190 1354/3570/6191 1348/3568/6192
f 1348/3571/6193 1352/3572/6194 1350/3573/6195
f 1348/3571/6196 1354/3574/6197 1352/3572/6198
f 1353/3575/6199 1349/3576/6200 1351/3577/6201
f 1353/3575/6202 1347/3578/6203 1349/3576/6204
f 1355/3579/6205 1358/3580/6206 1357/3581/6207
f 1355/3579/6208 1356/3582/6209 1358/3580/6210
f 1357/3583/6211 1360/3584/6212 1359/3585/6213
f 1357/3583/6214 1358/3586/6215 1360/3584/6216
f 1359/3587/6217 1362/3588/6218 1361/3589/6219
f 1359/3587/6220 1360/3590/6221 1362/3588/6222
f 1361/3591/6223 1356/3592/6224 1355/3593/6225
f 1361/3591/6226 1362/3594/6227 1356/3592/6228
f 1356/3595/6229 1360/3596/6230 1358/3597/6231
f 1356/3595/6232 1362/3598/6233 1360/3596/6234
f 1361/3599/6235 1357/3600/6236 1359/3601/6237
f 1361/3599/6238 1355/3602/6239 1357/3600/6240
f 1363/3603/6241 1366/3604/6242 1365/3605/6243
f 1363/3603/6244 1364/3606/6245 1366/3604/6246
f 1365/3607/6247 1368/3608/6248 1367/3609/6249
f 1365/3607/6250 1366/3610/6251 1368/3608/6252
f 1367/3611/6253 1370/3612/6254 1369/3613/6255
f 1367/3611/6256 1368/3614/6257 1370/3612/6258
f 1369/3615/6259 1364/3616/6260 1363/3617/6261
f 1369/3615/6262 1370/3618/6263 1364/3616/6264
f 1364/3619/6265 1368/3620/6266 1366/3621/6267
f 1364/3619/6268 1370/3622/6269 1368/3620/6270
f 1369/3623/6271 1365/3624/6272 1367/3625/6273
f 1369/3623/6274 1363/3626/6275 1365/3624/6276
f 1371/3627/6277 1374/3628/6278 1373/3629/6279
f 1371/3627/6280 1372/3630/6281 1374/3628/6282
f 1373/3631/6283 1376/3632/6284 1375/3633/6285
f 1373/3631/6286 1374/3634/6287 1376/3632/6288
f 1375/3635/6289 1378/3636/6290 1377/3637/6291
f 1375/3635/6292 1376/3638/6293 1378/3636/6294
f 1377/3639/6295 1372/3640/6296 1371/3641/6297
f 1377/3639/6298 1378/3642/6299 1372/3640/6300
f 1372/3643/6301 1376/3644/6302 1374/3645/6303
f 1372/3643/6304 1378/3646/6305 1376/3644/6306
f 1377/3647/6307 1373/3648/6308 1375/3649/6309
f 1377/3647/6310 1371/3650/6311 1373/3648/6312
f 1379/3651/6313 1382/3652/6314 1381/3653/6315
f 1379/3651/6316 1380/3654/6317 1382/3652/6318
f 1381/3655/6319 1384/3656/6320 1383/3657/6321
f 1381/3655/6322 1382/3658/6323 1384/3656/6324
f 1383/3659/6325 1386/3660/6326 1385/3661/6327
f 1383/3659/6328 1384/3662/6329 1386/3660/6330
f 1385/3663/6331 1380/3664/6332 1379/3665/6333
f 1385/3663/6334 1386/3666/6335 1380/3664/6336
f 1380/3667/6337 1384/3668/6338 1382/3669/6339
f 1380/3667/6340 1386/3670/6341 1384/3668/6342
f 1385/3671/6343 1381/3672/6344 1383/3673/6345
f 1385/3671/6346 1379/3674/6347 1381/3672/6348
f 1387/3675/6349 1390/3676/6350 1389/3677/6351
f 1387/3675/6352 1388/3678/6353 1390/3676/6354
f 1389/3679/6355 1392/3680/6356 1391/3681/6357
f 1389/3679/6358 1390/3682/6359 1392/3680/6360
f 1391/3683/6361 1394/3684/6362 1393/3685/6363
f 1391/3683/6364 1392/3686/6365 1394/3684/6366
f 1393/3687/6367 1388/3688/6368 1387/3689/6369
f 1393/3687/6370 1394/3690/6371 1388/3688/6372
f 1388/3691/6373 1392/3692/6374 1390/3693/6375
f 1388/3691/6376 1394/3694/6377 1392/3692/6378
f 1393/3695/6379 1389/3696/6380 1391/3697/6381
f 1393/3695/6382 1387/3698/6383 1389/3696/6384
f 1395/3699/6385 1398/3700/6386 1397/3701/6387
f 1395/3699/6388 1396/3702/6389 1398/3700/6390
f 1397/3703/6391 1400/3704/6392 1399/3705/6393
f 1397/3703/6394 1398/3706/6395 1400/3704/6396
f 1399/3707/6397 1402/3708/6398 1401/3709/6399
f 1399/3707/6400 1400/3710/6401 1402/3708/6402
f 1401/3711/6403 1396/3712/6404 1395/3713/6405
f 1401/3711/6406 1402/3714/6407 1396/3712/6408
f 1396/3715/6409 1400/3716/6410 1398/3717/6411
f 1396/3715/6412 1402/3718/6413 1400/3716/6414
f 1401/3719/6415 1397/3720/6416 1399/3721/6417
f 1401/3719/6418 1395/3722/6419 1397/3720/6420
f 1403/3723/6421 1406/3724/6422 1405/3725/6423
f 1403/3723/6424 1404/3726/6425 1406/3724/6426
f 1405/3727/6427 1408/3728/6428 1407/3729/6429
f 1405/3727/6430 1406/3730/6431 1408/3728/6432
f 1407/3731/6433 1410/3732/6434 1409/3733/6435
f 1407/3731/6436 1408/3734/6437 1410/3732/6438
f 1409/3735/6439 1404/3736/6440 1403/3737/6441
f 1409/3735/6442 1410/3738/6443 1404/3736/6444
f 1404/3739/6445 1408/3740/6446 1406/3741/6447
f 1404/3739/6448 1410/3742/6449 1408/3740/6450
f 1409/3743/6451 1405/3744/6452 1407/3745/6453
f 1409/3743/6454 1403/3746/6455 1405/3744/6456
f 1411/3747/6457 1414/3748/6458 1413/3749/6459
f 1411/3747/6460 1412/3750/6461 1414/3748/6462
f 1413/3751/6463 1416/3752/6464 1415/3753/6465
f 1413/3751/6466 1414/3754/6467 1416/3752/6468
f 1415/3755/6469 1418/3756/6470 1417/3757/6471
f 1415/3755/6472 1416/3758/6473 1418/3756/6474
f 1417/3759/6475 1412/3760/6476 1411/3761/6477
f 1417/3759/6478 1418/3762/6479 1412/3760/6480
f 1412/3763/6481 1416/3764/6482 1414/3765/6483
f 1412/3763/6484 1418/3766/6485 1416/3764/6486
f 1417/3767/6487 1413/3768/6488 1415/3769/6489
f 1417/3767/6490 1411/3770/6491 1413/3768/6492
f 1419/3771/6493 1422/3772/6494 1421/3773/6495
f 1419/3771/6496 1420/3774/6497 1422/3772/6498
f 1421/3775/6499 1424/3776/6500 1423/3777/6501
f 1421/3775/6502 1422/3778/6503 1424/3776/6504
f 1423/3779/6505 1426/3780/6506 1425/3781/6507
f 1423/3779/6508 1424/3782/6509 1426/3780/6510
f 1425/3783/6511 1420/3784/6512 1419/3785/6513
f 1425/3783/6514 1426/3786/6515 1420/3784/6516
f 1420/3787/6517 1424/3788/6518 1422/3789/6519
f 1420/3787/6520 1426/3790/6521 1424/3788/6522
f 1425/3791/6523 1421/3792/6524 1423/3793/6525
f 1425/3791/6526 1419/3794/6527 1421/3792/6528
f 1427/3795/6529 1430/3796/6530 1429/3797/6531
f 1427/3795/6532 1428/3798/6533 1430/3796/6534
f 1429/3799/6535 1432/3800/6536 1431/3801/6537
f 1429/3799/6538 1430/3802/6539 1432/3800/6540
f 1431/3803/6541 1434/3804/6542 1433/3805/6543
f 1431/3803/6544 1432/3806/6545 1434/3804/6546
f 1433/3807/6547 1428/3808/6548 1427/3809/6549
f 1433/3807/6550 1434/3810/6551 1428/3808/6552
f 1428/3811/6553 1432/3812/6554 1430/3813/6555
f 1428/3811/6556 1434/3814/6557 1432/3812/6558
f 1433/3815/6559 1429/3816/6560 1431/3817/6561
f 1433/3815/6562 1427/3818/6563 1429/3816/6564
f 1435/3819/6565 1438/3820/6566 1437/3821/6567
f 1435/3819/6568 1436/3822/6569 1438/3820/6570
f 1437/3823/6571 1440/3824/6572 1439/3825/6573
f 1437/3823/6574 1438/3826/6575 1440/3824/6576
f 1439/3827/6577 1442/3828/6578 1441/3829/6579
f 1439/3827/6580 1440/3830/6581 1442/3828/6582
f 1441/3831/6583 1436/3832/6584 1435/3833/6585
f 1441/3831/6586 1442/3834/6587 1436/3832/6588
f 1436/3835/6589 1440/3836/6590 1438/3837/6591
f 1436/3835/6592 1442/3838/6593 1440/3836/6594
f 1441/3839/6595 1437/3840/6596 1439/3841/6597
f 1441/3839/6598 1435/3842/6599 1437/3840/6600
f 1443/3843/6601 1446/3844/6602 1445/3845/6603
f 1443/3843/6604 1444/3846/6605 1446/3844/6606
f 1445/3847/6607 1448/3848/6608 1447/3849/6609
f 1445/3847/6610 1446/3850/6611 1448/3848/6612
f 1447/3851/6613 1450/3852/6614 1449/3853/6615
f 1447/3851/6616 1448/3854/6617 1450/3852/6618
f 1449/3855/6619 1444/3856/6620 1443/3857/6621
f 1449/3855/6622 1450/3858/6623 1444/3856/6624
f 1444/3859/6625 1448/3860/6626 1446/3861/6627
f 1444/3859/6628 1450/3862/6629 1448/3860/6630
f 1449/3863/6631 1445/3864/6632 1447/3865/6633
f 1449/3863/6634 1443/3866/6635 1445/3864/6636
f 1451/3867/6637 1454/3868/6638 1453/3869/6639
f 1451/3867/6640 1452/3870/6641 1454/3868/6642
f 1453/3871/6643 1456/3872/6644 1455/3873/6645
f 1453/3871/6646 1454/3874/6647 1456/3872/6648
f 1455/3875/6649 1458/3876/6650 1457/3877/6651
f 1455/3875/6652 1456/3878/6653 1458/3876/6654
f 1457/3879/6655 1452/3880/6656 1451/3881/6657
f 1457/3879/6658 1458/3882/6659 1452/3880/6660
f 1452/3883/6661 1456/3884/6662 1454/3885/6663
f 1452/3883/6664 1458/3886/6665 1456/3884/6666
f 1457/3887/6667 1453/3888/6668 1455/3889/6669
f 1457/3887/6670 1451/3890/6671 1453/3888/6672
f 1459/3891/6673 1462/3892/6674 1461/3893/6675
f 1459/3891/6676 1460/3894/6677 1462/3892/6678
f 1461/3895/6679 1464/3896/6680 1463/3897/6681
f 1461/3895/6682 1462/3898/6683 1464/3896/6684
f 1463/3899/6685 1466/3900/6686 1465/3901/6687
f 1463/3899/6688 1464/3902/6689 1466/3900/6690
f 1465/3903/6691 1460/3904/6692 1459/3905/6693
f 1465/3903/6694 1466/3906/6695 1460/3904/6696
f 1460/3907/6697 1464/3908/6698 1462/3909/6699
f 1460/3907/6700 1466/3910/6701 1464/3908/6702
f 1465/3911/6703 1461/3912/6704 1463/3913/6705
f 1465/3911/6706 1459/3914/6707 1461/3912/6708
f 1467/3915/6709 1470/3916/6710 1469/3917/6711
f 1467/3915/6712 1468/3918/6713 1470/3916/6714
f 1469/3919/6715 1472/3920/6716 1471/3921/6717
f 1469/3919/6718 1470/3922/6719 1472/3920/6720
f 1471/3923/6721 1474/3924/6722 1473/3925/6723
f 1471/3923/6724 1472/3926/6725 1474/3924/6726
f 1473/3927/6727 1468/3928/6728 1467/3929/6729
f 1473/3927/6730 1474/3930/6731 1468/3928/6732
f 1468/3931/6733 1472/3932/6734 1470/3933/6735
f 1468/3931/6736 1474/3934/6737 1472/3932/6738
f 1473/3935/6739 1469/3936/6740 1471/3937/6741
f 1473/3935/6742 1467/3938/6743 1469/3936/6744
f 1475/3939/6745 1478/3940/6746 1477/3941/6747
f 1475/3939/6748 1476/3942/6749 1478/3940/6750
f 1477/3943/6751 1480/3944/6752 1479/3945/6753
f 1477/3943/6754 1478/3946/6755 1480/3944/6756
f 1479/3947/6757 1482/3948/6758 1481/3949/6759
f 1479/3947/6760 1480/3950/6761 1482/3948/6762
f 1481/3951/6763 1476/3952/6764 1475/3953/6765
f 1481/3951/6766 1482/3954/6767 1476/3952/6768
f 1476/3955/6769 1480/3956/6770 1478/3957/6771
f 1476/3955/6772 1482/3958/6773 1480/3956/6774
f 1481/3959/6775 1477/3960/6776 1479/3961/6777
f 1481/3959/6778 1475/3962/6779 1477/3960/6780
f 1483/3963/6781 1486/3964/6782 1485/3965/6783
f 1483/3963/6784 1484/3966/6785 1486/3964/6786
f 1485/3967/6787 1488/3968/6788 1487/3969/6789
f 1485/3967/6790 1486/3970/6791 1488/3968/6792
f 1487/3971/6793 1490/3972/6794 1489/3973/6795
f 1487/3971/6796 1488/3974/6797 1490/3972/6798
f 1489/3975/6799 1484/3976/6800 1483/3977/6801
f 1489/3975/6802 1490/3978/6803 1484/3976/6804
f 1484/3979/6805 1488/3980/6806 1486/3981/6807
f 1484/3979/6808 1490/3982/6809 1488/3980/6810
f 1489/3983/6811 1485/3984/6812 1487/3985/6813
f 1489/3983/6814 1483/3986/6815 1485/3984/6816
f 1491/3987/6817 1494/3988/6818 1493/3989/6819
f 1491/3987/6820 1492/3990/6821 1494/3988/6822
f 1493/3991/6823 1496/3992/6824 1495/3993/6825
f 1493/3991/6826 1494/3994/6827 1496/3992/6828
f 1495/3995/6829 1498/3996/6830 1497/3997/6831
f 1495/3995/6832 1496/3998/6833 1498/3996/6834
f 1497/3999/6835 1492/4000/6836 1491/4001/6837
f 1497/3999/6838 1498/4002/6839 1492/4000/6840
f 1492/4003/6841 1496/4004/6842 1494/4005/6843
f 1492/4003/6844 1498/4006/6845 1496/4004/6846
f 1497/4007/6847 1493/4008/6848 1495/4009/6849
f 1497/4007/6850 1491/4010/6851 1493/4008/6852
f 1499/4011/6853 1502/4012/6854 1501/4013/6855
f 1499/4011/6856 1500/4014/6857 1502/4012/6858
f 1501/4015/6859 1504/4016/6860 1503/4017/6861
f 1501/4015/6862 1502/4018/6863 1504/4016/6864
f 1503/4019/6865 1506/4020/6866 1505/4021/6867
f 1503/4019/6868 1504/4022/6869 1506/4020/6870
f 1505/4023/6871 1500/4024/6872 1499/4025/6873
f 1505/4023/6874 1506/4026/6875 1500/4024/6876
f 1500/4027/6877 1504/4028/6878 1502/4029/6879
f 1500/4027/6880 1506/4030/6881 1504/4028/6882
f 1505/4031/6883 1501/4032/6884 1503/4033/6885
f 1505/4031/6886 1499/4034/6887 1501/4032/6888
f 1507/4035/6889 1510/4036/6890 1509/4037/6891
f 1507/4035/6892 1508/4038/6893 1510/4036/6894
f 1509/4039/6895 1512/4040/6896 1511/4041/6897
f 1509/4039/6898 1510/4042/6899 1512/4040/6900
f 1511/4043/6901 1514/4044/6902 1513/4045/6903
f 1511/4043/6904 1512/4046/6905 1514/4044/6906
f 1513/4047/6907 1508/4048/6908 1507/4049/6909
f 1513/4047/6910 1514/4050/6911 1508/4048/6912
f 1508/4051/6913 1512/4052/6914 1510/4053/6915
f 1508/4051/6916 1514/4054/6917 1512/4052/6918
f 1513/4055/6919 1509/4056/6920 1511/4057/6921
f 1513/4055/6922 1507/4058/6923 1509/4056/6924
f 1515/4059/6925 1518/4060/6926 1517/4061/6927
f 1515/4059/6928 1516/4062/6929 1518/4060/6930
f 1517/4063/6931 1520/4064/6932 1519/4065/6933
f 1517/4063/6934 1518/4066/6935 1520/4064/6936
f 1519/4067/6937 1522/4068/6938 1521/4069/6939
f 1519/4067/6940 1520/4070/6941 1522/4068/6942
f 1521/4071/6943 1516/4072/6944 1515/4073/6945
f 1521/4071/6946 1522/4074/6947 1516/4072/6948
f 1516/4075/6949 1520/4076/6950 1518/4077/6951
f 1516/4075/6952 1522/4078/6953 1520/4076/6954
f 1521/4079/6955 1517/4080/6956 1519/4081/6957
f 1521/4079/6958 1515/4082/6959 1517/4080/6960
f 1523/4083/6961 1526/4084/6962 1525/4085/6963
f 1523/4083/6964 1524/4086/6965 1526/4084/6966
f 1525/4087/6967 1528/4088/6968 1527/4089/6969
f 1525/4087/6970 1526/4090/6971 1528/4088/6972
f 1527/4091/6973 1530/4092/6974 1529/4093/6975
f 1527/4091/6976 1528/4094/6977 1530/4092/6978
f 1529/4095/6979 1524/4096/6980 1523/4097/6981
f 1529/4095/6982 1530/4098/6983 1524/4096/6984
f 1524/4099/6985 1528/4100/6986 1526/4101/6987
f 1524/4099/6988 1530/4102/6989 1528/4100/6990
f 1529/4103/6991 1525/4104/6992 1527/4105/6993
f 1529/4103/6994 1523/4106/6995 1525/4104/6996
f 1531/4107/6997 1534/4108/6998 1533/4109/6999
f 1531/4107/7000 1532/4110/7001 1534/4108/7002
f 1533/4111/7003 1536/4112/7004 1535/4113/7005
f 1533/4111/7006 1534/4114/7007 1536/4112/7008
f 1535/4115/7009 1538/4116/7010 1537/4117/7011
f 1535/4115/7012 1536/4118/7013 1538/4116/7014
f 1537/4119/7015 1532/4120/7016 1531/4121/7017
f 1537/4119/7018 1538/4122/7019 1532/4120/7020
f 1532/4123/7021 1536/4124/7022 1534/4125/7023
f 1532/4123/7024 1538/4126/7025 1536/4124/7026
f 1537/4127/7027 1533/4128/7028 1535/4129/7029
f 1537/4127/7030 1531/4130/7031 1533/4128/7032
f 1539/4131/7033 1542/4132/7034 1541/4133/7035
f 1539/4131/7036 1540/4134/7037 1542/4132/7038
f 1541/4135/7039 1544/4136/7040 1543/4137/7041
f 1541/4135/7042 1542/4138/7043 1544/4136/7044
f 1543/4139/7045 1546/4140/7046 1545/4141/7047
f 1543/4139/7048 1544/4142/7049 1546/4140/7050
f 1545/4143/7051 1540/4144/7052 1539/4145/7053
f 1545/4143/7054 1546/4146/7055 1540/4144/7056
f 1540/4147/7057 1544/4148/7058 1542/4149/7059
f 1540/4147/7060 1546/4150/7061 1544/4148/7062
f 1545/4151/7063 1541/4152/7064 1543/4153/7065
f 1545/4151/7066 1539/4154/7067 1541/4152/7068
f 1547/4155/7069 1550/4156/7070 1549/4157/7071
f 1547/4155/7072 1548/4158/7073 1550/4156/7074
f 1549/4159/7075 1552/4160/7076 1551/4161/7077
f 1549/4159/7078 1550/4162/7079 1552/4160/7080
f 1551/4163/7081 1554/4164/7082 1553/4165/7083
f 1551/4163/7084 1552/4166/7085 1554/4164/7086
f 1553/4167/7087 1548/4168/7088 1547/4169/7089
f 1553/4167/7090 1554/4170/7091 1548/4168/7092
f 1548/4171/7093 1552/4172/7094 1550/4173/7095
f 1548/4171/7096 1554/4174/7097 1552/4172/7098
f 1553/4175/7099 1549/4176/7100 1551/4177/7101
f 1553/4175/7102 1547/4178/7103 1549/4176/7104
f 1555/4179/7105 1558/4180/7106 1557/4181/7107
f 1555/4179/7108 1556/4182/7109 1558/4180/7110
f 1557/4183/7111 1560/4184/7112 1559/4185/7113
f 1557/4183/7114 1558/4186/7115 1560/4184/7116
f 1559/4187/7117 1562/4188/7118 1561/4189/7119
f 1559/4187/7120 1560/4190/7121 1562/4188/7122
f 1561/4191/7123 1556/4192/7124 1555/4193/7125
f 1561/4191/7126 1562/4194/7127 1556/4192/7128
f 1556/4195/7129 1560/4196/7130 1558/4197/7131
f 1556/4195/7132 1562/4198/7133 1560/4196/7134
f 1561/4199/7135 1557/4200/7136 1559/4201/7137
f 1561/4199/7138 1555/4202/7139 1557/4200/7140
f 1563/4203/7141 1566/4204/7142 1565/4205/7143
f 1563/4203/7144 1564/4206/7145 1566/4204/7146
f 1565/4207/7147 1568/4208/7148 1567/4209/7149
f 1565/4207/7150 1566/4210/7151 1568/4208/7152
f 1567/4211/7153 1570/4212/7154 1569/4213/7155
f 1567/4211/7156 1568/4214/7157 1570/4212/7158
f 1569/4215/7159 1564/4216/7160 1563/4217/7161
f 1569/4215/7162 1570/4218/7163 1564/4216/7164
f 1564/4219/7165 1568/4220/7166 1566/4221/7167
f 1564/4219/7168 1570/4222/7169 1568/4220/7170
f 1569/4223/7171 1565/4224/7172 1567/4225/7173
f 1569/4223/7174 1563/4226/7175 1565/4224/7176
f 1571/4227/7177 1574/4228/7178 1573/4229/7179
f 1571/4227/7180 1572/4230/7181 1574/4228/7182
f 1573/4231/7183 1576/4232/7184 1575/4233/7185
f 1573/4231/7186 1574/4234/7187 1576/4232/7188
f 1575/4235/7189 1578/4236/7190 1577/4237/7191
f 1575/4235/7192 1576/4238/7193 1578/4236/7194
f 1577/4239/7195 1572/4240/7196 1571/4241/7197
f 1577/4239/7198 1578/4242/7199 1572/4240/7200
f 1572/4243/7201 1576/4244/7202 1574/4245/7203
f 1572/4243/7204 1578/4246/7205 1576/4244/7206
f 1577/4247/7207 1573/4248/7208 1575/4249/7209
f 1577/4247/7210 1571/4250/7211 1573/4248/7212
f 1579/4251/7213 1582/4252/7214 1581/4253/7215
f 1579/4251/7216 1580/4254/7217 1582/4252/7218
f 1581/4255/7219 1584/4256/7220 1583/4257/7221
f 1581/4255/7222 1582/4258/7223 1584/4256/7224
f 1583/4259/7225 1586/4260/7226 1585/4261/7227
f 1583/4259/7228 1584/4262/7229 1586/4260/7230
f 1585/4263/7231 1580/4264/7232 1579/4265/7233
f 1585/4263/7234 1586/4266/7235 1580/4264/7236
f 1580/4267/7237 1584/4268/7238 1582/4269/7239
f 1580/4267/7240 1586/4270/7241 1584/4268/7242
f 1585/4271/7243 1581/4272/7244 1583/4273/7245
f 1585/4271/7246 1579/4274/7247 1581/4272/7248
