# This file uses centimeters as units for non-parametric coordinates.

mtllib mano z remeser.mtl
g default
v 683.501221 3172.787598 1157.777588
v 1076.821564 2424.077393 -76.027222
v 834.600910 3166.738281 1161.688721
v 917.225052 3163.361816 1151.529053
v 1268.785797 3189.919434 1008.784668
v 696.976425 3289.322754 1011.029541
v 825.980392 3282.813721 1005.550781
v 308.067261 2858.373535 93.140381
v 1054.722793 2264.359375 179.865601
v 137.163208 2540.877930 490.290283
v 927.475643 3220.214600 1062.666504
v 1313.520294 3249.521729 810.226807
v 647.352798 3203.195312 1089.183105
v 593.032074 3163.729004 1126.520996
v 613.157898 3170.083008 1107.901855
v 513.871277 3165.836914 1153.862305
v 1370.050964 3200.254395 952.094238
v 1333.020294 3108.505371 1005.363770
v 28.161194 3260.335938 942.298584
v 167.504761 3110.260742 1106.814941
v 260.906372 3247.934570 1032.234863
v 229.404175 3218.044434 1056.426758
v 686.578934 3127.482666 1177.372314
v 627.577270 3123.324219 1189.180420
v 625.397720 3149.725098 1180.092041
v 619.698089 3159.729492 1162.876221
v 671.890228 3183.573242 1145.290771
v 689.199127 3226.135254 1112.725830
v 706.286621 3220.861328 1109.319580
v 725.653519 3212.774414 1098.225586
v 724.666077 3165.392090 1136.883057
v 722.838577 3122.876465 1165.016113
v 1072.571731 2375.451416 -35.027832
v 1123.376327 2425.090576 -60.727905
v 1102.003738 2449.453369 -88.483276
v 1044.564133 2421.593262 -83.076660
v 1031.091751 2373.896484 -44.385742
v 1075.207809 2475.049072 -117.448730
v 861.333832 3180.142090 1146.416992
v 905.194794 3157.047607 1168.363525
v 892.466459 3134.800293 1188.168213
v 806.507080 3214.404297 1116.107178
v 838.439106 3213.190918 1115.307373
v 783.431610 3163.388672 1145.818359
v 777.672851 3207.261230 1101.635254
v 830.202446 3118.144775 1187.295654
v 785.812111 3119.642334 1172.763916
v 886.262100 3106.082520 1200.486816
v 906.051029 3177.933105 1124.325439
v 956.421547 3151.511230 1148.169678
v 955.489387 3135.350830 1179.786377
v 947.514313 3164.517090 1112.422607
v 1292.384643 3172.167480 1003.663818
v 1261.681671 3155.830566 1020.404053
v 1241.725677 3186.778076 1019.652832
v 1231.486572 3210.412598 1014.827393
v 1277.667816 3212.602295 999.053955
v 1313.472534 3193.186768 990.094238
v 711.054138 3246.120605 1063.764160
v 694.201645 3253.166504 1076.712891
v 666.247619 3277.956055 1059.309326
v 630.608856 3312.649414 1041.420898
v 639.876526 3316.366943 1019.649414
v 754.504639 3270.569336 1004.563721
v 747.691917 3239.288574 1046.104736
v 785.112312 3242.546875 1052.183594
v 761.517578 3301.027344 958.080566
v 821.305321 3304.758789 955.121582
v 845.947077 3279.222656 1033.050293
v 813.304558 3249.678223 1068.562256
v 317.125244 2877.783936 115.166382
v 266.628845 2862.271729 113.140991
v 280.806030 2845.052979 85.287231
v 338.232910 2856.675293 79.682373
v 352.997742 2880.050293 103.496338
v 300.681946 2830.475586 60.198242
v 1073.464935 2282.970947 200.017944
v 1115.691040 2280.450928 165.470581
v 1064.315033 2255.214355 159.802856
v 1017.565765 2244.308105 150.932007
v 1003.573608 2270.787354 184.255127
v 1018.332291 2298.121826 216.207397
v 105.926941 2560.200195 481.308472
v 104.515015 2595.478027 506.627930
v 137.114929 2572.856201 515.275879
v 155.070679 2517.976562 482.015503
v 132.106018 2508.459473 453.377808
v 179.229492 2532.436035 506.079102
v 965.060043 3220.909668 1054.157227
v 970.222130 3186.521484 1065.429932
v 929.229023 3200.053711 1069.940918
v 879.915936 3223.141602 1081.711914
v 900.007339 3246.086426 1061.381836
v 949.517387 3255.262451 1046.745605
v 1313.271088 3231.677246 780.058594
v 1341.380615 3213.187500 798.399658
v 1333.750152 3239.444580 829.588135
v 1303.478393 3258.303223 857.702393
v 1289.997986 3263.988037 816.778809
v 1280.807678 3253.897949 778.881348
v 634.846634 3184.066406 1094.594727
v 602.664520 3187.873535 1070.811523
v 630.948273 3219.514648 1071.424316
v 657.339950 3246.900879 1081.871826
v 669.774673 3221.523926 1103.539062
v 655.528976 3184.402344 1126.680420
v 579.202118 3174.798828 1092.726807
v 615.568191 3166.179199 1130.234863
v 570.769501 3161.872070 1140.850098
v 560.271606 3174.871582 1110.135742
v 541.558105 3173.910889 1131.767822
v 567.454864 3153.208496 1165.816895
v 568.726318 3132.408691 1180.507568
v 570.596863 3100.437500 1185.000488
v 520.560638 3114.639648 1175.955566
v 475.670929 3108.809082 1162.538574
v 470.404846 3150.878418 1136.882324
v 1333.859741 3225.734863 960.205322
v 1331.244293 3228.628662 944.670898
v 1384.619995 3197.545410 926.480957
v 1418.898559 3134.226318 940.160889
v 1388.770264 3161.271973 964.311279
v 1331.988708 3217.091064 972.129883
v 1311.495300 3142.309082 1003.239746
v 1349.146973 3157.052979 985.743164
v 1359.371124 3105.196045 998.649414
v 1316.038757 3086.569336 1018.923340
v 1286.776794 3119.855469 1019.325439
v 1348.266174 3062.872314 1018.439453
v 35.505798 3260.315430 911.107178
v 53.945923 3296.693848 910.848877
v 44.887329 3291.474365 947.020020
v 30.912170 3255.357666 980.941895
v 20.210388 3237.160645 959.055176
v 20.038330 3217.601562 931.727783
v 159.964233 3142.660156 1085.436279
v 210.994385 3132.281250 1092.036133
v 200.376343 3102.324463 1110.923828
v 140.619202 3099.608887 1116.809570
v 114.530029 3127.089355 1097.237305
v 183.828247 3072.649902 1132.917480
v 271.993225 3196.801270 1062.791504
v 217.020325 3198.507324 1065.721680
v 232.502930 3283.370605 1016.865967
v 293.852844 3237.072998 1020.917725
v 302.930298 3192.275635 1047.699219
v 165.166992 3243.067627 1048.548584
v 173.709839 3286.559082 1029.414551
v 126.892151 3276.078613 1019.341553
v 134.342407 3316.438477 994.192627
v 178.776733 3320.073730 998.882568
v 243.886230 3302.905029 988.767822
v 116.572754 3232.060303 1038.050781
v 74.493347 3233.579834 1036.142578
v 86.353393 3273.321777 1010.654541
v 161.790893 3196.404297 1061.692627
v 109.006409 3193.872070 1057.785889
v 69.369934 3191.146973 1060.410400
v 41.358276 3179.151855 1053.951660
v 42.502441 3226.871582 1027.659180
v 107.899658 3158.862305 1077.912842
v 72.984924 3148.227539 1082.931396
v 47.141418 3131.934082 1077.924072
v 29.453003 3113.315430 1061.693848
v 22.821045 3162.415039 1036.989502
v 86.193664 3109.226562 1104.967773
v 64.372864 3088.939941 1102.777100
v 49.060669 3068.181152 1089.794678
v 38.771301 3045.942383 1064.719482
v 19.532348 3094.167969 1037.521973
v 102.399475 3053.743652 1127.584717
v 92.851013 3031.438965 1113.430664
v 82.107056 3008.100586 1088.403564
v 71.332397 2982.599365 1058.092041
v 31.623840 3022.849609 1031.563965
v 144.736999 2998.375488 1126.235107
v 133.473572 2975.807373 1100.449463
v 121.382080 2950.381348 1070.587646
v 110.575744 2922.820312 1038.229492
v 63.396850 2957.072510 1023.681152
v 179.691833 2944.557861 1103.593018
v 167.531250 2918.411621 1073.631592
v 157.686706 2889.954590 1041.247314
v 151.196167 2863.432861 1006.146484
v 103.780517 2896.678955 1002.530762
v 212.817688 2886.047119 1074.754150
v 204.928955 2857.800049 1042.381348
v 200.567505 2833.563721 1006.071289
v 198.445312 2816.080078 966.890137
v 148.265930 2843.580078 966.889404
v 256.866394 2834.168945 1038.829834
v 253.450683 2811.666504 1002.539307
v 251.200744 2793.761230 964.270020
v 250.178284 2780.785400 925.325439
v 198.570740 2804.740723 926.640137
v 306.463196 2793.341797 998.955322
v 304.718567 2776.517334 960.524414
v 303.848144 2762.755127 921.939697
v 304.127380 2751.393066 884.121338
v 251.223083 2771.752930 886.724609
v 358.067749 2761.136719 956.881836
v 357.994934 2748.199463 917.810059
v 358.798645 2737.845947 879.203369
v 359.682098 2728.158203 841.331543
v 305.195801 2741.599609 847.001709
v 412.372742 2738.345215 912.393311
v 413.473572 2728.740234 872.343506
v 414.151092 2718.517578 833.477539
v 413.470337 2706.088867 796.417480
v 359.723053 2717.416992 805.085205
v 466.620056 2721.963379 864.054688
v 467.141754 2708.802734 824.071533
v 466.286041 2694.702148 786.138184
v 462.734314 2679.416260 751.332520
v 410.070953 2691.356445 762.049561
v 518.861816 2703.350586 812.894531
v 519.030121 2687.682617 773.368652
v 516.293152 2671.235840 737.787354
v 508.818542 2654.528809 704.668945
v 456.541473 2663.258301 718.754150
v 570.702606 2682.843018 759.450928
v 568.177185 2664.544434 721.829346
v 558.779175 2646.737305 687.771973
v 545.696319 2627.240723 655.294189
v 497.335358 2635.525879 673.026367
v 617.400146 2657.441650 705.561523
v 607.757049 2638.915283 670.083252
v 593.284210 2619.229736 636.854004
v 577.009094 2595.370605 605.265137
v 530.727325 2604.142578 624.470459
v 655.166992 2630.958008 653.093018
v 640.025421 2611.102783 618.968262
v 622.246063 2586.804688 586.272949
v 603.423675 2558.395996 555.112793
v 559.454040 2568.091797 574.954834
v 685.627411 2603.063477 602.118652
v 666.288147 2578.553711 568.089355
v 645.894791 2549.144531 535.572510
v 624.812790 2517.482910 503.116455
v 583.598633 2528.299072 523.649658
v 708.553360 2570.400635 551.063232
v 686.944549 2540.284180 516.849854
v 664.683548 2507.177734 482.967041
v 641.892380 2472.404297 448.512085
v 602.650543 2484.153809 470.017578
v 726.124527 2531.862061 499.158691
v 703.093780 2497.526367 463.354492
v 679.826813 2461.340332 427.032593
v 655.412323 2422.352539 390.247070
v 617.525329 2434.580078 414.095581
v 739.328705 2489.543945 445.130005
v 716.418213 2451.994629 406.073853
v 692.333435 2412.210938 367.343018
v 667.101120 2368.562500 327.336914
v 629.679825 2379.179443 352.416138
v 751.939903 2448.395996 391.293091
v 728.989670 2408.812500 350.836914
v 705.057739 2366.242188 311.005859
v 768.682159 2413.427246 342.875732
v 747.412437 2373.535645 302.147461
v 732.525650 2337.072754 262.973877
v 687.136490 2324.812500 269.542847
v 645.029007 2321.841797 286.324219
v 676.796707 2290.693115 226.805054
v 631.259308 2279.556885 243.401123
v 583.659637 2282.946289 285.281006
v 604.355652 2331.123047 317.914795
v 536.492676 2303.819580 328.224121
v 563.893371 2348.850830 351.359863
v 591.447082 2393.839355 380.406128
v 523.604858 2367.524902 381.215210
v 552.423340 2409.401611 406.772583
v 578.769012 2447.954590 437.665039
v 513.038513 2425.816162 432.725220
v 539.046051 2462.304932 461.287598
v 562.361084 2496.496582 491.864380
v 498.604614 2477.312500 484.930054
v 520.919678 2509.373047 514.119141
v 540.801910 2539.458984 544.420410
v 478.003052 2522.600098 535.874512
v 496.777588 2551.075195 564.978271
v 514.507171 2578.333008 594.643799
v 451.809601 2563.496338 583.540771
v 468.323913 2589.313232 612.596680
v 483.496155 2613.619629 642.336182
v 421.698669 2602.041748 627.461182
v 435.539337 2624.817383 656.889404
v 447.246979 2645.098145 687.522949
v 387.022522 2639.530029 667.082764
v 396.814087 2658.047852 698.066162
v 404.429230 2675.041504 729.604004
v 347.746521 2676.021973 704.741455
v 353.739746 2690.923340 737.354736
v 357.887573 2705.040771 770.522217
v 304.691833 2711.057617 741.609619
v 306.002014 2721.772949 775.863281
v 305.976135 2731.784180 810.931152
v 257.371155 2744.865479 777.108887
v 255.478210 2754.051514 812.784912
v 253.352966 2763.243896 849.152588
v 209.472473 2781.020020 810.819580
v 205.145569 2789.186768 848.373291
v 201.037292 2796.875244 886.949463
v 162.088989 2818.186035 843.947754
v 154.419128 2824.440430 884.003906
v 149.472900 2831.835693 925.328125
v 114.309265 2855.929199 877.244385
v 105.431518 2863.237305 920.003418
v 101.961304 2875.175049 963.322998
v 71.739319 2900.711914 905.818604
v 63.200195 2913.806885 946.789307
v 60.170044 2933.133789 986.397217
v 38.502685 2960.899414 920.074219
v 29.849487 2978.517334 958.034180
v 27.653381 2999.986328 995.637939
v 19.493713 3032.188965 930.358398
v 14.709228 3052.733643 967.283203
v 14.301575 3073.838623 1004.580811
v 13.291382 3105.530273 942.398926
v 10.274658 3126.210938 980.412354
v 13.197082 3144.440430 1012.891113
v 11.840698 3174.141113 956.520996
v 13.002197 3193.006836 987.469482
v 22.198791 3211.100098 1010.901855
v 53.112915 3269.336426 997.678223
v 66.962524 3305.833008 965.822021
v 98.301880 3313.025879 981.928711
v 104.486389 3334.671387 940.168701
v 139.328064 3341.829102 954.361572
v 76.149475 3319.556885 924.382812
v 88.694336 3308.187988 883.899414
v 116.430969 3326.654785 893.565918
v 64.366333 3281.475586 877.864746
v 74.071106 3265.468262 838.839600
v 98.046326 3296.289062 839.743164
v 45.327453 3242.006348 881.419434
v 56.721130 3225.820312 845.933838
v 64.220032 3210.200684 808.160156
v 79.161499 3252.877686 795.504395
v 30.739746 3198.683105 897.390137
v 42.500732 3181.115723 862.149170
v 50.518860 3164.448242 826.727051
v 54.557739 3146.879883 792.418457
v 69.621460 3191.703613 773.177979
v 28.753113 3134.589844 882.483643
v 36.650635 3116.735352 847.217041
v 41.519043 3099.047363 813.238770
v 46.736206 3080.402832 779.691406
v 59.013061 3126.114746 759.189453
v 26.805969 3066.656738 869.817383
v 34.401123 3049.245605 835.329834
v 41.327637 3032.107422 800.898682
v 48.752197 3015.081543 766.146484
v 51.876770 3060.842773 745.311523
v 36.212036 2997.635010 858.385742
v 45.685913 2983.054932 822.631104
v 54.756836 2968.749512 786.995850
v 62.466797 2954.463135 751.396484
v 55.762878 2997.873047 731.066650
v 60.042786 2935.132080 844.894531
v 70.020447 2923.954102 807.395996
v 78.862793 2912.666504 770.099609
v 85.753540 2900.874023 733.449219
v 68.269409 2939.267578 715.924805
v 94.368591 2884.088379 824.259033
v 103.822937 2875.804932 785.054199
v 111.202087 2866.135254 747.385498
v 115.217041 2854.179199 711.171631
v 89.722229 2887.038330 697.672363
v 134.316467 2842.591309 796.474121
v 140.955810 2833.624268 758.877441
v 144.156738 2822.258789 722.951660
v 142.911682 2807.327148 689.432129
v 114.643799 2838.645752 676.934570
v 174.215515 2801.964355 768.224609
v 176.112732 2790.550781 733.222168
v 174.032471 2775.629150 700.773438
v 167.894714 2757.684082 671.260986
v 137.283325 2788.589844 658.783447
v 213.423828 2760.361328 740.662109
v 210.373291 2745.612305 709.149414
v 203.546081 2727.761963 680.429688
v 193.802734 2708.343262 653.444336
v 158.838318 2737.841309 643.614990
v 253.402283 2719.800293 711.579834
v 245.523315 2701.754639 682.916504
v 234.928772 2681.686279 656.511230
v 222.433960 2661.073730 630.840332
v 182.327698 2688.135010 627.443848
v 291.356079 2679.091309 679.937256
v 279.860473 2658.483887 653.271484
v 266.547668 2637.107178 627.559570
v 251.771789 2615.630615 602.225098
v 208.453369 2640.475342 605.486816
v 326.792358 2637.595215 646.470703
v 312.585998 2615.414307 620.239258
v 297.175415 2592.802246 594.250244
v 280.552002 2570.026611 568.713379
v 235.938232 2594.184814 577.123535
v 359.312927 2595.036865 611.000488
v 342.984436 2571.377197 584.533203
v 325.284302 2547.462158 558.105469
v 305.913818 2523.236084 531.592773
v 262.335632 2547.244141 543.263428
v 388.648193 2552.116455 571.733887
v 369.958069 2526.476074 544.896973
v 348.873840 2500.156982 518.523926
v 324.076721 2473.275391 492.049316
v 283.749817 2498.360840 505.017334
v 414.048126 2508.705811 527.916748
v 391.485565 2479.324463 502.274902
v 363.958984 2448.378662 478.190674
v 432.811066 2460.769531 481.562500
v 404.231598 2426.447266 458.987061
v 370.779907 2394.365723 432.863770
v 332.272644 2418.485840 451.372437
v 294.262878 2445.383301 465.528320
v 300.914795 2395.360596 414.179443
v 264.363464 2422.298584 431.133789
v 227.534729 2449.671875 447.510254
v 256.418274 2472.586670 479.069214
v 191.829285 2479.949951 464.356567
v 218.447143 2500.406982 493.264038
v 242.455017 2524.256836 517.942871
v 200.102661 2552.439941 529.161865
v 218.841980 2572.995605 552.611328
v 157.228515 2585.936768 536.126953
v 175.958496 2601.874023 557.605957
v 193.139404 2620.393555 580.761230
v 137.946472 2630.832764 554.032715
v 154.642212 2648.575195 577.503418
v 169.230286 2668.075195 602.127441
v 121.796814 2675.029785 565.588379
v 135.524536 2696.277100 591.025391
v 147.905884 2717.130371 616.963623
v 106.132385 2722.900391 576.418945
v 117.902283 2745.819580 603.257324
v 128.458374 2767.737793 630.509277
v 91.008728 2773.546387 587.730713
v 101.206055 2797.317139 616.010742
v 109.621521 2819.299805 645.356934
v 78.332214 2826.701172 599.547607
v 85.749390 2849.920654 630.353271
v 89.830200 2870.154785 662.991943
v 68.647095 2881.610352 612.826416
v 71.877502 2903.466309 646.314453
v 71.807800 2922.416016 680.738525
v 63.960388 2938.405029 626.358643
v 64.063904 2960.114014 660.892578
v 61.123596 2979.779785 695.861328
v 64.194519 2997.024414 639.476562
v 61.637756 3019.532227 674.835938
v 57.085693 3040.611328 710.348633
v 69.393982 3056.694092 653.444336
v 66.241272 3080.399902 689.541992
v 62.798279 3103.674561 724.898926
v 81.461487 3116.095215 668.766602
v 78.988464 3141.618164 704.778076
v 75.602600 3167.502930 739.707031
v 98.856445 3175.577637 686.140625
v 94.189270 3204.597900 721.323975
v 85.039978 3233.810059 755.359619
v 116.532715 3237.066895 705.474365
v 108.381836 3268.520508 743.688965
v 102.056091 3288.552734 790.448975
v 139.414184 3294.584961 739.963135
v 131.845886 3315.108887 792.343018
v 126.625610 3318.880615 845.228516
v 166.700806 3331.302246 797.870605
v 160.080200 3330.579590 853.848145
v 148.711120 3335.994141 905.790527
v 195.495483 3331.402832 864.048096
v 185.915771 3335.980469 918.535889
v 185.245300 3338.382324 962.706055
v 233.723755 3324.576904 915.276123
v 242.566833 3319.781250 955.780518
v 281.798889 3314.028320 905.858887
v 290.394470 3301.689941 944.121582
v 293.904053 3275.662598 979.772461
v 327.798340 3288.499512 936.626221
v 326.735290 3262.130859 970.386719
v 325.864258 3225.967285 1005.629883
v 356.339538 3259.559570 968.559082
v 352.576782 3225.496582 1000.853760
v 350.900940 3185.537109 1030.945312
v 327.037109 3185.454102 1035.727051
v 326.822388 3144.622559 1060.383057
v 302.881714 3155.183350 1069.951660
v 350.239502 3141.705566 1056.062500
v 348.531799 3095.726074 1086.341797
v 323.920837 3102.941895 1088.269775
v 376.219604 3192.194580 1036.596680
v 374.095611 3146.709717 1062.788086
v 372.262054 3098.967285 1091.826904
v 371.274658 3056.192383 1127.644775
v 345.083557 3055.626465 1122.002441
v 398.401947 3157.769043 1077.855957
v 395.893097 3109.824707 1104.545898
v 398.072906 3063.927246 1136.898926
v 411.617126 3021.926758 1156.748047
v 375.497955 3017.674316 1151.245117
v 425.351013 3126.137939 1120.376465
v 434.005432 3081.703125 1148.835205
v 451.343201 3033.851562 1165.821045
v 462.635101 2984.819336 1164.122070
v 420.636627 2979.456055 1156.748047
v 491.640564 3049.707031 1175.408691
v 503.092102 2990.261475 1170.760010
v 505.852173 2933.211426 1152.683350
v 464.819977 2933.036133 1148.329346
v 531.450897 3059.458008 1181.827148
v 542.605530 2993.665039 1176.682129
v 545.860229 2934.072754 1157.223145
v 548.104797 2879.213135 1134.424805
v 506.135864 2880.106934 1131.090332
v 582.965423 2993.976074 1181.870361
v 586.041992 2934.627441 1161.090332
v 590.476654 2881.256836 1136.448486
v 601.239410 2837.392090 1102.846680
v 554.924103 2834.510986 1103.462402
v 627.146255 2934.380859 1163.456299
v 634.114838 2884.361084 1136.876465
v 645.684616 2842.505859 1100.211670
v 650.612518 2810.458984 1056.702637
v 606.171539 2805.112793 1062.111816
v 678.867966 2887.135254 1134.954834
v 688.706604 2847.601074 1095.158203
v 693.847671 2816.461182 1050.062256
v 697.477569 2788.573975 1004.801758
v 653.703186 2782.672363 1012.553955
v 731.775558 2851.409912 1089.249268
v 736.991943 2820.789795 1043.324463
v 740.909088 2793.867432 996.909668
v 743.361038 2771.635254 949.964600
v 699.461822 2765.642578 958.822754
v 780.229401 2824.453369 1036.099854
v 784.371147 2798.721680 988.667480
v 787.284637 2777.236816 940.693359
v 789.587227 2758.147949 892.198242
v 745.668976 2753.179199 901.955078
v 828.222301 2802.621582 980.386475
v 831.408409 2781.852051 931.531982
v 833.608860 2762.780029 882.200195
v 835.459442 2741.931152 833.219727
v 791.872154 2737.813477 843.632812
v 876.028134 2785.364258 922.449219
v 877.977440 2766.645996 872.251709
v 879.224844 2745.852051 822.538330
v 880.158220 2722.038574 773.714844
v 837.073295 2718.475342 784.863770
v 922.820049 2769.300049 862.323242
v 923.247467 2749.203125 811.608398
v 923.378368 2725.105225 762.383057
v 922.643673 2698.862793 713.608887
v 880.354913 2696.909668 724.810303
v 967.825737 2751.197510 800.765137
v 966.815224 2727.422607 750.968750
v 965.304352 2700.251465 702.458252
v 962.879326 2671.672119 654.070801
v 921.024181 2671.158203 664.627930
v 1010.749771 2728.306641 739.575928
v 1008.226700 2701.104004 691.232666
v 1005.036774 2671.452148 643.822998
v 1001.857803 2638.267578 597.523438
v 960.120857 2639.720703 606.802246
v 1051.599121 2701.173828 679.937012
v 1047.453964 2670.930908 633.619629
v 1043.215408 2636.742432 588.727783
v 1039.072418 2598.539307 542.984863
v 998.792427 2602.086426 551.524902
v 1090.182236 2671.001953 622.713135
v 1084.740723 2636.720703 579.167969
v 1078.462967 2597.916992 535.475098
v 1068.236191 2555.846436 491.171021
v 1028.000091 2559.860596 500.653076
v 1126.600281 2640.478516 566.420410
v 1119.153747 2601.847900 525.830322
v 1108.604034 2561.069580 484.286255
v 1093.119034 2519.597412 443.717773
v 1050.510361 2518.846191 452.565552
v 1161.620117 2610.256592 511.828125
v 1151.537628 2571.796387 473.023560
v 1139.133118 2531.758301 435.940186
v 1124.694534 2491.241943 401.709839
v 1075.777771 2482.415283 408.520386
v 1196.785919 2583.108398 458.693481
v 1185.408264 2544.898438 422.924805
v 1172.777283 2504.473389 390.252441
v 1158.895996 2461.986084 360.530518
v 1108.257889 2450.750732 368.958984
v 1232.797424 2554.591553 406.931396
v 1221.159271 2514.520508 376.311279
v 1208.323944 2472.976074 347.355469
v 1195.206695 2430.341064 319.274780
v 1141.689880 2422.042725 329.685791
v 1263.593506 2526.940430 349.346191
v 1251.412079 2485.973145 321.153076
v 1240.431000 2444.003174 294.464722
v 1230.798126 2401.020020 267.923218
v 1180.411499 2390.318604 292.093994
v 1286.483093 2501.275635 285.590210
v 1275.715698 2459.336426 259.221680
v 1265.889618 2415.843262 232.726074
v 1251.269317 2371.193359 208.103760
v 1210.843994 2360.706055 243.756836
v 1300.386230 2479.602295 215.565430
v 1289.497162 2435.982178 188.733276
v 1274.424560 2391.483887 163.673706
v 1242.419006 2349.399170 145.715942
v 1214.103515 2336.035645 188.339722
v 1304.429870 2463.690430 142.433838
v 1289.550690 2418.112305 116.062378
v 1259.181488 2372.744873 98.052979
v 1208.433594 2333.302734 95.093994
v 1192.646667 2316.782959 135.622314
v 1294.339447 2453.300293 71.009155
v 1262.136566 2405.513916 53.637451
v 1212.020508 2359.582764 54.121460
v 1155.620239 2316.542969 60.071289
v 1152.032165 2296.277100 94.545898
v 1256.051056 2442.205322 14.546753
v 1208.047027 2390.254639 16.430908
v 1152.550232 2342.794189 26.704102
v 1093.972534 2305.241943 36.141357
v 1093.690460 2279.438232 65.736206
v 1199.557159 2421.630859 -18.377563
v 1145.904358 2371.061768 -4.059814
v 1089.946640 2332.952393 8.745605
v 1041.656662 2322.219238 7.264893
v 1042.494827 2294.365479 34.683350
v 1136.629639 2398.183838 -32.393799
v 1082.832001 2357.288086 -15.548828
v 1036.588745 2347.542236 -18.166504
v 998.043884 2394.666992 -70.406006
v 995.926765 2356.397949 -34.935669
v 997.025482 2327.048340 -5.869141
v 996.965713 2297.611328 23.209717
v 956.017059 2373.980957 -58.492432
v 954.295959 2339.638672 -25.778931
v 953.554649 2307.380615 5.883423
v 951.059952 2278.591309 35.602051
v 994.007606 2269.725342 52.073730
v 910.710873 2355.213379 -45.586792
v 909.364597 2320.869141 -13.014160
v 907.688148 2291.837646 17.412476
v 903.712414 2270.842285 46.169678
v 945.330803 2258.185303 64.556641
v 863.036740 2333.767334 -27.663696
v 862.963657 2303.118408 2.845215
v 862.480717 2280.785156 32.627441
v 861.836573 2269.876465 64.540527
v 899.764311 2260.449219 77.090698
v 815.666019 2308.789551 -6.968262
v 819.331337 2283.890869 24.279785
v 821.791878 2269.847656 57.944092
v 824.784206 2271.899170 94.157715
v 863.732348 2274.050049 99.888916
v 773.325081 2279.679932 18.761597
v 778.678505 2263.946045 53.389526
v 783.715317 2261.767090 90.433350
v 787.719978 2277.533691 129.559448
v 829.424591 2287.796387 132.850342
v 731.510239 2250.928223 48.519775
v 738.489349 2247.713623 87.735718
v 743.669159 2264.127441 127.697021
v 751.759209 2287.629150 170.475952
v 795.226364 2299.806885 172.227417
v 689.006363 2234.819824 88.988525
v 697.665192 2248.983887 128.647461
v 708.028961 2273.638428 171.951538
v 720.027710 2304.087646 218.975464
v 762.970703 2317.063232 215.801880
v 649.550201 2233.546387 137.726196
v 664.313537 2260.279053 179.928467
v 597.809723 2221.051270 167.532471
v 618.081436 2247.125977 201.516113
v 538.186005 2235.592773 218.310913
v 562.320770 2250.509521 252.281006
v 483.937561 2258.398438 256.219604
v 508.613434 2275.553467 295.900879
v 435.581787 2280.144043 282.682861
v 461.072082 2298.998291 325.918823
v 491.899719 2326.391113 360.150635
v 417.465790 2321.916992 350.995972
v 449.857788 2348.482178 386.615479
v 483.767364 2386.135986 409.709351
v 409.956573 2371.456055 410.931396
v 443.984741 2405.756348 435.789307
v 473.392486 2442.932129 458.053711
v 457.066131 2492.739014 507.879883
v 433.781891 2536.600830 555.278320
v 406.015625 2577.486328 599.299561
v 374.282226 2618.065918 638.216309
v 338.865112 2658.495605 674.054688
v 299.965088 2697.091064 709.202393
v 257.335388 2734.287598 742.955322
v 212.939575 2771.741699 774.680664
v 169.300049 2810.983643 805.094727
v 125.158203 2849.785400 835.953125
v 82.973816 2892.049072 864.544189
v 49.202881 2947.075928 882.449707
v 27.088440 3013.755371 894.132812
v 19.421814 3085.505371 905.293457
v 19.105835 3153.711914 919.007812
v 376.621063 2345.315674 374.455566
v 337.886780 2369.203613 395.834473
v 347.932068 2326.458984 329.921631
v 307.893188 2350.831055 351.355957
v 271.443970 2378.933105 370.192017
v 281.872375 2342.031738 301.286377
v 243.659851 2369.924316 321.932495
v 208.077759 2400.351074 343.527588
v 236.098389 2407.852783 388.490723
v 173.113037 2432.196533 366.520142
v 200.488769 2437.312012 407.840576
v 139.446167 2467.028320 392.661011
v 165.266296 2468.799805 429.505737
v 108.836731 2508.186523 422.790039
v 114.168823 2470.843262 356.650635
v 86.548584 2513.432129 390.932739
v 65.968201 2562.080566 428.054077
v 85.654907 2557.268555 454.787598
v 60.350098 2610.846924 465.803467
v 81.355530 2603.336914 488.568848
v 68.511719 2646.286133 496.348145
v 92.216858 2632.127930 516.016846
v 120.101684 2614.578369 531.023682
v 106.887085 2654.272949 540.904053
v 80.437622 2674.192871 523.624023
v 93.503296 2699.185791 549.949219
v 57.188049 2693.670166 503.446289
v 68.291199 2722.228027 531.799561
v 79.784912 2748.672607 559.810303
v 46.616394 2745.396484 510.085205
v 57.548218 2774.230469 540.019287
v 68.468994 2801.335938 569.750488
v 42.479309 2800.923828 517.634766
v 53.176880 2830.028564 549.114990
v 62.225403 2856.900635 580.532715
v 46.075439 2859.403809 526.546875
v 54.688598 2888.047363 559.375244
v 60.687134 2914.412109 592.518799
v 55.166870 2919.114746 536.868652
v 60.893432 2947.149902 570.555176
v 64.055664 2973.118164 604.731934
v 68.679077 2978.479980 547.256104
v 71.235168 3006.018066 581.566162
v 71.378052 3032.100098 617.175537
v 85.989441 3036.497559 558.839111
v 85.315674 3064.100586 595.237061
v 83.584961 3090.434082 632.043213
v 104.017822 3094.855713 574.776855
v 102.199829 3122.311768 612.321289
v 100.911743 3148.897217 649.724854
v 124.027283 3153.349121 595.063232
v 123.438782 3180.315674 632.723633
v 121.353821 3207.784180 669.113037
v 155.518555 3206.400879 621.654785
v 152.882751 3234.112793 658.936035
v 147.375976 3263.326660 697.633545
v 190.608398 3253.032227 657.426270
v 183.669861 3281.930664 697.942383
v 174.672363 3311.897949 742.860107
v 222.670715 3290.071777 708.122559
v 212.762512 3317.076172 753.984863
v 204.503906 3333.264893 807.222900
v 251.925354 3310.978516 768.421631
v 242.106994 3325.547119 816.181885
v 233.473877 3326.010010 867.463867
v 283.763306 3313.719971 822.811768
v 277.800476 3317.427490 865.654541
v 329.761658 3305.381348 827.760986
v 325.087280 3309.593018 865.332520
v 325.666077 3304.223145 901.880127
v 371.337768 3305.775879 868.317139
v 365.836548 3298.003418 902.204590
v 360.767639 3283.493652 935.863037
v 405.987182 3302.626709 911.418457
v 395.399841 3288.618164 943.623535
v 387.362335 3265.604492 974.621826
v 428.814270 3303.653809 961.197266
v 420.537689 3280.656738 989.002441
v 414.166992 3248.590820 1016.050049
v 381.332641 3232.198242 1005.512207
v 404.779968 3206.838867 1049.171631
v 454.389831 3269.595947 1029.045166
v 440.530121 3227.606201 1060.417725
v 430.378815 3175.264893 1093.040283
v 477.281708 3239.166504 1066.130127
v 467.055115 3193.777344 1099.614502
v 525.087067 3249.636230 1068.895508
v 501.183807 3208.534180 1104.158447
v 566.035431 3249.157715 1064.273193
v 529.215912 3211.277344 1095.664551
v 598.761902 3229.994385 1062.750244
v 560.214752 3204.061768 1077.956055
v 632.991592 3262.551270 1067.681885
v 600.005249 3280.750488 1061.420898
v 615.137710 3301.628906 1056.264160
v 654.672256 3276.257568 1064.610840
v 549.611053 3287.664551 1053.602295
v 554.470398 3312.266113 1043.576660
v 563.594787 3328.445801 1026.991211
v 497.661987 3279.219727 1042.581299
v 503.318909 3308.238770 1027.554688
v 509.953369 3326.664307 1007.317627
v 524.633087 3330.093750 983.077881
v 574.747345 3329.094238 1003.363037
v 458.851959 3298.851807 1007.969727
v 465.889496 3319.083496 984.342041
v 481.241730 3328.444336 956.637207
v 498.425659 3334.145752 919.540527
v 538.799866 3330.279297 943.833252
v 443.025574 3317.166504 930.515381
v 458.347687 3326.887695 896.283203
v 470.366882 3331.444824 852.192871
v 514.850372 3341.030762 866.968994
v 416.389862 3313.092285 878.260742
v 424.047211 3316.532471 840.615234
v 430.165649 3307.380859 798.563965
v 476.432037 3321.511230 805.178223
v 377.312500 3306.546387 832.427246
v 383.732025 3297.658691 793.246826
v 390.179321 3282.522461 750.994629
v 435.562958 3291.113281 754.892334
v 337.154297 3294.463379 788.420654
v 345.115295 3278.544189 746.983154
v 352.405151 3258.864014 703.754395
v 396.245544 3263.914062 706.637451
v 292.688476 3301.181396 780.178223
v 301.959411 3283.352051 738.090820
v 310.400329 3262.014160 694.750977
v 317.029419 3238.118896 650.241699
v 358.132385 3236.288086 658.919678
v 261.610535 3289.623047 724.634766
v 271.343689 3266.632568 680.468018
v 277.606506 3241.875977 635.840088
v 279.004761 3215.414062 591.807861
v 319.764831 3212.313965 605.356201
v 231.138367 3263.330566 664.867188
v 235.665222 3237.568359 622.950928
v 236.573974 3211.056641 581.478027
v 234.912964 3183.302979 540.357666
v 277.926514 3188.092285 548.317871
v 194.051575 3225.444336 618.438232
v 194.616394 3198.105713 579.508301
v 193.352905 3170.224121 540.101318
v 191.679748 3141.526367 499.481201
v 232.381653 3154.519043 499.074707
v 155.895325 3179.037842 584.031250
v 155.485107 3151.321289 545.190918
v 155.280029 3122.131348 505.366455
v 155.415100 3090.675049 465.948120
v 190.137878 3111.114990 458.014526
v 124.651428 3125.673584 556.646484
v 126.360351 3095.748047 518.606201
v 127.736206 3064.052246 482.315430
v 127.046875 3031.169434 447.502197
v 154.848755 3057.122070 428.615112
v 105.363525 3065.646484 537.999268
v 105.236694 3035.094238 502.289307
v 102.183899 3003.768066 467.850586
v 95.383423 2971.490723 434.045166
v 122.877930 2997.505859 414.088135
v 84.348816 3007.232422 523.459717
v 79.505310 2976.733887 489.361450
v 71.513183 2945.651611 455.783813
v 61.042541 2914.067627 421.589722
v 85.953552 2939.553711 399.746094
v 63.188476 2949.097168 513.525146
v 54.786316 2918.250732 479.656982
v 44.622436 2886.407227 445.282104
v 33.810608 2853.109375 409.644165
v 50.008057 2882.028320 386.158813
v 46.732483 2889.088379 503.230225
v 36.519409 2857.298584 469.174683
v 25.692444 2823.998047 434.388672
v 15.947327 2788.545898 398.159424
v 23.928223 2818.651855 372.548706
v 35.686157 2828.656250 493.605835
v 24.952148 2795.858887 459.921387
v 15.220825 2760.299805 424.965210
v 8.341492 2722.142334 388.726074
v 8.501404 2751.309814 360.140259
v 31.588440 2769.449707 485.482056
v 22.228332 2735.018555 452.306396
v 15.725159 2697.151855 418.203735
v 13.484009 2655.859131 380.380859
v 5.973205 2681.724121 349.622314
v 36.904968 2713.310059 479.403809
v 29.441040 2677.274170 447.244629
v 26.024475 2635.525879 410.695679
v 41.900268 2620.726318 439.417358
v 47.674866 2572.596680 399.501343
v 31.179260 2589.343018 369.325684
v 18.103821 2611.693115 338.161865
v 47.391174 2661.098145 473.544800
v 46.268188 2542.987305 326.163818
v 30.960815 2567.129395 293.617310
v 20.850159 2596.818359 261.730225
v 9.871643 2639.929199 306.928711
v 16.929199 2631.362793 231.082397
v 7.904846 2672.852539 276.798096
v 5.457641 2712.926758 319.963623
v 13.426880 2708.958740 248.802368
v 12.676025 2747.008545 292.415649
v 16.476196 2783.322266 333.430298
v 28.307739 2782.147705 268.126221
v 32.515564 2816.308594 309.730469
v 39.905945 2849.455078 348.997437
v 57.142029 2847.895264 289.062134
v 65.264526 2878.105713 327.623169
v 75.353271 2908.513184 364.269287
v 97.733398 2903.686523 309.336182
v 106.693481 2932.982910 345.808838
v 115.686951 2964.504150 380.637573
v 140.872192 2956.529541 328.782104
v 147.304199 2988.954102 362.010010
v 152.070923 3022.966309 394.445435
v 183.867676 3010.109375 346.000122
v 187.151245 3044.243652 379.986328
v 188.780029 3078.346436 417.602905
v 227.286682 3059.981934 376.767334
v 228.520203 3092.681152 416.407104
v 230.105713 3124.407715 457.544189
v 271.532898 3102.147949 422.277466
v 273.259765 3131.791016 463.586792
v 275.554321 3160.325439 505.535645
v 316.352722 3131.223145 474.454102
v 318.347961 3158.307861 517.317383
v 319.773010 3185.450684 561.021484
v 360.816223 3155.936523 524.721924
v 361.644043 3183.687988 568.704102
v 361.278015 3210.877441 613.497070
v 403.970520 3189.363770 568.423828
v 403.157898 3216.462402 614.080078
v 400.568725 3241.753906 660.556885
v 445.493469 3226.540771 614.500000
v 443.578186 3250.473145 662.019775
v 440.208252 3272.301025 709.197754
v 487.072052 3261.926270 663.528809
v 484.417541 3283.711182 711.826660
v 480.821747 3304.359619 758.821777
v 528.310211 3300.583008 714.212646
v 526.733826 3319.749023 763.554932
v 523.202515 3335.671875 813.174805
v 576.029114 3323.514648 770.650146
v 571.857605 3340.673828 822.713135
v 557.985077 3342.216309 881.550049
v 619.122619 3335.678223 833.363770
v 600.007171 3337.613770 894.164795
v 583.489593 3324.322754 963.783447
v 645.638153 3330.697998 905.454102
v 636.289932 3318.725586 968.926758
v 703.465484 3318.796387 909.654785
v 699.602264 3308.435791 964.706543
v 763.626900 3310.289551 908.049805
v 764.143989 3304.577148 853.678711
v 816.121811 3311.334961 844.775635
v 822.705856 3317.102783 902.596436
v 711.692367 3311.786377 853.558594
v 716.814300 3295.134033 794.788818
v 765.128616 3290.849121 795.022949
v 664.721619 3325.655273 845.649902
v 670.419006 3305.020020 787.857666
v 668.609695 3281.032715 735.353516
v 716.661957 3273.856934 740.004639
v 623.880096 3315.743164 778.562988
v 622.222595 3293.936035 726.595215
v 619.532974 3272.478760 676.305908
v 665.468704 3256.731689 686.558105
v 575.551453 3304.710205 719.826416
v 574.826446 3285.370850 668.614990
v 574.134613 3263.195312 617.346191
v 617.369842 3251.185547 627.084961
v 529.491424 3280.364258 663.971924
v 530.231109 3257.492188 614.220459
v 530.242859 3232.241211 565.114502
v 573.574036 3238.860840 567.472412
v 488.394134 3239.009766 614.947998
v 488.612030 3214.836914 566.784424
v 488.234375 3189.086914 519.756836
v 529.908600 3205.573730 517.311279
v 446.080139 3201.095215 567.493896
v 445.852203 3174.476807 521.861084
v 445.126800 3147.186035 477.456543
v 487.607513 3161.995117 474.244507
v 403.632202 3161.563721 524.015869
v 402.544647 3133.821777 480.578125
v 400.843780 3106.752441 438.117554
v 443.843506 3119.760254 434.308350
v 359.004578 3128.703369 481.708740
v 356.942200 3102.144531 438.750732
v 355.593689 3075.845947 395.783936
v 399.198181 3080.510498 396.199951
v 314.464050 3103.591797 431.566162
v 312.973511 3075.430664 389.094849
v 312.006286 3047.057373 347.645752
v 354.684204 3049.950928 353.337769
v 270.225281 3071.502930 381.547119
v 269.061462 3040.240479 341.973633
v 267.616577 3009.768555 304.724121
v 311.173950 3018.843750 307.818848
v 225.604553 3027.151855 339.584961
v 222.999878 2995.510254 305.509888
v 220.244507 2965.935059 272.828125
v 266.118957 2980.425781 269.702881
v 179.335205 2977.697266 313.926270
v 175.123718 2948.293457 281.171143
v 170.901001 2921.134033 247.201172
v 217.439697 2938.635498 239.905029
v 134.387573 2927.116455 294.035400
v 127.930237 2899.764648 257.579590
v 122.598755 2872.989746 219.712891
v 166.949097 2895.316406 212.041260
v 89.622558 2875.464355 271.414917
v 83.689392 2846.704102 231.401611
v 81.950378 2815.991455 189.264404
v 119.803589 2845.174316 180.060303
v 52.328918 2815.989746 247.927612
v 51.676025 2782.247559 204.636963
v 28.164307 2746.065918 224.268311
v 33.625488 2708.445557 178.090820
v 56.671448 2746.849121 159.228882
v 86.394226 2783.353516 145.117676
v 68.887268 2711.152832 112.470947
v 98.201477 2750.734863 100.244751
v 134.220459 2786.503906 94.772583
v 122.895264 2815.675781 137.728149
v 175.404297 2816.397217 98.115601
v 165.069153 2842.240234 137.593262
v 164.035034 2869.107422 175.682861
v 211.506348 2864.395020 139.446411
v 211.780884 2888.665039 173.340454
v 214.607483 2913.365479 206.674927
v 261.667297 2903.663330 171.727051
v 263.274597 2927.231201 203.249023
v 264.733093 2952.689941 235.995117
v 309.770630 2938.962158 199.859863
v 309.886536 2964.365967 233.692261
v 310.362915 2991.177979 269.774170
v 352.446289 2973.206055 231.768433
v 352.979126 2998.694336 270.822021
v 353.754211 3024.190918 311.371948
v 394.468262 3004.975098 270.114746
v 395.991424 3029.803223 311.851074
v 397.630707 3054.951660 354.041504
v 437.564056 3039.757568 307.757812
v 440.002197 3066.004395 349.809814
v 442.135345 3092.693359 391.961182
v 482.049347 3078.531982 344.229736
v 484.722534 3106.264648 386.974487
v 486.573273 3134.194092 430.127441
v 526.926849 3120.250977 382.062744
v 528.573425 3149.489746 425.804565
v 529.494568 3177.959961 470.899902
v 569.296295 3159.951660 425.147949
v 571.172790 3187.137207 471.843140
v 572.676910 3213.333496 519.280518
v 612.291748 3181.474854 482.947510
v 614.212555 3205.429688 530.796875
v 615.916107 3229.080078 578.728271
v 657.900314 3190.729980 544.328125
v 660.259292 3212.738770 591.457031
v 662.610245 3234.352539 638.739746
v 710.234421 3208.561279 593.448242
v 712.805771 3229.783691 641.033447
v 715.032379 3251.357178 689.544189
v 763.836792 3231.721191 639.686768
v 765.423721 3252.312988 688.652588
v 765.834083 3272.350586 739.794678
v 817.103245 3256.948975 685.574707
v 816.723347 3277.659668 735.204834
v 815.302555 3296.086426 788.221924
v 867.831211 3290.459473 728.979248
v 866.748532 3307.385742 779.847900
v 869.070886 3320.380859 831.967285
v 922.156772 3311.977539 776.590332
v 926.408577 3320.824707 824.436279
v 932.510330 3320.909912 875.539307
v 879.932122 3323.976074 885.871582
v 942.903976 3302.743164 927.853760
v 891.376434 3308.691895 939.875000
v 960.262070 3283.317627 972.924805
v 902.484335 3292.592773 984.578857
v 980.458183 3274.916016 1004.794678
v 922.666191 3287.205322 1014.526611
v 991.905075 3260.900879 1024.062744
v 936.261993 3276.131836 1035.387939
v 869.606362 3270.693848 1053.307129
v 843.538648 3244.063965 1082.340088
v 882.380554 3201.692383 1101.874023
v 933.749126 3180.360840 1087.696045
v 979.970711 3165.397461 1087.105957
v 995.181427 3148.419678 1122.114746
v 1008.088272 3131.834717 1156.856445
v 1022.798218 3146.746338 1088.755859
v 1044.716461 3119.101074 1117.777100
v 1058.193176 3091.089355 1138.652832
v 1065.874039 3065.502930 1155.213623
v 1015.362182 3107.345459 1178.559814
v 1077.982910 3093.106934 1096.026367
v 1098.630432 3069.135254 1118.339844
v 1112.475662 3044.784912 1136.753662
v 1113.995300 3021.744873 1147.591309
v 1066.949890 3043.828613 1167.137939
v 1144.641632 3067.444336 1107.816406
v 1158.790039 3039.270508 1120.429932
v 1164.264648 3013.613525 1131.146240
v 1166.396545 2990.439697 1139.048828
v 1111.351822 2998.665527 1153.178711
v 1209.560028 3040.523438 1099.182373
v 1219.413940 3017.883301 1110.289551
v 1224.784027 2995.234863 1119.053955
v 1226.726623 2974.058838 1118.025635
v 1166.554657 2966.803711 1141.409424
v 1273.477661 3020.550293 1080.465332
v 1285.176117 2999.472656 1088.491455
v 1289.736847 2979.422607 1093.256348
v 1288.862823 2961.410889 1085.742432
v 1227.457733 2955.556152 1111.982422
v 1333.529053 3012.107422 1051.570312
v 1344.866943 2992.336426 1052.720703
v 1347.106415 2974.273193 1044.191895
v 1341.817016 2957.917969 1028.431396
v 1286.306244 2945.236328 1069.949219
v 1386.545105 3025.324219 1013.514404
v 1392.699890 3006.167969 1001.492920
v 1390.039062 2985.754395 984.372070
v 1382.673035 2965.467041 960.766846
v 1334.754333 2940.125488 1006.349365
v 1420.116638 3057.530273 965.682617
v 1423.863830 3033.542725 943.385010
v 1419.748779 3007.482422 915.266357
v 1405.871460 2983.145020 881.296631
v 1373.011658 2943.436279 928.273682
v 1430.482483 3098.640625 910.303467
v 1428.771789 3063.424316 876.960449
v 1418.353210 3032.345215 840.374268
v 1405.921753 3004.830566 802.254883
v 1392.230774 2959.247070 843.925781
v 1412.999451 3111.889893 846.816650
v 1408.823486 3078.639893 807.530273
v 1401.283386 3048.338867 767.780518
v 1391.820312 3019.185547 728.157227
v 1395.308349 2978.041992 763.774902
v 1385.576294 3113.600586 779.556641
v 1380.567291 3085.239746 739.333740
v 1374.045441 3057.222168 698.983154
v 1368.271332 3029.692871 658.062256
v 1383.509399 2990.595703 688.603760
v 1349.483551 3116.046387 714.882080
v 1344.575714 3090.409668 674.738281
v 1342.164398 3064.896729 632.850586
v 1342.446899 3038.792969 589.420410
v 1365.516632 3002.553223 616.607178
v 1313.633179 3119.035645 652.719727
v 1311.618591 3093.614746 609.647949
v 1312.153900 3066.948730 565.337646
v 1314.253326 3037.927734 520.519287
v 1343.338989 3010.386719 545.892578
v 1286.796844 3118.491455 589.595215
v 1285.752380 3091.313477 544.239502
v 1285.472351 3061.480469 498.584961
v 1286.928070 3029.465088 452.993530
v 1317.978912 3006.758301 475.071045
v 1257.860718 3109.650391 528.517578
v 1256.262207 3079.678223 481.433838
v 1255.043274 3046.975586 435.519531
v 1254.649750 3014.119873 389.972656
v 1289.424835 2995.522217 406.693970
v 1220.998047 3089.687256 474.693359
v 1218.005188 3059.080811 427.938354
v 1214.621002 3028.488037 382.080811
v 1209.866363 2998.694824 336.060425
v 1252.093963 2981.825195 343.612915
v 1173.839905 3065.122559 429.381470
v 1168.064911 3037.708008 381.530029
v 1162.003937 3010.242188 333.599731
v 1156.035431 2982.529297 285.204224
v 1204.337585 2968.856445 289.209595
v 1119.056274 3046.653809 380.999634
v 1113.228653 3020.830566 331.786621
v 1107.441971 2994.757324 282.192383
v 1101.882355 2968.305664 232.037476
v 1150.562225 2954.892822 236.515991
v 1065.115143 3032.640381 326.936768
v 1059.471588 3007.222168 276.890381
v 1053.758011 2981.000732 226.494995
v 1047.903000 2953.025391 176.561035
v 1096.699707 2940.841064 182.027588
v 1012.273071 3021.319824 268.705933
v 1005.795868 2993.706787 219.339233
v 1000.067871 2962.793701 169.425903
v 995.520752 2929.140625 119.374146
v 1043.777908 2921.568848 126.402100
v 957.950622 3002.983887 210.380859
v 952.002075 2969.408691 161.580933
v 946.564354 2934.729004 112.656128
v 941.008194 2899.015381 63.878296
v 990.928787 2893.937012 69.678467
v 903.224712 2974.128174 156.015015
v 897.083809 2938.955566 108.105835
v 890.701679 2902.794678 59.904541
v 883.730063 2866.121826 11.039185
v 934.830273 2862.686035 14.633911
v 847.947197 2942.078369 106.191895
v 840.840895 2905.271484 58.243164
v 833.011452 2868.167725 9.308228
v 824.634518 2832.304688 -41.965942
v 876.359705 2830.143555 -39.657715
v 792.178207 2906.968750 58.275513
v 783.226997 2869.372314 8.881592
v 773.517547 2833.403320 -42.960083
v 763.731552 2798.729736 -96.551147
v 816.785297 2796.861816 -94.276611
v 734.703018 2870.109131 9.235229
v 723.147751 2833.755371 -43.285400
v 710.851578 2799.476074 -97.818604
v 698.426849 2762.817139 -150.055664
v 754.518722 2761.556152 -147.742310
v 673.683121 2833.550537 -42.771973
v 658.500000 2799.026611 -97.402954
v 641.883270 2762.455566 -150.027954
v 626.180694 2713.771973 -189.501709
v 687.437744 2714.415771 -188.975952
v 606.771057 2797.325439 -94.494507
v 585.889679 2760.719238 -145.964722
v 565.047302 2712.270996 -184.937988
v 544.338989 2660.828613 -215.070190
v 612.714630 2663.786133 -220.647583
v 531.841919 2757.941895 -135.767456
v 506.887237 2711.942383 -173.564453
v 481.426727 2660.942139 -200.640503
v 457.698761 2608.581299 -217.083984
v 529.604339 2613.414551 -235.899536
v 452.437897 2713.685547 -155.356323
v 425.683929 2664.760254 -178.833374
v 399.215759 2612.792236 -189.327881
v 384.206848 2558.550781 -186.567505
v 448.129944 2558.408691 -219.238403
v 373.498352 2671.408691 -151.017578
v 347.932861 2620.696045 -158.134277
v 331.391968 2563.526367 -153.028198
v 329.773132 2504.144287 -138.269653
v 386.659546 2502.964844 -171.796997
v 299.010559 2627.553955 -124.610596
v 281.670898 2569.901123 -120.722656
v 275.862793 2510.266113 -107.126465
v 278.802368 2455.100342 -82.901978
v 335.098450 2449.476318 -111.976562
v 234.050476 2580.721680 -88.323608
v 224.376465 2522.047363 -76.019043
v 224.319824 2467.745117 -52.729248
v 231.932739 2422.344727 -17.807251
v 286.174438 2407.946533 -46.753906
v 176.229797 2540.558105 -42.018311
v 172.916992 2488.181152 -18.821045
v 179.584656 2443.464600 14.787842
v 191.305298 2407.056152 55.089722
v 244.305664 2385.689697 25.360474
v 127.136841 2515.648682 19.476562
v 131.386413 2472.006836 51.389160
v 142.458252 2435.412598 89.169189
v 157.531555 2406.512451 131.020264
v 205.534057 2377.011719 99.331543
v 90.206726 2507.347900 92.394165
v 99.819580 2470.987793 127.518066
v 115.243103 2442.234863 166.614380
v 134.144836 2420.737061 208.335205
v 174.349548 2384.931152 175.640869
v 65.149170 2511.116943 170.193848
v 79.637329 2481.399414 206.212646
v 99.419617 2458.784912 244.683105
v 122.052673 2442.882324 284.326660
v 156.672119 2406.108887 252.160767
v 51.527649 2523.228516 249.067871
v 69.579773 2499.500244 284.066772
v 90.938415 2482.276123 320.078369
v 146.606872 2433.474365 325.224121
v 65.015564 2525.325195 358.786377
v 181.474060 2399.248047 297.432129
v 217.805359 2366.944336 272.357910
v 194.312500 2371.520996 223.002808
v 258.819275 2339.690430 249.326904
v 237.873596 2342.486328 197.099731
v 220.183044 2354.407959 146.536255
v 284.839599 2318.508301 173.451172
v 270.358765 2330.876709 120.394775
v 257.525085 2354.665771 71.461914
v 322.018066 2311.010498 96.759766
v 311.729431 2336.603027 46.632812
v 298.369629 2369.692383 -1.295776
v 365.118103 2323.129883 23.417603
v 351.897705 2359.874268 -27.605469
v 341.446899 2400.952881 -74.074951
v 407.577087 2357.619385 -56.608521
v 400.162201 2400.883301 -102.899902
v 393.699951 2449.327637 -141.934570
v 464.057678 2407.295898 -130.929932
v 458.783234 2457.120361 -170.256226
v 451.977844 2508.054932 -201.583618
v 526.720215 2467.712891 -183.512329
v 525.322052 2519.099365 -216.294434
v 523.566742 2566.876465 -238.615967
v 593.502411 2526.658447 -217.543579
v 597.841003 2572.558105 -241.933716
v 604.248779 2618.150391 -241.165894
v 665.431640 2572.229736 -237.192017
v 673.354919 2617.581055 -238.409058
v 679.142319 2664.644531 -219.682617
v 737.079773 2613.045410 -232.725098
v 741.562088 2661.969971 -215.942383
v 746.767250 2713.013672 -186.047485
v 801.005386 2657.222656 -211.408447
v 804.293854 2710.189453 -182.605347
v 809.908188 2758.947266 -144.526855
v 860.605756 2706.446289 -179.245483
v 864.648487 2755.010254 -140.654785
v 869.828825 2793.936523 -91.239258
v 919.065288 2749.700195 -135.809204
v 922.578224 2789.285156 -86.868652
v 928.244984 2826.355957 -35.786987
v 974.915794 2782.911621 -80.618042
v 979.673958 2820.736328 -30.334229
v 985.551910 2857.614746 19.992554
v 1030.704498 2813.702393 -23.316040
v 1035.639557 2851.208740 26.525024
v 1040.150955 2887.363281 76.366089
v 1085.442963 2842.548584 34.266479
v 1089.216110 2877.967529 83.695557
v 1092.563370 2910.939453 132.815918
v 1138.603515 2864.450928 92.140381
v 1142.164612 2896.952148 139.880859
v 1145.958130 2926.826416 187.839233
v 1190.569580 2877.431885 150.133057
v 1194.658569 2908.884277 195.985229
v 1199.194488 2939.045410 242.441406
v 1239.712890 2884.065674 209.748413
v 1244.383575 2917.073730 253.697266
v 1248.510651 2949.662598 298.269165
v 1284.346557 2889.643555 272.343750
v 1287.990356 2925.094238 316.055420
v 1290.169372 2960.589844 360.639282
v 1326.289398 2900.377930 336.438843
v 1326.489838 2938.127441 381.341187
v 1322.632110 2973.666504 428.293213
v 1353.215942 2911.181641 410.085938
v 1349.818756 2947.018799 456.302490
v 1345.669372 2979.614502 501.736816
v 1370.325256 2915.120605 486.759766
v 1365.756622 2946.005127 532.044189
v 1364.397278 2974.829590 574.898926
v 1375.310242 2906.738037 563.215576
v 1376.065033 2934.687744 607.154541
v 1378.968262 2962.515381 648.501221
v 1377.909119 2894.657471 640.013428
v 1380.977020 2922.970215 683.892578
v 1386.222778 2951.186279 724.532471
v 1364.068817 2887.300293 717.895996
v 1370.336670 2912.712891 762.484375
v 1379.961395 2936.026123 804.513672
v 1339.146057 2878.685059 796.311523
v 1349.692413 2898.770752 843.805664
v 1361.760467 2920.123779 887.962158
v 1308.123657 2874.714844 879.439453
v 1317.864899 2895.637695 929.288574
v 1326.946838 2918.255615 973.492920
v 1267.121277 2881.406006 962.584961
v 1273.994751 2904.106689 1009.242676
v 1280.495117 2926.026855 1046.181152
v 1220.373596 2891.486084 1037.634277
v 1224.423767 2914.196045 1075.939453
v 1226.953735 2935.637207 1099.976807
v 1166.100738 2901.550781 1098.479980
v 1166.919952 2920.723633 1126.721680
v 1166.746307 2944.214600 1138.375977
v 1100.456161 2919.109375 1138.501953
v 1102.348419 2947.011230 1150.514648
v 1107.071075 2973.573730 1154.566406
v 1044.154907 2964.276367 1161.745117
v 1053.296936 2994.879639 1170.022217
v 1061.559173 3020.800537 1172.169434
v 1002.459885 3025.151367 1192.001465
v 1010.546707 3054.207520 1193.797363
v 1014.934906 3080.607422 1188.957764
v 950.658150 3083.447754 1203.852539
v 953.307861 3111.200928 1196.286621
v 947.677147 3051.198242 1205.682617
v 886.840719 3068.289551 1206.061035
v 893.417324 3022.651611 1196.226074
v 843.947340 3023.844727 1191.036621
v 834.683021 3072.196777 1197.365723
v 942.545578 3012.062988 1192.504639
v 939.320267 2964.977783 1167.659180
v 895.992388 2974.647949 1172.885254
v 991.544586 2990.111816 1178.845459
v 985.489158 2950.243164 1158.899902
v 986.758041 2909.614990 1132.184082
v 939.833572 2919.423096 1139.176758
v 1038.316025 2932.253174 1147.633545
v 1040.889496 2898.541504 1123.516113
v 1049.564682 2868.492920 1086.844727
v 995.144867 2872.997070 1094.543213
v 1103.344437 2893.508301 1114.019043
v 1107.493301 2870.105713 1077.266602
v 1110.774673 2846.797363 1032.151123
v 1056.443863 2845.003418 1041.764404
v 1165.171478 2880.392090 1059.566406
v 1163.665497 2857.151611 1013.382080
v 1162.001739 2835.301758 961.530029
v 1111.541885 2827.900635 979.027344
v 1215.876770 2868.403564 990.327637
v 1211.865417 2846.285156 938.739746
v 1207.332031 2827.112793 884.390869
v 1159.369873 2817.716553 906.127930
v 1260.698242 2859.592773 910.986328
v 1254.335571 2839.292480 858.072754
v 1248.114563 2819.386475 805.374512
v 1202.546417 2808.182617 830.377441
v 1299.332703 2855.065430 827.943848
v 1291.247162 2835.467285 776.801025
v 1284.949432 2813.600342 726.990479
v 1242.752746 2797.464600 754.255371
v 1331.963379 2856.669678 747.805908
v 1325.817657 2833.520020 699.430664
v 1319.929382 2808.402344 651.614258
v 1279.697174 2789.156250 679.040039
v 1360.529266 2859.460449 671.613037
v 1354.774567 2832.407715 623.899658
v 1349.218323 2804.763428 576.393066
v 1314.433838 2781.300781 605.562500
v 1374.418274 2866.583496 594.175293
v 1371.069855 2838.193359 546.427734
v 1368.606933 2806.904785 500.026123
v 1344.086487 2775.516113 531.487549
v 1377.723083 2876.697266 516.753906
v 1379.561462 2843.747070 469.269897
v 1376.531433 2806.392578 423.462524
v 1363.722015 2772.516113 456.440063
v 1372.133667 2880.048828 439.392822
v 1372.252655 2841.072266 391.844482
v 1369.285339 2798.608887 346.748535
v 1371.311706 2765.797852 381.255493
v 1354.697357 2872.226807 362.547974
v 1351.904541 2830.448730 316.847656
v 1344.918091 2788.183594 275.189453
v 1362.832733 2754.321045 306.867432
v 1322.299225 2861.793213 292.644043
v 1316.312012 2823.061523 250.095947
v 1309.801178 2784.462891 209.415283
v 1337.156647 2747.022217 236.924561
v 1279.945679 2854.437500 228.877808
v 1275.057800 2819.108887 186.225952
v 1270.208374 2783.259033 144.427246
v 1303.827545 2746.419189 169.643677
v 1234.931244 2850.541016 166.194092
v 1230.591217 2816.297852 122.762451
v 1227.343414 2781.620850 79.033813
v 1266.565704 2747.358887 102.588867
v 1186.852722 2844.474365 104.335571
v 1183.616699 2810.124268 58.687988
v 1180.850098 2773.917969 13.506104
v 1225.060638 2746.045166 35.449951
v 1135.121490 2829.703857 44.365234
v 1131.867248 2792.677246 -2.664429
v 1129.681793 2753.253174 -48.719116
v 1178.547699 2735.343018 -30.788452
v 1081.379806 2805.088867 -14.591187
v 1078.805130 2765.635986 -62.399902
v 1079.783523 2723.693848 -108.562622
v 1130.961304 2709.504883 -92.143677
v 1027.013931 2774.969238 -72.658569
v 1026.809906 2734.424805 -120.815674
v 1027.944748 2686.291504 -159.560181
v 1081.204742 2672.402344 -143.480103
v 973.087952 2742.908447 -129.448364
v 972.322746 2695.568359 -169.817871
v 971.933952 2638.707764 -193.093262
v 1026.196777 2627.908936 -180.064331
v 916.453262 2701.809326 -175.330200
v 915.627212 2645.739502 -201.101074
v 912.465973 2589.064697 -209.692139
v 966.782905 2579.079346 -197.574585
v 858.691959 2651.752686 -206.754028
v 855.735504 2598.122070 -218.812622
v 847.311508 2550.460205 -208.224365
v 902.231796 2539.162598 -195.552490
v 797.439545 2606.255615 -225.906982
v 789.339661 2559.854004 -219.215088
v 778.718010 2517.729980 -194.116577
v 835.325924 2507.321289 -181.918335
v 728.819443 2567.465332 -229.103027
v 719.236114 2525.375977 -204.722778
v 713.405899 2480.503906 -169.998779
v 770.969635 2474.523926 -159.527710
v 657.282806 2528.520996 -212.892090
v 653.042679 2480.501953 -177.879639
v 652.259155 2434.313721 -139.700439
v 710.311752 2436.719482 -131.342896
v 591.019012 2475.529785 -183.127686
v 591.477905 2426.469238 -145.787354
v 594.531219 2380.042725 -107.683472
v 653.704681 2389.389648 -101.477295
v 528.403961 2416.484863 -145.229980
v 532.480438 2369.956055 -103.323486
v 539.136413 2328.339111 -58.767578
v 600.206543 2336.135254 -67.738770
v 469.414001 2362.671387 -85.252808
v 476.864197 2321.199463 -37.770508
v 485.560089 2283.433105 11.615845
v 546.603515 2287.863525 -15.453613
v 417.494018 2318.415283 -4.991943
v 428.757263 2281.440186 49.873291
v 438.167511 2260.833740 105.600830
v 495.863464 2252.592285 65.043701
v 375.214233 2293.432617 75.064331
v 384.585510 2277.760742 128.929077
v 398.679443 2271.625977 182.860840
v 451.170380 2252.221191 157.246948
v 333.839416 2297.044189 150.882080
v 349.571716 2292.513184 205.153931
v 368.078003 2293.794189 257.538696
v 415.662323 2271.511719 233.931030
v 303.016235 2315.215332 227.127441
v 323.690185 2317.307861 279.798218
v 390.356567 2303.029785 306.946655
v 466.188110 2250.356934 208.051636
v 520.170563 2231.154541 174.504761
v 507.170929 2236.402100 121.897339
v 577.312469 2218.851074 131.477661
v 564.037933 2229.984131 82.884644
v 554.506225 2254.371094 31.477051
v 621.961655 2233.025391 58.555908
v 613.348999 2258.661377 14.101440
v 607.144653 2294.019043 -28.401855
v 670.323776 2264.572266 9.321533
v 663.933822 2301.055908 -28.325562
v 658.139618 2345.056885 -64.258301
v 716.886871 2306.445312 -21.896484
v 712.042129 2350.239258 -55.601685
v 709.551468 2394.057861 -92.319458
v 763.519379 2350.334717 -47.137939
v 763.082413 2391.552979 -82.572021
v 765.799034 2432.244629 -121.023071
v 814.761722 2382.716553 -72.466187
v 818.521324 2422.649902 -109.547485
v 825.390297 2464.188232 -147.166748
v 867.665684 2409.282959 -96.162598
v 876.082965 2451.292969 -133.140747
v 888.242647 2494.937256 -168.082642
v 921.934482 2435.463379 -116.116455
v 936.652679 2480.129883 -151.519043
v 953.598831 2526.221191 -180.830811
v 979.003296 2463.511719 -131.864502
v 999.809112 2511.574707 -163.249512
v 1017.548614 2566.439941 -182.006348
v 1040.827331 2494.907959 -142.196045
v 1064.015106 2550.305664 -162.829224
v 1077.072876 2613.084473 -162.264160
v 1105.114364 2530.588379 -139.268433
v 1123.877472 2594.065674 -140.780762
v 1131.196197 2655.175049 -123.440186
v 1164.313415 2570.897705 -115.405273
v 1176.077057 2633.997070 -99.261475
v 1178.850464 2690.023926 -70.730957
v 1213.967865 2607.416992 -71.705688
v 1220.456512 2663.709229 -43.369263
v 1222.983002 2708.230469 -6.991455
v 1254.977112 2628.224609 -13.529785
v 1260.287628 2672.008789 21.523682
v 1263.788421 2710.815430 60.845215
v 1289.302521 2629.886719 53.149048
v 1294.400604 2670.195801 90.616577
v 1298.913513 2708.658691 129.929688
v 1317.754272 2628.694092 123.359619
v 1324.020599 2668.412842 161.486816
v 1330.263885 2707.411377 199.450684
v 1338.842590 2627.633545 195.981689
v 1347.230286 2668.680176 233.722412
v 1354.965668 2710.790039 270.399170
v 1348.736603 2634.431396 271.412109
v 1357.060425 2678.299805 308.297974
v 1364.483490 2722.593018 343.991211
v 1344.959289 2649.638184 346.450073
v 1351.658691 2693.276367 381.981445
v 1357.977600 2734.600586 417.587036
v 1327.493774 2667.230469 417.796997
v 1333.130188 2707.027344 453.270630
v 1338.841766 2743.189941 490.411377
v 1298.810791 2685.201416 484.380615
v 1304.194214 2720.180664 521.989014
v 1309.334686 2752.099854 562.061523
v 1263.130463 2703.766602 548.272461
v 1268.863129 2734.500488 589.441650
v 1274.450561 2762.745361 633.128662
v 1226.273041 2720.739990 613.557129
v 1232.564361 2747.287598 658.878418
v 1237.908966 2772.993164 705.619141
v 1189.051056 2736.650879 681.087402
v 1193.638000 2763.332031 728.294922
v 1197.914368 2787.906982 777.690674
v 1148.444946 2757.926270 747.185791
v 1152.281341 2780.627686 797.996582
v 1156.086365 2799.263672 851.657227
v 1106.551941 2774.257812 816.052979
v 1109.066040 2792.884277 869.606689
v 1110.836792 2810.683594 924.041504
v 1061.561416 2790.630371 883.463623
v 1061.915481 2808.042725 937.454590
v 1060.454635 2825.566895 991.059814
v 1013.147110 2806.416992 948.324463
v 1009.678177 2824.298340 1000.458740
v 1003.759628 2845.570801 1049.685547
v 960.547172 2824.313965 1008.356445
v 953.947838 2848.274902 1056.898926
v 945.900223 2878.985840 1101.841553
v 907.120796 2851.978760 1063.290527
v 900.550161 2884.542969 1108.096436
v 896.374447 2926.913818 1144.581543
v 856.793122 2888.810303 1113.642578
v 854.019663 2930.835449 1148.228027
v 851.550186 2977.861816 1172.340332
v 809.720951 2931.841797 1151.286133
v 805.242874 2976.377441 1172.524414
v 798.410461 3021.795166 1186.134033
v 758.668259 2975.186279 1175.903564
v 754.601753 3022.366699 1185.889160
v 753.906334 3071.376953 1181.803955
v 791.861976 3070.401367 1186.086426
v 753.182968 3119.289551 1164.531738
v 718.275085 3075.785645 1183.326660
v 752.209679 3160.043457 1134.522461
v 751.220161 3204.767090 1093.400879
v 712.605453 3026.819336 1189.064941
v 669.807114 3038.253418 1195.566162
v 679.982620 3085.668457 1188.453369
v 624.134628 3049.966797 1200.255371
v 627.770294 3092.495605 1193.455078
v 576.240478 3056.143555 1190.196533
v 624.332580 2991.817627 1184.818359
v 666.508957 2985.666504 1183.785400
v 670.151657 2933.159424 1163.418701
v 711.205582 2978.049316 1180.338867
v 716.150955 2931.731445 1160.396729
v 723.662369 2888.831543 1130.778564
v 763.286239 2931.614746 1155.600342
v 768.665245 2889.710449 1125.592285
v 775.059624 2854.200684 1082.838623
v 813.085232 2890.177246 1119.706299
v 818.450744 2856.028076 1075.837402
v 823.716907 2827.381348 1028.562988
v 862.225768 2855.736084 1069.050049
v 867.919121 2828.429688 1021.248535
v 872.852680 2805.045410 972.291016
v 913.490494 2826.490723 1014.908447
v 918.407772 2806.044678 964.515625
v 921.399334 2787.822754 913.417236
v 965.216850 2805.581543 956.984619
v 967.533111 2789.203857 904.325928
v 968.222008 2771.082520 852.274414
v 1014.239197 2789.539062 894.938232
v 1013.932068 2771.949463 841.717529
v 1012.658829 2752.020508 789.713623
v 1060.130356 2772.401367 830.078613
v 1057.920776 2752.290039 777.879883
v 1055.057266 2728.453857 727.834473
v 1103.346451 2753.323975 764.445312
v 1099.706543 2728.833740 715.080078
v 1095.320953 2701.316406 667.862793
v 1144.405640 2731.198730 699.620117
v 1139.171448 2704.041992 652.921387
v 1132.870453 2674.964600 608.060547
v 1182.805481 2710.563721 634.668701
v 1175.889953 2682.131592 590.431396
v 1169.413696 2647.594238 550.565430
v 1219.627136 2691.390137 570.769531
v 1213.214630 2657.703369 531.446533
v 1205.897095 2621.041016 494.539307
v 1257.325317 2669.749512 509.827148
v 1250.819946 2632.745605 473.814819
v 1242.806946 2593.917969 439.515381
v 1292.926483 2646.640137 448.614014
v 1285.523010 2606.875000 413.858765
v 1275.261322 2567.190918 380.241821
v 1320.763977 2625.514648 382.282471
v 1310.447479 2583.908691 346.996460
v 1298.464477 2542.703369 314.453003
v 1335.843109 2606.004883 309.895508
v 1323.471313 2563.911621 274.902344
v 1311.226135 2522.088379 243.760620
v 1338.107147 2591.985840 234.382812
v 1326.440307 2550.346191 200.689819
v 1315.381714 2507.979492 170.517334
v 1329.304474 2586.502441 159.585083
v 1319.666046 2544.001953 126.868774
v 1309.166199 2499.660156 97.670288
v 1310.080963 2586.670898 87.791748
v 1300.559723 2542.355469 56.532715
v 1285.884521 2494.474365 30.190552
v 1281.452484 2586.158203 19.590088
v 1269.113098 2535.952148 -7.119873
v 1243.143432 2478.411621 -21.644897
v 1245.068359 2574.495605 -41.270996
v 1223.436157 2512.658936 -55.445190
v 1185.628052 2451.963379 -50.797363
v 1197.254944 2543.733643 -86.620361
v 1165.573456 2480.916260 -81.875122
v 1138.983795 2507.278564 -111.804932
v 1015.076553 2444.835449 -109.528687
v 963.163368 2416.786865 -95.496338
v 913.976669 2393.189453 -79.883545
v 864.234153 2370.225586 -60.708008
v 814.128635 2344.136230 -38.495239
v 767.120804 2309.939941 -14.859985
v 723.792770 2271.776367 13.119141
v 678.468872 2240.899414 48.444824
v 635.301422 2221.625244 99.902100
v 38.998596 2553.607910 215.545044
v 57.352905 2547.307129 137.170044
v 33.151916 2589.162598 183.977539
v 57.233276 2588.144043 107.607666
v 34.798462 2628.588379 155.114502
v 20.490234 2669.237549 202.728027
v 46.319824 2669.973633 130.470947
v 67.218017 2632.170898 83.329712
v 88.529297 2676.595703 66.573242
v 96.420044 2596.430176 37.944092
v 115.867920 2645.127930 22.882690
v 143.352539 2693.238770 15.858154
v 117.550964 2720.144775 56.418579
v 178.617309 2737.047119 16.441650
v 153.542602 2760.200684 54.047363
v 219.259765 2773.723633 25.979736
v 194.838440 2793.489502 60.298096
v 260.810852 2804.093262 41.696411
v 236.507812 2821.782715 72.533203
v 218.742370 2841.588379 105.529907
v 261.763611 2881.978516 141.748047
v 312.660522 2895.512451 140.474487
v 310.197143 2915.635254 168.410767
v 354.505188 2901.326660 130.593872
v 352.957703 2923.669678 161.187256
v 352.362060 2948.031250 195.190918
v 391.212799 2929.465820 152.998657
v 391.873291 2954.953369 189.889648
v 393.077515 2980.062744 229.247681
v 430.009155 2961.554199 183.487183
v 432.408661 2987.851318 224.088135
v 434.932281 3013.805664 265.738770
v 471.575104 2996.558105 217.464478
v 475.117309 3024.030273 259.415771
v 478.803863 3051.254395 301.718018
v 515.644531 3033.365234 252.976074
v 520.080414 3062.222900 295.601440
v 524.010498 3091.166260 338.687500
v 559.724579 3071.604004 290.885010
v 563.549957 3101.950928 334.542969
v 566.828461 3131.389160 379.319092
v 604.719635 3102.852539 340.689453
v 607.703674 3130.276855 387.632812
v 610.189941 3156.579590 435.210571
v 649.941894 3119.885010 403.180176
v 652.622085 3144.153076 450.494507
v 655.328476 3167.770020 497.367188
v 700.371506 3139.112793 453.019775
v 704.014847 3163.299316 499.879883
v 707.323242 3186.448730 546.511475
v 753.399223 3167.035156 497.137207
v 757.680496 3189.438965 544.365234
v 761.232445 3210.866699 591.787598
v 808.906052 3190.814941 542.860107
v 813.152977 3212.836914 590.165283
v 815.944534 3234.912109 637.565430
v 863.748878 3224.595703 583.439697
v 867.015896 3248.074219 631.120361
v 868.378492 3270.424805 679.533936
v 913.675705 3256.749023 628.795410
v 916.604458 3277.906250 678.437744
v 919.471817 3296.674316 728.212402
v 961.940643 3264.542969 684.603516
v 967.513008 3280.799316 733.032715
v 974.305878 3293.353516 780.531494
v 1013.167297 3254.877930 742.659424
v 1020.485611 3267.549805 788.935791
v 1027.196731 3276.445068 835.030762
v 980.533920 3301.703125 827.567383
v 1030.694473 3278.303223 880.039062
v 983.232330 3303.715332 875.184082
v 1033.573913 3268.077148 918.392090
v 988.232620 3288.564941 921.601074
v 1040.849701 3254.189453 951.032715
v 1001.354706 3271.296875 960.967041
v 1050.690369 3241.541992 976.094482
v 1018.005417 3259.378906 990.368164
v 1058.100464 3225.717285 993.303223
v 1028.345169 3242.155518 1007.926025
v 1062.107056 3204.102051 1007.414062
v 1032.442047 3219.945312 1021.630859
v 997.288765 3240.008789 1037.686035
v 1034.836304 3188.122314 1033.590820
v 1001.241730 3207.300537 1048.041016
v 1008.655136 3174.049561 1061.524902
v 1040.866699 3155.574951 1051.070801
v 1054.130615 3126.172852 1074.488281
v 1065.586136 3175.596680 1021.934570
v 1071.770752 3145.075928 1039.333740
v 1088.053940 3115.301758 1060.253662
v 1117.561294 3091.816650 1086.175537
v 1104.318130 3145.145020 1035.167236
v 1123.626114 3123.673828 1056.898926
v 1159.532471 3101.675781 1080.349609
v 1193.708191 3067.978027 1088.068359
v 1156.092010 3142.389893 1054.318359
v 1197.319580 3118.027832 1059.291992
v 1235.268951 3080.666748 1061.939697
v 1260.289917 3044.156250 1071.131348
v 1229.967987 3140.040527 1038.458984
v 1264.310425 3099.168457 1037.677979
v 1295.793823 3059.285156 1040.958740
v 1316.598175 3032.935547 1047.137451
v 1372.436249 3042.502441 1018.390625
v 1391.695679 3090.931641 991.650391
v 1408.527954 3077.984131 982.942139
v 1372.413940 3160.152344 974.798828
v 1324.436127 3207.960449 980.715820
v 1278.663757 3228.930664 992.510010
v 1279.544525 3240.232666 984.510010
v 1279.336670 3247.665039 973.843994
v 1224.573120 3225.038086 1009.135986
v 1220.358887 3236.039551 1000.813477
v 1218.256225 3242.476074 988.689209
v 1218.875275 3245.262207 972.052490
v 1277.480347 3249.154785 959.621338
v 1167.185669 3216.450684 1006.987305
v 1168.678497 3227.068359 990.984375
v 1169.696350 3233.870117 972.687500
v 1170.675995 3240.255371 951.030273
v 1219.214966 3248.313965 952.098389
v 1124.870483 3217.298828 986.995117
v 1125.539947 3227.355713 969.466797
v 1125.108017 3236.682861 946.481689
v 1123.794693 3246.043213 918.873047
v 1170.274078 3247.744141 922.124023
v 1086.523102 3229.997070 967.952148
v 1082.578506 3241.962891 945.306641
v 1078.570389 3252.421875 917.512939
v 1075.184646 3257.789062 882.541748
v 1121.030884 3250.432373 885.104248
v 1116.776031 3246.127686 844.837158
v 1162.933990 3254.744141 843.429443
v 1167.788055 3256.785645 886.684326
v 1070.988144 3254.886475 841.208984
v 1065.704880 3246.258789 796.540771
v 1112.403763 3236.544922 801.692139
v 1108.975586 3224.570312 757.064941
v 1158.182800 3226.665039 759.778809
v 1160.789734 3242.434082 801.516602
v 1060.113281 3233.979004 751.284668
v 1054.698547 3219.118896 706.087646
v 1105.455093 3210.265625 712.336182
v 1006.685486 3239.639160 696.259033
v 1001.312897 3221.608887 649.463867
v 1049.698364 3201.951416 660.573975
v 957.259605 3245.222656 635.726074
v 953.351333 3223.755371 586.804443
v 997.044678 3201.969238 601.985352
v 909.925598 3232.970703 579.449707
v 905.433727 3207.631836 530.966797
v 949.628631 3200.332764 538.500488
v 859.138090 3199.929688 536.662354
v 852.979780 3174.780762 489.824829
v 900.081245 3181.519531 483.888184
v 803.616684 3168.342285 495.456787
v 797.626098 3145.191895 447.821655
v 846.449264 3150.125000 442.649292
v 748.548088 3143.675781 449.639648
v 743.504654 3119.605469 401.768433
v 791.638580 3121.603027 399.745605
v 696.201721 3114.753418 405.331177
v 691.915878 3090.867676 356.981323
v 738.389053 3095.486084 353.370605
v 647.001617 3094.655273 354.546265
v 644.076279 3068.566895 305.316162
v 688.026657 3066.415527 307.861450
v 601.361755 3074.511475 294.583618
v 597.518707 3044.601318 249.184692
v 640.579758 3041.316406 256.081665
v 555.716278 3041.037109 248.084717
v 551.160705 3009.983398 205.498047
v 592.877380 3013.128418 204.483154
v 511.031158 3004.058350 210.739380
v 506.174377 2973.407227 168.820679
v 545.740509 2977.320557 162.905396
v 467.844543 2968.074951 176.173340
v 463.506866 2938.052246 134.806519
v 500.066711 2940.976318 126.147461
v 427.559387 2934.100586 144.078247
v 423.982880 2904.569336 105.174683
v 456.960235 2904.262207 91.855347
v 389.983978 2903.415527 117.958618
v 382.820679 2876.718506 86.757935
v 410.963348 2871.513184 68.842773
v 385.977295 2838.707031 38.664917
v 416.245697 2831.401611 17.717529
v 441.919739 2867.547852 51.895996
v 359.726288 2847.527100 59.854858
v 325.397217 2817.331055 35.643188
v 353.426025 2805.841553 11.242188
v 317.660950 2773.644043 -13.946899
v 351.168762 2762.090332 -41.982422
v 384.847381 2796.498291 -13.061523
v 287.846741 2788.100830 13.649902
v 247.755493 2756.126709 -5.933716
v 279.633667 2740.686523 -36.412476
v 242.824463 2700.018066 -51.064453
v 281.074341 2686.644043 -84.053955
v 315.116211 2727.670898 -67.260864
v 208.834778 2717.199707 -18.210449
v 175.162292 2670.066895 -22.085938
v 212.122986 2651.245117 -57.328979
v 189.645080 2596.501953 -54.347168
v 253.803284 2637.138672 -91.143555
v 149.999939 2618.319336 -17.575195
v 132.982422 2565.618164 -3.991455
v 88.178345 2549.765625 61.907227
v 324.060425 2678.228760 -118.723633
v 401.475189 2715.834229 -129.364746
v 355.722961 2719.442627 -98.640869
v 432.241608 2753.399658 -97.172974
v 389.063141 2755.362061 -70.056396
v 461.391022 2788.374023 -59.166016
v 420.877289 2790.329590 -37.035645
v 488.946442 2825.224121 -18.311523
v 450.793304 2826.842285 -1.604736
v 513.247589 2865.509766 26.096680
v 476.145294 2865.400146 37.137207
v 528.599151 2906.487305 73.674194
v 491.402649 2905.171631 81.642822
v 538.471008 2943.331055 119.206055
v 568.533081 2907.957031 67.813232
v 578.871887 2945.000244 114.388550
v 586.879761 2979.790039 159.853760
v 621.129349 2945.382324 112.585938
v 629.298950 2979.615723 160.460205
v 635.669998 3011.866211 207.880737
v 672.236786 2979.142090 160.590576
v 678.650711 3011.302734 209.084839
v 683.698151 3040.240723 258.292114
v 722.627045 3013.971436 206.771729
v 728.130722 3043.849854 255.378906
v 733.333435 3070.420166 304.552856
v 774.281860 3044.830566 253.666870
v 779.977966 3072.054688 302.570923
v 785.798370 3097.543457 351.323853
v 827.353836 3073.638672 299.733398
v 833.645344 3100.365234 347.619141
v 840.004822 3125.606445 395.302612
v 881.992295 3103.992920 343.301025
v 888.460750 3129.879883 390.873413
v 894.548464 3155.467285 437.682739
v 936.527939 3125.547607 394.853882
v 941.691086 3150.188965 443.204834
v 946.025528 3175.338379 490.919189
v 987.946792 3136.752441 455.419800
v 991.299042 3159.751465 504.781494
v 993.955894 3181.448486 553.794922
v 1037.614639 3142.548828 517.014893
v 1041.170181 3163.489258 565.967529
v 1045.110687 3183.206055 613.847168
v 1090.597290 3153.079834 572.021484
v 1095.498474 3174.166016 619.614258
v 1100.641998 3193.401367 666.575928
v 1144.202789 3167.838135 622.635986
v 1149.254700 3188.584961 669.935547
v 1154.312988 3208.408691 715.831787
v 1195.447082 3189.435547 666.016357
v 1200.057007 3212.417480 709.902832
v 1203.305054 3234.107910 752.453125
v 1236.230957 3215.230469 703.036377
v 1240.597534 3239.098145 744.022949
v 1245.663818 3258.545410 785.517090
v 1205.527740 3252.472168 794.359863
v 1251.974182 3269.205566 829.068604
v 1208.176941 3264.615479 838.257080
v 1260.843902 3266.695801 873.544922
v 1214.405273 3265.136230 883.080078
v 1268.221893 3255.689941 912.297607
v 1217.927490 3256.078125 922.059814
v 1274.239014 3249.333008 941.625000
v 1315.030640 3241.220703 892.989746
v 1324.814300 3231.840088 922.679443
v 1352.773773 3225.158447 862.741943
v 1367.104370 3213.542480 897.630859
v 1367.152801 3198.277832 828.405762
v 1388.944336 3179.774902 860.302979
v 1409.690369 3152.052734 885.319336
v 1390.022583 3144.306641 819.231934
v 1363.949524 3168.865234 790.185547
v 1356.351807 3141.939941 753.149170
v 1333.534668 3191.080566 766.791504
v 1324.692871 3167.555664 731.369873
v 1317.881592 3143.945557 693.457031
v 1297.759613 3192.940430 714.845703
v 1293.607086 3169.149902 675.766846
v 1289.983368 3144.440430 633.783936
v 1265.913788 3186.513184 663.839355
v 1262.972748 3161.966309 620.814209
v 1259.922363 3136.355957 575.647217
v 1229.684936 3168.012695 616.564453
v 1226.678833 3143.432617 570.563721
v 1224.085785 3118.143555 522.556641
v 1187.673462 3142.588623 573.363037
v 1183.700104 3118.144531 525.602783
v 1179.050323 3092.217285 477.454468
v 1134.728729 3122.312256 526.783203
v 1129.842956 3097.592285 478.449951
v 1124.606689 3072.184570 429.916504
v 1080.985824 3106.729492 475.205688
v 1075.921509 3082.295166 426.248657
v 1070.670181 3057.652832 376.825073
v 1028.822113 3096.031250 418.047485
v 1023.940582 3072.045654 368.206177
v 1018.281097 3047.195557 318.404663
v 978.091530 3088.191406 356.516113
v 971.737228 3062.279785 307.400635
v 964.770447 3034.103516 258.790161
v 923.941662 3073.374023 297.888794
v 916.854107 3043.265137 249.907227
v 909.749412 3009.170654 203.238647
v 868.478302 3046.255371 248.028198
v 861.514625 3012.442871 201.207031
v 854.655559 2977.641602 153.958618
v 814.476581 3013.953125 203.040649
v 807.372230 2980.070557 154.817017
v 800.136352 2944.247070 106.656860
v 761.361824 2981.627441 156.607056
v 753.913818 2945.839355 108.138916
v 744.980476 2908.252197 59.208618
v 708.625671 2945.949463 109.816406
v 699.214340 2908.878662 60.701782
v 687.511902 2870.541504 10.152710
v 654.350357 2908.922852 62.265991
v 641.390045 2870.288574 11.710205
v 625.301620 2832.527344 -40.883301
v 596.616058 2869.179199 14.460205
v 577.958160 2830.300781 -36.691040
v 556.226593 2794.248047 -87.598633
v 532.186432 2827.257324 -29.608643
v 507.259430 2790.728027 -75.821411
v 479.957794 2754.791992 -119.898560
v 553.451172 2867.466309 19.272095
v 610.571808 2908.674316 64.110107
v 664.362152 2945.266357 111.644043
v 716.237778 2980.987793 158.437134
v 768.176216 3014.660645 205.097412
v 821.003139 3045.110596 251.480225
v 875.332832 3076.360840 295.614624
v 930.612606 3100.203369 346.337769
v 983.579246 3112.903564 405.921753
v 1033.449005 3119.811523 467.715088
v 1085.876266 3130.583252 523.770264
v 1139.471008 3145.819336 574.900146
v 1191.471863 3166.082520 620.495361
v 1232.796356 3191.690918 660.414795
v 1269.179413 3210.803223 704.572754
v 1305.101074 3214.678955 750.110596
v 1274.820404 3235.169922 742.193359
v 1089.645492 3216.813477 985.977539
v 1124.555115 3202.645996 1002.556396
v 1092.575165 3198.037598 1001.416016
v 1096.760742 3172.144043 1016.822998
v 1129.346344 3181.925293 1019.039062
v 1138.665863 3160.899414 1037.057129
v 1170.361633 3200.267578 1020.980469
v 1180.536651 3185.989258 1030.744141
v 1197.133697 3170.138184 1036.978760
v 675.442169 3254.948730 1084.505371
v 776.634422 2350.616455 258.558594
v 819.970104 2359.795410 259.779541
v 806.159088 2327.016113 216.863281
v 861.940955 2365.519043 263.948975
v 848.229847 2334.637207 220.097656
v 837.218006 2309.151855 175.343262
v 888.579233 2336.282715 227.143311
v 877.503319 2310.169434 181.778809
v 868.922501 2289.244385 138.630859
v 915.246128 2305.699463 191.958252
v 904.977360 2279.792969 150.966675
v 899.615465 2263.293701 112.445801
v 940.417236 2270.169678 162.429199
v 936.318466 2251.165283 127.190674
v 939.301483 2248.664551 94.145142
v 976.701813 2245.115234 141.203613
v 982.282234 2240.878906 110.891235
v 988.372146 2249.397949 81.702759
v 1028.718735 2239.914551 121.322510
v 1035.485199 2248.523193 92.119507
v 1039.608795 2267.697998 63.071045
v 1090.521332 2261.440186 95.931396
v 1083.178757 2253.777832 127.309204
v 1139.186279 2284.589600 129.883057
v 1164.877838 2306.677246 175.308716
v 1119.851486 2305.083496 211.819336
v 1168.451752 2330.542969 225.492798
v 1059.388794 2311.651855 235.226074
v 1105.917663 2331.858643 253.424561
v 1152.706238 2359.445557 268.549805
v 1043.642120 2342.810547 266.971313
v 1081.632187 2362.621582 287.953857
v 1117.611389 2386.622070 305.412354
v 1022.613418 2375.342285 299.388428
v 1055.694046 2395.719727 321.979126
v 1087.051819 2418.005371 341.958618
v 999.137131 2408.619629 333.947266
v 1029.504791 2429.925537 357.969360
v 1056.308472 2452.330811 380.031494
v 976.471870 2443.113770 370.626465
v 1003.253616 2465.605957 396.264160
v 1027.545639 2490.193848 422.856934
v 953.623482 2478.500488 408.885254
v 980.176010 2502.475830 436.917725
v 1006.056686 2528.788330 466.902954
v 933.211681 2512.935303 449.127930
v 961.976921 2539.672363 479.771240
v 986.642624 2568.884766 512.871094
v 917.531387 2547.104004 491.410400
v 943.421753 2575.254883 524.160400
v 956.329971 2605.946533 561.737305
v 899.581392 2578.915283 535.450684
v 913.894611 2608.095459 571.933350
v 918.387760 2640.610352 616.092041
v 871.638259 2609.208496 581.757812
v 878.025690 2640.419678 625.753906
v 879.763744 2670.021973 675.480957
v 838.498546 2640.281250 636.613770
v 838.747372 2668.413574 686.624023
v 838.190410 2694.110596 736.089600
v 797.447586 2666.398438 697.878662
v 795.964805 2690.912598 747.291016
v 794.077698 2714.906982 795.645020
v 753.311523 2688.417725 758.007812
v 750.919525 2711.646729 805.872559
v 748.287117 2733.956543 853.528076
v 707.342529 2710.065430 815.235596
v 704.347305 2731.108154 862.559326
v 701.458206 2748.236328 910.905029
v 659.444244 2729.421387 871.159668
v 656.597442 2744.703613 919.096924
v 655.051788 2760.962158 966.619629
v 610.911133 2742.342529 926.901855
v 609.877075 2756.790527 973.986328
v 608.799133 2777.829102 1019.095459
v 563.252594 2753.016113 981.161865
v 561.715973 2776.284180 1023.458008
v 559.314850 2802.812256 1064.649170
v 512.822143 2777.535156 1026.379395
v 510.964264 2803.956055 1066.049561
v 507.931579 2835.915039 1102.908936
v 462.141357 2808.468262 1066.676514
v 461.229248 2841.140869 1101.333740
v 463.066315 2883.997559 1127.339844
v 414.341278 2848.345947 1099.873291
v 418.982422 2889.017578 1124.232910
v 422.342682 2933.977783 1144.335449
v 373.978058 2895.936523 1122.042725
v 379.259460 2936.713623 1141.489502
v 379.641571 2979.024902 1152.513916
v 336.489380 2943.761963 1140.126953
v 340.502258 2983.868896 1150.436768
v 342.867370 3019.950684 1147.284668
v 302.525879 2993.901367 1149.418701
v 310.733032 3028.578613 1144.790039
v 318.202331 3063.845703 1120.456055
v 274.538940 3043.459717 1143.315430
v 289.270630 3076.655762 1123.524170
v 299.343994 3115.655273 1094.736328
v 247.915344 3090.518066 1121.895020
v 260.918945 3125.458740 1100.479004
v 268.783691 3163.027344 1081.198242
v 214.910889 3163.981934 1077.963867
v 159.483703 3166.125977 1072.970947
v 233.304077 3059.068848 1141.186523
v 221.352722 3025.134277 1148.930664
v 168.403686 3046.820801 1144.160400
v 263.335571 3008.804688 1149.414062
v 252.585022 2972.915527 1143.217041
v 208.466858 2993.912842 1145.215088
v 294.394165 2956.000488 1140.749512
v 283.627807 2921.710449 1122.107910
v 239.191955 2941.406738 1124.780762
v 328.447632 2906.099609 1120.954834
v 319.106445 2871.283691 1098.565918
v 271.314209 2889.644531 1100.022705
v 367.243561 2857.908936 1098.736572
v 363.028808 2826.050781 1068.441406
v 312.497497 2840.468262 1070.373047
v 412.970245 2815.912109 1067.419922
v 412.170074 2789.625977 1030.679932
v 360.900543 2800.282715 1033.076172
v 462.815796 2782.069824 1028.578613
v 463.158783 2758.470703 989.717285
v 411.488525 2766.777832 992.607422
v 514.045502 2753.669189 986.296143
v 515.110779 2739.728516 942.476807
v 463.949524 2741.032715 948.823730
v 563.885834 2740.993164 934.840820
v 565.553284 2728.862305 888.760254
v 516.278442 2731.843750 897.296875
v 613.263733 2728.043945 880.002441
v 615.975098 2713.152100 833.978760
v 567.639496 2714.373047 844.514160
v 662.523132 2711.220215 824.204102
v 664.799393 2693.259033 777.618408
v 618.115906 2697.585205 788.497070
v 709.794052 2689.119141 767.609619
v 712.293854 2666.555176 719.244385
v 667.762085 2671.256836 731.166016
v 755.352302 2665.127197 709.002686
v 755.661644 2641.012695 661.377441
v 711.445221 2643.649902 674.130859
v 798.051132 2640.293213 648.699219
v 790.281883 2614.300293 607.179443
v 747.529480 2618.110596 622.258545
v 830.380195 2610.979736 593.053467
v 812.719566 2584.336914 558.512451
v 771.266403 2589.342285 572.108398
v 855.577057 2581.201660 546.521484
v 828.659515 2553.547852 513.213379
v 788.078483 2557.030762 523.865234
v 872.346552 2551.205566 502.980469
v 841.651827 2522.205078 469.008423
v 800.757271 2523.366943 476.608765
v 886.657647 2519.674805 460.269287
v 857.607538 2490.945068 427.156738
v 813.289196 2489.667725 430.548828
v 904.045803 2487.100098 419.694824
v 879.009727 2459.946045 387.856323
v 834.010319 2459.224121 389.532837
v 927.114338 2454.901611 381.019165
v 900.561354 2428.635498 348.868286
v 856.566163 2428.456787 349.299194
v 946.697151 2420.419434 342.961060
v 919.692192 2395.638916 309.746338
v 877.814419 2397.613037 308.629150
v 967.585541 2388.179199 307.337891
v 945.111809 2365.251953 275.404541
v 902.222936 2367.428467 269.521606
v 992.056740 2356.423828 274.622314
v 966.487450 2333.893066 243.735352
v 927.805397 2335.835938 236.197266
v 1008.744156 2325.398926 243.559937
v 983.212067 2303.002197 213.026123
v 950.133674 2303.117676 203.093750
v 974.824272 2268.605713 173.689209
v 836.369156 2393.319824 304.109253
v 792.960136 2385.956787 300.410400
v 812.813446 2422.809570 345.288330
v 790.615303 2452.857422 387.459473
v 774.546615 2487.721680 434.764404
v 763.370933 2525.990723 485.700806
v 748.561043 2562.756348 536.187012
v 729.654098 2595.895996 586.785645
v 701.866104 2623.412842 636.968994
v 665.162384 2650.110840 689.481445
v 620.306579 2677.149170 744.883789
v 569.368988 2700.807373 800.636719
v 517.781219 2717.213379 854.612305
v 465.412262 2734.709229 905.223877
v 411.112060 2747.883301 953.497070
v 359.270660 2778.561035 995.572510
v 308.909790 2814.923340 1035.878906
v 261.768860 2859.940674 1072.595215
v 225.004150 2913.590332 1102.100098
v 194.243835 2967.497803 1128.349854
v 155.501343 3021.437012 1142.514648
v 117.454101 3075.433594 1128.481201
v 269.535889 2444.258301 78.805176
v 286.664001 2558.549316 -38.156128
v 173.958130 2618.177246 420.323242
v -543.839600 2717.204590 516.812988
v -563.584595 2768.955078 498.165771
v -523.132691 2834.098877 400.566162
v -564.856690 2736.398438 381.476562
v 254.002014 2411.736328 53.718018
v 249.536560 2422.245850 120.085938
v 264.215576 2454.758301 116.058960
v 280.141968 2463.508301 49.378418
v 267.350769 2435.669922 11.530273
v 276.656189 2494.681641 103.900879
v 233.390442 2772.477539 280.036011
v 226.965271 2760.982910 306.121338
v 209.096557 2792.916260 335.387451
v 216.875061 2807.618164 296.996094
v 285.846374 2524.863770 -30.167847
v 294.105591 2546.920654 10.902222
v 290.495361 2587.500000 -13.839966
v 266.163818 2568.755371 -67.191406
v 262.630920 2514.495117 -60.704834
v 269.941955 2613.150635 -39.025879
v 152.383728 2626.427979 434.115601
v 166.590820 2647.559814 440.122314
v 183.644653 2636.476562 423.013916
v 191.536682 2617.872559 387.207886
v 178.284790 2602.934570 399.478882
v 158.922180 2599.595215 406.455078
v -526.136719 2702.379639 515.795410
v -541.132935 2692.575684 503.716797
v -560.648193 2720.517090 505.801270
v -562.056030 2740.683594 507.667480
v -544.316528 2735.161621 519.071777
v -514.056275 2719.248047 522.833496
v -568.337891 2758.088867 498.265625
v -577.834351 2763.536133 485.262695
v -568.131470 2776.904297 489.622803
v -551.676270 2784.456299 493.794312
v -550.469971 2770.008301 505.672119
v -555.960816 2754.914551 509.218018
v -502.895020 2832.940430 386.159424
v -489.398316 2838.437988 406.984253
v -533.229004 2836.173828 425.844604
v -559.886963 2825.093750 429.132935
v -550.331665 2826.263672 401.788574
v -515.629639 2823.522461 368.188477
v -576.450073 2728.947998 404.490845
v -547.165161 2706.172852 384.692627
v -549.238892 2728.390137 368.271240
v -549.641480 2750.382568 354.159180
v -579.744751 2757.046387 384.191162
v -594.097656 2752.384277 409.869263
v -581.315064 2774.764648 376.319824
v -598.526367 2771.085449 407.712891
v -598.421753 2763.840088 430.416870
v -593.122070 2742.885254 427.279663
v -575.234619 2715.312988 420.233887
v -547.415039 2686.485840 405.066528
v -589.484619 2733.850586 444.280151
v -573.548706 2704.467529 436.691528
v -548.399048 2671.753906 424.653076
v -518.609863 2641.494141 407.641113
v -519.222290 2660.692383 388.034058
v -570.560791 2696.072266 454.194092
v -545.716431 2662.432129 442.956055
v -512.328125 2631.086914 425.907471
v -474.546875 2605.980957 402.669678
v -483.781494 2616.697754 383.966431
v -536.731690 2657.818359 461.123779
v -501.238403 2627.630615 443.989502
v -462.503540 2604.368164 421.110718
v -423.945191 2583.229736 394.682617
v -436.522827 2584.955078 375.442261
v -485.930786 2631.034668 461.085693
v -448.264038 2609.483887 438.830322
v -409.705322 2588.421387 412.119995
v -369.770874 2571.706787 386.097290
v -383.157593 2564.298096 368.194092
v -430.118897 2620.730225 455.165283
v -393.550903 2599.861572 428.863403
v -356.669434 2588.425293 400.040283
v -314.408447 2576.312500 381.409302
v -325.732666 2558.087402 365.249756
v -375.703003 2620.510986 443.602905
v -342.866333 2612.146484 412.528076
v -302.640625 2600.714355 396.588989
v -258.463623 2587.809814 392.931030
v -266.582886 2563.830078 374.657227
v -328.315186 2638.104736 424.879761
v -291.890991 2627.394287 409.890503
v -251.530762 2614.676514 406.245605
v -206.726074 2604.100586 401.994263
v -210.249024 2577.727051 389.913330
v -282.251465 2656.070312 415.106567
v -244.074463 2644.223877 410.364868
v -205.353638 2635.572266 404.167114
v -167.369263 2635.053467 397.821289
v -163.359497 2604.442383 397.346680
v -239.124756 2674.484863 403.107056
v -204.094727 2667.101318 396.926514
v -170.193848 2665.489258 391.516724
v -136.379456 2672.637207 396.959961
v -131.105225 2642.598633 401.445801
v -204.152954 2696.275146 381.991699
v -171.832642 2694.331055 378.448730
v -139.089844 2701.863770 384.602173
v -104.234070 2718.002197 400.200684
v -101.491577 2689.266113 413.013428
v -172.746826 2718.200195 356.788940
v -140.048035 2726.058350 361.551880
v -105.370239 2743.145996 375.289673
v -63.896057 2762.142578 393.154053
v -60.687866 2733.261230 420.576660
v -139.792175 2741.931641 327.723145
v -105.083862 2759.734375 337.611450
v -67.506653 2781.526855 350.609985
v -26.239136 2804.266113 360.480713
v -17.709046 2781.974854 407.180176
v -102.316651 2765.721680 290.310791
v -65.569885 2787.461914 297.210205
v -27.069946 2809.312500 304.004761
v 14.575439 2828.361084 305.673462
v 20.405334 2823.188232 361.336426
v -56.200256 2780.102539 240.280273
v -16.636109 2797.852539 241.207764
v 21.815552 2813.432129 240.876709
v 65.446167 2818.254639 231.098755
v 61.418457 2834.282715 294.201172
v -5.393128 2776.092529 178.775269
v 36.040710 2784.693359 169.443359
v 76.874878 2786.632812 158.007690
v 120.230774 2787.649170 153.881226
v 111.459167 2817.106934 221.053955
v 34.442383 2751.741211 106.062866
v 79.605408 2752.316406 90.574829
v 123.606140 2755.118164 88.469482
v 168.310974 2753.386719 91.485596
v 165.661011 2784.355225 154.766846
v 73.645691 2720.057373 36.115112
v 123.344543 2720.054199 24.504395
v 167.823974 2720.313965 28.406006
v 208.867370 2712.628174 36.191772
v 208.596130 2743.870117 97.249268
v 115.010315 2685.848633 -24.684204
v 165.291015 2682.417969 -32.173828
v 207.883911 2677.363770 -23.553955
v 242.772034 2664.819824 -9.752563
v 242.185425 2697.699951 47.250000
v 152.693176 2638.098633 -65.696777
v 201.114746 2634.806641 -71.934326
v 240.079468 2626.559570 -59.120361
v 271.779053 2645.815430 7.836060
v 188.128113 2576.133301 -85.451782
v 231.845398 2571.216309 -81.818848
v 178.596313 2516.887207 -77.998047
v 225.120361 2512.721436 -74.912720
v 170.679199 2464.570312 -51.841919
v 216.462097 2460.828613 -50.243896
v 254.477295 2464.173340 -39.126465
v 279.690918 2477.699707 -11.444458
v 207.553223 2414.097412 -14.597168
v 243.071472 2418.726807 -7.535034
v 202.379028 2386.925781 42.940186
v 231.615967 2393.783691 46.746216
v 205.703369 2386.030273 114.980225
v 230.939087 2398.262695 117.946411
v 206.567505 2419.024414 191.482910
v 227.062744 2432.996582 190.645508
v 240.672058 2456.636230 184.111084
v 252.733642 2487.835938 174.141235
v 214.847778 2483.391113 252.231201
v 226.953247 2503.172607 242.292236
v 239.238525 2529.724365 227.759399
v 213.754272 2549.655762 294.462524
v 225.004639 2572.495117 279.373291
v 239.000061 2606.838135 257.969604
v 253.080444 2567.378906 207.612183
v 266.021606 2529.098389 156.860718
v 265.677307 2612.354248 182.463623
v 277.703979 2574.480225 132.787109
v 286.804138 2538.424316 82.767700
v 284.116516 2615.939941 106.346924
v 292.036987 2579.946777 57.211792
v 289.762329 2503.804199 31.500854
v 283.444641 2650.639648 81.858154
v 289.968384 2616.891113 30.499512
v 268.497192 2678.702881 61.669678
v 274.087829 2686.806152 135.811768
v 262.054260 2712.665039 118.845581
v 239.166443 2729.578369 106.922119
v 252.458740 2746.630127 178.627808
v 231.838623 2762.282715 168.293945
v 203.673462 2774.931152 159.908691
v 216.941162 2793.041504 229.839966
v 191.812866 2803.006348 223.082764
v 156.931030 2811.612549 218.741333
v 180.089844 2821.476318 286.532471
v 148.799866 2827.813477 281.258789
v 107.368469 2833.033691 283.111938
v 148.554565 2823.058105 332.158203
v 111.355957 2827.555176 333.766357
v 68.310242 2827.924072 346.241455
v 119.457092 2791.752930 376.334961
v 79.318298 2791.410645 387.352295
v 33.430603 2794.032959 405.929321
v 82.956299 2745.808594 421.380615
v 39.327270 2749.858398 437.143921
v -12.553955 2748.329834 439.306641
v 37.321045 2705.779053 456.739014
v -12.532593 2710.889648 458.106567
v -59.647339 2702.208008 434.201294
v -12.672669 2676.231445 462.245117
v -56.696289 2671.769287 435.199463
v -94.576477 2660.942383 414.366455
v -47.170838 2641.692383 422.896606
v -83.538147 2633.256104 403.759277
v -121.945313 2615.113037 396.504395
v -72.961304 2603.179199 380.347412
v -114.528565 2587.462646 379.118042
v -159.659668 2575.059082 385.003174
v -111.132568 2557.531494 353.271973
v -159.783081 2551.874512 361.785156
v -213.956909 2555.190918 369.721924
v -168.813233 2529.445801 332.580322
v -221.469727 2535.472412 344.354370
v -275.584229 2544.860352 353.356567
v -234.390503 2520.902832 316.668701
v -286.129151 2533.397949 331.226074
v -336.970947 2548.217773 346.163330
v -299.684448 2529.128418 306.179810
v -349.470581 2546.390381 324.813110
v -395.295166 2565.778076 347.635864
v -363.961914 2552.964844 298.733521
v -407.527832 2574.465820 324.682373
v -447.539429 2594.598389 354.958740
v -420.692383 2590.179688 300.617432
v -458.357544 2610.829102 333.308105
v -488.574097 2636.323242 364.794434
v -467.697266 2637.064697 310.708130
v -491.754761 2662.342773 343.427856
v -518.753906 2685.457031 366.402222
v -493.865967 2691.441895 321.452515
v -519.541626 2712.079590 345.313965
v -491.613526 2717.043457 305.039673
v -518.961670 2735.602539 330.467896
v -486.722901 2737.902344 295.229858
v -516.285523 2755.476562 320.970581
v -549.637329 2768.599121 346.594849
v -510.884644 2772.977783 316.437744
v -545.938477 2785.614746 343.668335
v -580.267212 2790.371338 375.643555
v -538.873291 2799.937988 347.190796
v -572.984985 2803.904785 381.360596
v -586.321900 2802.181641 414.699951
v -594.575806 2787.672363 409.574097
v -586.690186 2797.972656 439.013916
v -595.830200 2782.177246 434.119019
v -581.812500 2791.973389 458.317505
v -592.020386 2775.784668 453.627930
v -594.345337 2756.304688 449.195679
v -585.581665 2769.430176 470.306152
v -588.776245 2749.928711 465.911987
v -584.571045 2726.098145 460.960938
v -581.968750 2745.019043 481.446289
v -578.534546 2720.870117 477.485962
v -564.127564 2690.555664 472.084961
v -570.954956 2719.230957 492.868286
v -554.284668 2688.732666 489.016724
v -522.700318 2658.293945 477.667969
v -506.045899 2665.337402 492.278564
v -467.545410 2642.087158 476.531128
v -489.268799 2679.380859 506.258301
v -448.900147 2658.481445 491.865479
v -410.426758 2637.497314 471.034302
v -433.725952 2681.141357 504.245605
v -392.833862 2661.628174 484.240234
v -358.488892 2647.196777 455.229492
v -380.495972 2691.854492 487.207153
v -345.466919 2678.230957 459.537598
v -316.902466 2667.600342 430.287964
v -339.285645 2711.964600 453.438965
v -310.985108 2698.391602 425.017090
v -276.426880 2684.960449 408.961426
v -307.568115 2728.344238 412.950684
v -273.257202 2713.455322 397.025024
v -237.804688 2703.297852 388.774170
v -272.187744 2738.039307 379.308228
v -237.900269 2727.011719 368.698853
v -204.921021 2719.777832 360.476685
v -240.972534 2742.366699 342.495361
v -207.238037 2735.114746 332.411133
v -173.486817 2734.027344 326.004150
v -212.110596 2741.813721 300.224365
v -174.979492 2740.125488 289.041382
v -138.252014 2747.185303 285.990356
v -180.588623 2737.546875 252.417969
v -137.395996 2743.229004 240.965210
v -96.692688 2761.130127 239.098145
v -145.498657 2733.425537 203.356567
v -95.865845 2747.713623 191.651855
v -49.573731 2762.559814 184.285034
v -107.880676 2729.272461 154.591797
v -56.889771 2740.302979 139.588989
v -9.377503 2748.696777 124.324951
v -72.217468 2715.047119 103.368042
v -24.777100 2719.854980 82.543091
v 22.311890 2721.581543 60.068848
v -41.001282 2690.416016 49.802856
v 7.220520 2691.157715 23.418579
v 59.525757 2690.201660 -2.844849
v -7.465149 2658.871826 -2.522583
v 46.346313 2653.339600 -29.244019
v 101.026184 2644.522217 -49.333984
v 35.370117 2610.924805 -39.995850
v 86.936523 2595.072510 -64.063477
v 138.661804 2584.075928 -77.853394
v 74.435364 2544.442871 -54.557007
v 126.373352 2527.562988 -71.590698
v 69.115417 2496.974609 -26.126099
v 118.527954 2477.514893 -44.324951
v 69.530029 2453.353760 14.157227
v 116.191162 2434.715332 -2.871948
v 164.137329 2419.851562 -13.125366
v 121.759277 2402.814453 50.146606
v 165.550537 2390.734131 42.961060
v 136.385193 2392.211670 112.426025
v 174.795532 2384.251221 111.261108
v 154.629700 2418.109131 179.605957
v 182.648010 2416.092773 185.598999
v 157.090759 2464.710205 246.453979
v 179.400024 2464.594727 254.239502
v 199.657165 2469.475830 257.493896
v 169.023132 2514.660156 313.179810
v 188.032471 2519.898926 313.334961
v 202.431763 2532.190918 306.161377
v 174.875305 2563.536621 363.761963
v 190.346557 2574.019531 355.583008
v 201.359131 2590.295898 343.201660
v 201.205383 2641.060059 370.410034
v 211.549499 2611.020020 327.987549
v 213.033020 2675.555176 346.147095
v 224.765442 2643.713867 305.955566
v 224.470581 2719.241211 318.375854
v 238.617126 2686.615479 277.656006
v 252.578247 2650.824951 231.804688
v 244.578552 2726.788818 259.286377
v 260.325989 2691.183838 208.682617
v 273.215759 2653.036865 157.280029
v 261.294861 2722.977783 192.194702
v 244.219299 2756.867432 248.139893
v 236.224609 2779.600586 237.830811
v 201.907165 2815.696289 294.033936
v 196.012268 2804.534912 338.756592
v 177.815979 2814.722168 335.966675
v 197.327698 2763.989258 364.347412
v 178.092956 2776.227051 369.114502
v 153.505676 2785.686035 371.873169
v 173.480224 2729.452881 402.227905
v 151.418457 2737.418701 407.108154
v 120.846802 2743.218750 413.313599
v 141.096008 2689.617188 439.012329
v 111.772156 2693.058594 446.052002
v 77.584961 2698.312256 451.256348
v 104.920654 2660.846191 453.245850
v 73.516296 2666.614502 457.062256
v 35.436767 2672.926270 461.863281
v 72.560242 2641.388672 443.001221
v 36.894897 2645.908691 447.311768
v -7.737427 2644.922852 446.851196
v 40.085693 2616.650391 413.966187
v 2.481079 2614.421387 412.208740
v -34.244263 2610.265625 395.423706
v 15.841369 2574.140869 356.153076
v -22.470764 2571.267578 351.262817
v -65.670777 2567.684814 347.956299
v -25.788757 2535.370605 305.504395
v -72.234741 2532.336426 312.809204
v -119.294068 2526.634766 321.688354
v -89.702210 2499.557861 277.086182
v -139.511780 2501.897461 285.737793
v -186.648193 2510.101562 300.333740
v -160.845825 2485.309814 247.417480
v -208.237793 2497.702881 264.912354
v -252.229248 2513.920654 286.508545
v -228.561402 2498.826172 227.178833
v -272.601929 2518.249023 253.147095
v -316.915894 2535.208496 276.577271
v -290.591187 2534.043213 218.647217
v -334.388184 2552.490234 244.983887
v -378.851074 2570.526855 270.768921
v -347.494385 2577.544678 214.948853
v -391.337280 2596.405273 243.356079
v -433.280029 2616.019287 276.223511
v -397.319824 2623.844482 222.061401
v -438.291748 2644.548828 256.012207
v -471.212769 2667.612305 289.886475
v -435.734863 2670.495605 242.381958
v -467.205567 2694.581543 274.587402
v -428.445191 2693.074463 236.106201
v -459.582153 2716.656738 266.406616
v -417.158203 2713.547852 235.651367
v -448.361328 2735.062012 264.193237
v -478.746826 2755.690186 290.969971
v -434.668823 2750.530029 269.140747
v -467.012818 2770.250977 294.157959
v -501.841187 2787.467529 318.902832
v -452.205200 2783.804688 304.145752
v -489.393555 2800.249512 327.529053
v -528.446411 2812.701172 355.312866
v -474.421509 2813.306152 341.540771
v -562.139282 2815.847656 390.010132
v -574.974365 2814.784668 421.560913
v -552.376953 2823.336182 449.283936
v -572.690796 2811.016357 444.408203
v -541.718506 2814.281738 465.404419
v -565.523560 2804.880371 462.583740
v -534.164063 2801.448486 481.685669
v -557.640991 2795.822266 478.324951
v -575.312256 2784.975098 474.930298
v -529.340576 2786.843262 497.987305
v -498.240235 2785.195557 500.103027
v -498.794800 2762.442627 514.945557
v -530.528931 2769.210938 511.853760
v -502.875733 2804.924561 481.338745
v -462.602661 2804.530273 475.153809
v -458.151856 2779.166748 496.122803
v -510.260010 2820.294434 462.473511
v -470.472656 2823.366211 452.278442
v -426.211304 2819.214355 437.042480
v -418.853760 2798.310791 461.086060
v -519.120484 2832.733887 444.548828
v -479.085571 2835.033691 429.847534
v -435.339844 2829.979980 412.469482
v -392.134522 2819.790283 391.490234
v -383.059693 2808.583984 416.838745
v -445.718018 2832.492188 387.557739
v -403.847901 2820.848877 366.174805
v -363.221680 2807.894287 341.356689
v -350.880737 2806.415039 367.556030
v -458.796875 2825.447998 362.136475
v -418.549317 2812.244629 341.461426
v -380.125610 2797.413086 317.364380
v -344.220703 2779.397461 293.402466
v -327.265015 2786.441895 318.820679
v -435.348877 2798.100098 319.905029
v -399.527954 2781.338867 296.487915
v -365.551758 2763.569824 270.918945
v -330.667481 2746.573730 245.624878
v -309.589356 2758.559082 272.079346
v -418.628296 2765.150391 280.098755
v -385.673828 2746.462158 254.407349
v -350.377075 2729.646484 227.113770
v -310.189087 2715.787354 200.232056
v -292.095215 2732.792480 222.141968
v -402.952393 2730.519043 242.378174
v -367.197510 2712.749756 212.542114
v -325.710205 2697.416748 183.220337
v -279.526123 2684.581787 156.535400
v -265.473145 2704.517090 176.388428
v -381.279297 2694.287354 203.989014
v -337.833618 2676.791992 173.879639
v -290.943237 2661.193359 145.677002
v -244.343018 2649.874023 118.848511
v -233.449585 2676.881836 132.804688
v -346.038086 2654.011475 173.144531
v -298.954712 2635.931641 143.915283
v -252.542359 2620.519043 113.830688
v -202.749390 2615.697266 91.041260
v -196.252930 2647.728027 99.480713
v -304.797363 2609.992676 149.218994
v -259.254273 2589.534180 116.879028
v -206.303955 2580.309082 93.310791
v -152.996704 2583.337891 78.549927
v -151.740723 2619.845703 75.156006
v -262.640869 2558.210938 131.396118
v -206.707642 2544.385254 106.731689
v -150.847473 2545.626709 92.259888
v -101.929566 2546.875000 71.820190
v -105.536926 2585.971680 56.262207
v -202.306763 2514.468018 131.037231
v -146.256043 2513.201172 115.157715
v -97.674317 2511.679199 97.498901
v -53.255432 2505.164795 77.678589
v -57.939514 2542.868652 46.261963
v -137.513428 2492.574707 150.129395
v -88.887329 2490.381348 135.817505
v -46.306763 2478.458984 118.915039
v -6.208862 2461.415527 101.168701
v -11.958923 2492.208984 56.889160
v -75.209412 2481.561279 180.970703
v -30.874390 2469.473389 167.288086
v 9.724365 2449.281006 151.631592
v 51.268677 2427.860107 135.126343
v 33.646362 2439.084961 82.412109
v -12.602356 2472.241211 214.597412
v 32.561706 2455.191650 201.529663
v 77.918945 2439.759277 184.856079
v 122.049560 2423.615723 175.720215
v 94.000305 2407.826660 121.161499
v 52.900085 2480.920654 245.780884
v 97.568115 2468.393799 234.204956
v 133.442383 2464.749512 238.088135
v 100.214905 2514.415039 297.535645
v 128.439270 2514.430664 303.423096
v 149.015991 2514.497803 308.873291
v 114.475403 2564.160156 359.772461
v 134.774963 2563.151855 362.643188
v 155.064514 2562.173828 365.085327
v 121.228027 2603.850586 407.824951
v 140.172424 2601.344238 407.668457
v 119.526489 2633.330078 438.303223
v 137.644165 2629.831299 436.655273
v 128.938965 2655.644775 450.011353
v 148.838867 2651.636230 446.258423
v 164.003906 2685.086914 431.549561
v 183.335327 2677.523926 421.048340
v 194.834167 2663.218262 401.571899
v 193.412659 2718.440430 393.302979
v 205.423035 2700.978271 373.837402
v 212.322021 2746.350830 348.665771
v 100.730347 2637.013916 440.124512
v 99.222961 2607.489746 409.048218
v 73.086059 2613.095215 412.641724
v 85.944519 2566.608643 358.273193
v 51.530090 2571.176270 358.427002
v 64.076965 2520.473877 291.524536
v 19.836670 2530.524170 297.877197
v 5.304138 2494.954102 257.293945
v -41.377442 2500.625977 267.535645
v -59.141235 2481.401855 226.105469
v -108.930115 2481.726074 236.961670
v -124.524658 2482.568848 192.651855
v -178.217896 2483.196045 205.232178
v -193.525513 2492.181152 164.232178
v -247.897949 2507.594727 188.964355
v -259.019776 2529.968262 156.078613
v -303.883057 2556.485107 187.050537
v -307.954834 2583.328613 163.818237
v -352.395142 2604.814453 192.508179
v -350.990357 2630.260498 179.066162
v -396.730469 2649.132812 208.807373
v -391.572144 2672.645508 202.450317
v 76.626770 2419.344971 64.203735
v 26.197998 2471.404053 34.189819
v 25.062683 2517.076660 -3.283691
v -15.929077 2533.434082 21.024902
v 27.985535 2564.697998 -29.035156
v -18.067932 2578.218750 -2.259888
v -62.728760 2584.653809 26.447754
v -16.518677 2620.250488 -12.086914
v -63.697693 2623.468750 19.567871
v -106.704529 2623.007324 50.987061
v -55.880310 2659.570312 27.619629
v -100.768616 2657.869873 56.643433
v -146.472595 2652.531250 81.249756
v -87.711914 2687.216309 75.338867
v -136.283447 2681.788818 96.752197
v -185.953125 2676.336914 115.174683
v -122.595215 2707.901855 121.917358
v -173.076782 2700.882812 138.868652
v -220.118897 2699.251465 156.088257
v -159.400025 2719.434082 170.074951
v -206.370117 2717.875000 185.181885
v -250.149658 2722.846191 201.546875
v -192.231445 2730.503418 218.237915
v -234.168579 2735.297363 233.872681
v -273.263062 2743.719238 251.838867
v -221.001953 2741.087402 267.030029
v -258.671387 2748.716553 282.431641
v -293.987549 2763.226318 299.318970
v -247.868897 2748.889404 312.730469
v -282.296021 2762.711914 327.117310
v -315.496094 2784.086426 345.153076
v -274.789551 2754.788086 354.977783
v -308.579956 2772.743896 371.214722
v -343.131470 2793.947998 393.607056
v -306.261109 2754.199219 394.517578
v -338.292114 2773.989990 418.127197
v -376.788941 2787.564209 441.133789
v -336.876099 2745.783691 439.313721
v -373.549805 2758.085693 463.416748
v -414.937744 2769.088135 482.945679
v -374.403687 2724.155273 479.579346
v -416.247559 2737.160156 498.519775
v -459.350464 2751.145508 510.835449
v -422.678101 2708.564453 506.234863
v -465.528443 2725.112549 518.016357
v -504.667114 2739.802734 522.576172
v -475.415039 2700.036377 516.509766
v -536.245484 2750.775391 519.120605
v -573.410767 2742.486328 495.374512
v 1205.799286 3575.386230 1739.646484
v 1291.379455 3037.960693 998.624512
v 1209.457153 3448.111816 1795.953125
v 1366.913025 3175.061035 972.180664
v 1361.910156 3451.853027 1791.051270
v 1325.434509 3566.786865 1778.766846
v 1258.053741 3154.513672 946.834717
v 1216.045349 3010.889648 1064.442383
v 1190.368072 3567.457520 1759.524658
v 1175.187042 3558.900391 1719.697754
v 1196.049560 3568.684326 1714.357910
v 1227.565979 3569.983887 1712.369385
v 1230.181824 3577.554688 1748.809814
v 1227.496124 3574.270996 1774.836914
v 1265.300537 3034.727539 1000.172363
v 1274.790893 3012.639648 1019.642090
v 1301.978210 3025.017822 1011.114014
v 1328.496338 3048.645508 999.583008
v 1302.683868 3057.580566 987.503906
v 1271.298035 3062.647461 982.617432
v 1202.689575 3424.210449 1775.881592
v 1179.036346 3455.125488 1757.830566
v 1195.547760 3474.506348 1790.506836
v 1234.226532 3445.257324 1813.071533
v 1235.167053 3406.943359 1795.611572
v 1228.165039 3483.233887 1815.749756
v 1370.725921 3187.689941 987.471680
v 1353.398041 3200.596191 978.758789
v 1352.152588 3181.056641 962.224365
v 1355.185821 3152.678955 958.880127
v 1371.146515 3155.404297 973.884521
v 1378.474426 3163.746826 995.460938
v 1368.230926 3483.571533 1791.199707
v 1373.523041 3462.002441 1754.184570
v 1364.398529 3433.978760 1768.364502
v 1343.093109 3413.601074 1785.807129
v 1342.667206 3451.178711 1810.522217
v 1342.576019 3484.295898 1819.900879
v 1303.450287 3573.451172 1782.558105
v 1303.173004 3576.033203 1751.318604
v 1333.729614 3566.212158 1758.293945
v 1349.738769 3547.100098 1769.411133
v 1333.857696 3548.581787 1794.648193
v 1304.839172 3557.762695 1800.999023
v 1253.801239 3174.988525 949.656982
v 1220.466797 3148.956055 954.877930
v 1244.615723 3135.991211 951.186035
v 1271.552093 3127.584961 952.332031
v 1289.172851 3159.140625 945.204102
v 1285.017212 3185.539062 949.296387
v 1203.203888 3021.260742 1046.331299
v 1201.027923 3035.250244 1070.961914
v 1215.807983 3019.738037 1084.048340
v 1239.665985 3007.974609 1085.420898
v 1233.548950 3003.179443 1056.046875
v 1221.599701 3011.135742 1031.391357
v 1212.888580 3035.388184 1013.722412
v 1195.473144 3044.279785 1028.544189
v 1259.580719 2999.998047 1050.738525
v 1248.312378 3009.309082 1025.141602
v 1239.300140 3033.339844 1004.917236
v 1239.275452 3064.772461 984.462402
v 1208.806183 3066.979492 992.065918
v 1217.438324 3102.687256 967.364014
v 1193.397522 3111.734375 975.131592
v 1189.445282 3073.529785 1006.065674
v 1251.953430 3096.616211 965.825928
v 1287.640961 3091.615723 968.109619
v 1301.728149 3122.665039 955.335205
v 1320.677032 3086.826172 974.252441
v 1330.476349 3120.227539 960.288574
v 1333.450409 3153.328613 951.157227
v 1310.314026 3155.414062 946.882080
v 1331.275757 3183.413574 954.525635
v 1308.507721 3185.301025 950.364746
v 1331.331970 3206.678467 971.658936
v 1305.058594 3209.368164 966.289062
v 1274.662384 3206.550537 963.420898
v 1302.251282 3231.890625 991.035400
v 1268.264465 3227.313477 989.902588
v 1233.473602 3210.016602 997.039062
v 1237.663513 3192.112549 965.983398
v 1201.524505 3183.296143 1008.284668
v 1203.077789 3164.289062 974.011475
v 1187.933807 3144.951172 1024.634766
v 1184.644806 3124.478027 992.540039
v 1181.996277 3108.234863 1049.024902
v 1182.493255 3088.195068 1024.979980
v 1185.721191 3076.452637 1079.298828
v 1189.546600 3058.169434 1051.589600
v 1199.022919 3052.122314 1101.070557
v 1178.112915 3100.590820 1113.046387
v 1197.373108 3075.241211 1134.407959
v 1217.459991 3055.249268 1148.623047
v 1217.277862 3033.461426 1114.632080
v 1243.131561 3039.994385 1156.548340
v 1241.266113 3020.453613 1119.296387
v 1276.744354 3035.217773 1156.803711
v 1271.357117 3014.323242 1118.302002
v 1266.579132 3003.200439 1082.686768
v 1306.609527 3016.882324 1110.515137
v 1298.445434 3005.888184 1074.887695
v 1288.194488 3003.184326 1043.722412
v 1331.003174 3019.282227 1059.822266
v 1317.970459 3016.523926 1031.876465
v 1357.933441 3049.778809 1040.394775
v 1346.419678 3044.619141 1016.755127
v 1376.019226 3090.803223 1020.565186
v 1365.792145 3083.142578 998.678955
v 1347.187164 3082.530273 983.676025
v 1372.184234 3122.675293 982.379883
v 1354.810181 3119.181641 967.977783
v 1380.498932 3131.478516 1004.942627
v 1382.373535 3103.307129 1051.367188
v 1385.582031 3144.220703 1036.091797
v 1382.605926 3176.320801 1024.472168
v 1390.163940 3159.571777 1074.356689
v 1385.681335 3191.902832 1061.484375
v 1374.908325 3218.286865 1049.407471
v 1373.568664 3201.698730 1014.821045
v 1356.897003 3236.164551 1039.330566
v 1356.624420 3217.949219 1005.656250
v 1330.779266 3247.363525 1030.656250
v 1332.450226 3227.476562 997.177979
v 1298.838257 3253.333008 1023.644287
v 1327.259674 3267.468750 1065.692383
v 1294.202789 3274.143311 1058.996338
v 1259.373474 3270.846680 1057.351318
v 1263.817688 3249.104980 1022.375244
v 1225.955170 3255.238525 1065.411133
v 1230.745819 3231.161865 1031.071045
v 1196.238251 3230.465332 1078.114990
v 1200.853454 3204.885010 1042.966064
v 1177.515838 3198.104004 1098.241943
v 1185.263122 3169.761230 1061.983398
v 1166.739838 3162.624023 1121.964111
v 1175.907837 3132.610840 1085.160645
v 1171.811096 3130.040039 1147.426758
v 1170.006103 3197.471680 1160.539795
v 1175.307739 3163.516602 1184.777100
v 1195.959534 3134.789062 1203.263428
v 1194.232910 3103.416504 1168.091309
v 1219.359772 3110.217529 1218.951416
v 1216.401489 3081.602539 1183.601318
v 1249.609222 3096.625000 1227.549316
v 1244.742828 3066.191406 1193.272461
v 1285.288635 3092.965088 1228.304443
v 1280.791748 3062.593262 1194.675781
v 1322.289734 3096.895996 1222.220947
v 1319.138428 3065.699951 1188.014648
v 1313.419647 3038.123047 1149.832520
v 1353.201446 3079.776855 1171.682617
v 1347.521118 3053.040771 1132.729004
v 1340.251892 3032.349609 1094.028320
v 1372.588989 3081.428223 1110.984619
v 1366.289368 3062.482422 1072.383057
v 1387.466125 3119.234375 1090.254639
v 1377.293121 3104.633301 1152.708496
v 1391.197571 3137.604736 1133.362061
v 1392.889343 3175.794922 1116.173340
v 1390.070801 3161.654785 1177.755371
v 1389.445373 3197.056641 1159.680420
v 1381.214111 3231.105469 1141.111816
v 1385.766052 3209.523438 1100.896729
v 1369.125122 3258.205566 1123.755615
v 1374.068756 3236.599121 1086.295410
v 1350.918854 3277.628662 1110.023926
v 1354.596161 3255.587402 1074.462158
v 1323.755188 3290.745117 1100.378174
v 1348.226318 3304.681396 1146.259766
v 1322.625732 3318.024414 1136.594238
v 1291.308105 3324.056641 1131.944824
v 1290.956604 3297.279785 1094.343750
v 1258.394775 3322.659180 1132.870117
v 1256.564789 3295.303955 1093.960205
v 1227.936767 3311.569336 1141.225342
v 1224.014770 3281.913086 1101.483398
v 1203.950683 3291.796875 1155.346924
v 1196.166015 3260.574707 1114.683594
v 1187.857391 3263.603027 1174.681152
v 1177.876922 3231.331055 1135.636230
v 1181.946838 3229.250488 1197.949707
v 1195.342499 3290.174805 1214.909668
v 1188.732544 3255.102539 1236.064941
v 1194.077728 3219.392090 1257.041992
v 1187.628113 3194.234619 1219.956543
v 1210.202972 3190.089111 1273.801025
v 1205.433472 3164.869873 1237.560303
v 1232.049744 3167.567383 1286.802490
v 1228.340332 3142.154785 1251.110352
v 1258.484436 3154.032227 1295.013672
v 1256.347381 3128.154297 1259.553467
v 1288.995788 3150.491699 1297.489746
v 1289.134369 3124.013672 1261.109131
v 1321.327698 3155.056152 1295.442627
v 1322.985138 3128.023438 1257.248535
v 1351.092407 3166.710205 1289.355469
v 1353.695465 3139.914062 1249.039307
v 1354.914764 3110.032227 1210.293945
v 1374.590729 3160.490234 1236.332764
v 1378.085571 3131.853027 1194.856934
v 1385.011047 3187.929688 1220.539795
v 1372.734100 3186.014160 1278.186768
v 1382.876129 3213.344238 1261.829590
v 1382.078186 3248.075195 1240.630127
v 1384.316284 3221.929199 1201.192627
v 1376.088959 3283.408447 1218.824463
v 1376.775268 3256.230957 1180.158447
v 1366.690765 3312.959717 1199.902588
v 1365.460083 3284.255859 1161.340820
v 1349.352661 3334.565918 1185.831055
v 1366.702881 3338.881348 1243.621582
v 1349.534759 3361.558594 1232.523926
v 1324.390625 3375.346680 1225.374023
v 1324.137939 3348.116211 1177.270996
v 1294.754730 3380.834473 1221.732422
v 1294.284820 3354.367920 1173.710205
v 1263.786865 3377.206299 1222.213135
v 1263.120972 3352.175781 1175.649414
v 1235.420776 3363.771729 1227.692627
v 1234.498291 3340.694580 1183.549561
v 1212.392181 3341.878174 1238.876709
v 1210.875885 3319.217773 1196.988770
v 1195.878387 3312.691895 1255.309082
v 1208.614929 3362.838379 1281.165771
v 1191.945740 3333.820801 1296.119385
v 1184.093963 3298.450684 1315.957764
v 1188.034149 3277.270020 1275.616455
v 1187.281647 3260.562500 1337.611084
v 1191.732849 3239.940918 1296.849365
v 1201.946564 3229.268066 1356.343018
v 1207.301849 3209.747803 1314.097656
v 1224.403747 3206.784180 1369.896973
v 1228.790314 3186.848633 1327.193115
v 1250.868347 3192.012695 1379.077148
v 1255.396698 3172.473145 1335.785889
v 1281.141174 3189.658936 1381.578857
v 1285.724945 3170.972168 1338.625977
v 1312.735077 3197.461426 1378.503418
v 1317.115356 3176.997070 1336.567871
v 1343.027649 3211.781250 1371.120605
v 1347.374603 3189.804688 1330.548584
v 1366.071686 3231.723633 1359.992676
v 1369.811493 3209.589111 1319.428467
v 1378.793274 3258.382568 1343.434814
v 1381.014191 3236.778809 1302.632080
v 1380.439178 3292.666992 1322.579102
v 1381.445068 3271.797852 1280.714844
v 1374.290192 3328.221680 1303.944824
v 1375.986328 3308.014160 1259.403809
v 1363.743591 3358.567383 1290.350830
v 1373.989563 3347.558105 1349.094238
v 1360.630981 3377.736084 1336.302490
v 1340.572449 3398.948730 1327.295410
v 1345.534302 3381.417236 1281.370850
v 1313.697723 3412.313477 1320.221436
v 1319.408966 3394.394531 1274.405029
v 1283.372833 3418.601318 1315.045654
v 1289.404602 3399.501953 1270.231445
v 1253.423218 3416.194824 1312.760010
v 1258.984772 3396.160645 1268.694580
v 1227.043762 3404.977539 1315.392334
v 1231.783752 3383.572266 1271.667969
v 1204.638946 3384.465332 1323.441406
v 1224.282806 3427.282715 1359.440674
v 1203.759369 3407.299316 1367.125977
v 1188.931854 3380.407959 1379.219971
v 1189.164001 3356.238037 1337.244385
v 1181.716827 3348.331055 1395.462891
v 1181.543915 3322.068359 1355.843018
v 1184.924682 3313.334473 1415.836914
v 1185.031860 3285.171875 1377.491943
v 1199.397400 3282.764648 1435.725586
v 1199.554535 3254.454102 1397.556641
v 1222.878052 3261.260986 1450.362061
v 1222.727142 3232.612305 1411.912354
v 1249.532898 3246.447998 1460.170654
v 1248.899505 3217.825195 1421.739746
v 1280.068085 3241.906738 1461.475830
v 1279.114075 3214.236328 1423.432861
v 1311.381683 3246.745850 1457.157227
v 1310.331085 3220.638184 1418.958496
v 1340.685119 3258.469238 1449.896973
v 1340.578094 3234.202637 1411.096680
v 1362.412933 3277.197754 1439.351074
v 1363.677673 3253.874512 1399.729980
v 1375.086670 3302.549316 1425.768311
v 1376.636169 3280.116211 1384.349365
v 1379.256775 3333.729004 1409.664062
v 1379.891022 3312.664551 1365.948975
v 1374.062012 3367.861816 1393.578369
v 1377.835571 3355.817627 1453.756348
v 1372.463165 3389.126953 1437.900879
v 1357.485412 3418.649902 1424.281982
v 1359.594818 3398.257812 1380.330322
v 1334.947998 3440.353516 1414.250977
v 1337.574615 3419.525879 1370.665039
v 1306.903595 3454.297363 1407.331787
v 1309.764404 3433.026855 1363.381104
v 1276.674682 3460.471680 1403.359619
v 1279.382995 3439.520508 1358.320312
v 1248.227905 3458.701172 1402.493896
v 1249.977997 3437.964844 1356.607910
v 1223.448578 3448.545654 1405.235107
v 1246.134003 3479.300781 1449.790039
v 1221.190246 3469.339844 1451.926758
v 1200.916077 3452.166748 1457.568115
v 1203.502899 3429.909180 1412.030518
v 1186.602081 3427.887939 1466.833252
v 1189.727020 3404.443359 1422.256348
v 1179.792358 3398.857422 1479.199219
v 1182.900207 3374.441406 1436.253906
v 1182.584137 3366.985352 1494.428955
v 1185.724090 3341.545410 1454.024170
v 1197.293426 3336.861816 1509.932129
v 1200.117645 3311.311523 1472.187744
v 1222.439484 3314.049316 1522.197754
v 1224.173859 3289.673828 1486.171387
v 1252.445099 3299.175293 1529.726807
v 1251.759338 3275.478027 1494.713867
v 1283.745209 3292.124512 1532.724121
v 1282.285980 3269.818359 1496.427979
v 1314.128357 3293.723145 1532.470459
v 1313.318970 3272.848633 1494.200439
v 1341.108246 3303.967285 1529.382080
v 1341.438537 3282.837402 1488.579590
v 1360.596710 3322.616211 1522.882324
v 1361.755005 3300.826660 1479.991699
v 1372.364166 3347.630859 1512.597168
v 1373.884643 3325.294189 1468.519043
v 1376.005371 3378.504395 1498.237061
v 1369.035553 3368.198730 1557.179932
v 1374.174164 3400.716064 1541.410645
v 1369.804993 3434.125488 1523.932373
v 1369.891601 3411.255371 1481.812988
v 1354.844726 3461.541748 1510.399414
v 1354.827179 3439.580566 1468.156250
v 1332.874756 3483.628418 1502.891357
v 1332.482910 3461.060059 1458.686279
v 1304.378052 3499.022949 1499.604248
v 1304.578918 3475.274414 1452.959717
v 1272.543365 3505.454346 1497.573730
v 1274.408905 3481.723145 1450.196533
v 1242.145599 3502.229980 1496.920898
v 1271.108307 3523.250488 1547.074951
v 1236.947357 3521.536621 1543.983154
v 1208.345978 3511.161865 1543.042969
v 1215.928009 3490.803711 1498.057617
v 1187.605286 3492.781738 1546.395752
v 1195.236999 3473.589844 1502.433594
v 1172.945801 3468.273438 1555.038086
v 1179.959228 3449.439453 1511.093994
v 1164.650238 3437.306152 1568.496826
v 1172.166138 3419.422852 1523.787598
v 1165.291443 3403.487305 1583.822998
v 1174.164062 3387.113770 1538.062500
v 1179.591766 3366.308105 1596.808105
v 1189.074097 3354.508789 1551.876465
v 1205.692261 3332.890381 1607.444092
v 1216.591308 3327.876465 1562.796875
v 1238.640808 3310.688477 1614.645508
v 1248.583801 3310.461426 1569.646729
v 1273.748474 3303.172852 1618.940430
v 1281.590332 3303.010498 1573.523926
v 1307.444549 3309.056152 1621.387207
v 1312.399048 3305.877930 1574.283447
v 1336.477508 3325.575195 1618.762695
v 1338.709869 3318.297607 1572.806396
v 1357.015259 3352.181152 1612.115967
v 1357.437927 3340.387695 1567.518799
v 1368.990051 3385.295898 1599.886230
v 1358.402923 3364.298828 1654.580322
v 1370.825806 3401.648438 1639.813232
v 1377.957855 3440.844238 1622.946777
v 1375.433960 3421.703125 1582.526855
v 1377.371551 3475.797852 1607.858154
v 1373.493622 3456.061035 1564.767822
v 1363.961609 3502.285400 1598.477295
v 1358.837677 3482.775391 1552.640869
v 1342.131164 3520.409180 1594.262451
v 1336.738037 3504.591797 1547.397705
v 1309.158752 3529.743652 1594.959229
v 1306.320495 3518.424316 1548.233154
v 1269.915527 3533.609375 1594.009033
v 1309.336639 3540.160156 1638.533691
v 1267.874359 3543.826172 1636.792480
v 1227.544250 3544.276367 1632.591309
v 1231.786774 3533.295410 1589.585693
v 1195.401337 3539.216064 1629.861572
v 1200.598114 3525.531738 1586.881348
v 1175.648071 3524.070312 1633.101318
v 1180.221527 3508.617432 1589.981201
v 1164.566131 3501.806152 1640.754395
v 1167.228332 3484.952148 1598.447998
v 1159.842499 3472.386230 1652.937988
v 1160.166595 3453.719238 1611.999268
v 1159.595550 3439.946289 1669.429688
v 1160.000793 3419.457031 1628.926025
v 1174.162506 3400.106201 1688.760742
v 1174.979309 3379.858887 1644.723877
v 1198.317779 3363.441162 1705.640381
v 1199.970795 3342.941406 1656.832520
v 1230.698334 3341.840332 1717.482910
v 1231.390289 3318.673340 1666.156738
v 1267.326965 3333.271484 1720.937012
v 1267.461975 3310.912842 1669.912354
v 1303.957245 3337.196045 1717.759521
v 1303.419556 3317.492188 1669.210205
v 1336.083893 3354.999756 1708.573975
v 1335.116089 3336.004883 1664.132324
v 1359.503021 3381.460205 1694.784668
v 1340.399872 3380.574707 1750.636230
v 1361.806946 3404.877441 1733.116699
v 1373.624695 3439.290283 1716.204834
v 1372.461975 3418.938965 1678.218262
v 1377.422882 3475.332275 1704.856689
v 1378.685516 3458.187500 1664.097412
v 1373.756256 3506.753906 1696.545410
v 1377.662109 3492.440918 1653.289551
v 1361.033447 3531.912598 1689.490479
v 1364.770752 3519.301025 1645.161377
v 1339.432861 3545.841064 1683.620117
v 1341.797088 3534.182617 1640.501953
v 1306.976562 3551.606934 1678.691895
v 1336.701904 3557.732910 1722.826660
v 1304.051453 3564.244629 1715.898926
v 1265.228638 3568.413086 1712.624512
v 1265.805847 3555.428955 1675.201172
v 1224.931213 3556.819336 1673.171631
v 1193.743347 3553.885986 1673.103027
v 1173.891876 3541.167480 1675.683350
v 1167.908935 3540.928711 1726.577393
v 1164.108703 3520.666016 1682.970703
v 1167.117279 3516.456543 1734.876709
v 1161.521911 3494.446289 1692.932129
v 1168.793793 3488.409180 1744.703857
v 1161.928497 3464.207031 1706.744141
v 1174.668548 3426.481445 1726.246826
v 1199.225464 3393.252930 1746.809814
v 1231.928223 3371.546875 1761.896973
v 1272.473389 3399.336426 1802.439697
v 1269.814209 3361.402344 1767.895264
v 1310.463318 3402.422363 1797.625244
v 1308.294037 3364.224121 1763.702393
v 1271.873627 3443.159180 1822.837646
v 1308.761444 3444.210205 1819.489258
v 1267.374054 3484.505371 1827.733643
v 1305.573791 3482.757080 1828.661621
v 1265.673096 3517.605957 1822.024658
v 1305.019348 3514.157227 1823.475098
v 1341.718719 3509.440430 1815.668213
v 1304.987732 3538.588867 1813.307129
v 1339.302215 3530.196777 1805.786621
v 1359.616302 3527.926758 1778.186523
v 1366.541229 3506.769043 1785.526123
v 1367.692688 3519.254883 1738.980469
v 1374.177643 3492.715332 1745.633301
v 1356.427460 3541.431152 1731.861328
v 1266.246582 3544.093750 1812.298340
v 1266.892090 3563.962891 1798.932861
v 1223.972870 3563.147949 1791.738525
v 1266.616455 3576.941406 1778.932617
v 1222.222046 3542.941406 1803.640625
v 1184.385925 3532.082031 1777.475830
v 1185.367248 3552.914551 1769.242188
v 1223.441315 3515.536621 1811.236084
v 1187.063202 3505.770508 1784.601318
v 1266.719574 3578.456543 1749.360596
v 837.434711 3228.137939 984.383545
v 836.390369 3056.036621 1072.275146
v 920.929592 3069.307129 1036.464355
v 968.709961 3669.255371 2045.651855
v 1038.384704 3614.958496 2005.970459
v 872.955780 3715.886230 1973.877930
v 854.499618 3603.307617 2026.203857
v 1011.908707 3144.373047 989.006104
v 854.464073 3226.864258 971.406738
v 859.296940 3252.601562 983.371826
v 834.161209 3243.212891 998.874512
v 827.157604 3208.616211 992.894287
v 847.606537 3201.944824 974.660400
v 822.403271 3224.744873 1014.004150
v 852.555229 3047.160645 1071.443604
v 847.974747 3070.181885 1049.309082
v 831.397007 3072.899902 1060.029297
v 820.922573 3078.168945 1075.579834
v 832.536968 3054.512939 1092.914062
v 853.184910 3043.478760 1094.223389
v 934.494800 3086.602539 1021.833252
v 905.586651 3097.213379 1016.515869
v 895.497778 3069.617920 1037.945068
v 930.121746 3055.567139 1050.502686
v 957.888672 3072.245605 1035.866211
v 900.469637 3047.375977 1059.587891
v 950.279701 3673.666016 2047.197754
v 957.163376 3694.703613 2032.954346
v 981.921020 3678.853760 2035.761230
v 974.537369 3649.109131 2052.415039
v 947.091049 3651.200684 2055.594971
v 995.397652 3657.394531 2041.863770
v 1027.814041 3609.976074 2029.771973
v 1019.490097 3642.204102 2032.566162
v 1031.989670 3643.838379 2007.921875
v 1041.651794 3597.865723 1985.044189
v 1031.775345 3572.272949 2002.419189
v 1040.524567 3629.317871 1972.740723
v 856.967641 3709.034668 2002.071533
v 837.901790 3707.913086 1956.678467
v 863.071847 3711.769043 1949.376953
v 898.413212 3709.998535 1942.291992
v 897.673199 3717.321289 1981.993652
v 890.796591 3712.030273 2011.960938
v 879.827453 3597.458496 2043.646729
v 874.487346 3561.645996 2027.192871
v 844.395786 3585.213379 2006.664307
v 824.975963 3618.304443 1986.595947
v 846.644062 3629.960449 2023.285645
v 878.485214 3630.919922 2045.865967
v 1004.121139 3120.027344 1002.561279
v 1028.108414 3121.163330 1021.468750
v 1032.520370 3154.203125 1002.681885
v 1013.414978 3183.765625 978.586182
v 994.734413 3159.947998 977.249023
v 976.348488 3136.257324 987.817139
v 959.210861 3182.359619 965.425293
v 941.312256 3154.469727 978.300049
v 923.016415 3125.368408 996.273682
v 956.781769 3110.047852 1004.076416
v 983.152336 3095.475342 1017.984863
v 977.147270 3066.543457 1056.620117
v 1005.695312 3092.046387 1037.911377
v 994.517212 3071.360840 1083.254639
v 1023.911117 3101.115723 1064.223389
v 1041.650894 3136.456543 1046.236816
v 1033.382370 3117.427734 1098.880127
v 1048.553619 3156.412598 1078.916260
v 1047.305450 3197.812500 1054.702881
v 1041.532699 3175.916992 1023.993164
v 1029.475494 3232.772461 1029.099854
v 1023.849350 3208.839111 997.751709
v 995.148147 3256.637207 1009.974854
v 986.262497 3231.899414 980.078369
v 974.698418 3207.421387 964.122559
v 939.257149 3248.965332 971.073242
v 927.901169 3222.766113 957.441406
v 916.179584 3194.515869 961.353516
v 886.143827 3226.958984 960.783447
v 877.566090 3198.185547 965.263428
v 866.676960 3168.013672 980.737793
v 900.951219 3164.250488 976.395020
v 856.244005 3135.432373 1002.833984
v 885.792092 3132.152344 997.162109
v 849.130106 3102.175781 1026.736816
v 874.498577 3100.658691 1019.639404
v 870.136232 3069.594727 1042.301514
v 873.698644 3046.012695 1064.611084
v 876.136572 3038.732422 1089.120605
v 906.716850 3038.232910 1081.701660
v 878.068430 3041.868408 1114.708740
v 912.713688 3039.317871 1109.714355
v 956.534096 3048.991699 1100.723389
v 944.423370 3046.735352 1073.000732
v 920.008438 3047.447754 1143.199707
v 965.458809 3058.459473 1134.222900
v 1005.187958 3083.685547 1117.214844
v 972.039520 3075.784668 1172.516602
v 1009.638016 3102.112305 1155.733887
v 1037.106827 3137.191895 1137.028809
v 1011.991516 3124.589600 1194.067627
v 1038.623566 3158.976074 1175.453613
v 1052.799820 3200.332520 1155.718750
v 1052.303406 3178.186523 1116.187012
v 1052.137497 3244.255371 1133.526367
v 1051.313202 3221.520752 1092.183594
v 1034.997986 3280.438232 1108.755859
v 1033.407699 3256.520020 1067.383057
v 1004.765121 3306.598145 1088.452393
v 1000.720306 3281.542725 1048.241211
v 965.155891 3325.381836 1076.112305
v 958.166138 3300.394043 1035.602539
v 949.646545 3274.354248 999.502686
v 913.941196 3310.942383 1033.268799
v 904.151794 3283.306641 997.914307
v 894.651985 3255.421143 972.635742
v 867.060225 3279.692871 1007.604980
v 877.174962 3308.407715 1041.112305
v 849.047399 3295.397949 1053.243896
v 840.768654 3268.961182 1021.195068
v 833.327564 3272.565674 1067.633545
v 826.888725 3250.283447 1036.753662
v 823.723854 3239.927246 1084.061279
v 823.162681 3219.607910 1053.296143
v 820.635944 3198.208496 1028.074219
v 813.338882 3180.652832 1072.286377
v 814.113331 3163.361328 1045.617920
v 818.900089 3150.194336 1025.989746
v 823.686104 3182.762695 1005.069580
v 832.990196 3140.133301 1011.831543
v 840.145496 3173.323242 988.861084
v 815.910675 3111.789795 1052.722656
v 828.641205 3105.342285 1037.855957
v 809.527237 3122.962646 1071.093262
v 815.422050 3088.475586 1097.252441
v 806.261291 3138.928223 1099.343018
v 813.360325 3103.055664 1127.014160
v 829.954059 3077.816406 1142.913330
v 830.379833 3063.862305 1113.805420
v 852.973696 3060.952637 1148.013184
v 852.879835 3049.422363 1117.894287
v 882.278544 3050.540527 1146.892090
v 855.080036 3076.915771 1184.329590
v 887.237663 3065.060059 1186.283691
v 927.565887 3062.857422 1182.527344
v 892.898395 3086.798828 1227.383057
v 933.567642 3086.661621 1223.348877
v 976.366264 3099.286865 1211.874756
v 940.257332 3113.732910 1262.747559
v 981.184532 3125.393555 1249.483887
v 1014.565521 3148.707031 1231.956299
v 987.226387 3153.988770 1285.879883
v 1017.461838 3175.205566 1270.737793
v 1039.182602 3205.131836 1255.105713
v 1039.329971 3181.263184 1214.649902
v 1044.102173 3244.764648 1237.544922
v 1049.747848 3222.009766 1196.890625
v 1035.931198 3285.812256 1216.269531
v 1045.764145 3264.687744 1175.718994
v 1021.904999 3321.553711 1193.111572
v 1029.345672 3301.023438 1151.592285
v 1000.429352 3346.837646 1173.959961
v 1003.563553 3327.388184 1131.669922
v 968.758064 3361.963135 1163.387695
v 967.539047 3343.894775 1120.529053
v 932.658161 3368.853516 1160.423584
v 928.500946 3351.731934 1118.458008
v 922.840805 3335.710938 1073.827881
v 891.742479 3349.672852 1122.865723
v 885.459509 3333.230957 1080.108887
v 861.344984 3335.804688 1131.155029
v 856.356690 3317.238281 1091.266846
v 838.683147 3311.166504 1143.656738
v 837.646232 3292.005371 1104.361816
v 819.778732 3277.997070 1159.538330
v 821.425220 3258.784668 1120.955078
v 805.834083 3240.822510 1184.219482
v 807.085827 3218.633789 1144.588379
v 811.358200 3199.471924 1106.060303
v 800.398949 3177.716797 1173.142090
v 803.733116 3157.261963 1135.073730
v 810.451588 3142.799072 1198.334961
v 811.943493 3121.225098 1161.446777
v 831.795578 3116.448486 1214.362793
v 830.499500 3094.892090 1176.660156
v 858.170622 3097.932617 1224.041504
v 835.724552 3144.162354 1255.389648
v 863.599670 3123.657959 1266.070557
v 899.653231 3113.366211 1268.287354
v 872.270102 3152.329590 1304.960449
v 909.396126 3143.098145 1305.422119
v 949.072204 3143.055664 1299.041260
v 919.071945 3174.223633 1339.164551
v 956.836525 3173.806641 1333.529297
v 992.496391 3183.687500 1323.625000
v 961.554008 3201.948730 1370.667969
v 996.169273 3211.957520 1363.431885
v 1023.221008 3230.995361 1352.167725
v 1020.740112 3203.218750 1311.050537
v 1038.716125 3259.722900 1336.167725
v 1038.552841 3231.860107 1295.825195
v 1039.764725 3297.524902 1315.381348
v 1040.661957 3270.158447 1277.293457
v 1032.848602 3339.421387 1291.913086
v 1032.712799 3311.334717 1255.130615
v 1022.250854 3375.319580 1269.134766
v 1020.794784 3346.878418 1231.633301
v 1004.902695 3402.655762 1250.991943
v 1001.363556 3372.411621 1212.347656
v 976.772041 3419.331543 1239.791992
v 972.244713 3388.353760 1201.352295
v 942.569511 3426.401855 1236.027832
v 937.427894 3394.931396 1197.624512
v 907.492275 3425.063477 1237.875244
v 901.751076 3393.171387 1200.653320
v 896.892723 3367.161621 1163.473877
v 870.156014 3381.906250 1209.476074
v 865.071105 3355.237061 1170.953613
v 844.945726 3361.637207 1222.066650
v 840.698919 3333.462402 1182.970215
v 826.348831 3332.905762 1240.391113
v 822.350315 3303.073486 1199.740479
v 817.755043 3299.634277 1263.691895
v 811.601993 3269.069580 1224.081299
v 818.476612 3264.702148 1288.698730
v 808.422001 3234.833984 1252.409912
v 800.934715 3204.212891 1213.762939
v 820.680981 3202.191895 1276.675537
v 813.503334 3170.935791 1238.254883
v 842.577474 3174.142090 1294.143555
v 831.286045 3231.662598 1311.280029
v 854.373827 3204.282715 1327.015381
v 883.849215 3184.156738 1336.784668
v 863.003661 3229.912598 1360.832520
v 890.959326 3209.815918 1371.012939
v 924.599869 3201.051270 1373.798584
v 893.389753 3230.553711 1407.793701
v 926.017811 3223.569580 1411.300781
v 961.872284 3226.515137 1409.652588
v 924.557663 3241.408203 1452.813477
v 959.827881 3246.472656 1451.180176
v 994.856529 3259.399902 1445.106201
v 996.531616 3237.317383 1404.119629
v 1022.343796 3280.185547 1433.640869
v 1023.752060 3256.645508 1393.087158
v 1037.518707 3309.382324 1415.654785
v 1038.566513 3286.059570 1375.846680
v 1039.720001 3346.397949 1392.216064
v 1039.818909 3323.566895 1353.037109
v 1033.799362 3387.414551 1370.270264
v 1033.605865 3365.520996 1329.724121
v 1025.435882 3425.272949 1353.967041
v 1025.138473 3403.468750 1309.138428
v 1006.733963 3454.844727 1342.518311
v 1007.814651 3432.293457 1293.551025
v 978.254425 3471.582031 1335.193115
v 979.476204 3449.083496 1284.573730
v 945.662849 3480.214355 1330.675537
v 946.253311 3457.249512 1280.743896
v 910.942654 3477.359863 1330.657715
v 911.502769 3455.382812 1281.917480
v 879.899350 3462.845703 1335.844238
v 879.981807 3441.848389 1289.788818
v 875.805097 3413.513184 1247.749756
v 854.987246 3418.251465 1303.290039
v 851.852772 3391.520020 1262.569580
v 837.120247 3385.951904 1321.410400
v 833.401909 3361.958008 1280.920166
v 826.600353 3349.689209 1342.156494
v 824.344177 3327.098145 1302.804443
v 829.443683 3311.490234 1364.071289
v 826.862209 3290.654785 1325.359863
v 843.615578 3276.978027 1383.396973
v 840.867525 3257.276855 1345.538818
v 865.976378 3249.559814 1398.112549
v 842.010755 3293.869141 1424.335205
v 864.528474 3266.261230 1438.930176
v 891.798651 3247.235840 1448.855957
v 862.243025 3284.467773 1481.646484
v 890.144680 3265.733154 1491.895264
v 922.810444 3259.856689 1495.713623
v 890.601410 3289.140137 1535.121582
v 923.114506 3283.065918 1538.221191
v 957.239456 3288.821289 1534.008301
v 957.728714 3266.226562 1493.035156
v 991.301163 3302.894531 1525.577637
v 992.269722 3280.833008 1485.662842
v 1019.048462 3323.752441 1513.256104
v 1020.286651 3302.115723 1473.730469
v 1035.118545 3352.326416 1496.164062
v 1036.212005 3331.063477 1455.799561
v 1039.762604 3387.059082 1476.089600
v 1039.572342 3366.947754 1433.749512
v 1034.389664 3425.306885 1457.986572
v 1033.541031 3406.334473 1414.039062
v 1020.962341 3459.995361 1445.245361
v 1021.972412 3441.974121 1400.518799
v 998.701446 3486.585449 1436.029053
v 1002.668045 3470.924805 1390.726562
v 968.527794 3502.915771 1429.640381
v 973.627159 3487.558594 1384.060547
v 934.603241 3509.899414 1425.149414
v 940.603241 3494.617188 1379.725830
v 901.035625 3507.132324 1423.585938
v 906.606617 3491.478027 1378.887207
v 871.415547 3495.341797 1425.775146
v 876.251515 3477.693848 1381.863770
v 847.008060 3473.765625 1433.003418
v 851.432392 3454.611328 1390.326904
v 854.181307 3438.179932 1346.144043
v 832.517891 3423.894043 1404.381592
v 836.013306 3405.540527 1362.633057
v 822.439792 3387.612305 1424.187744
v 825.243976 3368.557617 1382.718262
v 825.272503 3347.742188 1446.391846
v 827.645557 3329.236816 1404.829102
v 838.956386 3311.436523 1466.895020
v 824.462543 3369.371826 1487.419189
v 838.209770 3332.983887 1509.157715
v 862.381156 3307.136719 1524.481689
v 839.100046 3357.547852 1549.539795
v 864.071859 3332.565430 1565.649170
v 892.796501 3314.985840 1576.625244
v 867.120547 3359.135254 1604.188965
v 896.573339 3342.389648 1614.188232
v 929.848369 3336.361816 1615.599854
v 925.668159 3309.119629 1578.743652
v 963.959297 3340.118652 1610.733887
v 959.873314 3314.025391 1573.211426
v 995.255066 3350.870850 1602.818359
v 992.597839 3326.389160 1564.448242
v 1019.466034 3369.541016 1591.948242
v 1018.929947 3346.268555 1552.368408
v 1034.420715 3396.349121 1577.778564
v 1034.459656 3374.030762 1536.717529
v 1039.994125 3429.368164 1561.283447
v 1039.935837 3407.921875 1518.532715
v 1035.292251 3465.897461 1544.580811
v 1035.454559 3445.353760 1501.254395
v 1020.662231 3498.558105 1531.531494
v 1021.251175 3479.415039 1488.234375
v 996.436920 3523.672363 1522.264648
v 997.469025 3505.310059 1479.027100
v 963.150413 3540.072266 1515.775635
v 965.457771 3521.960205 1472.473145
v 927.017593 3547.187500 1511.887939
v 930.102497 3529.358887 1467.893555
v 894.230839 3545.392578 1511.020752
v 896.411695 3527.145020 1466.226074
v 866.428956 3534.597900 1513.573486
v 867.135450 3515.924805 1468.622070
v 845.287166 3514.311279 1520.868652
v 844.873369 3494.416016 1476.201416
v 829.402531 3487.571777 1531.900879
v 828.296947 3466.190918 1488.586670
v 829.398456 3443.911133 1446.297607
v 819.888069 3431.527100 1506.118652
v 820.035843 3408.607910 1465.315186
v 824.867313 3393.395508 1527.271973
v 822.085762 3454.399902 1547.314697
v 826.666550 3417.869629 1566.999268
v 841.382377 3383.395508 1588.096191
v 828.520676 3441.976074 1607.131836
v 843.699911 3409.223633 1626.010742
v 870.384906 3385.157471 1641.154297
v 843.495697 3432.451172 1665.291260
v 871.244472 3407.839844 1678.262451
v 904.583691 3391.426025 1685.586914
v 901.158491 3369.227539 1649.721436
v 938.596573 3383.926025 1687.822510
v 934.536716 3362.706055 1650.964355
v 971.227135 3385.543457 1686.662109
v 968.396103 3365.194824 1647.868652
v 999.307419 3395.508789 1682.881348
v 997.830826 3374.548096 1641.903564
v 1020.453018 3414.447266 1675.680908
v 1020.208114 3392.863281 1632.726074
v 1033.979370 3441.313965 1664.591797
v 1034.495590 3418.862305 1620.477783
v 1038.386795 3473.774902 1649.630859
v 1039.265838 3451.153320 1605.055908
v 1032.846451 3508.241211 1632.803955
v 1034.016220 3486.447021 1588.794922
v 1017.690506 3537.134033 1619.194824
v 1019.207626 3517.238281 1575.552490
v 992.814590 3559.065186 1609.720215
v 994.562294 3540.679688 1566.319092
v 958.923866 3572.411865 1604.530029
v 960.799675 3555.327148 1560.470215
v 923.332279 3578.595703 1602.164062
v 924.898128 3561.767090 1557.516846
v 891.826641 3577.830078 1602.007324
v 893.224361 3560.755371 1557.073486
v 865.711461 3568.410889 1605.230225
v 866.616198 3550.924316 1559.686768
v 845.838486 3550.752686 1611.936768
v 846.381805 3532.366211 1566.308350
v 831.228802 3526.616699 1621.590332
v 831.618706 3507.069336 1576.321777
v 823.936096 3497.209473 1634.237549
v 824.886272 3476.166016 1589.875000
v 827.591873 3464.166016 1649.573730
v 818.810860 3516.835205 1679.396240
v 822.331642 3482.778320 1694.098877
v 839.785381 3449.728760 1708.052490
v 815.678757 3497.132812 1739.969727
v 833.883877 3460.207275 1753.209961
v 864.172281 3429.398926 1762.644043
v 869.449712 3423.142578 1718.528320
v 899.961729 3408.363770 1768.983398
v 904.359886 3404.788574 1724.911865
v 936.721397 3401.508789 1772.744629
v 939.366157 3397.152344 1728.124756
v 970.506401 3406.824707 1774.000732
v 971.747192 3399.636963 1728.183594
v 998.476158 3422.268555 1771.390869
v 999.134079 3411.837891 1725.940430
v 1018.828262 3447.645020 1764.743164
v 1018.990616 3433.809082 1719.925293
v 1031.983505 3480.810059 1752.515137
v 1032.057831 3462.436768 1709.247559
v 1038.789307 3518.418945 1734.437012
v 1037.644394 3496.582031 1693.550781
v 1034.910950 3555.360352 1715.158203
v 1032.693100 3531.748291 1675.391602
v 1019.090057 3584.932861 1700.860840
v 1017.309265 3560.474854 1660.934082
v 993.643089 3607.723877 1692.155518
v 992.389999 3581.995361 1651.107422
v 958.692947 3622.815918 1688.749023
v 958.343490 3596.021484 1646.505127
v 920.723183 3628.319336 1687.540771
v 921.928341 3601.852051 1644.712158
v 886.573525 3624.510986 1687.583252
v 889.389953 3599.950195 1644.971924
v 857.471110 3612.486816 1690.775635
v 862.166536 3589.963623 1648.619141
v 835.905266 3593.086426 1698.255127
v 841.333017 3571.929688 1655.880127
v 820.365192 3566.703125 1709.648193
v 826.453022 3547.191650 1666.375732
v 812.399822 3533.877441 1724.334229
v 815.133812 3583.841797 1751.669678
v 806.942383 3549.089600 1768.376953
v 810.217796 3509.815918 1786.253906
v 804.260750 3564.489746 1811.170410
v 807.325283 3524.393311 1830.992676
v 828.193985 3481.979004 1847.917480
v 829.353515 3468.849609 1800.313232
v 855.560469 3446.003906 1861.699463
v 858.088834 3433.197266 1810.481445
v 890.150516 3424.762207 1870.435547
v 893.538637 3410.442139 1817.562744
v 928.789528 3419.062988 1873.208984
v 931.868023 3404.650391 1821.544434
v 966.401672 3426.871582 1870.305664
v 968.160194 3412.791260 1821.911865
v 998.882713 3445.859375 1862.401123
v 998.308555 3431.497559 1817.544678
v 1023.326904 3474.787109 1850.101807
v 1021.008026 3459.890137 1808.170654
v 1037.067612 3514.548828 1832.374268
v 1034.426453 3497.417969 1793.387451
v 1044.704742 3557.371826 1812.658203
v 1041.812698 3538.532959 1773.499268
v 1042.698181 3596.033691 1795.713867
v 1038.687546 3576.937988 1754.516113
v 1025.807419 3625.607910 1784.963867
v 1022.037582 3607.049805 1741.472168
v 997.994896 3645.557129 1781.534668
v 995.385063 3630.099609 1735.975342
v 959.550773 3656.998047 1781.377930
v 959.661796 3644.690186 1734.971924
v 915.059460 3661.284180 1779.817383
v 918.833336 3649.707031 1733.941162
v 875.873301 3657.910645 1776.602783
v 882.471219 3645.098145 1731.815430
v 844.974270 3646.007324 1775.841064
v 852.166590 3631.875000 1733.121826
v 824.220661 3626.011719 1782.133545
v 830.149773 3610.957520 1739.880615
v 810.926552 3599.596436 1793.689697
v 819.335834 3641.130371 1824.999512
v 808.817226 3615.893555 1835.810303
v 804.826630 3582.145752 1852.796875
v 809.318058 3634.260254 1878.260010
v 806.817718 3603.182129 1892.823975
v 810.584534 3567.570312 1914.174316
v 808.139313 3543.561523 1873.739746
v 830.185512 3528.448730 1937.756592
v 828.123005 3502.835938 1894.197510
v 858.870093 3496.034180 1957.562988
v 855.040969 3468.480469 1911.796387
v 895.459858 3476.735840 1969.082520
v 891.341020 3448.783203 1921.182617
v 934.388985 3468.613770 1971.628174
v 929.992679 3441.670898 1923.482422
v 972.081207 3472.934570 1964.965576
v 967.981270 3447.185059 1917.916992
v 1003.844864 3488.776611 1950.019531
v 1000.677536 3465.393555 1906.377441
v 1027.107193 3513.839355 1930.213867
v 1025.271530 3493.116211 1890.563477
v 1040.617828 3549.923340 1909.535645
v 1039.210556 3531.919922 1870.989258
v 1046.054458 3592.810547 1893.614990
v 1046.253982 3575.432861 1852.992676
v 1041.894836 3629.800049 1882.474121
v 1044.304733 3613.375977 1839.337891
v 1024.795807 3658.659180 1873.535645
v 1027.700455 3643.092041 1829.866943
v 994.876243 3672.364990 1868.020508
v 998.123810 3658.988770 1825.656006
v 952.813904 3678.548828 1864.856934
v 957.155052 3666.860840 1824.910645
v 904.647148 3682.547363 1862.759521
v 910.220013 3670.540039 1822.514160
v 863.740996 3682.492188 1860.881836
v 869.233907 3669.349365 1818.738281
v 834.842735 3675.539062 1862.087158
v 838.248016 3660.044189 1818.750488
v 817.295116 3658.471191 1868.310547
v 834.378639 3692.899902 1907.476074
v 817.700363 3677.736816 1913.062988
v 812.109768 3655.071289 1921.875244
v 824.980690 3695.270996 1962.529297
v 820.666767 3674.848633 1968.502686
v 820.312084 3649.082764 1975.304688
v 811.078209 3627.599854 1932.536621
v 815.204407 3594.086182 1950.979004
v 835.163917 3557.407715 1975.586182
v 865.344765 3528.359863 1996.410645
v 909.666515 3551.961426 2041.462891
v 901.316406 3510.537109 2011.445068
v 946.704208 3549.443604 2040.980957
v 939.639534 3505.830078 2013.166260
v 981.363968 3551.688477 2032.460938
v 976.387627 3509.183105 2005.215820
v 1011.037506 3558.345703 2019.991211
v 1007.573166 3519.457031 1988.965576
v 1029.712845 3539.011719 1967.766113
v 1041.924698 3570.971680 1947.484375
v 1044.460968 3610.914551 1933.494629
v 1030.516571 3659.607910 1964.144043
v 1036.850799 3645.380371 1923.865723
v 1013.637802 3686.328613 1954.639160
v 1019.754333 3672.922852 1915.523926
v 982.061279 3700.359375 1945.002441
v 989.422699 3685.927246 1907.831543
v 941.453468 3706.369141 1940.413086
v 947.570869 3691.977295 1902.853027
v 900.730783 3696.416016 1902.085693
v 860.522898 3697.674805 1904.592285
v 973.207352 3712.797119 1979.575439
v 934.707218 3716.891846 1976.810059
v 964.407310 3710.923828 2010.411621
v 928.226177 3714.940918 2010.004395
v 923.918129 3701.595703 2031.120361
v 885.734889 3700.928223 2027.391602
v 918.986961 3681.431641 2044.743164
v 880.818760 3682.991211 2037.513916
v 844.134504 3680.720703 2014.732910
v 848.671520 3697.710938 2009.759521
v 877.902214 3659.041992 2043.290527
v 842.573763 3657.514648 2018.728027
v 915.081024 3657.186523 2052.793701
v 913.435627 3629.338379 2057.224609
v 947.312828 3625.820801 2060.412354
v 949.567436 3591.546387 2057.752441
v 914.670421 3594.041748 2056.369141
v 978.271835 3626.575195 2056.632324
v 981.746818 3593.352783 2052.278320
v 1002.835724 3633.340820 2047.394775
v 1009.179657 3599.071777 2043.376465
v 1010.462234 3666.326172 2024.720703
v 993.380165 3692.996582 2015.814209
v 1004.998886 3694.902588 1989.007324
v 1022.388443 3668.185547 1998.771729
v 64.215515 3103.891602 1065.566162
v 232.186096 3796.765137 2026.202148
v 92.579101 3806.164062 1984.810059
v 278.092529 3685.842285 2044.791260
v 106.767761 3283.033691 937.197754
v 235.892822 3147.429199 993.071289
v 205.595337 3234.674805 932.741455
v 65.183166 3709.658203 2035.855713
v 88.195679 3094.810059 1056.416748
v 77.345520 3110.687988 1025.371338
v 52.678894 3121.171631 1043.137939
v 62.757812 3114.921387 1090.801514
v 90.174621 3101.882324 1094.212402
v 43.746704 3137.812988 1073.474609
v 239.300842 3781.651123 2042.507568
v 212.270080 3787.171143 2054.628418
v 208.202209 3805.804199 2026.942383
v 214.574463 3802.941406 1995.446777
v 240.522644 3794.773926 2003.420898
v 258.418396 3774.833496 2017.737305
v 83.259277 3800.069336 1960.559814
v 114.067322 3799.923096 1956.632812
v 117.784851 3808.322266 1995.270264
v 80.370605 3803.990723 2006.382324
v 59.425110 3794.727539 1966.714111
v 110.156494 3806.586914 2023.777588
v 259.217224 3685.188965 2066.845459
v 255.483032 3722.488037 2070.049316
v 279.934021 3719.830811 2039.149658
v 280.900146 3661.247070 2020.861328
v 257.397827 3642.799805 2043.909912
v 289.485046 3693.745605 2002.273926
v 139.154846 3285.324707 928.979980
v 141.475098 3314.100586 941.530762
v 103.693237 3304.622803 948.221191
v 64.120178 3277.099365 956.658203
v 91.203430 3260.306152 939.991211
v 121.297973 3251.737793 933.474365
v 239.541443 3167.152832 975.726807
v 204.067444 3158.114746 974.878174
v 206.284607 3132.094482 996.780518
v 250.874817 3147.567383 1015.833252
v 269.670898 3180.898682 998.536865
v 224.462707 3122.491211 1028.414551
v 208.632751 3211.495117 942.993408
v 243.896728 3225.653076 943.154297
v 226.896057 3252.958252 931.281494
v 198.839050 3272.800293 925.218262
v 181.478821 3240.591309 930.141357
v 174.471863 3210.714355 943.479980
v 88.550354 3703.501953 2059.280518
v 87.314514 3659.890625 2044.230469
v 54.931518 3689.568359 2012.799072
v 43.810425 3725.869141 1991.626953
v 58.796631 3742.724365 2027.700928
v 88.751770 3744.048340 2059.968018
v 60.342163 3771.431152 2022.184570
v 92.904175 3775.178223 2054.885010
v 135.406921 3774.319336 2068.763672
v 130.481811 3741.265625 2077.855225
v 129.180725 3698.402344 2080.331543
v 173.706299 3731.882080 2085.948486
v 175.534973 3687.006836 2088.142822
v 172.835144 3638.169678 2072.028564
v 128.194214 3646.287109 2068.039795
v 165.036987 3588.599609 2040.659912
v 119.558472 3599.167725 2034.748535
v 80.835693 3622.666016 2014.242188
v 49.066955 3657.754883 1985.385010
v 113.089905 3561.280273 1990.162842
v 74.306396 3587.971680 1974.113525
v 46.342224 3626.036377 1951.053955
v 30.671203 3666.715820 1923.368896
v 35.648743 3697.184082 1957.034668
v 70.424927 3558.255859 1927.247803
v 44.151001 3597.572266 1908.270020
v 27.135864 3640.939941 1885.773926
v 27.678406 3680.292480 1863.409424
v 30.980652 3703.088867 1902.549561
v 43.416443 3574.607422 1862.173828
v 25.299988 3620.200195 1843.786865
v 25.852905 3660.454102 1822.783203
v 35.733765 3695.829590 1805.027100
v 34.405945 3713.465576 1846.643311
v 26.414978 3602.876465 1799.570312
v 26.853882 3643.370605 1780.398193
v 38.268738 3679.432129 1762.973877
v 57.962280 3706.777100 1751.074951
v 53.287048 3722.076904 1793.562500
v 30.675049 3627.199707 1736.026367
v 42.214050 3661.588623 1720.401367
v 62.533508 3688.777832 1708.676025
v 89.968628 3708.103271 1702.021973
v 86.002563 3726.758789 1745.638672
v 47.146362 3641.631348 1676.665283
v 66.896606 3667.728027 1665.637939
v 93.422485 3685.685059 1658.722168
v 126.451599 3694.711426 1655.805664
v 124.562439 3718.812012 1699.896729
v 70.814514 3645.820801 1621.142578
v 96.121887 3663.648926 1614.299316
v 128.308105 3671.902832 1611.324463
v 165.957214 3671.751465 1611.395752
v 165.131409 3695.450195 1655.656494
v 96.217285 3645.682129 1567.413086
v 128.834656 3654.296875 1564.810547
v 167.181274 3654.413086 1565.073486
v 208.935181 3647.040527 1567.656006
v 206.908569 3664.444092 1613.614014
v 128.229492 3639.217041 1516.922607
v 168.093750 3640.032227 1517.712158
v 210.618408 3631.883545 1520.968262
v 246.984863 3614.562988 1526.618652
v 245.606079 3631.780518 1573.029053
v 169.335083 3622.504150 1471.748535
v 211.011597 3613.692871 1475.973145
v 246.313415 3595.802246 1481.532227
v 271.917480 3569.019531 1490.214600
v 273.006225 3588.646240 1535.492676
v 212.052185 3593.599365 1432.212158
v 245.358703 3575.989746 1437.989502
v 269.011108 3548.950439 1446.387939
v 282.570862 3513.315430 1458.741699
v 286.367615 3534.043457 1502.804932
v 246.799866 3558.207031 1392.842773
v 267.153625 3529.961914 1401.928467
v 278.998169 3494.273193 1414.733154
v 283.031677 3453.527344 1433.444092
v 286.249695 3474.148438 1476.144775
v 269.040405 3512.232910 1355.776123
v 277.466614 3475.315430 1370.578857
v 280.901428 3433.280273 1391.669434
v 274.746277 3392.984375 1416.794434
v 276.095947 3414.631348 1456.578125
v 276.500061 3454.258789 1328.129883
v 279.881042 3411.041504 1351.970703
v 274.175659 3370.386719 1377.554932
v 254.507812 3337.737305 1398.104736
v 253.706055 3360.424316 1438.033936
v 279.775390 3386.239746 1314.104736
v 274.605652 3345.296387 1338.521240
v 255.388672 3312.767578 1357.706055
v 223.247131 3291.740723 1370.342529
v 220.960205 3315.845215 1411.626953
v 275.503235 3317.237305 1299.014160
v 255.272827 3285.342285 1316.594482
v 223.374756 3264.227295 1329.318848
v 184.391662 3253.305664 1337.450195
v 184.058288 3280.325684 1376.803711
v 254.135925 3256.069824 1275.272217
v 221.321228 3234.160645 1289.113525
v 180.966064 3222.655273 1299.781006
v 140.233765 3221.951660 1304.654785
v 145.381225 3252.379395 1340.497803
v 217.934387 3203.531982 1249.996338
v 176.006531 3190.837402 1262.504883
v 133.896301 3189.026367 1267.885254
v 96.187012 3196.831055 1266.294189
v 103.972168 3230.421387 1302.600586
v 171.809814 3160.485352 1222.228760
v 129.113281 3158.012695 1226.168945
v 92.059570 3165.901611 1222.865479
v 63.197876 3183.857178 1212.359619
v 65.770386 3216.520508 1255.456543
v 126.459961 3130.623535 1181.692871
v 90.201599 3138.922852 1177.958252
v 62.734497 3155.090332 1168.546387
v 40.255127 3180.558594 1153.018066
v 39.841247 3209.354004 1196.068848
v 89.756470 3117.600586 1134.797119
v 62.672851 3132.379883 1127.718994
v 41.895630 3157.245117 1111.504150
v 30.025940 3193.427246 1087.340088
v 27.857178 3216.949219 1130.073242
v 33.188110 3171.329346 1049.043701
v 29.095154 3214.964355 1022.595703
v 28.280945 3238.477295 1063.178711
v 44.103760 3153.138184 1020.701660
v 38.312500 3194.003906 994.039551
v 43.941650 3237.886230 969.968750
v 34.900635 3260.968506 1003.381592
v 67.877502 3144.273438 1001.702148
v 63.190246 3183.405029 977.466797
v 71.594787 3223.299805 954.557373
v 96.932617 3179.956055 969.590332
v 104.952392 3216.381348 948.857178
v 134.548950 3179.598877 964.041748
v 139.818237 3212.962891 945.158691
v 151.149841 3246.575684 930.062256
v 167.202759 3281.894531 924.803467
v 215.002380 3302.447998 940.010986
v 177.402344 3313.781982 938.017334
v 223.563415 3328.395996 968.890381
v 183.343262 3340.642090 964.154297
v 139.897461 3339.995117 966.002197
v 187.296753 3365.209473 998.229980
v 140.825195 3364.721191 999.164795
v 95.407593 3350.125000 1008.959717
v 96.217590 3326.916504 974.084229
v 57.809204 3323.168457 1025.812256
v 56.321655 3300.063477 987.934814
v 36.031250 3284.987793 1044.665527
v 61.484009 3343.471924 1065.596680
v 38.827820 3305.979492 1086.225098
v 28.588684 3260.184082 1107.153076
v 41.660400 3326.833984 1126.139893
v 28.294556 3283.850830 1149.585938
v 25.591064 3243.455811 1173.865234
v 31.955688 3313.273438 1189.112793
v 28.892090 3275.773438 1215.567139
v 42.775207 3243.257812 1238.367920
v 36.024292 3309.775879 1252.740479
v 49.562744 3276.950684 1276.047363
v 73.193298 3249.571777 1292.699219
v 58.147461 3307.470703 1310.670654
v 81.395325 3280.211182 1326.787354
v 110.399109 3260.919434 1337.422363
v 83.731384 3303.845703 1363.764893
v 111.983093 3285.238770 1374.187988
v 145.664307 3278.113770 1378.085449
v 109.171753 3304.558105 1414.779785
v 142.919311 3298.969238 1418.874756
v 180.773804 3303.275391 1417.759033
v 139.658264 3317.073242 1462.480957
v 177.843384 3322.955566 1460.198486
v 218.943298 3337.475830 1452.319336
v 177.345154 3344.279297 1502.070801
v 218.663574 3358.978516 1492.429688
v 254.245605 3382.151611 1477.382324
v 221.595520 3381.519531 1531.634766
v 256.788025 3404.189453 1516.472900
v 278.380859 3436.360840 1497.020752
v 260.047790 3427.281250 1555.892578
v 280.940369 3458.660156 1538.326904
v 289.576782 3495.797607 1519.415771
v 283.053161 3481.444824 1581.118164
v 291.595642 3517.977051 1563.791992
v 287.968689 3555.273682 1548.108154
v 291.724792 3539.928223 1610.137207
v 287.472595 3575.871338 1594.970703
v 272.041870 3607.427246 1582.163574
v 286.388183 3597.362305 1641.424561
v 270.454040 3627.127441 1628.229492
v 243.621765 3650.086914 1618.789062
v 270.200867 3650.007812 1671.863281
v 242.939636 3673.068359 1662.135254
v 205.969482 3688.121826 1657.366455
v 243.717590 3697.826660 1704.665039
v 206.004516 3714.135254 1701.337158
v 164.480286 3721.166748 1700.632324
v 207.005859 3734.172852 1748.425049
v 162.736023 3740.793701 1749.149170
v 121.664551 3737.586426 1745.527100
v 160.482910 3751.137695 1795.708008
v 116.689087 3749.124512 1790.491455
v 80.854370 3740.447998 1789.248535
v 112.166565 3759.785645 1833.883789
v 75.503784 3754.006836 1831.976074
v 49.438598 3737.344971 1836.446777
v 73.161072 3768.735840 1874.592529
v 48.889099 3755.129395 1879.073242
v 35.842102 3733.631348 1887.990479
v 51.784729 3775.051025 1922.156250
v 38.953247 3756.117188 1929.666504
v 35.620361 3728.753418 1941.281006
v 46.557129 3779.410645 1973.099121
v 43.124267 3755.942871 1980.360107
v 66.901733 3792.362061 2016.591553
v 100.534363 3796.286133 2042.862549
v 144.141052 3808.921875 2026.898926
v 140.026794 3797.306152 2052.048584
v 178.898254 3809.125000 2027.370850
v 178.364868 3794.936279 2055.348633
v 176.420654 3767.680420 2074.047119
v 214.814270 3757.229980 2073.190918
v 215.780701 3722.349609 2084.516113
v 248.527649 3753.564453 2059.604248
v 220.975464 3681.969971 2081.792480
v 218.984863 3636.526367 2061.195068
v 250.430969 3601.325684 2012.468506
v 211.050598 3589.924805 2031.973389
v 245.022888 3568.679199 1971.564697
v 205.219299 3550.437500 1988.591553
v 158.766296 3548.308838 1995.250732
v 199.997803 3523.125977 1938.838135
v 153.720825 3519.636230 1943.830078
v 108.040893 3531.382812 1940.540039
v 151.871338 3495.513184 1891.062256
v 106.988403 3506.121826 1887.612061
v 71.238098 3533.793945 1877.151367
v 109.511169 3490.550781 1831.666016
v 72.358642 3519.514648 1824.871338
v 43.800537 3559.415527 1814.883789
v 76.377869 3514.516602 1775.071289
v 46.585144 3549.958984 1765.895020
v 30.813537 3588.888672 1752.488525
v 53.011536 3539.128906 1718.836914
v 37.435425 3573.801758 1705.164795
v 36.587280 3609.395020 1690.245850
v 43.486938 3555.668457 1659.106689
v 41.910889 3589.671387 1644.095703
v 52.121887 3620.391602 1631.329102
v 42.978210 3568.553711 1598.509766
v 52.388428 3600.270020 1584.867188
v 70.772034 3626.878906 1574.294434
v 48.144043 3580.259766 1538.893311
v 67.437805 3608.727295 1527.049805
v 94.148498 3629.234863 1519.513916
v 64.283996 3587.296143 1480.576660
v 92.035583 3609.932129 1472.217041
v 127.840149 3621.104980 1469.721680
v 93.119507 3588.106934 1427.060303
v 130.566833 3600.238525 1425.219727
v 172.496216 3602.155762 1427.787354
v 135.819397 3581.349121 1380.387207
v 177.426575 3583.992676 1382.819092
v 215.236450 3576.025635 1386.912354
v 183.238525 3568.725098 1334.150635
v 219.722961 3559.313477 1338.736572
v 250.104492 3541.398438 1345.437012
v 223.051514 3537.737793 1288.537354
v 252.153259 3519.917480 1296.904053
v 269.492798 3491.198242 1310.170898
v 253.011841 3491.919922 1250.770020
v 268.795166 3463.967285 1267.902588
v 276.401367 3428.772949 1289.604248
v 268.316040 3433.228027 1229.380371
v 277.168884 3399.274658 1252.356934
v 280.922119 3357.874756 1276.598389
v 278.776001 3368.847656 1215.338135
v 282.879822 3328.432617 1238.115967
v 276.330261 3287.767578 1258.521240
v 286.635742 3300.282715 1197.904297
v 277.248047 3258.934570 1217.470215
v 252.494385 3226.519287 1234.433350
v 277.515686 3232.584961 1176.152344
v 250.725708 3198.880371 1194.058105
v 214.635986 3174.322510 1210.644043
v 248.901428 3173.700195 1153.437988
v 212.397034 3147.965820 1169.333496
v 169.860962 3132.861328 1179.155029
v 209.554443 3125.366211 1126.202393
v 167.182434 3110.489746 1134.402100
v 124.593262 3109.234863 1136.682373
v 162.856384 3096.454590 1089.239502
v 123.401367 3095.387695 1092.629639
v 155.943786 3093.624512 1044.640137
v 119.966675 3091.187744 1050.196289
v 143.253174 3113.143799 1009.681396
v 108.783325 3109.273682 1016.614746
v 98.983581 3143.164551 992.129639
v 135.713623 3145.556152 985.320312
v 177.131897 3120.926270 1003.050049
v 171.151550 3150.691162 979.547119
v 171.405945 3181.424316 960.000000
v 207.553039 3185.137695 957.583008
v 248.127869 3196.482910 958.673584
v 275.789917 3218.207764 980.499756
v 268.330017 3252.145996 962.440918
v 287.517212 3242.653564 1016.034424
v 277.517273 3278.221191 995.585938
v 257.279175 3307.906250 978.025879
v 247.725708 3281.534180 947.353760
v 282.408325 3304.133545 1032.838867
v 261.445618 3332.831055 1015.495117
v 228.562927 3352.909668 1004.810059
v 263.396179 3356.779541 1055.573975
v 231.257934 3375.490234 1044.091309
v 189.705810 3385.714355 1037.628174
v 229.440552 3395.624268 1084.591553
v 189.793396 3404.356934 1078.283936
v 145.000549 3404.065918 1078.623779
v 143.296692 3384.858154 1038.603027
v 100.439148 3390.929199 1087.404297
v 98.323181 3370.553711 1048.358643
v 65.172790 3363.359131 1104.864014
v 101.720093 3414.106934 1125.263428
v 67.517395 3387.213623 1142.601807
v 44.947571 3351.623535 1164.340332
v 69.535828 3416.457764 1179.996094
v 47.854858 3382.395508 1202.060547
v 36.732910 3345.963379 1226.794922
v 50.832825 3414.483398 1240.516602
v 41.089416 3377.855713 1264.573486
v 43.319763 3340.895996 1288.892090
v 43.217407 3404.816650 1303.428711
v 45.595520 3366.370117 1326.761963
v 60.344116 3331.672119 1347.730225
v 42.534057 3387.242676 1367.332520
v 57.622253 3351.211426 1388.468750
v 81.180298 3323.323975 1404.290771
v 51.856018 3370.240479 1431.859375
v 76.322937 3341.975586 1447.979492
v 105.231079 3322.866699 1458.629150
v 75.395569 3365.207764 1492.510254
v 105.051391 3346.183838 1503.311523
v 139.165283 3338.904297 1506.021240
v 107.729126 3372.143555 1546.311768
v 142.610718 3364.372070 1548.646484
v 180.823120 3368.201904 1542.703125
v 148.255493 3391.391113 1588.288086
v 187.524048 3394.155762 1581.383057
v 227.106750 3406.014893 1570.098389
v 195.242065 3420.388428 1618.681396
v 233.262146 3430.803711 1608.882080
v 263.294189 3451.216553 1596.436523
v 237.954773 3454.444824 1649.461914
v 265.787903 3474.662598 1639.361084
v 284.327331 3504.222168 1626.066406
v 267.244629 3495.989990 1684.967773
v 284.828491 3526.456299 1673.036865
v 291.435913 3562.449707 1657.437012
v 283.690369 3547.669434 1720.123535
v 291.214844 3585.151367 1703.188477
v 286.490784 3620.654297 1685.770996
v 292.255554 3607.117188 1746.187012
v 288.155945 3643.978271 1727.518066
v 271.581055 3673.781494 1713.453369
v 291.074890 3665.538574 1768.439209
v 273.608520 3695.181641 1755.633301
v 245.829651 3718.397461 1749.281982
v 275.803467 3714.166016 1800.234863
v 247.725525 3733.465332 1795.611572
v 208.356750 3745.520996 1795.229492
v 246.901245 3747.530762 1841.065918
v 207.735840 3755.182617 1839.783447
v 157.657348 3759.960693 1838.560791
v 203.615906 3766.752930 1880.983643
v 154.480041 3771.058594 1878.026855
v 108.928528 3772.311035 1875.332764
v 152.068725 3784.138184 1916.106201
v 109.288574 3786.259277 1915.986816
v 74.575744 3784.543945 1917.764160
v 150.729797 3797.949707 1954.938477
v 190.613830 3794.174072 1956.242920
v 183.210510 3807.068604 1992.946533
v 149.025207 3808.523682 1993.802490
v 197.863342 3779.977051 1919.407715
v 234.434326 3774.963379 1925.349854
v 225.257202 3789.518311 1961.759521
v 242.115173 3761.109863 1884.682129
v 270.753845 3749.371582 1890.614258
v 262.275696 3765.420410 1932.669189
v 276.126465 3732.449707 1845.797363
v 294.422729 3704.311523 1855.461182
v 289.655701 3723.390137 1899.726318
v 293.828491 3685.209717 1810.989990
v 296.854858 3646.777588 1827.734863
v 297.843933 3666.509277 1869.475830
v 294.505859 3627.304688 1787.080322
v 285.763000 3583.979004 1807.083740
v 288.388489 3602.032715 1847.461670
v 283.630615 3566.694824 1765.193359
v 266.058899 3528.636230 1778.510498
v 268.004578 3541.007324 1823.535889
v 266.298218 3514.853516 1731.942383
v 240.214599 3489.973633 1738.014404
v 238.939941 3499.025391 1785.563232
v 240.465393 3474.713135 1692.535645
v 205.998413 3464.168701 1696.632080
v 205.877930 3476.772949 1740.333008
v 202.039673 3444.619141 1656.333252
v 161.179993 3443.870605 1660.638428
v 165.596557 3463.621582 1698.035156
v 154.964966 3418.466797 1624.881348
v 117.207703 3427.940918 1623.033203
v 121.942505 3454.391113 1658.442139
v 112.089538 3399.928711 1586.414795
v 80.442383 3419.163574 1575.150879
v 84.144958 3447.180176 1612.402100
v 77.165832 3391.484863 1535.237793
v 50.206543 3419.130371 1517.839111
v 52.897278 3446.580566 1557.278076
v 49.442322 3393.083984 1475.880615
v 35.289856 3430.712402 1452.462402
v 35.980347 3456.804199 1493.790527
v 37.031128 3407.538818 1409.650879
v 35.368225 3447.893066 1385.541504
v 31.775513 3470.897949 1428.176270
v 40.136719 3426.999268 1343.737061
v 52.858398 3465.983398 1321.245850
v 47.617187 3486.785156 1363.297607
v 54.670410 3442.464111 1280.536133
v 76.598511 3477.091553 1260.059326
v 74.648193 3502.517578 1301.779053
v 74.025207 3447.117432 1219.260498
v 106.719848 3472.231934 1202.529785
v 108.491272 3504.823730 1242.638916
v 103.982422 3441.075195 1163.429688
v 146.253174 3452.900635 1154.912842
v 148.117798 3484.579590 1192.958984
v 145.402222 3426.594238 1116.993652
v 188.791077 3426.333496 1117.274414
v 188.198242 3453.252930 1154.602051
v 224.082092 3444.903320 1160.917480
v 224.431335 3476.937012 1198.624023
v 188.766723 3485.039307 1192.702393
v 225.949707 3417.631592 1123.789551
v 254.816589 3401.395996 1136.456055
v 251.904053 3428.261230 1173.651123
v 259.865295 3378.623047 1096.796143
v 279.317749 3352.305664 1114.509277
v 272.728393 3375.743164 1154.867920
v 283.661133 3328.998535 1073.037109
v 293.689026 3292.312500 1094.471924
v 289.883972 3316.421875 1135.946289
v 292.587463 3267.623535 1054.279053
v 290.711792 3225.537109 1075.275635
v 292.168091 3249.827148 1115.774414
v 284.874756 3202.094727 1035.309814
v 267.298157 3164.181641 1053.467773
v 274.333984 3184.968262 1094.615234
v 246.220703 3151.123779 1111.892334
v 276.726990 3208.187012 1135.424072
v 239.367370 3133.338379 1069.241943
v 204.241638 3109.193848 1082.120361
v 192.283569 3104.037598 1038.072510
v 290.716858 3274.305664 1156.877197
v 283.021057 3341.209961 1176.546875
v 269.187866 3402.744873 1192.534668
v 251.782593 3459.427734 1210.978271
v 224.753967 3509.751221 1239.902832
v 187.476501 3547.917480 1283.376953
v 188.968872 3518.654785 1234.604004
v 147.050110 3547.122070 1282.442383
v 149.249023 3518.523926 1234.139648
v 107.372375 3531.241211 1288.615723
v 142.153137 3566.718506 1332.683350
v 102.028747 3550.543457 1336.350586
v 70.182190 3521.801758 1346.525146
v 97.574463 3566.416992 1383.108154
v 65.680359 3541.703613 1391.065918
v 43.389709 3508.290771 1406.141846
v 62.873718 3563.986084 1435.165771
v 42.458618 3532.720215 1449.733154
v 31.608398 3496.479492 1470.140869
v 44.047302 3557.943359 1493.822021
v 33.837097 3522.327148 1512.131348
v 38.651123 3483.666748 1533.831055
v 38.669128 3546.381592 1554.534668
v 42.384643 3509.560547 1573.841553
v 56.556030 3474.109375 1595.031006
v 45.289551 3533.948730 1615.149170
v 59.193603 3500.509033 1633.052002
v 86.912048 3473.580078 1648.839111
v 58.318664 3523.038330 1674.200439
v 86.251831 3495.543701 1686.985352
v 123.672485 3475.054688 1695.095215
v 83.024048 3509.141602 1729.270264
v 121.838135 3486.740234 1735.539062
v 164.814148 3475.077148 1739.401367
v 115.765320 3488.615967 1780.966064
v 160.608398 3477.120605 1785.654785
v 203.082764 3481.866211 1787.742920
v 154.663757 3479.726562 1836.463623
v 199.350036 3486.914551 1837.907227
v 238.349609 3507.783203 1833.528564
v 197.608581 3501.533203 1888.520996
v 239.017944 3522.543945 1880.187500
v 270.504272 3556.412109 1866.596436
v 241.307922 3543.408936 1926.106201
v 272.117981 3575.361816 1908.353027
v 290.244568 3620.952393 1887.219482
v 273.458008 3597.676025 1949.159424
v 290.567688 3641.502930 1926.451416
v 295.594726 3686.678467 1911.134033
v 290.785828 3665.899902 1964.643311
v 291.451172 3708.339111 1952.361572
v 281.136536 3742.231445 1941.945557
v 284.373108 3730.805176 1992.608887
v 271.355713 3760.585938 1982.631104
v 253.398132 3781.326172 1971.441162
v 271.794800 3748.392578 2030.048584
v 276.592834 3624.511230 1986.645996
v 64.213318 3103.890869 1065.557129
v 232.193359 3796.762207 2026.197998
v 92.546387 3806.153320 1984.764404
v 278.091675 3685.845215 2044.794922
v 106.772827 3283.034912 937.196289
v 235.931763 3147.495605 993.016602
v 205.514892 3234.726074 932.720215
v 65.180176 3709.657715 2035.851074
v 88.179199 3094.812988 1056.433350
v 77.352966 3110.673340 1025.381592
v 52.753174 3121.106934 1042.971924
v 62.752136 3114.923828 1090.793701
v 90.179382 3101.884766 1094.224121
v 43.747619 3137.806641 1073.456299
v 239.288208 3781.652344 2042.520264
v 212.220337 3787.200195 2054.623047
v 208.217163 3805.806152 2026.914551
v 214.595581 3802.942383 1995.468262
v 240.523620 3794.773438 2003.434570
v 258.414123 3774.834473 2017.750244
v 83.266479 3800.044678 1960.467041
v 114.013061 3799.908691 1956.583496
v 117.730102 3808.322266 1995.287598
v 80.347900 3803.987305 2006.358643
v 59.425110 3794.718018 1966.652100
v 110.145080 3806.584473 2023.785645
v 259.213013 3685.208008 2066.853516
v 255.474243 3722.483887 2070.056152
v 279.932739 3719.836182 2039.149170
v 280.895386 3661.226074 2020.853027
v 257.398254 3642.770996 2043.887939
v 289.483887 3693.728516 2002.280518
v 139.154297 3285.325684 928.980225
v 141.493835 3314.088867 941.518066
v 103.718384 3304.621582 948.209229
v 64.100403 3277.132080 956.694580
v 91.179260 3260.312500 940.000000
v 121.276001 3251.750244 933.476562
v 239.460388 3167.219238 975.636719
v 204.030640 3158.071289 974.906738
v 206.350342 3132.070312 996.826172
v 250.908630 3147.618164 1015.771973
v 269.652038 3180.948730 998.411133
v 224.440002 3122.477539 1028.414062
v 208.496460 3211.577148 942.949707
v 243.903931 3225.347168 943.272461
v 226.876343 3252.908203 931.285645
v 198.719055 3272.809082 925.204346
v 181.438721 3240.607422 930.136719
v 174.345276 3210.768555 943.459229
v 88.548950 3703.508789 2059.280273
v 87.285828 3659.937012 2044.224121
v 54.915344 3689.607422 2012.784912
v 43.784546 3725.944824 1991.538574
v 58.794250 3742.693359 2027.699219
v 88.740784 3744.055908 2059.959229
v 60.333252 3771.353027 2022.201904
v 92.868652 3775.173340 2054.866943
v 135.393494 3774.323242 2068.759766
v 130.466125 3741.275879 2077.849854
v 129.201233 3698.369629 2080.337891
v 173.685547 3731.886230 2085.947266
v 175.680664 3686.918213 2088.134277
v 172.779968 3638.189453 2072.042969
v 128.168884 3646.232666 2068.006348
v 164.992554 3588.601074 2040.660400
v 119.508911 3599.199219 2034.738281
v 80.815307 3622.642090 2014.199219
v 49.065369 3657.801758 1985.413330
v 113.058960 3561.291992 1990.149658
v 74.279602 3587.999023 1974.097656
v 46.334900 3626.025879 1951.021973
v 30.670654 3666.727051 1923.368164
v 35.644409 3697.149414 1957.012939
v 70.388550 3558.286133 1927.207520
v 44.126160 3597.600586 1908.220947
v 27.132751 3640.972656 1885.764160
v 27.681274 3680.323242 1863.399170
v 30.982422 3703.116455 1902.531738
v 43.409851 3574.607178 1862.143799
v 25.293640 3620.232910 1843.773193
v 25.857849 3660.485840 1822.770752
v 35.746216 3695.859863 1805.020264
v 34.417480 3713.498047 1846.637939
v 26.409424 3602.906738 1799.561035
v 26.858948 3643.401367 1780.385986
v 38.281860 3679.462402 1762.962158
v 57.986084 3706.802002 1751.068604
v 53.313049 3722.105225 1793.560791
v 30.679932 3627.227051 1736.011963
v 42.228088 3661.614258 1720.388672
v 62.555481 3688.799316 1708.666260
v 90.000366 3708.118652 1702.016846
v 86.037109 3726.775879 1745.639404
v 47.159607 3641.654053 1676.650391
v 66.917969 3667.745605 1665.626709
v 93.451172 3685.696777 1658.714355
v 126.488708 3694.714844 1655.801270
v 124.602417 3718.818115 1699.896240
v 70.833923 3645.838867 1621.128662
v 96.150085 3663.659668 1614.289062
v 128.344421 3671.904785 1611.318359
v 166.000122 3671.744385 1611.392822
v 165.174194 3695.444092 1655.655029
v 96.247253 3645.692383 1567.401611
v 128.872436 3654.299316 1564.802979
v 167.226013 3654.407227 1565.069092
v 208.979858 3647.026611 1567.655518
v 206.951416 3664.432129 1613.613037
v 128.269714 3639.220703 1516.912598
v 168.141601 3640.025879 1517.707520
v 210.665100 3631.867188 1520.967285
v 247.021423 3614.537354 1526.623535
v 245.642273 3631.757324 1573.033203
v 169.386658 3622.493896 1471.743408
v 211.057678 3613.672852 1475.970215
v 246.349609 3595.774414 1481.532471
v 271.942139 3568.979004 1490.221680
v 273.032226 3588.609863 1535.506592
v 212.097412 3593.578369 1432.204590
v 245.390686 3575.960693 1437.983887
v 269.030945 3548.910156 1446.386230
v 282.580200 3513.259033 1458.750977
v 286.380310 3533.992188 1502.828613
v 246.825683 3558.180420 1392.827148
v 267.166077 3529.928223 1401.912354
v 279.002380 3494.234863 1414.717529
v 283.030762 3453.472900 1433.461426
v 286.247375 3474.070801 1476.173828
v 269.044250 3512.213867 1355.744873
v 277.466858 3475.280273 1370.532471
v 280.901794 3433.257812 1391.686523
v 274.762634 3393.026123 1416.752197
v 276.114014 3414.671387 1456.523682
v 276.501037 3454.241699 1328.118652
v 279.880737 3411.031250 1351.971680
v 274.188721 3370.417480 1377.506836
v 254.554443 3337.767822 1398.057617
v 253.767151 3360.472656 1437.983887
v 279.775024 3386.244141 1314.030762
v 274.620849 3345.320801 1338.459717
v 255.426330 3312.790771 1357.656982
v 223.296448 3291.746582 1370.306641
v 221.020203 3315.859619 1411.591553
v 275.521240 3317.270020 1298.953125
v 255.309143 3285.358398 1316.547119
v 223.416443 3264.228027 1329.282471
v 184.428711 3253.295410 1337.421875
v 184.101745 3280.321777 1376.778564
v 254.170898 3256.083496 1275.227539
v 221.357544 3234.160156 1289.076172
v 180.998474 3222.640625 1299.752686
v 140.253235 3221.930664 1304.634277
v 145.404358 3252.361816 1340.479004
v 217.968140 3203.530762 1249.958740
v 176.035705 3190.823730 1262.476562
v 133.914368 3189.006592 1267.863525
v 96.194397 3196.809570 1266.274414
v 103.979065 3230.399414 1302.584229
v 171.838074 3160.473633 1222.199463
v 129.131775 3157.995117 1226.144775
v 92.067871 3165.883057 1222.844238
v 63.198730 3183.840088 1212.338867
v 65.769836 3216.502686 1255.437012
v 126.478088 3130.607910 1181.669434
v 90.210022 3138.906250 1177.937988
v 62.735901 3155.076660 1168.526855
v 40.253601 3180.550293 1152.997070
v 39.838196 3209.343506 1196.045898
v 89.764892 3117.590332 1134.780762
v 62.671326 3132.373047 1127.703369
v 41.893921 3157.240723 1111.484619
v 30.025757 3193.424805 1087.320068
v 27.857178 3216.948242 1130.049316
v 33.190307 3171.323242 1049.031982
v 29.095459 3214.973145 1022.589600
v 28.281433 3238.479980 1063.154541
v 44.109619 3153.127441 1020.699219
v 38.310058 3194.003174 994.045166
v 43.940430 3237.899902 969.968994
v 34.905090 3260.973633 1003.366211
v 67.880554 3144.257324 1001.713135
v 63.181091 3183.395264 977.477539
v 71.568603 3223.303223 954.564453
v 96.901306 3179.937500 969.607422
v 104.919678 3216.382324 948.863525
v 134.490417 3179.561523 964.069336
v 139.751587 3212.967773 945.163330
v 151.093140 3246.580811 930.066162
v 167.152038 3281.851807 924.801025
v 215.011352 3302.407715 939.988770
v 177.416687 3313.761719 938.002930
v 223.581177 3328.360840 968.861816
v 183.368408 3340.618164 964.133545
v 139.931152 3339.985352 965.981445
v 187.337524 3365.186768 998.208252
v 140.875366 3364.717773 999.138916
v 95.455932 3350.138672 1008.932617
v 96.264099 3326.929199 974.061279
v 57.829773 3323.185547 1025.790527
v 56.330322 3300.083984 987.949707
v 36.035950 3285.000488 1044.648682
v 61.513000 3343.495605 1065.563477
v 38.836853 3305.999023 1086.197998
v 28.590637 3260.190674 1107.129395
v 41.674133 3326.858643 1126.104004
v 28.299011 3283.862305 1149.556152
v 25.590088 3243.455566 1173.837891
v 31.959900 3313.286133 1189.078125
v 28.886474 3275.771973 1215.538086
v 42.769775 3243.246094 1238.344482
v 36.017639 3309.777832 1252.710205
v 49.554504 3276.941895 1276.025635
v 73.190002 3249.554199 1292.683105
v 58.139282 3307.465332 1310.649414
v 81.393799 3280.196533 1326.770996
v 110.409302 3260.901367 1337.406738
v 83.733093 3303.835205 1363.747559
v 111.996216 3285.223633 1374.172363
v 145.691894 3278.100098 1378.067627
v 109.187683 3304.545410 1414.763916
v 142.950744 3298.960938 1418.856689
v 180.823303 3303.275146 1417.736572
v 139.691772 3317.066895 1462.464844
v 177.898010 3322.960938 1460.175781
v 219.012939 3337.502686 1452.284424
v 177.402710 3344.287109 1502.048096
v 218.744079 3359.012207 1492.392578
v 254.317932 3382.213135 1477.332031
v 221.696350 3381.557617 1531.586182
v 256.856384 3404.243164 1516.416748
v 278.395874 3436.398926 1496.933105
v 260.106201 3427.340332 1555.852539
v 280.969360 3458.697754 1538.302979
v 289.573303 3495.734863 1519.452637
v 283.095886 3481.519043 1581.035400
v 291.591003 3517.920898 1563.832520
v 287.980347 3555.229492 1548.139404
v 291.723144 3539.881836 1610.147461
v 287.485535 3575.827637 1594.988770
v 272.065246 3607.393066 1582.174561
v 286.398559 3597.324951 1641.432129
v 270.477234 3627.097168 1628.234375
v 243.655578 3650.066406 1618.791504
v 270.221313 3649.981689 1671.869385
v 242.971069 3673.047852 1662.138672
v 206.009582 3688.108398 1657.367188
v 243.748047 3697.806641 1704.669678
v 206.044372 3714.123535 1701.338379
v 164.526123 3721.166016 1700.635010
v 207.049988 3734.162598 1748.429199
v 162.783020 3740.792480 1749.152100
v 121.704407 3737.593018 1745.529053
v 160.521057 3751.136475 1795.711914
v 116.732605 3749.132568 1790.505859
v 80.893799 3740.465820 1789.259277
v 112.226074 3759.797852 1833.919189
v 75.551636 3754.033203 1831.993652
v 49.463501 3737.377441 1836.447998
v 73.229858 3768.760498 1874.604980
v 48.917786 3755.163330 1879.064941
v 35.852295 3733.663086 1887.974854
v 51.817993 3775.071777 1922.120605
v 38.961182 3756.144531 1929.626465
v 35.618469 3728.780518 1941.231445
v 46.559875 3779.423340 1973.073486
v 43.129822 3756.022949 1980.347900
v 66.865845 3792.343262 2016.554443
v 100.525940 3796.283691 2042.861328
v 144.138244 3808.923340 2026.889160
v 140.016174 3797.309326 2052.043213
v 178.885071 3809.129883 2027.352295
v 178.340881 3794.948486 2055.336914
v 176.397949 3767.684570 2074.046143
v 214.767639 3757.254639 2073.193848
v 215.779358 3722.400391 2084.508057
v 248.490967 3753.579102 2059.623535
v 220.982971 3682.053223 2081.813965
v 218.977112 3636.460938 2061.158447
v 250.419006 3601.304199 2012.458496
v 210.997986 3589.914062 2031.991211
v 245.003113 3568.665039 1971.574463
v 205.211182 3550.430664 1988.586426
v 158.734497 3548.308105 1995.241943
v 199.984009 3523.120117 1938.837891
v 153.700744 3519.638184 1943.829590
v 108.014953 3531.394531 1940.535400
v 151.858826 3495.514648 1891.064453
v 106.976684 3506.133301 1887.627197
v 71.263550 3533.769043 1877.176514
v 109.510803 3490.549316 1831.650146
v 72.347656 3519.514648 1824.786133
v 43.783203 3559.450195 1814.895752
v 76.365539 3514.529541 1775.052734
v 46.569580 3549.984863 1765.879883
v 30.808349 3588.914551 1752.474854
v 53.001098 3539.143555 1718.821533
v 37.431763 3573.823242 1705.148926
v 36.592346 3609.417969 1690.230469
v 43.482666 3555.684082 1659.089355
v 41.915405 3589.690918 1644.078613
v 52.134949 3620.411133 1631.312988
v 42.978332 3568.572754 1598.489990
v 52.399536 3600.290039 1584.849121
v 70.792053 3626.896729 1574.278076
v 48.156311 3580.280762 1538.872314
v 67.458862 3608.747070 1527.030273
v 94.181152 3629.247070 1519.499512
v 64.307129 3587.318115 1480.553223
v 92.072449 3609.945312 1472.199707
v 127.885620 3621.107910 1469.710205
v 93.166321 3588.122559 1427.042236
v 130.621521 3600.241699 1425.207275
v 172.551269 3602.143555 1427.780029
v 135.884521 3581.356445 1380.371582
v 177.484253 3583.984863 1382.804688
v 215.278076 3576.003418 1386.899414
v 183.302429 3568.708984 1334.135010
v 219.758423 3559.290283 1338.719238
v 250.117798 3541.379395 1345.413818
v 223.073608 3537.720215 1288.523438
v 252.136474 3519.923340 1296.878906
v 269.484314 3491.215332 1310.140137
v 252.951233 3491.978516 1250.721680
v 268.768005 3464.050293 1267.847900
v 276.394043 3428.831543 1289.584473
v 268.267822 3433.336670 1229.296875
v 277.151977 3399.369385 1252.294922
v 280.920898 3357.934082 1276.520020
v 278.761047 3368.938232 1215.260986
v 282.880554 3328.497314 1238.052490
v 276.354736 3287.804443 1258.467529
v 286.640503 3300.339355 1197.844971
v 277.273376 3258.968262 1217.419434
v 252.526855 3226.532959 1234.389648
v 277.541504 3232.616211 1176.101562
v 250.757019 3198.892090 1194.013672
v 214.667114 3174.321045 1210.606445
v 248.930847 3173.711914 1153.392090
v 212.426636 3147.964844 1169.295410
v 169.886841 3132.850586 1179.126221
v 209.576355 3125.367188 1126.164795
v 167.202942 3110.483398 1134.373047
v 124.611145 3109.223633 1136.661133
v 162.866699 3096.450439 1089.209717
v 123.422485 3095.380615 1092.603760
v 155.940307 3093.625488 1044.635498
v 119.933594 3091.187500 1050.216309
v 143.235229 3113.132324 1009.692627
v 108.780273 3109.260254 1016.627930
v 98.971496 3143.137695 992.149902
v 135.693909 3145.504395 985.355713
v 177.141601 3120.905762 1003.072021
v 171.143066 3150.587891 979.615479
v 171.274597 3181.359375 960.044189
v 207.196594 3185.187988 957.539062
v 247.727966 3196.264893 958.632568
v 275.769348 3218.164551 980.468506
v 268.317993 3252.020996 962.393311
v 287.507202 3242.641602 1015.983643
v 277.510071 3278.178223 995.538818
v 257.285644 3307.861816 977.987305
v 247.715820 3281.458252 947.316406
v 282.400207 3304.120117 1032.791748
v 261.446411 3332.804199 1015.459717
v 228.583923 3352.879639 1004.783936
v 263.392151 3356.767090 1055.540283
v 231.285766 3375.463867 1044.069824
v 189.763550 3385.695801 1037.607178
v 229.477417 3395.600586 1084.576660
v 189.872131 3404.335938 1078.269043
v 145.085327 3404.064453 1078.597900
v 143.362305 3384.856445 1038.575684
v 100.502807 3390.955566 1087.363525
v 98.377930 3370.573975 1048.322510
v 65.206848 3363.389648 1104.823730
v 101.797485 3414.138184 1125.219238
v 67.556152 3387.247559 1142.555176
v 44.963501 3351.649414 1164.299316
v 69.583191 3416.494629 1179.946533
v 47.872375 3382.422119 1202.015381
v 36.736389 3345.977295 1226.757324
v 50.850891 3414.515625 1240.469727
v 41.089416 3377.876221 1264.534912
v 43.312256 3340.903564 1288.862061
v 43.222839 3404.841309 1303.389893
v 45.590942 3366.382324 1326.731445
v 60.338379 3331.670898 1347.708496
v 42.531616 3387.257324 1367.302490
v 57.618835 3351.212402 1388.446533
v 81.184204 3323.314941 1404.273438
v 51.852112 3370.240723 1431.837891
v 76.326721 3341.966309 1447.964111
v 105.246704 3322.852051 1458.616211
v 75.397583 3365.197510 1492.496826
v 105.065918 3346.168457 1503.301025
v 139.199036 3338.897461 1506.007080
v 107.742493 3372.129883 1546.302979
v 142.643310 3364.364014 1548.633301
v 180.883972 3368.210938 1542.681152
v 148.283569 3391.383301 1588.274658
v 187.580749 3394.159912 1581.360840
v 227.209778 3406.052246 1570.054443
v 195.283691 3420.383789 1618.655762
v 233.336365 3430.833984 1608.863037
v 263.314819 3451.243408 1596.439453
v 237.960998 3454.445312 1649.455078
v 265.798157 3474.666992 1639.339111
v 284.432068 3504.225098 1625.952881
v 267.251770 3495.995117 1684.957031
v 284.832336 3526.460938 1673.021484
v 291.435486 3562.408691 1657.439453
v 283.692993 3547.673828 1720.115234
v 291.214172 3585.118164 1703.195557
v 286.500915 3620.624268 1685.777832
v 292.253479 3607.093750 1746.195068
v 288.163147 3643.954102 1727.527100
v 271.598694 3673.758789 1713.460693
v 291.080932 3665.519531 1768.447998
v 273.623901 3695.163574 1755.640869
v 245.857910 3718.381348 1749.287354
v 275.817993 3714.153809 1800.241211
v 247.750793 3733.454590 1795.618164
v 208.396545 3745.514404 1795.235840
v 246.923462 3747.526123 1841.071289
v 207.778747 3755.175781 1839.778564
v 157.710266 3759.961426 1838.575195
v 203.672180 3766.750000 1880.997803
v 154.632263 3771.047363 1878.031738
v 109.045898 3772.325195 1875.381348
v 152.277710 3784.144043 1916.167725
v 109.479126 3786.252197 1915.976318
v 74.652710 3784.543701 1917.728027
v 150.640198 3797.986816 1955.025879
v 190.575683 3794.240967 1956.413330
v 183.175903 3807.089844 1993.012939
v 148.895752 3808.520508 1993.780273
v 197.900085 3780.005371 1919.506104
v 234.410339 3774.978516 1925.377441
v 225.227051 3789.527344 1961.764160
v 242.125854 3761.111572 1884.698730
v 270.757446 3749.371582 1890.627441
v 262.272034 3765.425781 1932.681152
v 276.137146 3732.441406 1845.805176
v 294.426208 3704.302246 1855.467773
v 289.656677 3723.387207 1899.736084
v 293.833069 3685.194824 1810.997559
v 296.853943 3646.765625 1827.739502
v 297.843201 3666.501465 1869.479248
v 294.504272 3627.288086 1787.086182
v 285.761352 3583.973633 1807.082520
v 288.386413 3602.024902 1847.461914
v 283.631042 3566.693848 1765.188232
v 266.059753 3528.635742 1778.504395
v 268.002869 3541.003418 1823.531982
v 266.301819 3514.855469 1731.933838
v 240.218811 3489.973877 1738.005371
v 238.940124 3499.024414 1785.555664
v 240.473450 3474.713379 1692.524170
v 206.008606 3464.165771 1696.619873
v 205.882263 3476.771973 1740.323242
v 202.062927 3444.612793 1656.310791
v 161.189392 3443.860840 1660.624512
v 165.600647 3463.616455 1698.023926
v 154.985046 3418.457031 1624.866699
v 117.213379 3427.929199 1623.023926
v 121.943481 3454.382568 1658.431641
v 112.099731 3399.915527 1586.406738
v 80.441345 3419.155762 1575.140137
v 84.141601 3447.174072 1612.390381
v 77.166748 3391.475342 1535.226074
v 50.200561 3419.130371 1517.821289
v 52.890137 3446.581543 1557.261475
v 49.437012 3393.083984 1475.861328
v 35.285461 3430.724609 1452.435303
v 35.975342 3456.815918 1493.765625
v 37.028808 3407.552734 1409.621338
v 35.373291 3447.918945 1385.505371
v 31.779541 3470.922119 1428.143066
v 40.141846 3427.026855 1343.698975
v 52.883057 3466.021973 1321.203369
v 47.640747 3486.821045 1363.259033
v 54.692444 3442.500977 1280.490723
v 76.640503 3477.136963 1260.006836
v 74.692016 3502.568115 1301.731445
v 74.075134 3447.156250 1219.207031
v 106.813721 3472.265625 1202.477783
v 108.583496 3504.861328 1242.586670
v 104.071777 3441.099609 1163.383057
v 146.388611 3452.897461 1154.878662
v 148.267029 3484.577637 1192.927246
v 145.514221 3426.593262 1116.968018
v 188.903259 3426.306396 1117.268066
v 188.355652 3453.230225 1154.601074
v 224.161987 3444.867676 1160.928955
v 224.468384 3476.909668 1198.604004
v 188.954223 3484.998535 1192.692139
v 226.005737 3417.599609 1123.788086
v 254.784119 3401.418457 1136.412354
v 251.844787 3428.303711 1173.599854
v 259.850464 3378.625000 1096.760254
v 279.302368 3352.339111 1114.451660
v 272.695190 3375.807617 1154.796143
v 283.649048 3329.007568 1072.987061
v 293.684570 3292.337402 1094.413330
v 289.877869 3316.469727 1135.883789
v 292.579773 3267.628418 1054.223145
v 290.718994 3225.557129 1075.214600
v 292.178650 3249.858643 1115.716797
v 284.873596 3202.108887 1035.237061
v 267.319214 3164.210938 1053.401123
v 274.358520 3184.990479 1094.557861
v 246.246094 3151.134277 1111.845459
v 276.750305 3208.213867 1135.370850
v 239.383423 3133.345703 1069.197998
v 204.252563 3109.192871 1082.086182
v 192.285217 3104.047363 1038.032959
v 290.728027 3274.350098 1156.820312
v 283.009704 3341.278320 1176.477295
v 269.141540 3402.848145 1192.439941
v 251.713440 3459.494141 1210.919189
v 224.756958 3509.745605 1239.897461
v 187.562622 3547.896484 1283.365234
v 189.130981 3518.626465 1234.602783
v 147.155090 3547.132080 1282.417480
v 149.390991 3518.530273 1234.112549
v 107.452209 3531.277832 1288.575928
v 142.233215 3566.732910 1332.661621
v 102.098205 3550.575195 1336.323730
v 70.221191 3521.845703 1346.486084
v 97.628540 3566.438721 1383.085693
v 65.718445 3541.734375 1391.037109
v 43.408874 3508.319580 1406.107666
v 62.902405 3564.012207 1435.138672
v 42.474609 3532.744141 1449.703369
v 31.609680 3496.500732 1470.111816
v 44.062317 3557.965332 1493.795898
v 33.834595 3522.347656 1512.105713
v 38.646545 3483.678711 1533.808350
v 38.666382 3546.402344 1554.511230
v 42.379761 3509.572998 1573.820557
v 56.547607 3474.111572 1595.014648
v 45.285156 3533.961914 1615.130615
v 59.184570 3500.513672 1633.035400
v 86.906067 3473.577148 1648.827148
v 58.309997 3523.047852 1674.184570
v 86.243713 3495.545898 1686.972900
v 123.670349 3475.051270 1695.084473
v 83.013122 3509.147949 1729.257324
v 121.834473 3486.740967 1735.527588
v 164.815491 3475.075684 1739.391113
v 115.763306 3488.618164 1780.951172
v 160.606994 3477.120605 1785.643799
v 203.082458 3481.865723 1787.733887
v 154.659057 3479.725098 1836.454102
v 199.344665 3486.911377 1837.900391
v 238.346069 3507.778809 1833.523682
v 197.598633 3501.529297 1888.519775
v 239.010986 3522.537598 1880.185791
v 270.501160 3556.405273 1866.594727
v 241.297241 3543.399414 1926.106201
v 272.113891 3575.352051 1908.351074
v 290.243469 3620.947266 1887.218018
v 273.450561 3597.655762 1949.151855
v 290.569275 3641.507812 1926.445557
v 295.594482 3686.676270 1911.139160
v 290.786499 3665.910889 1964.652588
v 291.450500 3708.340820 1952.371582
v 281.135559 3742.233643 1941.956543
v 284.371826 3730.808105 1992.615234
v 271.353882 3760.588867 1982.640381
v 253.397522 3781.329102 1971.450439
v 271.785828 3748.402832 2030.058350
v 276.600769 3624.502441 1986.598389
v 451.518127 3099.892334 1083.469238
v 564.544983 3104.430176 1058.196777
v 586.638519 3826.433594 2177.148438
v 471.082947 3824.181641 2115.535156
v 499.105926 3264.686035 971.886475
v 445.001709 3722.572754 2183.511719
v 664.086777 3237.720947 993.743652
v 472.045135 3089.122070 1083.883301
v 474.245117 3105.514648 1057.936279
v 447.830963 3114.870361 1067.080078
v 444.795685 3105.401367 1106.855957
v 469.613067 3090.990234 1110.849365
v 431.202392 3128.123047 1087.530029
v 533.804321 3102.102051 1055.473145
v 535.940307 3085.934082 1081.131592
v 572.759796 3094.734863 1077.008057
v 603.816681 3115.095703 1062.524414
v 577.187012 3120.830811 1042.562500
v 544.925506 3125.814941 1032.770264
v 601.238556 3824.759277 2158.242676
v 619.497330 3809.913574 2175.696289
v 596.760345 3815.304443 2190.873047
v 563.110809 3829.815918 2177.269775
v 566.835052 3831.096924 2153.733887
v 562.827789 3819.132324 2197.122559
v 659.044876 3722.966797 2185.377197
v 637.077682 3722.061035 2212.817871
v 625.886871 3765.017822 2212.714600
v 653.898605 3759.965332 2180.322754
v 459.276001 3816.990967 2091.151611
v 494.452392 3816.150146 2087.794189
v 495.703400 3826.213379 2122.753906
v 489.122681 3829.341797 2151.701660
v 452.801269 3824.655029 2133.590576
v 433.798523 3814.895996 2098.700195
v 479.289917 3238.270996 976.706299
v 518.228454 3227.824951 968.279541
v 530.723083 3262.928711 963.407959
v 533.746582 3298.104004 979.953369
v 490.928924 3286.831543 986.140869
v 455.893066 3264.887939 997.625000
v 437.369690 3696.827637 2162.854736
v 415.267090 3731.642090 2137.406494
v 433.407745 3750.968262 2174.468262
v 473.476074 3719.605713 2205.382812
v 474.748291 3676.405273 2191.744385
v 469.209228 3759.901611 2205.166748
v 641.966019 3244.563477 980.667725
v 631.733505 3210.950684 984.389648
v 661.492538 3209.426025 1000.446289
v 675.376175 3257.655273 1015.122314
v 653.482788 3277.248047 998.970703
v 679.719208 3228.655273 1030.051270
v 668.442093 3189.146973 1040.524170
v 680.404098 3199.323242 1075.531494
v 684.384796 3243.141602 1067.274414
v 677.577041 3280.890869 1051.389893
v 647.787735 3177.964844 1016.337402
v 626.802978 3143.756348 1039.428955
v 647.506698 3149.297363 1060.853027
v 617.893936 3178.420898 1001.208496
v 599.105804 3146.611084 1022.936035
v 582.263000 3184.376465 990.497314
v 563.825439 3153.517578 1011.117188
v 542.919128 3190.300293 984.402588
v 526.068573 3158.584473 1006.022217
v 511.590332 3128.458496 1030.109619
v 487.053711 3163.315918 1006.289307
v 477.160980 3131.670898 1032.269043
v 504.540802 3101.928711 1055.540771
v 502.391479 3085.033203 1081.602051
v 501.155884 3084.099609 1108.860840
v 538.922241 3083.482910 1106.976562
v 502.121033 3093.690918 1141.131104
v 542.661590 3090.688477 1139.333252
v 589.341156 3098.072510 1134.573486
v 583.349731 3090.804199 1103.533203
v 631.834228 3123.387207 1117.604492
v 622.090088 3114.974365 1087.944580
v 661.306091 3158.083008 1091.096924
v 639.478882 3134.544922 1153.010498
v 669.822601 3167.053711 1132.831543
v 689.191482 3207.065430 1119.250000
v 675.178818 3184.189453 1178.878174
v 692.129288 3221.954102 1164.734863
v 692.904510 3269.111572 1150.255859
v 689.979477 3256.331055 1108.185547
v 680.021713 3312.273926 1133.100830
v 677.243744 3297.291504 1091.409180
v 660.986084 3346.518555 1114.285400
v 660.012436 3329.179688 1072.274902
v 658.329529 3305.208984 1032.428711
v 627.781357 3346.691162 1058.354736
v 625.517532 3320.345215 1019.246338
v 620.307632 3289.583740 988.084961
v 582.228729 3328.411621 1012.323486
v 580.040192 3298.136230 980.821045
v 572.664337 3261.558105 963.457520
v 610.369018 3253.953857 970.400391
v 558.868988 3223.751953 967.832275
v 597.322510 3217.398926 974.127197
v 502.032532 3195.486328 984.098389
v 462.127594 3207.233398 991.208740
v 451.421142 3173.602051 1014.301758
v 435.897522 3231.633789 1013.454346
v 427.042358 3192.524902 1035.120605
v 425.938782 3156.296875 1062.660645
v 447.187561 3139.766113 1041.844482
v 417.924957 3217.532959 1067.958984
v 416.544342 3176.570801 1094.116211
v 424.297790 3142.540527 1118.900146
v 412.979095 3197.764160 1132.474609
v 420.813385 3160.979980 1156.561035
v 440.656494 3133.627930 1171.843262
v 441.122619 3116.987305 1135.839600
v 470.200592 3115.503174 1179.127441
v 468.759796 3101.366699 1142.105713
v 506.126892 3105.054688 1179.591064
v 473.054535 3133.962891 1220.964111
v 512.250610 3120.788086 1222.597412
v 558.179870 3118.270996 1219.018555
v 549.473297 3100.753906 1175.925293
v 605.376953 3128.439209 1210.984863
v 597.246002 3109.418945 1169.774902
v 645.457199 3152.251953 1195.002686
v 610.908142 3153.276855 1255.137207
v 649.299255 3175.603516 1239.617920
v 676.736099 3206.165039 1224.498535
v 650.754654 3202.958008 1282.706787
v 676.196747 3230.852051 1268.962891
v 687.597336 3265.439697 1254.634277
v 690.793854 3242.237061 1210.001221
v 684.860840 3304.998047 1238.113770
v 691.056030 3284.914062 1193.997314
v 673.497009 3345.715332 1218.816650
v 679.359390 3328.048584 1175.843262
v 654.930542 3378.592773 1199.490723
v 659.557800 3361.634277 1157.378906
v 624.972549 3399.686035 1184.329590
v 627.782242 3383.411621 1143.330566
v 628.609619 3367.343994 1100.824219
v 585.899658 3394.788574 1133.619629
v 585.633453 3378.154785 1091.316162
v 584.124786 3356.370605 1049.386475
v 535.810211 3381.527344 1086.878418
v 534.516632 3358.514648 1045.717529
v 534.049530 3329.326172 1009.629150
v 486.907196 3345.255127 1051.614746
v 488.395965 3316.469482 1014.833008
v 449.140228 3321.721924 1064.620361
v 450.110535 3294.456055 1027.733154
v 425.639313 3285.552734 1085.945312
v 427.700012 3259.923096 1047.446289
v 414.646545 3240.780273 1107.399902
v 424.925110 3307.824219 1126.038086
v 412.554962 3262.661133 1147.634277
v 410.179230 3220.378174 1172.384033
v 412.424255 3284.565918 1189.587646
v 408.403931 3244.972656 1214.033936
v 421.137115 3208.200195 1237.552979
v 419.953735 3183.171875 1196.741943
v 446.285828 3179.098145 1254.585449
v 443.380859 3154.921875 1212.123047
v 477.280426 3156.084961 1264.567139
v 449.438049 3205.858398 1296.819580
v 481.832489 3182.096191 1308.945312
v 523.079071 3170.443359 1312.023926
v 518.086639 3142.780273 1267.542969
v 569.330292 3170.309814 1307.924316
v 564.126922 3143.260498 1264.055664
v 614.782837 3181.588867 1296.920410
v 575.542389 3201.270752 1347.653564
v 618.604339 3211.939453 1337.344727
v 651.835617 3231.870117 1325.239258
v 621.506576 3243.025391 1377.659668
v 652.410568 3261.101074 1368.190430
v 673.882629 3285.984375 1356.348389
v 675.583404 3257.718262 1312.803223
v 680.227142 3318.851074 1341.299316
v 684.336685 3291.066406 1298.569580
v 674.149353 3356.261719 1322.281494
v 679.044083 3328.617188 1281.367188
v 663.338425 3394.712891 1299.641113
v 667.470520 3367.519287 1260.555420
v 647.225510 3426.916992 1277.201904
v 650.379532 3400.170654 1239.182129
v 620.785858 3449.201660 1260.524414
v 622.221313 3421.825928 1222.711182
v 584.691131 3461.640137 1251.109131
v 584.682251 3433.707520 1213.166016
v 585.312836 3411.366943 1174.628662
v 540.444214 3436.719238 1210.048828
v 539.226898 3414.306641 1171.518066
v 537.543213 3397.608887 1129.989746
v 493.841797 3405.268066 1176.516357
v 490.433105 3387.998047 1135.098145
v 487.105652 3370.419434 1092.483398
v 452.004486 3363.218506 1148.847168
v 449.604095 3344.343262 1106.560547
v 425.528229 3326.873779 1167.556396
v 455.889953 3382.272949 1189.397461
v 430.288849 3347.674316 1208.119141
v 415.386536 3309.389893 1230.886963
v 434.180481 3373.791992 1246.890869
v 421.175049 3337.530762 1269.738770
v 417.723602 3301.285156 1294.437988
v 410.268219 3271.550781 1255.960205
v 429.856201 3266.864258 1317.865723
v 424.733124 3236.122070 1278.689453
v 454.354065 3235.780762 1336.810547
v 436.583557 3297.190430 1353.692871
v 462.550964 3267.200928 1371.522461
v 496.003265 3245.140625 1383.718750
v 487.825989 3212.184082 1349.403076
v 536.336120 3233.718750 1388.462402
v 529.815826 3201.999023 1351.781494
v 580.869079 3233.405762 1385.208984
v 538.979889 3261.228516 1425.411377
v 582.641327 3261.920898 1424.594238
v 621.972061 3271.800049 1419.575684
v 579.576996 3286.855957 1465.010986
v 618.619903 3297.358643 1461.831055
v 648.448105 3314.114258 1454.478027
v 651.527496 3288.816406 1411.609375
v 667.649948 3339.665283 1441.130371
v 670.962921 3314.155762 1399.252441
v 672.859955 3372.870605 1422.287598
v 675.920486 3346.931152 1382.390381
v 667.972092 3412.194580 1399.034180
v 670.441681 3385.136719 1361.036865
v 658.665954 3452.301758 1376.872070
v 660.483246 3423.958008 1337.494141
v 646.176529 3486.791992 1357.883789
v 646.211029 3456.735840 1316.044189
v 619.738464 3509.514404 1344.968994
v 621.020767 3480.023926 1300.202881
v 584.093170 3522.414551 1336.910156
v 584.973999 3492.539795 1291.155762
v 542.181640 3526.234863 1332.858154
v 542.748718 3495.775391 1287.817627
v 541.574676 3464.587402 1248.045166
v 499.577789 3487.537598 1292.163574
v 498.119049 3456.486328 1253.007324
v 496.164703 3428.459961 1214.838867
v 461.930755 3435.357422 1265.955566
v 458.981232 3406.672363 1227.618164
v 436.401398 3404.449219 1284.764160
v 464.299988 3465.209473 1305.792725
v 439.912567 3433.281494 1324.130127
v 427.005432 3397.450195 1345.458008
v 424.178131 3368.470947 1307.507568
v 427.790649 3359.848633 1367.984863
v 423.829162 3331.901123 1331.190430
v 441.529114 3324.624512 1389.096680
v 426.690307 3383.176758 1406.216797
v 440.261688 3346.625488 1427.254150
v 466.076782 3315.888672 1444.817139
v 466.835449 3294.309570 1406.882080
v 498.230774 3293.666992 1457.704590
v 499.407043 3271.661133 1419.864258
v 536.747558 3284.561279 1464.077881
v 493.297668 3312.040527 1499.036377
v 531.147217 3303.372314 1505.766113
v 572.893036 3307.376465 1507.077637
v 524.606903 3321.274902 1549.411621
v 565.658234 3326.102539 1550.081299
v 606.398620 3339.719238 1546.057617
v 613.052399 3319.274414 1504.218994
v 638.096252 3358.459473 1537.697754
v 643.653152 3337.023926 1496.534668
v 659.357284 3384.030273 1523.367920
v 663.652191 3362.739746 1482.490234
v 666.906799 3416.077637 1503.864990
v 669.958816 3395.637695 1462.544189
v 663.075241 3454.067871 1481.860840
v 665.429352 3434.953125 1439.036133
v 652.689178 3493.095703 1465.111084
v 656.495911 3475.047852 1419.791016
v 636.598419 3527.259277 1452.812988
v 642.937744 3510.093018 1405.206299
v 608.315246 3550.238770 1443.652588
v 615.311325 3532.735840 1394.901123
v 571.471985 3562.728027 1436.383057
v 579.424621 3545.729980 1387.088867
v 529.904175 3564.657471 1431.361084
v 537.653351 3549.370117 1382.112549
v 488.598266 3553.696289 1430.973633
v 495.594726 3537.656738 1383.689697
v 499.515137 3515.936523 1335.915283
v 460.346496 3513.537598 1391.271484
v 463.964477 3492.354980 1347.295898
v 437.179260 3479.818848 1406.324463
v 440.635559 3458.669922 1364.609375
v 422.274963 3442.880371 1425.036133
v 426.334839 3421.850342 1384.491943
v 422.037018 3403.531250 1446.897461
v 416.811279 3463.360840 1466.952637
v 416.207092 3424.048828 1488.800781
v 428.989258 3385.588379 1510.581543
v 435.361145 3365.905273 1468.040039
v 454.795349 3353.412109 1529.101074
v 461.370972 3334.666992 1485.774170
v 487.333099 3330.856445 1542.309814
v 450.403076 3376.372559 1572.829590
v 483.252716 3354.125977 1586.594727
v 519.748810 3343.516113 1593.346191
v 481.233826 3380.166016 1629.725098
v 517.730072 3368.821533 1636.652100
v 557.922760 3370.756348 1634.669434
v 559.968902 3346.992676 1592.799316
v 598.437317 3382.731201 1627.396973
v 601.019745 3360.618896 1587.059326
v 630.997818 3400.509277 1617.758789
v 633.514923 3379.331543 1578.038574
v 652.683304 3425.647461 1604.105469
v 655.412887 3404.717285 1563.930176
v 662.380936 3456.527344 1587.202148
v 664.173965 3436.016357 1545.619385
v 661.344955 3491.746582 1569.027100
v 661.697815 3472.448242 1525.694824
v 650.281341 3528.583496 1553.496582
v 650.282165 3510.263428 1509.975098
v 628.937942 3560.782227 1541.845703
v 630.767624 3542.740234 1498.584717
v 596.405304 3583.451172 1533.418213
v 601.033569 3565.618408 1489.962158
v 556.606384 3596.221924 1526.842041
v 562.986877 3578.006348 1483.138184
v 513.880737 3598.700684 1521.740234
v 520.901855 3579.075439 1477.977539
v 475.240997 3590.787354 1520.830078
v 481.403747 3569.639648 1476.902100
v 443.646515 3571.784668 1525.685059
v 448.532043 3549.960938 1481.304688
v 454.735626 3530.567871 1436.774658
v 425.286590 3520.439453 1492.457764
v 431.046173 3499.452148 1449.012695
v 411.456695 3486.014648 1509.791748
v 421.966766 3543.446777 1537.048096
v 408.176117 3510.292480 1552.995117
v 410.448791 3471.956055 1573.487549
v 412.219391 3446.852539 1531.286621
v 421.745148 3434.164307 1595.580322
v 424.231720 3408.403809 1553.621582
v 447.639404 3402.376709 1615.538574
v 421.475708 3460.921387 1636.344482
v 446.999542 3429.919922 1656.326904
v 481.006286 3407.806152 1670.926514
v 447.704773 3457.648682 1695.481201
v 482.120972 3435.803711 1709.875732
v 520.574554 3422.692383 1716.779297
v 518.207001 3395.538330 1677.965088
v 562.255524 3422.321289 1713.664307
v 559.199829 3396.317383 1674.885742
v 600.592468 3430.120605 1706.874512
v 598.691833 3406.319336 1667.134766
v 630.839569 3444.860840 1697.899902
v 630.452515 3422.391113 1657.582031
v 651.404541 3468.493164 1685.787354
v 651.465118 3446.955566 1644.528564
v 661.691009 3498.427734 1670.941895
v 661.664337 3477.451172 1628.773193
v 661.418533 3532.314209 1655.069092
v 661.451813 3512.038574 1611.809326
v 650.389664 3567.181641 1640.266846
v 650.539413 3547.914062 1596.529053
v 627.748154 3597.917480 1628.291260
v 628.062225 3579.567871 1584.582275
v 593.297912 3619.981689 1620.482422
v 594.213531 3602.325195 1576.369141
v 551.452423 3632.512939 1615.675781
v 552.798645 3615.426270 1570.380127
v 509.518188 3635.517578 1613.450439
v 510.064911 3618.320801 1566.534912
v 473.649353 3629.372070 1614.250977
v 473.043976 3611.350586 1566.650146
v 444.691772 3612.850586 1619.311523
v 443.172119 3593.256836 1572.121094
v 423.994781 3587.331543 1629.020264
v 421.938171 3566.456787 1582.722656
v 411.301971 3556.705566 1641.612305
v 407.796448 3534.469238 1596.965088
v 412.898529 3522.114502 1657.931885
v 410.926514 3497.422852 1615.639160
v 422.911713 3487.463135 1676.555664
v 414.303528 3545.472900 1701.448486
v 424.418609 3512.956055 1717.522217
v 448.255707 3484.560547 1734.427490
v 423.610199 3536.200439 1760.564941
v 447.022888 3508.088379 1774.527344
v 482.544800 3485.536621 1785.610107
v 483.292816 3462.476807 1747.590576
v 524.746765 3470.673340 1791.899414
v 523.343109 3448.574219 1754.135254
v 567.487854 3467.315186 1792.122314
v 565.530243 3447.072754 1752.291504
v 603.932983 3472.915527 1789.441650
v 602.741119 3452.861328 1747.415283
v 632.614426 3487.749023 1783.611084
v 631.809082 3467.085205 1739.703369
v 652.915741 3511.050293 1773.817383
v 652.020645 3490.053223 1728.708984
v 662.644623 3540.968750 1760.392822
v 661.932236 3519.488770 1714.800781
v 662.001114 3573.851562 1744.818359
v 661.585083 3552.542969 1699.562988
v 650.074859 3606.493652 1729.599365
v 650.190216 3586.409668 1684.858154
v 626.927215 3634.421875 1717.743164
v 627.215698 3615.691650 1673.205322
v 592.113190 3653.497070 1710.700928
v 592.661865 3636.179443 1665.845703
v 550.747131 3664.239746 1707.519775
v 550.985840 3647.314209 1662.108398
v 509.871734 3668.056152 1706.490234
v 509.821655 3650.712402 1660.625000
v 474.739288 3663.413574 1708.205811
v 474.561066 3645.647705 1661.779541
v 447.184570 3648.758789 1713.773926
v 446.831299 3630.207031 1666.907959
v 426.967010 3626.147217 1722.558838
v 426.683960 3606.464844 1675.775635
v 414.654480 3598.542480 1733.392822
v 414.712921 3577.659180 1687.136963
v 413.172119 3567.596191 1746.427002
v 411.705322 3619.373047 1779.759033
v 409.174255 3587.913086 1792.582031
v 419.527496 3555.578613 1805.762451
v 404.323883 3605.823242 1838.949219
v 414.184784 3570.933594 1852.285645
v 438.508850 3537.993652 1863.042969
v 443.652801 3526.149414 1817.511475
v 475.208435 3510.844727 1870.455566
v 480.021210 3502.114258 1826.237305
v 518.786560 3493.534180 1875.842285
v 523.399109 3486.082520 1831.883301
v 563.459442 3491.159668 1879.491943
v 566.820648 3482.398682 1834.255127
v 601.310730 3499.941406 1879.413818
v 603.260040 3489.085449 1833.305908
v 631.739578 3519.611816 1875.450928
v 632.272018 3505.807129 1829.102295
v 651.642685 3549.161133 1865.842285
v 651.995270 3531.430664 1819.780029
v 663.563568 3583.415283 1850.769043
v 662.713455 3562.473145 1806.153564
v 664.832809 3619.508301 1831.766357
v 662.818329 3596.474854 1789.262207
v 652.954407 3652.692871 1814.276855
v 650.705932 3628.780273 1773.038818
v 629.260727 3679.641602 1801.993408
v 627.196030 3655.777344 1760.699219
v 594.369079 3699.367188 1795.633545
v 592.498138 3674.692383 1753.733887
v 552.477447 3711.113281 1793.846924
v 551.096313 3685.893066 1751.031982
v 510.667786 3714.251709 1794.532715
v 509.807342 3689.631592 1750.726807
v 472.870026 3707.897705 1796.983643
v 473.851135 3684.546631 1753.113281
v 442.715454 3692.228271 1802.868164
v 445.288788 3670.103516 1759.077637
v 420.953522 3668.547363 1812.843994
v 424.267151 3647.351074 1768.488037
v 407.570495 3639.084473 1825.341797
v 417.904968 3687.604980 1855.348145
v 404.246857 3657.112793 1868.968750
v 399.809204 3622.073730 1884.538086
v 401.363006 3674.764648 1910.811035
v 396.547150 3639.104492 1928.179443
v 405.846039 3598.773682 1945.972168
v 409.487518 3584.256348 1899.551270
v 431.088531 3559.036133 1959.439697
v 433.462494 3546.907715 1910.728027
v 464.043976 3525.010010 1970.208740
v 468.515777 3514.799561 1918.284180
v 506.536987 3506.270020 1976.796387
v 512.144226 3496.076660 1924.014404
v 553.556274 3504.947266 1979.263672
v 558.564911 3495.147949 1928.175537
v 597.451691 3518.087891 1976.296875
v 599.311462 3507.037109 1927.862305
v 633.323883 3543.150879 1967.709229
v 632.180298 3529.968506 1922.278076
v 656.021774 3580.218750 1953.183350
v 653.440567 3564.381104 1910.421387
v 669.481659 3622.695801 1933.258301
v 666.307098 3603.172852 1892.903564
v 672.889221 3662.581055 1912.572510
v 668.591522 3641.637695 1872.238525
v 661.265625 3697.173340 1895.699707
v 656.731705 3675.850098 1854.559570
v 637.053833 3723.562012 1886.537354
v 632.536072 3703.257324 1843.299072
v 601.049682 3743.090332 1884.315918
v 597.056793 3723.569580 1838.772949
v 556.065430 3754.083008 1887.561523
v 554.693237 3735.568604 1839.428955
v 510.523987 3754.442871 1885.909668
v 512.042145 3737.507812 1839.679443
v 468.989807 3746.247070 1883.925781
v 471.634796 3729.297363 1840.428467
v 436.536224 3729.263184 1887.326904
v 440.243713 3712.353516 1845.591309
v 414.743103 3705.018799 1896.775146
v 431.326630 3744.548828 1929.064941
v 411.369537 3722.179199 1937.886475
v 399.791046 3693.285400 1951.639648
v 408.760559 3740.152344 1979.107910
v 400.052429 3713.547363 1992.012939
v 397.000671 3680.531982 2010.283447
v 396.145660 3658.879883 1969.918945
v 404.592651 3642.137695 2032.311035
v 404.473175 3618.220215 1989.995850
v 427.500885 3603.841309 2054.473633
v 428.962158 3578.512207 2007.621338
v 459.959930 3571.367188 2071.979248
v 460.514191 3544.880371 2022.065918
v 503.813354 3552.908203 2080.453613
v 503.572021 3526.956543 2029.771240
v 552.141907 3546.564941 2080.687500
v 551.351898 3523.481445 2030.507812
v 598.647919 3557.336914 2071.504883
v 597.131409 3536.021484 2023.848389
v 636.376709 3580.723633 2056.199219
v 634.908691 3560.604980 2012.173340
v 660.408600 3617.325684 2035.808838
v 658.637436 3598.243164 1994.433105
v 673.786056 3662.331787 2014.500977
v 672.219177 3642.509766 1973.561523
v 676.914993 3702.882324 1997.770996
v 676.118851 3682.653320 1954.264404
v 666.673828 3735.862305 1985.066895
v 665.235901 3716.769531 1939.673828
v 641.699600 3757.696289 1977.688477
v 641.068115 3740.646973 1931.702881
v 604.026428 3768.687256 1974.937988
v 604.365051 3756.624268 1930.455322
v 553.486359 3774.984863 1975.315918
v 555.585907 3765.273193 1932.909912
v 501.382263 3776.586914 1972.349121
v 506.135376 3765.907715 1930.288574
v 458.763397 3773.352783 1968.823242
v 464.174225 3759.803711 1927.035645
v 427.008331 3760.756592 1970.907715
v 454.872589 3787.468262 2010.336914
v 426.161041 3778.458496 2012.953369
v 408.935669 3760.731201 2020.312256
v 428.001434 3797.401367 2055.722656
v 410.722351 3782.869873 2061.899170
v 404.374969 3760.768066 2071.959229
v 401.499786 3736.128418 2031.875977
v 403.371765 3732.920410 2085.422852
v 399.188293 3705.137939 2048.446533
v 408.160370 3701.122559 2105.841064
v 405.515259 3670.104004 2071.864502
v 432.023254 3665.702881 2134.290039
v 428.465668 3633.523438 2097.665527
v 468.061249 3637.369629 2158.883057
v 462.626037 3602.112793 2118.055176
v 510.159790 3619.938477 2174.702393
v 506.191131 3582.274170 2129.719238
v 557.478302 3615.105957 2174.820801
v 554.709228 3574.754883 2130.374023
v 603.863678 3619.113770 2163.309570
v 601.134704 3583.378418 2119.709961
v 640.045883 3632.990479 2142.690186
v 637.802490 3603.803223 2100.491211
v 662.355316 3661.543945 2118.105469
v 661.306747 3637.591797 2077.329102
v 672.255539 3703.444336 2097.720459
v 673.645477 3681.989258 2056.213135
v 668.933014 3742.794189 2083.935303
v 674.623489 3722.839844 2041.503174
v 654.737594 3772.126709 2072.578369
v 663.045471 3754.686035 2030.083008
v 630.156906 3788.701660 2063.477295
v 637.693817 3773.544678 2021.621094
v 592.492645 3795.096436 2056.171631
v 599.866028 3781.566650 2017.219238
v 543.865356 3799.638184 2051.264160
v 549.079681 3786.492188 2014.259521
v 493.150513 3802.891846 2050.552002
v 496.125885 3789.186523 2012.209229
v 454.150848 3802.693848 2051.767578
v 538.602814 3813.333984 2087.355225
v 583.630707 3809.061768 2091.661621
v 574.359650 3822.754883 2125.159424
v 533.934997 3825.835938 2123.431641
v 527.816284 3831.717285 2154.501221
v 522.500519 3828.434570 2179.485840
v 479.593078 3824.523926 2172.597900
v 440.184265 3818.911377 2147.809570
v 519.333679 3816.967773 2198.563232
v 472.279449 3812.924561 2188.755615
v 432.590729 3805.135254 2157.597900
v 411.437805 3786.831299 2113.621338
v 417.988525 3805.099365 2105.682861
v 468.955566 3791.416992 2199.391113
v 429.803894 3782.326660 2166.203857
v 410.802307 3762.528320 2122.973145
v 516.700226 3796.766602 2212.289307
v 514.620392 3763.657715 2221.804199
v 560.689178 3797.881836 2213.873779
v 558.095184 3763.614014 2227.188477
v 561.190735 3716.400391 2229.699219
v 516.192993 3720.412109 2224.232666
v 562.624298 3664.186768 2208.481934
v 516.951691 3668.580078 2209.241211
v 602.849731 3714.735840 2224.500977
v 607.110321 3665.169434 2198.285889
v 642.517639 3673.419922 2181.152100
v 663.194458 3696.176270 2158.763184
v 668.154541 3730.396484 2138.645264
v 646.099777 3782.026123 2165.119385
v 659.711731 3763.705811 2125.118408
v 633.795669 3802.630127 2149.081055
v 645.143356 3788.567871 2113.023682
v 610.679291 3817.291016 2133.687012
v 620.875824 3803.534180 2101.008545
v 625.434402 3789.969727 2194.937012
v 597.083008 3794.715820 2208.705078
v 595.149048 3761.708984 2224.512207
v 64.213318 3103.890869 1065.557129
v 88.179199 3094.812988 1056.433350
v 77.352966 3110.673340 1025.381592
v 52.753174 3121.106934 1042.971924
v 62.752136 3114.923828 1090.793701
v 90.179382 3101.884766 1094.224121
v 43.747619 3137.806641 1073.456299
v 232.193359 3796.762207 2026.197998
v 239.288208 3781.652344 2042.520264
v 212.220337 3787.200195 2054.623047
v 208.217163 3805.806152 2026.914551
v 214.595581 3802.942383 1995.468262
v 240.523620 3794.773438 2003.434570
v 258.414123 3774.834473 2017.750244
v 92.546387 3806.153320 1984.764404
v 83.266479 3800.044678 1960.467041
v 114.013061 3799.908691 1956.583496
v 117.730102 3808.322266 1995.287598
v 80.347900 3803.987305 2006.358643
v 59.425110 3794.718018 1966.652100
v 110.145080 3806.584473 2023.785645
v 278.091675 3685.845215 2044.794922
v 259.213013 3685.208008 2066.853516
v 255.474243 3722.483887 2070.056152
v 279.932739 3719.836182 2039.149170
v 280.895386 3661.226074 2020.853027
v 257.398254 3642.770996 2043.887939
v 289.483887 3693.728516 2002.280518
v 106.772827 3283.034912 937.196289
v 139.154297 3285.325684 928.980225
v 141.493835 3314.088867 941.518066
v 103.718384 3304.621582 948.209229
v 64.100403 3277.132080 956.694580
v 91.179260 3260.312500 940.000000
v 121.276001 3251.750244 933.476562
v 235.931763 3147.495605 993.016602
v 239.460388 3167.219238 975.636719
v 204.030640 3158.071289 974.906738
v 206.350342 3132.070312 996.826172
v 250.908630 3147.618164 1015.771973
v 269.652038 3180.948730 998.411133
v 224.440002 3122.477539 1028.414062
v 205.514892 3234.726074 932.720215
v 208.496460 3211.577148 942.949707
v 243.903931 3225.347168 943.272461
v 226.876343 3252.908203 931.285645
v 198.719055 3272.809082 925.204346
v 181.438721 3240.607422 930.136719
v 174.345276 3210.768555 943.459229
v 65.180176 3709.657715 2035.851074
v 88.548950 3703.508789 2059.280273
v 87.285828 3659.937012 2044.224121
v 54.915344 3689.607422 2012.784912
v 43.784546 3725.944824 1991.538574
v 58.794250 3742.693359 2027.699219
v 88.740784 3744.055908 2059.959229
v 60.333252 3771.353027 2022.201904
v 92.868652 3775.173340 2054.866943
v 135.393494 3774.323242 2068.759766
v 130.466125 3741.275879 2077.849854
v 129.201233 3698.369629 2080.337891
v 173.685547 3731.886230 2085.947266
v 175.680664 3686.918213 2088.134277
v 172.779968 3638.189453 2072.042969
v 128.168884 3646.232666 2068.006348
v 164.992554 3588.601074 2040.660400
v 119.508911 3599.199219 2034.738281
v 80.815307 3622.642090 2014.199219
v 49.065369 3657.801758 1985.413330
v 113.058960 3561.291992 1990.149658
v 74.279602 3587.999023 1974.097656
v 46.334900 3626.025879 1951.021973
v 30.670654 3666.727051 1923.368164
v 35.644409 3697.149414 1957.012939
v 70.388550 3558.286133 1927.207520
v 44.126160 3597.600586 1908.220947
v 27.132751 3640.972656 1885.764160
v 27.681274 3680.323242 1863.399170
v 30.982422 3703.116455 1902.531738
v 43.409851 3574.607178 1862.143799
v 25.293640 3620.232910 1843.773193
v 25.857849 3660.485840 1822.770752
v 35.746216 3695.859863 1805.020264
v 34.417480 3713.498047 1846.637939
v 26.409424 3602.906738 1799.561035
v 26.858948 3643.401367 1780.385986
v 38.281860 3679.462402 1762.962158
v 57.986084 3706.802002 1751.068604
v 53.313049 3722.105225 1793.560791
v 30.679932 3627.227051 1736.011963
v 42.228088 3661.614258 1720.388672
v 62.555481 3688.799316 1708.666260
v 90.000366 3708.118652 1702.016846
v 86.037109 3726.775879 1745.639404
v 47.159607 3641.654053 1676.650391
v 66.917969 3667.745605 1665.626709
v 93.451172 3685.696777 1658.714355
v 126.488708 3694.714844 1655.801270
v 124.602417 3718.818115 1699.896240
v 70.833923 3645.838867 1621.128662
v 96.150085 3663.659668 1614.289062
v 128.344421 3671.904785 1611.318359
v 166.000122 3671.744385 1611.392822
v 165.174194 3695.444092 1655.655029
v 96.247253 3645.692383 1567.401611
v 128.872436 3654.299316 1564.802979
v 167.226013 3654.407227 1565.069092
v 208.979858 3647.026611 1567.655518
v 206.951416 3664.432129 1613.613037
v 128.269714 3639.220703 1516.912598
v 168.141601 3640.025879 1517.707520
v 210.665100 3631.867188 1520.967285
v 247.021423 3614.537354 1526.623535
v 245.642273 3631.757324 1573.033203
v 169.386658 3622.493896 1471.743408
v 211.057678 3613.672852 1475.970215
v 246.349609 3595.774414 1481.532471
v 271.942139 3568.979004 1490.221680
v 273.032226 3588.609863 1535.506592
v 212.097412 3593.578369 1432.204590
v 245.390686 3575.960693 1437.983887
v 269.030945 3548.910156 1446.386230
v 282.580200 3513.259033 1458.750977
v 286.380310 3533.992188 1502.828613
v 246.825683 3558.180420 1392.827148
v 267.166077 3529.928223 1401.912354
v 279.002380 3494.234863 1414.717529
v 283.030762 3453.472900 1433.461426
v 286.247375 3474.070801 1476.173828
v 269.044250 3512.213867 1355.744873
v 277.466858 3475.280273 1370.532471
v 280.901794 3433.257812 1391.686523
v 274.762634 3393.026123 1416.752197
v 276.114014 3414.671387 1456.523682
v 276.501037 3454.241699 1328.118652
v 279.880737 3411.031250 1351.971680
v 274.188721 3370.417480 1377.506836
v 254.554443 3337.767822 1398.057617
v 253.767151 3360.472656 1437.983887
v 279.775024 3386.244141 1314.030762
v 274.620849 3345.320801 1338.459717
v 255.426330 3312.790771 1357.656982
v 223.296448 3291.746582 1370.306641
v 221.020203 3315.859619 1411.591553
v 275.521240 3317.270020 1298.953125
v 255.309143 3285.358398 1316.547119
v 223.416443 3264.228027 1329.282471
v 184.428711 3253.295410 1337.421875
v 184.101745 3280.321777 1376.778564
v 254.170898 3256.083496 1275.227539
v 221.357544 3234.160156 1289.076172
v 180.998474 3222.640625 1299.752686
v 140.253235 3221.930664 1304.634277
v 145.404358 3252.361816 1340.479004
v 217.968140 3203.530762 1249.958740
v 176.035705 3190.823730 1262.476562
v 133.914368 3189.006592 1267.863525
v 96.194397 3196.809570 1266.274414
v 103.979065 3230.399414 1302.584229
v 171.838074 3160.473633 1222.199463
v 129.131775 3157.995117 1226.144775
v 92.067871 3165.883057 1222.844238
v 63.198730 3183.840088 1212.338867
v 65.769836 3216.502686 1255.437012
v 126.478088 3130.607910 1181.669434
v 90.210022 3138.906250 1177.937988
v 62.735901 3155.076660 1168.526855
v 40.253601 3180.550293 1152.997070
v 39.838196 3209.343506 1196.045898
v 89.764892 3117.590332 1134.780762
v 62.671326 3132.373047 1127.703369
v 41.893921 3157.240723 1111.484619
v 30.025757 3193.424805 1087.320068
v 27.857178 3216.948242 1130.049316
v 33.190307 3171.323242 1049.031982
v 29.095459 3214.973145 1022.589600
v 28.281433 3238.479980 1063.154541
v 44.109619 3153.127441 1020.699219
v 38.310058 3194.003174 994.045166
v 43.940430 3237.899902 969.968994
v 34.905090 3260.973633 1003.366211
v 67.880554 3144.257324 1001.713135
v 63.181091 3183.395264 977.477539
v 71.568603 3223.303223 954.564453
v 96.901306 3179.937500 969.607422
v 104.919678 3216.382324 948.863525
v 134.490417 3179.561523 964.069336
v 139.751587 3212.967773 945.163330
v 151.093140 3246.580811 930.066162
v 167.152038 3281.851807 924.801025
v 215.011352 3302.407715 939.988770
v 177.416687 3313.761719 938.002930
v 223.581177 3328.360840 968.861816
v 183.368408 3340.618164 964.133545
v 139.931152 3339.985352 965.981445
v 187.337524 3365.186768 998.208252
v 140.875366 3364.717773 999.138916
v 95.455932 3350.138672 1008.932617
v 96.264099 3326.929199 974.061279
v 57.829773 3323.185547 1025.790527
v 56.330322 3300.083984 987.949707
v 36.035950 3285.000488 1044.648682
v 61.513000 3343.495605 1065.563477
v 38.836853 3305.999023 1086.197998
v 28.590637 3260.190674 1107.129395
v 41.674133 3326.858643 1126.104004
v 28.299011 3283.862305 1149.556152
v 25.590088 3243.455566 1173.837891
v 31.959900 3313.286133 1189.078125
v 28.886474 3275.771973 1215.538086
v 42.769775 3243.246094 1238.344482
v 36.017639 3309.777832 1252.710205
v 49.554504 3276.941895 1276.025635
v 73.190002 3249.554199 1292.683105
v 58.139282 3307.465332 1310.649414
v 81.393799 3280.196533 1326.770996
v 110.409302 3260.901367 1337.406738
v 83.733093 3303.835205 1363.747559
v 111.996216 3285.223633 1374.172363
v 145.691894 3278.100098 1378.067627
v 109.187683 3304.545410 1414.763916
v 142.950744 3298.960938 1418.856689
v 180.823303 3303.275146 1417.736572
v 139.691772 3317.066895 1462.464844
v 177.898010 3322.960938 1460.175781
v 219.012939 3337.502686 1452.284424
v 177.402710 3344.287109 1502.048096
v 218.744079 3359.012207 1492.392578
v 254.317932 3382.213135 1477.332031
v 221.696350 3381.557617 1531.586182
v 256.856384 3404.243164 1516.416748
v 278.395874 3436.398926 1496.933105
v 260.106201 3427.340332 1555.852539
v 280.969360 3458.697754 1538.302979
v 289.573303 3495.734863 1519.452637
v 283.095886 3481.519043 1581.035400
v 291.591003 3517.920898 1563.832520
v 287.980347 3555.229492 1548.139404
v 291.723144 3539.881836 1610.147461
v 287.485535 3575.827637 1594.988770
v 272.065246 3607.393066 1582.174561
v 286.398559 3597.324951 1641.432129
v 270.477234 3627.097168 1628.234375
v 243.655578 3650.066406 1618.791504
v 270.221313 3649.981689 1671.869385
v 242.971069 3673.047852 1662.138672
v 206.009582 3688.108398 1657.367188
v 243.748047 3697.806641 1704.669678
v 206.044372 3714.123535 1701.338379
v 164.526123 3721.166016 1700.635010
v 207.049988 3734.162598 1748.429199
v 162.783020 3740.792480 1749.152100
v 121.704407 3737.593018 1745.529053
v 160.521057 3751.136475 1795.711914
v 116.732605 3749.132568 1790.505859
v 80.893799 3740.465820 1789.259277
v 112.226074 3759.797852 1833.919189
v 75.551636 3754.033203 1831.993652
v 49.463501 3737.377441 1836.447998
v 73.229858 3768.760498 1874.604980
v 48.917786 3755.163330 1879.064941
v 35.852295 3733.663086 1887.974854
v 51.817993 3775.071777 1922.120605
v 38.961182 3756.144531 1929.626465
v 35.618469 3728.780518 1941.231445
v 46.559875 3779.423340 1973.073486
v 43.129822 3756.022949 1980.347900
v 66.865845 3792.343262 2016.554443
v 100.525940 3796.283691 2042.861328
v 144.138244 3808.923340 2026.889160
v 140.016174 3797.309326 2052.043213
v 178.885071 3809.129883 2027.352295
v 178.340881 3794.948486 2055.336914
v 176.397949 3767.684570 2074.046143
v 214.767639 3757.254639 2073.193848
v 215.779358 3722.400391 2084.508057
v 248.490967 3753.579102 2059.623535
v 220.982971 3682.053223 2081.813965
v 218.977112 3636.460938 2061.158447
v 250.419006 3601.304199 2012.458496
v 210.997986 3589.914062 2031.991211
v 245.003113 3568.665039 1971.574463
v 205.211182 3550.430664 1988.586426
v 158.734497 3548.308105 1995.241943
v 199.984009 3523.120117 1938.837891
v 153.700744 3519.638184 1943.829590
v 108.014953 3531.394531 1940.535400
v 151.858826 3495.514648 1891.064453
v 106.976684 3506.133301 1887.627197
v 71.263550 3533.769043 1877.176514
v 109.510803 3490.549316 1831.650146
v 72.347656 3519.514648 1824.786133
v 43.783203 3559.450195 1814.895752
v 76.365539 3514.529541 1775.052734
v 46.569580 3549.984863 1765.879883
v 30.808349 3588.914551 1752.474854
v 53.001098 3539.143555 1718.821533
v 37.431763 3573.823242 1705.148926
v 36.592346 3609.417969 1690.230469
v 43.482666 3555.684082 1659.089355
v 41.915405 3589.690918 1644.078613
v 52.134949 3620.411133 1631.312988
v 42.978332 3568.572754 1598.489990
v 52.399536 3600.290039 1584.849121
v 70.792053 3626.896729 1574.278076
v 48.156311 3580.280762 1538.872314
v 67.458862 3608.747070 1527.030273
v 94.181152 3629.247070 1519.499512
v 64.307129 3587.318115 1480.553223
v 92.072449 3609.945312 1472.199707
v 127.885620 3621.107910 1469.710205
v 93.166321 3588.122559 1427.042236
v 130.621521 3600.241699 1425.207275
v 172.551269 3602.143555 1427.780029
v 135.884521 3581.356445 1380.371582
v 177.484253 3583.984863 1382.804688
v 215.278076 3576.003418 1386.899414
v 183.302429 3568.708984 1334.135010
v 219.758423 3559.290283 1338.719238
v 250.117798 3541.379395 1345.413818
v 223.073608 3537.720215 1288.523438
v 252.136474 3519.923340 1296.878906
v 269.484314 3491.215332 1310.140137
v 252.951233 3491.978516 1250.721680
v 268.768005 3464.050293 1267.847900
v 276.394043 3428.831543 1289.584473
v 268.267822 3433.336670 1229.296875
v 277.151977 3399.369385 1252.294922
v 280.920898 3357.934082 1276.520020
v 278.761047 3368.938232 1215.260986
v 282.880554 3328.497314 1238.052490
v 276.354736 3287.804443 1258.467529
v 286.640503 3300.339355 1197.844971
v 277.273376 3258.968262 1217.419434
v 252.526855 3226.532959 1234.389648
v 277.541504 3232.616211 1176.101562
v 250.757019 3198.892090 1194.013672
v 214.667114 3174.321045 1210.606445
v 248.930847 3173.711914 1153.392090
v 212.426636 3147.964844 1169.295410
v 169.886841 3132.850586 1179.126221
v 209.576355 3125.367188 1126.164795
v 167.202942 3110.483398 1134.373047
v 124.611145 3109.223633 1136.661133
v 162.866699 3096.450439 1089.209717
v 123.422485 3095.380615 1092.603760
v 155.940307 3093.625488 1044.635498
v 119.933594 3091.187500 1050.216309
v 143.235229 3113.132324 1009.692627
v 108.780273 3109.260254 1016.627930
v 98.971496 3143.137695 992.149902
v 135.693909 3145.504395 985.355713
v 177.141601 3120.905762 1003.072021
v 171.143066 3150.587891 979.615479
v 171.274597 3181.359375 960.044189
v 207.196594 3185.187988 957.539062
v 247.727966 3196.264893 958.632568
v 275.769348 3218.164551 980.468506
v 268.317993 3252.020996 962.393311
v 287.507202 3242.641602 1015.983643
v 277.510071 3278.178223 995.538818
v 257.285644 3307.861816 977.987305
v 247.715820 3281.458252 947.316406
v 282.400207 3304.120117 1032.791748
v 261.446411 3332.804199 1015.459717
v 228.583923 3352.879639 1004.783936
v 263.392151 3356.767090 1055.540283
v 231.285766 3375.463867 1044.069824
v 189.763550 3385.695801 1037.607178
v 229.477417 3395.600586 1084.576660
v 189.872131 3404.335938 1078.269043
v 145.085327 3404.064453 1078.597900
v 143.362305 3384.856445 1038.575684
v 100.502807 3390.955566 1087.363525
v 98.377930 3370.573975 1048.322510
v 65.206848 3363.389648 1104.823730
v 101.797485 3414.138184 1125.219238
v 67.556152 3387.247559 1142.555176
v 44.963501 3351.649414 1164.299316
v 69.583191 3416.494629 1179.946533
v 47.872375 3382.422119 1202.015381
v 36.736389 3345.977295 1226.757324
v 50.850891 3414.515625 1240.469727
v 41.089416 3377.876221 1264.534912
v 43.312256 3340.903564 1288.862061
v 43.222839 3404.841309 1303.389893
v 45.590942 3366.382324 1326.731445
v 60.338379 3331.670898 1347.708496
v 42.531616 3387.257324 1367.302490
v 57.618835 3351.212402 1388.446533
v 81.184204 3323.314941 1404.273438
v 51.852112 3370.240723 1431.837891
v 76.326721 3341.966309 1447.964111
v 105.246704 3322.852051 1458.616211
v 75.397583 3365.197510 1492.496826
v 105.065918 3346.168457 1503.301025
v 139.199036 3338.897461 1506.007080
v 107.742493 3372.129883 1546.302979
v 142.643310 3364.364014 1548.633301
v 180.883972 3368.210938 1542.681152
v 148.283569 3391.383301 1588.274658
v 187.580749 3394.159912 1581.360840
v 227.209778 3406.052246 1570.054443
v 195.283691 3420.383789 1618.655762
v 233.336365 3430.833984 1608.863037
v 263.314819 3451.243408 1596.439453
v 237.960998 3454.445312 1649.455078
v 265.798157 3474.666992 1639.339111
v 284.432068 3504.225098 1625.952881
v 267.251770 3495.995117 1684.957031
v 284.832336 3526.460938 1673.021484
v 291.435486 3562.408691 1657.439453
v 283.692993 3547.673828 1720.115234
v 291.214172 3585.118164 1703.195557
v 286.500915 3620.624268 1685.777832
v 292.253479 3607.093750 1746.195068
v 288.163147 3643.954102 1727.527100
v 271.598694 3673.758789 1713.460693
v 291.080932 3665.519531 1768.447998
v 273.623901 3695.163574 1755.640869
v 245.857910 3718.381348 1749.287354
v 275.817993 3714.153809 1800.241211
v 247.750793 3733.454590 1795.618164
v 208.396545 3745.514404 1795.235840
v 246.923462 3747.526123 1841.071289
v 207.778747 3755.175781 1839.778564
v 157.710266 3759.961426 1838.575195
v 203.672180 3766.750000 1880.997803
v 154.632263 3771.047363 1878.031738
v 109.045898 3772.325195 1875.381348
v 152.277710 3784.144043 1916.167725
v 109.479126 3786.252197 1915.976318
v 74.652710 3784.543701 1917.728027
v 150.640198 3797.986816 1955.025879
v 190.575683 3794.240967 1956.413330
v 183.175903 3807.089844 1993.012939
v 148.895752 3808.520508 1993.780273
v 197.900085 3780.005371 1919.506104
v 234.410339 3774.978516 1925.377441
v 225.227051 3789.527344 1961.764160
v 242.125854 3761.111572 1884.698730
v 270.757446 3749.371582 1890.627441
v 262.272034 3765.425781 1932.681152
v 276.137146 3732.441406 1845.805176
v 294.426208 3704.302246 1855.467773
v 289.656677 3723.387207 1899.736084
v 293.833069 3685.194824 1810.997559
v 296.853943 3646.765625 1827.739502
v 297.843201 3666.501465 1869.479248
v 294.504272 3627.288086 1787.086182
v 285.761352 3583.973633 1807.082520
v 288.386413 3602.024902 1847.461914
v 283.631042 3566.693848 1765.188232
v 266.059753 3528.635742 1778.504395
v 268.002869 3541.003418 1823.531982
v 266.301819 3514.855469 1731.933838
v 240.218811 3489.973877 1738.005371
v 238.940124 3499.024414 1785.555664
v 240.473450 3474.713379 1692.524170
v 206.008606 3464.165771 1696.619873
v 205.882263 3476.771973 1740.323242
v 202.062927 3444.612793 1656.310791
v 161.189392 3443.860840 1660.624512
v 165.600647 3463.616455 1698.023926
v 154.985046 3418.457031 1624.866699
v 117.213379 3427.929199 1623.023926
v 121.943481 3454.382568 1658.431641
v 112.099731 3399.915527 1586.406738
v 80.441345 3419.155762 1575.140137
v 84.141601 3447.174072 1612.390381
v 77.166748 3391.475342 1535.226074
v 50.200561 3419.130371 1517.821289
v 52.890137 3446.581543 1557.261475
v 49.437012 3393.083984 1475.861328
v 35.285461 3430.724609 1452.435303
v 35.975342 3456.815918 1493.765625
v 37.028808 3407.552734 1409.621338
v 35.373291 3447.918945 1385.505371
v 31.779541 3470.922119 1428.143066
v 40.141846 3427.026855 1343.698975
v 52.883057 3466.021973 1321.203369
v 47.640747 3486.821045 1363.259033
v 54.692444 3442.500977 1280.490723
v 76.640503 3477.136963 1260.006836
v 74.692016 3502.568115 1301.731445
v 74.075134 3447.156250 1219.207031
v 106.813721 3472.265625 1202.477783
v 108.583496 3504.861328 1242.586670
v 104.071777 3441.099609 1163.383057
v 146.388611 3452.897461 1154.878662
v 148.267029 3484.577637 1192.927246
v 145.514221 3426.593262 1116.968018
v 188.903259 3426.306396 1117.268066
v 188.355652 3453.230225 1154.601074
v 224.161987 3444.867676 1160.928955
v 224.468384 3476.909668 1198.604004
v 188.954223 3484.998535 1192.692139
v 226.005737 3417.599609 1123.788086
v 254.784119 3401.418457 1136.412354
v 251.844787 3428.303711 1173.599854
v 259.850464 3378.625000 1096.760254
v 279.302368 3352.339111 1114.451660
v 272.695190 3375.807617 1154.796143
v 283.649048 3329.007568 1072.987061
v 293.684570 3292.337402 1094.413330
v 289.877869 3316.469727 1135.883789
v 292.579773 3267.628418 1054.223145
v 290.718994 3225.557129 1075.214600
v 292.178650 3249.858643 1115.716797
v 284.873596 3202.108887 1035.237061
v 267.319214 3164.210938 1053.401123
v 274.358520 3184.990479 1094.557861
v 246.246094 3151.134277 1111.845459
v 276.750305 3208.213867 1135.370850
v 239.383423 3133.345703 1069.197998
v 204.252563 3109.192871 1082.086182
v 192.285217 3104.047363 1038.032959
v 290.728027 3274.350098 1156.820312
v 283.009704 3341.278320 1176.477295
v 269.141540 3402.848145 1192.439941
v 251.713440 3459.494141 1210.919189
v 224.756958 3509.745605 1239.897461
v 187.562622 3547.896484 1283.365234
v 189.130981 3518.626465 1234.602783
v 147.155090 3547.132080 1282.417480
v 149.390991 3518.530273 1234.112549
v 107.452209 3531.277832 1288.575928
v 142.233215 3566.732910 1332.661621
v 102.098205 3550.575195 1336.323730
v 70.221191 3521.845703 1346.486084
v 97.628540 3566.438721 1383.085693
v 65.718445 3541.734375 1391.037109
v 43.408874 3508.319580 1406.107666
v 62.902405 3564.012207 1435.138672
v 42.474609 3532.744141 1449.703369
v 31.609680 3496.500732 1470.111816
v 44.062317 3557.965332 1493.795898
v 33.834595 3522.347656 1512.105713
v 38.646545 3483.678711 1533.808350
v 38.666382 3546.402344 1554.511230
v 42.379761 3509.572998 1573.820557
v 56.547607 3474.111572 1595.014648
v 45.285156 3533.961914 1615.130615
v 59.184570 3500.513672 1633.035400
v 86.906067 3473.577148 1648.827148
v 58.309997 3523.047852 1674.184570
v 86.243713 3495.545898 1686.972900
v 123.670349 3475.051270 1695.084473
v 83.013122 3509.147949 1729.257324
v 121.834473 3486.740967 1735.527588
v 164.815491 3475.075684 1739.391113
v 115.763306 3488.618164 1780.951172
v 160.606994 3477.120605 1785.643799
v 203.082458 3481.865723 1787.733887
v 154.659057 3479.725098 1836.454102
v 199.344665 3486.911377 1837.900391
v 238.346069 3507.778809 1833.523682
v 197.598633 3501.529297 1888.519775
v 239.010986 3522.537598 1880.185791
v 270.501160 3556.405273 1866.594727
v 241.297241 3543.399414 1926.106201
v 272.113891 3575.352051 1908.351074
v 290.243469 3620.947266 1887.218018
v 273.450561 3597.655762 1949.151855
v 290.569275 3641.507812 1926.445557
v 295.594482 3686.676270 1911.139160
v 290.786499 3665.910889 1964.652588
v 291.450500 3708.340820 1952.371582
v 281.135559 3742.233643 1941.956543
v 284.371826 3730.808105 1992.615234
v 271.353882 3760.588867 1982.640381
v 253.397522 3781.329102 1971.450439
v 271.785828 3748.402832 2030.058350
v 276.600769 3624.502441 1986.598389
v 451.518127 3099.892334 1083.469238
v 472.045135 3089.122070 1083.883301
v 474.245117 3105.514648 1057.936279
v 447.830963 3114.870361 1067.080078
v 444.795685 3105.401367 1106.855957
v 469.613067 3090.990234 1110.849365
v 431.202392 3128.123047 1087.530029
v 564.544983 3104.430176 1058.196777
v 533.804321 3102.102051 1055.473145
v 535.940307 3085.934082 1081.131592
v 572.759796 3094.734863 1077.008057
v 603.816681 3115.095703 1062.524414
v 577.187012 3120.830811 1042.562500
v 544.925506 3125.814941 1032.770264
v 586.638519 3826.433594 2177.148438
v 601.238556 3824.759277 2158.242676
v 619.497330 3809.913574 2175.696289
v 596.760345 3815.304443 2190.873047
v 563.110809 3829.815918 2177.269775
v 566.835052 3831.096924 2153.733887
v 562.827789 3819.132324 2197.122559
v 659.044876 3722.966797 2185.377197
v 637.077682 3722.061035 2212.817871
v 625.886871 3765.017822 2212.714600
v 653.898605 3759.965332 2180.322754
v 471.082947 3824.181641 2115.535156
v 459.276001 3816.990967 2091.151611
v 494.452392 3816.150146 2087.794189
v 495.703400 3826.213379 2122.753906
v 489.122681 3829.341797 2151.701660
v 452.801269 3824.655029 2133.590576
v 433.798523 3814.895996 2098.700195
v 499.105926 3264.686035 971.886475
v 479.289917 3238.270996 976.706299
v 518.228454 3227.824951 968.279541
v 530.723083 3262.928711 963.407959
v 533.746582 3298.104004 979.953369
v 490.928924 3286.831543 986.140869
v 455.893066 3264.887939 997.625000
v 445.001709 3722.572754 2183.511719
v 437.369690 3696.827637 2162.854736
v 415.267090 3731.642090 2137.406494
v 433.407745 3750.968262 2174.468262
v 473.476074 3719.605713 2205.382812
v 474.748291 3676.405273 2191.744385
v 469.209228 3759.901611 2205.166748
v 664.086777 3237.720947 993.743652
v 641.966019 3244.563477 980.667725
v 631.733505 3210.950684 984.389648
v 661.492538 3209.426025 1000.446289
v 675.376175 3257.655273 1015.122314
v 653.482788 3277.248047 998.970703
v 679.719208 3228.655273 1030.051270
v 668.442093 3189.146973 1040.524170
v 680.404098 3199.323242 1075.531494
v 684.384796 3243.141602 1067.274414
v 677.577041 3280.890869 1051.389893
v 647.787735 3177.964844 1016.337402
v 626.802978 3143.756348 1039.428955
v 647.506698 3149.297363 1060.853027
v 617.893936 3178.420898 1001.208496
v 599.105804 3146.611084 1022.936035
v 582.263000 3184.376465 990.497314
v 563.825439 3153.517578 1011.117188
v 542.919128 3190.300293 984.402588
v 526.068573 3158.584473 1006.022217
v 511.590332 3128.458496 1030.109619
v 487.053711 3163.315918 1006.289307
v 477.160980 3131.670898 1032.269043
v 504.540802 3101.928711 1055.540771
v 502.391479 3085.033203 1081.602051
v 501.155884 3084.099609 1108.860840
v 538.922241 3083.482910 1106.976562
v 502.121033 3093.690918 1141.131104
v 542.661590 3090.688477 1139.333252
v 589.341156 3098.072510 1134.573486
v 583.349731 3090.804199 1103.533203
v 631.834228 3123.387207 1117.604492
v 622.090088 3114.974365 1087.944580
v 661.306091 3158.083008 1091.096924
v 639.478882 3134.544922 1153.010498
v 669.822601 3167.053711 1132.831543
v 689.191482 3207.065430 1119.250000
v 675.178818 3184.189453 1178.878174
v 692.129288 3221.954102 1164.734863
v 692.904510 3269.111572 1150.255859
v 689.979477 3256.331055 1108.185547
v 680.021713 3312.273926 1133.100830
v 677.243744 3297.291504 1091.409180
v 660.986084 3346.518555 1114.285400
v 660.012436 3329.179688 1072.274902
v 658.329529 3305.208984 1032.428711
v 627.781357 3346.691162 1058.354736
v 625.517532 3320.345215 1019.246338
v 620.307632 3289.583740 988.084961
v 582.228729 3328.411621 1012.323486
v 580.040192 3298.136230 980.821045
v 572.664337 3261.558105 963.457520
v 610.369018 3253.953857 970.400391
v 558.868988 3223.751953 967.832275
v 597.322510 3217.398926 974.127197
v 502.032532 3195.486328 984.098389
v 462.127594 3207.233398 991.208740
v 451.421142 3173.602051 1014.301758
v 435.897522 3231.633789 1013.454346
v 427.042358 3192.524902 1035.120605
v 425.938782 3156.296875 1062.660645
v 447.187561 3139.766113 1041.844482
v 417.924957 3217.532959 1067.958984
v 416.544342 3176.570801 1094.116211
v 424.297790 3142.540527 1118.900146
v 412.979095 3197.764160 1132.474609
v 420.813385 3160.979980 1156.561035
v 440.656494 3133.627930 1171.843262
v 441.122619 3116.987305 1135.839600
v 470.200592 3115.503174 1179.127441
v 468.759796 3101.366699 1142.105713
v 506.126892 3105.054688 1179.591064
v 473.054535 3133.962891 1220.964111
v 512.250610 3120.788086 1222.597412
v 558.179870 3118.270996 1219.018555
v 549.473297 3100.753906 1175.925293
v 605.376953 3128.439209 1210.984863
v 597.246002 3109.418945 1169.774902
v 645.457199 3152.251953 1195.002686
v 610.908142 3153.276855 1255.137207
v 649.299255 3175.603516 1239.617920
v 676.736099 3206.165039 1224.498535
v 650.754654 3202.958008 1282.706787
v 676.196747 3230.852051 1268.962891
v 687.597336 3265.439697 1254.634277
v 690.793854 3242.237061 1210.001221
v 684.860840 3304.998047 1238.113770
v 691.056030 3284.914062 1193.997314
v 673.497009 3345.715332 1218.816650
v 679.359390 3328.048584 1175.843262
v 654.930542 3378.592773 1199.490723
v 659.557800 3361.634277 1157.378906
v 624.972549 3399.686035 1184.329590
v 627.782242 3383.411621 1143.330566
v 628.609619 3367.343994 1100.824219
v 585.899658 3394.788574 1133.619629
v 585.633453 3378.154785 1091.316162
v 584.124786 3356.370605 1049.386475
v 535.810211 3381.527344 1086.878418
v 534.516632 3358.514648 1045.717529
v 534.049530 3329.326172 1009.629150
v 486.907196 3345.255127 1051.614746
v 488.395965 3316.469482 1014.833008
v 449.140228 3321.721924 1064.620361
v 450.110535 3294.456055 1027.733154
v 425.639313 3285.552734 1085.945312
v 427.700012 3259.923096 1047.446289
v 414.646545 3240.780273 1107.399902
v 424.925110 3307.824219 1126.038086
v 412.554962 3262.661133 1147.634277
v 410.179230 3220.378174 1172.384033
v 412.424255 3284.565918 1189.587646
v 408.403931 3244.972656 1214.033936
v 421.137115 3208.200195 1237.552979
v 419.953735 3183.171875 1196.741943
v 446.285828 3179.098145 1254.585449
v 443.380859 3154.921875 1212.123047
v 477.280426 3156.084961 1264.567139
v 449.438049 3205.858398 1296.819580
v 481.832489 3182.096191 1308.945312
v 523.079071 3170.443359 1312.023926
v 518.086639 3142.780273 1267.542969
v 569.330292 3170.309814 1307.924316
v 564.126922 3143.260498 1264.055664
v 614.782837 3181.588867 1296.920410
v 575.542389 3201.270752 1347.653564
v 618.604339 3211.939453 1337.344727
v 651.835617 3231.870117 1325.239258
v 621.506576 3243.025391 1377.659668
v 652.410568 3261.101074 1368.190430
v 673.882629 3285.984375 1356.348389
v 675.583404 3257.718262 1312.803223
v 680.227142 3318.851074 1341.299316
v 684.336685 3291.066406 1298.569580
v 674.149353 3356.261719 1322.281494
v 679.044083 3328.617188 1281.367188
v 663.338425 3394.712891 1299.641113
v 667.470520 3367.519287 1260.555420
v 647.225510 3426.916992 1277.201904
v 650.379532 3400.170654 1239.182129
v 620.785858 3449.201660 1260.524414
v 622.221313 3421.825928 1222.711182
v 584.691131 3461.640137 1251.109131
v 584.682251 3433.707520 1213.166016
v 585.312836 3411.366943 1174.628662
v 540.444214 3436.719238 1210.048828
v 539.226898 3414.306641 1171.518066
v 537.543213 3397.608887 1129.989746
v 493.841797 3405.268066 1176.516357
v 490.433105 3387.998047 1135.098145
v 487.105652 3370.419434 1092.483398
v 452.004486 3363.218506 1148.847168
v 449.604095 3344.343262 1106.560547
v 425.528229 3326.873779 1167.556396
v 455.889953 3382.272949 1189.397461
v 430.288849 3347.674316 1208.119141
v 415.386536 3309.389893 1230.886963
v 434.180481 3373.791992 1246.890869
v 421.175049 3337.530762 1269.738770
v 417.723602 3301.285156 1294.437988
v 410.268219 3271.550781 1255.960205
v 429.856201 3266.864258 1317.865723
v 424.733124 3236.122070 1278.689453
v 454.354065 3235.780762 1336.810547
v 436.583557 3297.190430 1353.692871
v 462.550964 3267.200928 1371.522461
v 496.003265 3245.140625 1383.718750
v 487.825989 3212.184082 1349.403076
v 536.336120 3233.718750 1388.462402
v 529.815826 3201.999023 1351.781494
v 580.869079 3233.405762 1385.208984
v 538.979889 3261.228516 1425.411377
v 582.641327 3261.920898 1424.594238
v 621.972061 3271.800049 1419.575684
v 579.576996 3286.855957 1465.010986
v 618.619903 3297.358643 1461.831055
v 648.448105 3314.114258 1454.478027
v 651.527496 3288.816406 1411.609375
v 667.649948 3339.665283 1441.130371
v 670.962921 3314.155762 1399.252441
v 672.859955 3372.870605 1422.287598
v 675.920486 3346.931152 1382.390381
v 667.972092 3412.194580 1399.034180
v 670.441681 3385.136719 1361.036865
v 658.665954 3452.301758 1376.872070
v 660.483246 3423.958008 1337.494141
v 646.176529 3486.791992 1357.883789
v 646.211029 3456.735840 1316.044189
v 619.738464 3509.514404 1344.968994
v 621.020767 3480.023926 1300.202881
v 584.093170 3522.414551 1336.910156
v 584.973999 3492.539795 1291.155762
v 542.181640 3526.234863 1332.858154
v 542.748718 3495.775391 1287.817627
v 541.574676 3464.587402 1248.045166
v 499.577789 3487.537598 1292.163574
v 498.119049 3456.486328 1253.007324
v 496.164703 3428.459961 1214.838867
v 461.930755 3435.357422 1265.955566
v 458.981232 3406.672363 1227.618164
v 436.401398 3404.449219 1284.764160
v 464.299988 3465.209473 1305.792725
v 439.912567 3433.281494 1324.130127
v 427.005432 3397.450195 1345.458008
v 424.178131 3368.470947 1307.507568
v 427.790649 3359.848633 1367.984863
v 423.829162 3331.901123 1331.190430
v 441.529114 3324.624512 1389.096680
v 426.690307 3383.176758 1406.216797
v 440.261688 3346.625488 1427.254150
v 466.076782 3315.888672 1444.817139
v 466.835449 3294.309570 1406.882080
v 498.230774 3293.666992 1457.704590
v 499.407043 3271.661133 1419.864258
v 536.747558 3284.561279 1464.077881
v 493.297668 3312.040527 1499.036377
v 531.147217 3303.372314 1505.766113
v 572.893036 3307.376465 1507.077637
v 524.606903 3321.274902 1549.411621
v 565.658234 3326.102539 1550.081299
v 606.398620 3339.719238 1546.057617
v 613.052399 3319.274414 1504.218994
v 638.096252 3358.459473 1537.697754
v 643.653152 3337.023926 1496.534668
v 659.357284 3384.030273 1523.367920
v 663.652191 3362.739746 1482.490234
v 666.906799 3416.077637 1503.864990
v 669.958816 3395.637695 1462.544189
v 663.075241 3454.067871 1481.860840
v 665.429352 3434.953125 1439.036133
v 652.689178 3493.095703 1465.111084
v 656.495911 3475.047852 1419.791016
v 636.598419 3527.259277 1452.812988
v 642.937744 3510.093018 1405.206299
v 608.315246 3550.238770 1443.652588
v 615.311325 3532.735840 1394.901123
v 571.471985 3562.728027 1436.383057
v 579.424621 3545.729980 1387.088867
v 529.904175 3564.657471 1431.361084
v 537.653351 3549.370117 1382.112549
v 488.598266 3553.696289 1430.973633
v 495.594726 3537.656738 1383.689697
v 499.515137 3515.936523 1335.915283
v 460.346496 3513.537598 1391.271484
v 463.964477 3492.354980 1347.295898
v 437.179260 3479.818848 1406.324463
v 440.635559 3458.669922 1364.609375
v 422.274963 3442.880371 1425.036133
v 426.334839 3421.850342 1384.491943
v 422.037018 3403.531250 1446.897461
v 416.811279 3463.360840 1466.952637
v 416.207092 3424.048828 1488.800781
v 428.989258 3385.588379 1510.581543
v 435.361145 3365.905273 1468.040039
v 454.795349 3353.412109 1529.101074
v 461.370972 3334.666992 1485.774170
v 487.333099 3330.856445 1542.309814
v 450.403076 3376.372559 1572.829590
v 483.252716 3354.125977 1586.594727
v 519.748810 3343.516113 1593.346191
v 481.233826 3380.166016 1629.725098
v 517.730072 3368.821533 1636.652100
v 557.922760 3370.756348 1634.669434
v 559.968902 3346.992676 1592.799316
v 598.437317 3382.731201 1627.396973
v 601.019745 3360.618896 1587.059326
v 630.997818 3400.509277 1617.758789
v 633.514923 3379.331543 1578.038574
v 652.683304 3425.647461 1604.105469
v 655.412887 3404.717285 1563.930176
v 662.380936 3456.527344 1587.202148
v 664.173965 3436.016357 1545.619385
v 661.344955 3491.746582 1569.027100
v 661.697815 3472.448242 1525.694824
v 650.281341 3528.583496 1553.496582
v 650.282165 3510.263428 1509.975098
v 628.937942 3560.782227 1541.845703
v 630.767624 3542.740234 1498.584717
v 596.405304 3583.451172 1533.418213
v 601.033569 3565.618408 1489.962158
v 556.606384 3596.221924 1526.842041
v 562.986877 3578.006348 1483.138184
v 513.880737 3598.700684 1521.740234
v 520.901855 3579.075439 1477.977539
v 475.240997 3590.787354 1520.830078
v 481.403747 3569.639648 1476.902100
v 443.646515 3571.784668 1525.685059
v 448.532043 3549.960938 1481.304688
v 454.735626 3530.567871 1436.774658
v 425.286590 3520.439453 1492.457764
v 431.046173 3499.452148 1449.012695
v 411.456695 3486.014648 1509.791748
v 421.966766 3543.446777 1537.048096
v 408.176117 3510.292480 1552.995117
v 410.448791 3471.956055 1573.487549
v 412.219391 3446.852539 1531.286621
v 421.745148 3434.164307 1595.580322
v 424.231720 3408.403809 1553.621582
v 447.639404 3402.376709 1615.538574
v 421.475708 3460.921387 1636.344482
v 446.999542 3429.919922 1656.326904
v 481.006286 3407.806152 1670.926514
v 447.704773 3457.648682 1695.481201
v 482.120972 3435.803711 1709.875732
v 520.574554 3422.692383 1716.779297
v 518.207001 3395.538330 1677.965088
v 562.255524 3422.321289 1713.664307
v 559.199829 3396.317383 1674.885742
v 600.592468 3430.120605 1706.874512
v 598.691833 3406.319336 1667.134766
v 630.839569 3444.860840 1697.899902
v 630.452515 3422.391113 1657.582031
v 651.404541 3468.493164 1685.787354
v 651.465118 3446.955566 1644.528564
v 661.691009 3498.427734 1670.941895
v 661.664337 3477.451172 1628.773193
v 661.418533 3532.314209 1655.069092
v 661.451813 3512.038574 1611.809326
v 650.389664 3567.181641 1640.266846
v 650.539413 3547.914062 1596.529053
v 627.748154 3597.917480 1628.291260
v 628.062225 3579.567871 1584.582275
v 593.297912 3619.981689 1620.482422
v 594.213531 3602.325195 1576.369141
v 551.452423 3632.512939 1615.675781
v 552.798645 3615.426270 1570.380127
v 509.518188 3635.517578 1613.450439
v 510.064911 3618.320801 1566.534912
v 473.649353 3629.372070 1614.250977
v 473.043976 3611.350586 1566.650146
v 444.691772 3612.850586 1619.311523
v 443.172119 3593.256836 1572.121094
v 423.994781 3587.331543 1629.020264
v 421.938171 3566.456787 1582.722656
v 411.301971 3556.705566 1641.612305
v 407.796448 3534.469238 1596.965088
v 412.898529 3522.114502 1657.931885
v 410.926514 3497.422852 1615.639160
v 422.911713 3487.463135 1676.555664
v 414.303528 3545.472900 1701.448486
v 424.418609 3512.956055 1717.522217
v 448.255707 3484.560547 1734.427490
v 423.610199 3536.200439 1760.564941
v 447.022888 3508.088379 1774.527344
v 482.544800 3485.536621 1785.610107
v 483.292816 3462.476807 1747.590576
v 524.746765 3470.673340 1791.899414
v 523.343109 3448.574219 1754.135254
v 567.487854 3467.315186 1792.122314
v 565.530243 3447.072754 1752.291504
v 603.932983 3472.915527 1789.441650
v 602.741119 3452.861328 1747.415283
v 632.614426 3487.749023 1783.611084
v 631.809082 3467.085205 1739.703369
v 652.915741 3511.050293 1773.817383
v 652.020645 3490.053223 1728.708984
v 662.644623 3540.968750 1760.392822
v 661.932236 3519.488770 1714.800781
v 662.001114 3573.851562 1744.818359
v 661.585083 3552.542969 1699.562988
v 650.074859 3606.493652 1729.599365
v 650.190216 3586.409668 1684.858154
v 626.927215 3634.421875 1717.743164
v 627.215698 3615.691650 1673.205322
v 592.113190 3653.497070 1710.700928
v 592.661865 3636.179443 1665.845703
v 550.747131 3664.239746 1707.519775
v 550.985840 3647.314209 1662.108398
v 509.871734 3668.056152 1706.490234
v 509.821655 3650.712402 1660.625000
v 474.739288 3663.413574 1708.205811
v 474.561066 3645.647705 1661.779541
v 447.184570 3648.758789 1713.773926
v 446.831299 3630.207031 1666.907959
v 426.967010 3626.147217 1722.558838
v 426.683960 3606.464844 1675.775635
v 414.654480 3598.542480 1733.392822
v 414.712921 3577.659180 1687.136963
v 413.172119 3567.596191 1746.427002
v 411.705322 3619.373047 1779.759033
v 409.174255 3587.913086 1792.582031
v 419.527496 3555.578613 1805.762451
v 404.323883 3605.823242 1838.949219
v 414.184784 3570.933594 1852.285645
v 438.508850 3537.993652 1863.042969
v 443.652801 3526.149414 1817.511475
v 475.208435 3510.844727 1870.455566
v 480.021210 3502.114258 1826.237305
v 518.786560 3493.534180 1875.842285
v 523.399109 3486.082520 1831.883301
v 563.459442 3491.159668 1879.491943
v 566.820648 3482.398682 1834.255127
v 601.310730 3499.941406 1879.413818
v 603.260040 3489.085449 1833.305908
v 631.739578 3519.611816 1875.450928
v 632.272018 3505.807129 1829.102295
v 651.642685 3549.161133 1865.842285
v 651.995270 3531.430664 1819.780029
v 663.563568 3583.415283 1850.769043
v 662.713455 3562.473145 1806.153564
v 664.832809 3619.508301 1831.766357
v 662.818329 3596.474854 1789.262207
v 652.954407 3652.692871 1814.276855
v 650.705932 3628.780273 1773.038818
v 629.260727 3679.641602 1801.993408
v 627.196030 3655.777344 1760.699219
v 594.369079 3699.367188 1795.633545
v 592.498138 3674.692383 1753.733887
v 552.477447 3711.113281 1793.846924
v 551.096313 3685.893066 1751.031982
v 510.667786 3714.251709 1794.532715
v 509.807342 3689.631592 1750.726807
v 472.870026 3707.897705 1796.983643
v 473.851135 3684.546631 1753.113281
v 442.715454 3692.228271 1802.868164
v 445.288788 3670.103516 1759.077637
v 420.953522 3668.547363 1812.843994
v 424.267151 3647.351074 1768.488037
v 407.570495 3639.084473 1825.341797
v 417.904968 3687.604980 1855.348145
v 404.246857 3657.112793 1868.968750
v 399.809204 3622.073730 1884.538086
v 401.363006 3674.764648 1910.811035
v 396.547150 3639.104492 1928.179443
v 405.846039 3598.773682 1945.972168
v 409.487518 3584.256348 1899.551270
v 431.088531 3559.036133 1959.439697
v 433.462494 3546.907715 1910.728027
v 464.043976 3525.010010 1970.208740
v 468.515777 3514.799561 1918.284180
v 506.536987 3506.270020 1976.796387
v 512.144226 3496.076660 1924.014404
v 553.556274 3504.947266 1979.263672
v 558.564911 3495.147949 1928.175537
v 597.451691 3518.087891 1976.296875
v 599.311462 3507.037109 1927.862305
v 633.323883 3543.150879 1967.709229
v 632.180298 3529.968506 1922.278076
v 656.021774 3580.218750 1953.183350
v 653.440567 3564.381104 1910.421387
v 669.481659 3622.695801 1933.258301
v 666.307098 3603.172852 1892.903564
v 672.889221 3662.581055 1912.572510
v 668.591522 3641.637695 1872.238525
v 661.265625 3697.173340 1895.699707
v 656.731705 3675.850098 1854.559570
v 637.053833 3723.562012 1886.537354
v 632.536072 3703.257324 1843.299072
v 601.049682 3743.090332 1884.315918
v 597.056793 3723.569580 1838.772949
v 556.065430 3754.083008 1887.561523
v 554.693237 3735.568604 1839.428955
v 510.523987 3754.442871 1885.909668
v 512.042145 3737.507812 1839.679443
v 468.989807 3746.247070 1883.925781
v 471.634796 3729.297363 1840.428467
v 436.536224 3729.263184 1887.326904
v 440.243713 3712.353516 1845.591309
v 414.743103 3705.018799 1896.775146
v 431.326630 3744.548828 1929.064941
v 411.369537 3722.179199 1937.886475
v 399.791046 3693.285400 1951.639648
v 408.760559 3740.152344 1979.107910
v 400.052429 3713.547363 1992.012939
v 397.000671 3680.531982 2010.283447
v 396.145660 3658.879883 1969.918945
v 404.592651 3642.137695 2032.311035
v 404.473175 3618.220215 1989.995850
v 427.500885 3603.841309 2054.473633
v 428.962158 3578.512207 2007.621338
v 459.959930 3571.367188 2071.979248
v 460.514191 3544.880371 2022.065918
v 503.813354 3552.908203 2080.453613
v 503.572021 3526.956543 2029.771240
v 552.141907 3546.564941 2080.687500
v 551.351898 3523.481445 2030.507812
v 598.647919 3557.336914 2071.504883
v 597.131409 3536.021484 2023.848389
v 636.376709 3580.723633 2056.199219
v 634.908691 3560.604980 2012.173340
v 660.408600 3617.325684 2035.808838
v 658.637436 3598.243164 1994.433105
v 673.786056 3662.331787 2014.500977
v 672.219177 3642.509766 1973.561523
v 676.914993 3702.882324 1997.770996
v 676.118851 3682.653320 1954.264404
v 666.673828 3735.862305 1985.066895
v 665.235901 3716.769531 1939.673828
v 641.699600 3757.696289 1977.688477
v 641.068115 3740.646973 1931.702881
v 604.026428 3768.687256 1974.937988
v 604.365051 3756.624268 1930.455322
v 553.486359 3774.984863 1975.315918
v 555.585907 3765.273193 1932.909912
v 501.382263 3776.586914 1972.349121
v 506.135376 3765.907715 1930.288574
v 458.763397 3773.352783 1968.823242
v 464.174225 3759.803711 1927.035645
v 427.008331 3760.756592 1970.907715
v 454.872589 3787.468262 2010.336914
v 426.161041 3778.458496 2012.953369
v 408.935669 3760.731201 2020.312256
v 428.001434 3797.401367 2055.722656
v 410.722351 3782.869873 2061.899170
v 404.374969 3760.768066 2071.959229
v 401.499786 3736.128418 2031.875977
v 403.371765 3732.920410 2085.422852
v 399.188293 3705.137939 2048.446533
v 408.160370 3701.122559 2105.841064
v 405.515259 3670.104004 2071.864502
v 432.023254 3665.702881 2134.290039
v 428.465668 3633.523438 2097.665527
v 468.061249 3637.369629 2158.883057
v 462.626037 3602.112793 2118.055176
v 510.159790 3619.938477 2174.702393
v 506.191131 3582.274170 2129.719238
v 557.478302 3615.105957 2174.820801
v 554.709228 3574.754883 2130.374023
v 603.863678 3619.113770 2163.309570
v 601.134704 3583.378418 2119.709961
v 640.045883 3632.990479 2142.690186
v 637.802490 3603.803223 2100.491211
v 662.355316 3661.543945 2118.105469
v 661.306747 3637.591797 2077.329102
v 672.255539 3703.444336 2097.720459
v 673.645477 3681.989258 2056.213135
v 668.933014 3742.794189 2083.935303
v 674.623489 3722.839844 2041.503174
v 654.737594 3772.126709 2072.578369
v 663.045471 3754.686035 2030.083008
v 630.156906 3788.701660 2063.477295
v 637.693817 3773.544678 2021.621094
v 592.492645 3795.096436 2056.171631
v 599.866028 3781.566650 2017.219238
v 543.865356 3799.638184 2051.264160
v 549.079681 3786.492188 2014.259521
v 493.150513 3802.891846 2050.552002
v 496.125885 3789.186523 2012.209229
v 454.150848 3802.693848 2051.767578
v 538.602814 3813.333984 2087.355225
v 583.630707 3809.061768 2091.661621
v 574.359650 3822.754883 2125.159424
v 533.934997 3825.835938 2123.431641
v 527.816284 3831.717285 2154.501221
v 522.500519 3828.434570 2179.485840
v 479.593078 3824.523926 2172.597900
v 440.184265 3818.911377 2147.809570
v 519.333679 3816.967773 2198.563232
v 472.279449 3812.924561 2188.755615
v 432.590729 3805.135254 2157.597900
v 411.437805 3786.831299 2113.621338
v 417.988525 3805.099365 2105.682861
v 468.955566 3791.416992 2199.391113
v 429.803894 3782.326660 2166.203857
v 410.802307 3762.528320 2122.973145
v 516.700226 3796.766602 2212.289307
v 514.620392 3763.657715 2221.804199
v 560.689178 3797.881836 2213.873779
v 558.095184 3763.614014 2227.188477
v 561.190735 3716.400391 2229.699219
v 516.192993 3720.412109 2224.232666
v 562.624298 3664.186768 2208.481934
v 516.951691 3668.580078 2209.241211
v 602.849731 3714.735840 2224.500977
v 607.110321 3665.169434 2198.285889
v 642.517639 3673.419922 2181.152100
v 663.194458 3696.176270 2158.763184
v 668.154541 3730.396484 2138.645264
v 646.099777 3782.026123 2165.119385
v 659.711731 3763.705811 2125.118408
v 633.795669 3802.630127 2149.081055
v 645.143356 3788.567871 2113.023682
v 610.679291 3817.291016 2133.687012
v 620.875824 3803.534180 2101.008545
v 625.434402 3789.969727 2194.937012
v 597.083008 3794.715820 2208.705078
v 595.149048 3761.708984 2224.512207
vt 0.359340 0.511520
vt 0.351470 0.502780
vt 0.370350 0.490260
vt 0.374740 0.494370
vt 0.379360 0.496230
vt 0.365780 0.512590
vt 0.366740 0.527240
vt 0.359190 0.529910
vt 0.349730 0.533950
vt 0.342660 0.520140
vt 0.337570 0.509040
vt 0.202070 0.278370
vt 0.205360 0.287950
vt 0.195870 0.281070
vt 0.197380 0.274910
vt 0.206420 0.277110
vt 0.210910 0.286270
vt 0.199480 0.268260
vt 0.296100 0.530570
vt 0.286510 0.536970
vt 0.267310 0.531670
vt 0.271290 0.524790
vt 0.312850 0.542460
vt 0.299690 0.545730
vt 0.317860 0.526530
vt 0.326590 0.539790
vt 0.294360 0.518190
vt 0.312500 0.515600
vt 0.272250 0.517970
vt 0.262300 0.535710
vt 0.267150 0.542640
vt 0.245220 0.534140
vt 0.247330 0.526580
vt 0.247060 0.543110
vt 0.094780 0.496070
vt 0.090210 0.487730
vt 0.101640 0.489190
vt 0.103150 0.500290
vt 0.002710 0.234680
vt 0.003070 0.213570
vt 0.009540 0.209960
vt 0.009160 0.236310
vt 0.009560 0.260370
vt 0.001950 0.257910
vt 0.179290 0.028830
vt 0.166320 0.015570
vt 0.174640 0.010570
vt 0.189130 0.013150
vt 0.208980 0.015590
vt 0.206470 0.021450
vt 0.152900 0.038600
vt 0.148630 0.025610
vt 0.124100 0.056430
vt 0.130740 0.034690
vt 0.157380 0.051060
vt 0.134570 0.064630
vt 0.111480 0.058090
vt 0.114370 0.041460
vt 0.304870 0.171440
vt 0.304650 0.167620
vt 0.313910 0.173350
vt 0.309290 0.175380
vt 0.298380 0.170420
vt 0.296900 0.165650
vt 0.304060 0.176690
vt 0.212670 0.328440
vt 0.209120 0.331290
vt 0.203450 0.324580
vt 0.211770 0.324860
vt 0.218700 0.324330
vt 0.220090 0.330860
vt 0.217100 0.336810
vt 0.373040 0.291470
vt 0.375810 0.283510
vt 0.380800 0.282190
vt 0.377610 0.291000
vt 0.369290 0.295590
vt 0.368020 0.289660
vt 0.370340 0.301230
vt 0.070000 0.075500
vt 0.061660 0.089230
vt 0.050920 0.088650
vt 0.063860 0.074280
vt 0.082430 0.058220
vt 0.084080 0.068430
vt 0.073950 0.085930
vt 0.047550 0.247120
vt 0.052730 0.249790
vt 0.049650 0.263000
vt 0.044030 0.255700
vt 0.039980 0.242300
vt 0.047340 0.237200
vt 0.053880 0.235610
vt 0.386280 0.516450
vt 0.387690 0.509970
vt 0.399930 0.505290
vt 0.396370 0.516550
vt 0.387820 0.528580
vt 0.375900 0.523900
vt 0.374830 0.511540
vt 0.393500 0.494870
vt 0.402790 0.496820
vt 0.390800 0.502220
vt 0.386210 0.499930
vt 0.398080 0.487660
vt 0.406620 0.490070
vt 0.413750 0.472210
vt 0.409750 0.482340
vt 0.394970 0.483050
vt 0.390630 0.479680
vt 0.385920 0.474910
vt 0.403240 0.465720
vt 0.416450 0.453790
vt 0.426670 0.458450
vt 0.023370 0.280260
vt 0.019630 0.259630
vt 0.022900 0.258100
vt 0.028890 0.285290
vt 0.022590 0.300280
vt 0.016900 0.261150
vt 0.032230 0.319890
vt 0.003970 0.301710
vt 0.002100 0.280430
vt 0.012600 0.288180
vt 0.011720 0.312930
vt 0.078850 0.455200
vt 0.088440 0.455750
vt 0.095980 0.473710
vt 0.086170 0.475200
vt 0.068410 0.439360
vt 0.080410 0.437470
vt 0.466830 0.158580
vt 0.460990 0.162770
vt 0.449640 0.143710
vt 0.457380 0.141260
vt 0.471250 0.144750
vt 0.475110 0.164630
vt 0.479120 0.196780
vt 0.480870 0.343060
vt 0.488930 0.337760
vt 0.483190 0.358890
vt 0.476780 0.355800
vt 0.479240 0.333880
vt 0.486180 0.321240
vt 0.470970 0.350770
vt 0.509090 0.377750
vt 0.492840 0.383330
vt 0.498310 0.359310
vt 0.502740 0.363890
vt 0.504260 0.394830
vt 0.488970 0.398440
vt 0.522340 0.363290
vt 0.512100 0.333950
vt 0.523810 0.337010
vt 0.430620 0.074780
vt 0.447280 0.092580
vt 0.435670 0.096700
vt 0.421680 0.082220
vt 0.396250 0.062830
vt 0.404370 0.057980
vt 0.510450 0.309680
vt 0.522180 0.312640
vt 0.507670 0.288500
vt 0.519500 0.289000
vt 0.501220 0.334580
vt 0.500930 0.310650
vt 0.498160 0.293130
vt 0.493990 0.281380
vt 0.502980 0.271830
vt 0.493060 0.314620
vt 0.489740 0.301950
vt 0.486110 0.292670
vt 0.482070 0.284590
vt 0.489370 0.270850
vt 0.482460 0.312560
vt 0.478830 0.306260
vt 0.475310 0.300350
vt 0.470870 0.293680
vt 0.477560 0.276670
vt 0.471790 0.323250
vt 0.468190 0.319020
vt 0.464160 0.312620
vt 0.459390 0.305810
vt 0.465650 0.286370
vt 0.459740 0.337050
vt 0.456040 0.330640
vt 0.451940 0.323530
vt 0.447180 0.316760
vt 0.454220 0.299370
vt 0.447180 0.345130
vt 0.443270 0.337990
vt 0.438790 0.331400
vt 0.434040 0.325390
vt 0.442180 0.310720
vt 0.433800 0.351140
vt 0.429440 0.344930
vt 0.425060 0.339130
vt 0.420980 0.333400
vt 0.429560 0.319470
vt 0.419380 0.358040
vt 0.415280 0.352410
vt 0.411550 0.346840
vt 0.408140 0.341570
vt 0.417310 0.327830
vt 0.404900 0.365010
vt 0.401330 0.359680
vt 0.398080 0.354650
vt 0.394970 0.350270
vt 0.404960 0.336840
vt 0.390380 0.371730
vt 0.387080 0.367050
vt 0.384010 0.362810
vt 0.381120 0.359010
vt 0.392060 0.346360
vt 0.375290 0.378430
vt 0.372150 0.374300
vt 0.369300 0.370440
vt 0.366790 0.366790
vt 0.378550 0.355480
vt 0.359740 0.384330
vt 0.356790 0.380420
vt 0.354320 0.376670
vt 0.352520 0.372890
vt 0.364910 0.363070
vt 0.343920 0.388960
vt 0.341150 0.385210
vt 0.339290 0.381490
vt 0.338510 0.377300
vt 0.351340 0.369000
vt 0.327670 0.392300
vt 0.325720 0.388340
vt 0.325650 0.383830
vt 0.326210 0.378900
vt 0.338550 0.372660
vt 0.312430 0.393490
vt 0.312500 0.388860
vt 0.313800 0.383900
vt 0.315120 0.378550
vt 0.327050 0.373800
vt 0.299630 0.392570
vt 0.301270 0.387530
vt 0.303400 0.382240
vt 0.305310 0.376470
vt 0.316540 0.373060
vt 0.289060 0.390110
vt 0.291780 0.384620
vt 0.294490 0.378940
vt 0.296810 0.372690
vt 0.307120 0.370560
vt 0.280740 0.386120
vt 0.283970 0.380200
vt 0.286940 0.374060
vt 0.289450 0.367240
vt 0.298940 0.366220
vt 0.274100 0.380790
vt 0.277530 0.374330
vt 0.280430 0.367600
vt 0.283050 0.359960
vt 0.291810 0.360020
vt 0.268850 0.374190
vt 0.271980 0.367000
vt 0.274790 0.359450
vt 0.277380 0.350650
vt 0.285340 0.351650
vt 0.264190 0.366920
vt 0.267140 0.359070
vt 0.269900 0.350870
vt 0.259350 0.359990
vt 0.262010 0.351770
vt 0.263390 0.344060
vt 0.271000 0.341940
vt 0.278590 0.341630
vt 0.270580 0.333770
vt 0.278430 0.332480
vt 0.288140 0.333990
vt 0.287230 0.342790
vt 0.298260 0.335590
vt 0.296200 0.343880
vt 0.293960 0.352400
vt 0.305150 0.343800
vt 0.302920 0.351770
vt 0.300960 0.359420
vt 0.312100 0.350460
vt 0.310380 0.357640
vt 0.308810 0.364450
vt 0.320060 0.355090
vt 0.318880 0.361440
vt 0.317860 0.367490
vt 0.329220 0.357390
vt 0.328610 0.363030
vt 0.327950 0.368610
vt 0.339330 0.357460
vt 0.339120 0.362660
vt 0.338950 0.367780
vt 0.350010 0.355520
vt 0.350290 0.360240
vt 0.350770 0.364790
vt 0.361270 0.351320
vt 0.362250 0.355390
vt 0.363480 0.359290
vt 0.373000 0.344830
vt 0.374580 0.348430
vt 0.376410 0.351970
vt 0.384710 0.336360
vt 0.386920 0.339510
vt 0.389390 0.342770
vt 0.396200 0.326060
vt 0.398960 0.329210
vt 0.401910 0.332680
vt 0.407110 0.315030
vt 0.410410 0.318610
vt 0.413850 0.322720
vt 0.417470 0.304280
vt 0.421420 0.308490
vt 0.425450 0.313580
vt 0.427670 0.294180
vt 0.432370 0.299280
vt 0.437170 0.305140
vt 0.437700 0.284060
vt 0.443140 0.288820
vt 0.448810 0.293680
vt 0.447570 0.270280
vt 0.453730 0.274620
vt 0.460010 0.279700
vt 0.457930 0.254850
vt 0.465030 0.260290
vt 0.471950 0.267630
vt 0.469030 0.240250
vt 0.477530 0.249430
vt 0.484280 0.260020
vt 0.481140 0.228360
vt 0.490240 0.243490
vt 0.497280 0.257110
vt 0.496130 0.227580
vt 0.506900 0.249200
vt 0.514790 0.267570
vt 0.465610 0.127570
vt 0.451840 0.126580
vt 0.444960 0.111370
vt 0.457970 0.110300
vt 0.435360 0.115880
vt 0.426910 0.102430
vt 0.442710 0.129470
vt 0.435300 0.133750
vt 0.426880 0.120410
vt 0.444300 0.148840
vt 0.436570 0.152070
vt 0.427370 0.137120
vt 0.454700 0.168520
vt 0.446580 0.169820
vt 0.437580 0.170450
vt 0.428040 0.153710
vt 0.466410 0.193470
vt 0.455440 0.191030
vt 0.446390 0.189720
vt 0.438200 0.189720
vt 0.430180 0.171940
vt 0.460080 0.213280
vt 0.451090 0.210300
vt 0.443370 0.208860
vt 0.436070 0.208470
vt 0.431080 0.190810
vt 0.452530 0.230790
vt 0.445150 0.228300
vt 0.438310 0.226530
vt 0.431740 0.225400
vt 0.429250 0.208490
vt 0.444360 0.247510
vt 0.438030 0.244730
vt 0.432080 0.242400
vt 0.426440 0.240630
vt 0.425630 0.224510
vt 0.435970 0.262700
vt 0.430530 0.259500
vt 0.425440 0.256610
vt 0.420660 0.254260
vt 0.421200 0.239140
vt 0.427450 0.275410
vt 0.422810 0.271870
vt 0.418580 0.268880
vt 0.414620 0.266510
vt 0.416260 0.252290
vt 0.418900 0.286380
vt 0.415080 0.283350
vt 0.411660 0.280660
vt 0.408380 0.278450
vt 0.410980 0.264530
vt 0.410300 0.297640
vt 0.407210 0.294900
vt 0.404400 0.292490
vt 0.401620 0.290250
vt 0.405290 0.276590
vt 0.401260 0.309150
vt 0.398740 0.306510
vt 0.396470 0.303910
vt 0.394100 0.301170
vt 0.398970 0.288050
vt 0.391500 0.320200
vt 0.389510 0.317130
vt 0.387720 0.314000
vt 0.385730 0.310670
vt 0.391840 0.298420
vt 0.381160 0.329610
vt 0.379660 0.326000
vt 0.378310 0.322290
vt 0.376680 0.318360
vt 0.383850 0.307240
vt 0.370520 0.337070
vt 0.369470 0.332880
vt 0.368470 0.328650
vt 0.367130 0.324190
vt 0.375110 0.314390
vt 0.359880 0.342390
vt 0.359210 0.337700
vt 0.358580 0.332920
vt 0.357610 0.327690
vt 0.365870 0.319550
vt 0.349500 0.345500
vt 0.349190 0.340250
vt 0.349040 0.334700
vt 0.348770 0.328210
vt 0.356800 0.322000
vt 0.339620 0.346440
vt 0.339880 0.340360
vt 0.340590 0.333580
vt 0.330680 0.344840
vt 0.331860 0.337530
vt 0.333160 0.329540
vt 0.341070 0.325660
vt 0.348800 0.321060
vt 0.340940 0.317440
vt 0.348100 0.313140
vt 0.355060 0.308100
vt 0.356130 0.315350
vt 0.361910 0.302450
vt 0.363220 0.308900
vt 0.364640 0.314730
vt 0.371890 0.305890
vt 0.373630 0.310320
vt 0.378820 0.295610
vt 0.380270 0.299790
vt 0.382130 0.303690
vt 0.385360 0.288970
vt 0.387380 0.292440
vt 0.389750 0.295520
vt 0.390910 0.281250
vt 0.393640 0.283580
vt 0.396460 0.285840
vt 0.396110 0.271960
vt 0.399220 0.273410
vt 0.402390 0.274920
vt 0.400690 0.261270
vt 0.404100 0.262020
vt 0.407610 0.263040
vt 0.404530 0.249550
vt 0.408270 0.249930
vt 0.412220 0.250770
vt 0.407670 0.237220
vt 0.411870 0.237380
vt 0.416400 0.238010
vt 0.410100 0.224170
vt 0.414830 0.223870
vt 0.420030 0.223920
vt 0.411670 0.210170
vt 0.417020 0.209310
vt 0.422950 0.208760
vt 0.412310 0.195500
vt 0.418170 0.193950
vt 0.424510 0.192330
vt 0.411620 0.180230
vt 0.417490 0.177580
vt 0.423770 0.174640
vt 0.409150 0.164220
vt 0.414620 0.160230
vt 0.420690 0.156110
vt 0.404850 0.147540
vt 0.410740 0.142830
vt 0.418850 0.139410
vt 0.401190 0.131050
vt 0.409290 0.126890
vt 0.418370 0.123700
vt 0.399680 0.115310
vt 0.408500 0.111190
vt 0.417980 0.107450
vt 0.398020 0.099180
vt 0.407700 0.094010
vt 0.413970 0.087350
vt 0.390370 0.080330
vt 0.392550 0.070890
vt 0.370710 0.069160
vt 0.371260 0.059320
vt 0.373170 0.048480
vt 0.353820 0.051070
vt 0.357240 0.041180
vt 0.361610 0.029150
vt 0.376500 0.033980
vt 0.343760 0.035750
vt 0.349910 0.025170
vt 0.496240 0.414580
vt 0.489960 0.427800
vt 0.479140 0.421180
vt 0.483840 0.410640
vt 0.472880 0.407160
vt 0.478660 0.396600
vt 0.468200 0.416230
vt 0.456660 0.411400
vt 0.462480 0.402960
vt 0.473200 0.432330
vt 0.462710 0.425460
vt 0.451570 0.419650
vt 0.439990 0.415410
vt 0.446130 0.406820
vt 0.455680 0.436350
vt 0.445520 0.429240
vt 0.433720 0.424940
vt 0.422060 0.424190
vt 0.430360 0.413120
vt 0.437740 0.441420
vt 0.425670 0.438150
vt 0.413050 0.436740
vt 0.403100 0.433260
vt 0.413290 0.421790
vt 0.403350 0.449170
vt 0.392690 0.443700
vt 0.384760 0.436320
vt 0.395580 0.427020
vt 0.392790 0.459960
vt 0.381570 0.452870
vt 0.373810 0.444900
vt 0.366900 0.437370
vt 0.378200 0.429150
vt 0.369490 0.461140
vt 0.362120 0.452590
vt 0.355190 0.445260
vt 0.347180 0.439370
vt 0.359840 0.431520
vt 0.349680 0.459620
vt 0.342510 0.452410
vt 0.334400 0.446320
vt 0.328530 0.439640
vt 0.341380 0.433380
vt 0.328860 0.458790
vt 0.321290 0.451840
vt 0.315410 0.444930
vt 0.310520 0.438180
vt 0.323680 0.433300
vt 0.307650 0.456350
vt 0.301900 0.449000
vt 0.297020 0.442110
vt 0.292930 0.435550
vt 0.306440 0.431900
vt 0.287980 0.452080
vt 0.283180 0.444870
vt 0.279050 0.438200
vt 0.275390 0.431770
vt 0.289070 0.429470
vt 0.268950 0.446620
vt 0.264920 0.439630
vt 0.261450 0.433060
vt 0.258500 0.426630
vt 0.272060 0.425660
vt 0.250480 0.440000
vt 0.247320 0.433110
vt 0.244750 0.426600
vt 0.242740 0.420220
vt 0.255980 0.420510
vt 0.233000 0.432070
vt 0.230940 0.425310
vt 0.229450 0.418960
vt 0.228620 0.412700
vt 0.241210 0.414120
vt 0.217040 0.422940
vt 0.216250 0.416470
vt 0.216020 0.410400
vt 0.216410 0.404370
vt 0.228290 0.406700
vt 0.203100 0.412920
vt 0.203620 0.406870
vt 0.204650 0.401230
vt 0.206100 0.395450
vt 0.217200 0.398550
vt 0.191370 0.402370
vt 0.193180 0.396900
vt 0.195340 0.391720
vt 0.197910 0.385990
vt 0.207760 0.389730
vt 0.181940 0.391690
vt 0.184940 0.386830
vt 0.188440 0.382090
vt 0.193130 0.376910
vt 0.202140 0.381120
vt 0.174650 0.381050
vt 0.178910 0.376890
vt 0.183930 0.373050
vt 0.189970 0.368760
vt 0.199030 0.373040
vt 0.169120 0.370580
vt 0.174230 0.367240
vt 0.179860 0.364380
vt 0.185800 0.360730
vt 0.195940 0.365250
vt 0.164640 0.360170
vt 0.170150 0.357620
vt 0.175970 0.355510
vt 0.182110 0.352300
vt 0.191960 0.357350
vt 0.161390 0.349650
vt 0.167150 0.347870
vt 0.173060 0.346360
vt 0.179220 0.343480
vt 0.188520 0.349410
vt 0.159870 0.339120
vt 0.165760 0.337890
vt 0.171460 0.336550
vt 0.177490 0.333730
vt 0.185240 0.340820
vt 0.160060 0.328700
vt 0.165940 0.327710
vt 0.171820 0.326340
vt 0.178850 0.324430
vt 0.184220 0.331940
vt 0.161790 0.318130
vt 0.168140 0.317240
vt 0.174800 0.316520
vt 0.182910 0.316490
vt 0.186710 0.324150
vt 0.165070 0.307710
vt 0.172210 0.307380
vt 0.180020 0.308250
vt 0.189070 0.310480
vt 0.191560 0.317530
vt 0.169930 0.298230
vt 0.178190 0.299660
vt 0.187440 0.302950
vt 0.197130 0.306500
vt 0.198430 0.312700
vt 0.176900 0.291300
vt 0.186440 0.295410
vt 0.196320 0.299920
vt 0.206020 0.303430
vt 0.207160 0.309320
vt 0.185890 0.288070
vt 0.195780 0.293450
vt 0.205260 0.297480
vt 0.212330 0.297650
vt 0.213530 0.303620
vt 0.195570 0.287310
vt 0.204960 0.292170
vt 0.211760 0.292110
vt 0.214000 0.280510
vt 0.216530 0.288710
vt 0.218220 0.295220
vt 0.219610 0.301640
vt 0.220600 0.283540
vt 0.222910 0.291210
vt 0.225080 0.298530
vt 0.226640 0.305200
vt 0.221200 0.307920
vt 0.227460 0.286690
vt 0.229750 0.294650
vt 0.231890 0.301790
vt 0.233320 0.307870
vt 0.228290 0.311020
vt 0.234630 0.290930
vt 0.236560 0.298550
vt 0.238200 0.305230
vt 0.239200 0.311270
vt 0.234620 0.313540
vt 0.241680 0.295790
vt 0.242940 0.303060
vt 0.243970 0.309760
vt 0.244700 0.316300
vt 0.239980 0.317750
vt 0.248300 0.301280
vt 0.249180 0.308160
vt 0.249860 0.314830
vt 0.250590 0.322160
vt 0.245170 0.323800
vt 0.255180 0.306260
vt 0.255880 0.313070
vt 0.256480 0.320420
vt 0.256870 0.328490
vt 0.250780 0.330430
vt 0.262540 0.311310
vt 0.262890 0.318410
vt 0.263170 0.326710
vt 0.263530 0.335500
vt 0.256840 0.337470
vt 0.270020 0.316870
vt 0.269840 0.325100
vt 0.278770 0.317260
vt 0.277830 0.324410
vt 0.289960 0.319740
vt 0.288990 0.326460
vt 0.300220 0.320260
vt 0.299790 0.327920
vt 0.309050 0.319140
vt 0.309040 0.327350
vt 0.307660 0.335690
vt 0.317590 0.325860
vt 0.316410 0.334230
vt 0.314200 0.342870
vt 0.324850 0.332420
vt 0.323090 0.340640
vt 0.321450 0.348390
vt 0.329960 0.351540
vt 0.339600 0.352180
vt 0.349880 0.350690
vt 0.360630 0.347020
vt 0.371740 0.341090
vt 0.382870 0.333080
vt 0.393740 0.323090
vt 0.404030 0.311930
vt 0.413720 0.300650
vt 0.423120 0.289860
vt 0.432500 0.279290
vt 0.441720 0.266150
vt 0.451070 0.250640
vt 0.460650 0.234250
vt 0.470580 0.218450
vt 0.325740 0.323680
vt 0.333520 0.321150
vt 0.325400 0.315090
vt 0.332950 0.312250
vt 0.340130 0.309070
vt 0.331660 0.303440
vt 0.338790 0.300140
vt 0.345710 0.296520
vt 0.347000 0.304990
vt 0.352640 0.292330
vt 0.353820 0.300400
vt 0.359750 0.287840
vt 0.360720 0.295340
vt 0.367220 0.283010
vt 0.358800 0.280170
vt 0.366190 0.275980
vt 0.373740 0.271710
vt 0.374690 0.277870
vt 0.380760 0.268890
vt 0.381140 0.275540
vt 0.385560 0.268600
vt 0.385080 0.276590
vt 0.383580 0.285190
vt 0.388360 0.278710
vt 0.389420 0.269370
vt 0.393060 0.270520
vt 0.389630 0.260250
vt 0.393540 0.260300
vt 0.397380 0.260590
vt 0.393080 0.250210
vt 0.397020 0.249730
vt 0.400970 0.249440
vt 0.395810 0.239260
vt 0.399780 0.238280
vt 0.403810 0.237520
vt 0.397700 0.227450
vt 0.401660 0.226010
vt 0.405830 0.224840
vt 0.398490 0.214750
vt 0.402520 0.212880
vt 0.406940 0.211290
vt 0.397940 0.201240
vt 0.402160 0.199030
vt 0.407010 0.197090
vt 0.396190 0.187390
vt 0.400900 0.184990
vt 0.406140 0.182630
vt 0.393740 0.173440
vt 0.398660 0.170580
vt 0.403920 0.167510
vt 0.390320 0.159150
vt 0.394930 0.155550
vt 0.399780 0.151700
vt 0.385000 0.144040
vt 0.389490 0.139960
vt 0.394850 0.135740
vt 0.378820 0.128790
vt 0.384550 0.124600
vt 0.391540 0.120060
vt 0.373950 0.113780
vt 0.381380 0.109340
vt 0.389300 0.104120
vt 0.369590 0.098510
vt 0.377350 0.093720
vt 0.385180 0.087930
vt 0.362420 0.083110
vt 0.368350 0.077240
vt 0.344860 0.073110
vt 0.349410 0.067130
vt 0.352020 0.059660
vt 0.330160 0.058520
vt 0.334400 0.052040
vt 0.338830 0.044530
vt 0.316390 0.044700
vt 0.322560 0.037990
vt 0.328920 0.030020
vt 0.304620 0.030940
vt 0.310820 0.023580
vt 0.318480 0.014730
vt 0.336480 0.020280
vt 0.482980 0.441350
vt 0.474040 0.457450
vt 0.465640 0.445950
vt 0.463170 0.475120
vt 0.456370 0.462120
vt 0.447320 0.450140
vt 0.446980 0.475700
vt 0.438770 0.464500
vt 0.434440 0.491910
vt 0.430300 0.476820
vt 0.422690 0.504050
vt 0.423750 0.486260
vt 0.409450 0.510760
vt 0.413970 0.496530
vt 0.403560 0.524310
vt 0.419450 0.518700
vt 0.216820 0.003250
vt 0.213340 0.009980
vt 0.193040 0.010220
vt 0.198940 0.004080
vt 0.435680 0.505950
vt 0.243410 0.002500
vt 0.241590 0.008940
vt 0.239080 0.014950
vt 0.271020 0.003880
vt 0.266570 0.011810
vt 0.263520 0.018060
vt 0.258420 0.023960
vt 0.235620 0.020850
vt 0.289230 0.017090
vt 0.284820 0.023860
vt 0.278870 0.030000
vt 0.272660 0.037760
vt 0.254090 0.032660
vt 0.297860 0.037390
vt 0.291160 0.043820
vt 0.286150 0.052050
vt 0.267080 0.047930
vt 0.310530 0.050890
vt 0.306420 0.057540
vt 0.303380 0.065220
vt 0.284260 0.060620
vt 0.325940 0.064720
vt 0.321920 0.071210
vt 0.317970 0.078290
vt 0.300760 0.072870
vt 0.339550 0.079100
vt 0.334340 0.084990
vt 0.329620 0.091350
vt 0.314260 0.085210
vt 0.355700 0.088130
vt 0.349390 0.093480
vt 0.343770 0.098830
vt 0.338960 0.104610
vt 0.325590 0.097670
vt 0.362620 0.103060
vt 0.356230 0.107820
vt 0.351270 0.112910
vt 0.347750 0.118590
vt 0.335510 0.110570
vt 0.367750 0.118070
vt 0.362980 0.122760
vt 0.359490 0.127680
vt 0.356470 0.132850
vt 0.345040 0.124180
vt 0.374420 0.133070
vt 0.370550 0.137630
vt 0.367330 0.142150
vt 0.363820 0.146650
vt 0.353700 0.137860
vt 0.381090 0.148110
vt 0.376980 0.152120
vt 0.373080 0.155890
vt 0.369090 0.159690
vt 0.360320 0.150930
vt 0.385890 0.162470
vt 0.381420 0.165830
vt 0.377620 0.169150
vt 0.374120 0.172750
vt 0.365620 0.163510
vt 0.389350 0.176340
vt 0.385240 0.179430
vt 0.381850 0.182640
vt 0.378690 0.186320
vt 0.371250 0.176590
vt 0.392120 0.190030
vt 0.388410 0.193100
vt 0.385230 0.196260
vt 0.381790 0.199620
vt 0.375660 0.189920
vt 0.394230 0.203760
vt 0.390450 0.206560
vt 0.386950 0.209310
vt 0.382890 0.212260
vt 0.378240 0.202810
vt 0.394750 0.216850
vt 0.390670 0.219200
vt 0.386780 0.221580
vt 0.382160 0.224280
vt 0.378630 0.215110
vt 0.393860 0.229090
vt 0.389490 0.231050
vt 0.385160 0.233210
vt 0.380050 0.235850
vt 0.377270 0.226960
vt 0.391820 0.240440
vt 0.387150 0.242200
vt 0.382440 0.244370
vt 0.376550 0.246900
vt 0.374490 0.238440
vt 0.388990 0.251090
vt 0.384030 0.252720
vt 0.378470 0.254770
vt 0.379590 0.262160
vt 0.372720 0.264930
vt 0.371520 0.257510
vt 0.370220 0.249530
vt 0.385360 0.260590
vt 0.364180 0.260610
vt 0.362890 0.252390
vt 0.361290 0.243880
vt 0.368230 0.241060
vt 0.359140 0.235110
vt 0.365800 0.232300
vt 0.372060 0.229500
vt 0.362810 0.223360
vt 0.368650 0.220570
vt 0.374090 0.217750
vt 0.364850 0.211560
vt 0.369810 0.208710
vt 0.374470 0.205760
vt 0.364880 0.199660
vt 0.368870 0.196600
vt 0.372590 0.193260
vt 0.362470 0.187580
vt 0.365670 0.184170
vt 0.368670 0.180380
vt 0.357950 0.175420
vt 0.360410 0.171530
vt 0.362930 0.167410
vt 0.351310 0.163180
vt 0.353770 0.159110
vt 0.356980 0.155000
vt 0.344620 0.151290
vt 0.347670 0.147080
vt 0.350860 0.142530
vt 0.337590 0.139320
vt 0.340190 0.134620
vt 0.342740 0.129510
vt 0.328860 0.127480
vt 0.330820 0.122150
vt 0.333030 0.116390
vt 0.318450 0.116190
vt 0.320290 0.110280
vt 0.322520 0.103920
vt 0.306950 0.105480
vt 0.308790 0.098990
vt 0.311240 0.092060
vt 0.294450 0.094800
vt 0.296140 0.087740
vt 0.298300 0.080250
vt 0.280480 0.084430
vt 0.281640 0.076810
vt 0.282970 0.068760
vt 0.264430 0.074390
vt 0.264420 0.066240
vt 0.264940 0.057480
vt 0.245290 0.065440
vt 0.245390 0.056350
vt 0.248770 0.045360
vt 0.226290 0.056670
vt 0.230710 0.044760
vt 0.233520 0.029900
vt 0.211020 0.045840
vt 0.210240 0.032310
vt 0.186510 0.051330
vt 0.182940 0.039900
vt 0.162270 0.060830
vt 0.167640 0.070540
vt 0.149690 0.081470
vt 0.141000 0.073810
vt 0.187480 0.062480
vt 0.189810 0.073490
vt 0.172380 0.080380
vt 0.207240 0.058300
vt 0.207770 0.069020
vt 0.210740 0.077970
vt 0.193220 0.082530
vt 0.226400 0.066590
vt 0.228700 0.075060
vt 0.231130 0.082880
vt 0.213650 0.085610
vt 0.246680 0.073750
vt 0.247940 0.081450
vt 0.248850 0.089090
vt 0.233130 0.090010
vt 0.264210 0.082210
vt 0.264050 0.089500
vt 0.263910 0.096630
vt 0.249450 0.096120
vt 0.279450 0.091680
vt 0.278670 0.098380
vt 0.277910 0.104900
vt 0.263770 0.103190
vt 0.293040 0.101480
vt 0.291920 0.107610
vt 0.290840 0.113590
vt 0.277260 0.110930
vt 0.305400 0.111570
vt 0.304090 0.117170
vt 0.302840 0.122660
vt 0.289930 0.119130
vt 0.316820 0.121750
vt 0.315270 0.126920
vt 0.313360 0.131990
vt 0.301510 0.127720
vt 0.326690 0.132560
vt 0.324450 0.137260
vt 0.321910 0.141870
vt 0.311300 0.136690
vt 0.334780 0.143790
vt 0.332070 0.147990
vt 0.329390 0.152140
vt 0.319430 0.146150
vt 0.341730 0.155320
vt 0.339360 0.159120
vt 0.336830 0.162900
vt 0.326910 0.156020
vt 0.349010 0.167100
vt 0.346520 0.170520
vt 0.343540 0.174030
vt 0.334270 0.166440
vt 0.354980 0.178880
vt 0.351850 0.182110
vt 0.348110 0.185560
vt 0.340430 0.177460
vt 0.358770 0.190780
vt 0.354760 0.193880
vt 0.349820 0.197190
vt 0.344010 0.188980
vt 0.360160 0.202620
vt 0.355080 0.205590
vt 0.359200 0.214400
vt 0.352980 0.217380
vt 0.348980 0.208730
vt 0.344410 0.200310
vt 0.342410 0.211780
vt 0.338050 0.203360
vt 0.333070 0.195250
vt 0.338970 0.192310
vt 0.327610 0.187480
vt 0.332970 0.184620
vt 0.337150 0.180970
vt 0.325770 0.177260
vt 0.328880 0.173650
vt 0.331670 0.169870
vt 0.319610 0.167060
vt 0.321950 0.163430
vt 0.324480 0.159650
vt 0.312120 0.158100
vt 0.314510 0.154270
vt 0.317030 0.150170
vt 0.304760 0.149950
vt 0.306980 0.145650
vt 0.309210 0.141130
vt 0.296800 0.142060
vt 0.298470 0.137390
vt 0.300050 0.132500
vt 0.287300 0.134500
vt 0.288200 0.129510
vt 0.289080 0.124290
vt 0.276060 0.127390
vt 0.276340 0.122100
vt 0.276740 0.116530
vt 0.263530 0.120820
vt 0.263460 0.115220
vt 0.263580 0.109250
vt 0.250990 0.114770
vt 0.250460 0.108850
vt 0.249940 0.102570
vt 0.237290 0.109180
vt 0.235990 0.103100
vt 0.234640 0.096620
vt 0.220720 0.105060
vt 0.218580 0.098970
vt 0.216250 0.092430
vt 0.202460 0.103320
vt 0.199560 0.097060
vt 0.196430 0.090110
vt 0.183210 0.103300
vt 0.179800 0.096660
vt 0.176220 0.089030
vt 0.163430 0.105030
vt 0.159670 0.097980
vt 0.155510 0.089840
vt 0.143450 0.108510
vt 0.139140 0.101380
vt 0.133170 0.094580
vt 0.122900 0.114310
vt 0.116760 0.109360
vt 0.109090 0.104530
vt 0.123800 0.089680
vt 0.098190 0.101020
vt 0.112860 0.084840
vt 0.085530 0.100330
vt 0.102050 0.081360
vt 0.074760 0.101670
vt 0.090860 0.082870
vt 0.067410 0.102420
vt 0.082690 0.083860
vt 0.099060 0.061560
vt 0.099070 0.048550
vt 0.303210 0.557000
vt 0.283470 0.557110
vt 0.279140 0.550110
vt 0.317460 0.556770
vt 0.256140 0.557470
vt 0.252580 0.550680
vt 0.235030 0.554610
vt 0.230440 0.546160
vt 0.226090 0.536050
vt 0.225610 0.526710
vt 0.209700 0.538260
vt 0.204120 0.526100
vt 0.200330 0.516790
vt 0.199560 0.509260
vt 0.223920 0.519490
vt 0.184390 0.518820
vt 0.180750 0.508410
vt 0.179060 0.500110
vt 0.180630 0.494770
vt 0.200600 0.503970
vt 0.161800 0.499890
vt 0.160150 0.491330
vt 0.160990 0.485470
vt 0.162430 0.480790
vt 0.182750 0.490300
vt 0.139490 0.480630
vt 0.139600 0.474560
vt 0.140840 0.469850
vt 0.141820 0.465700
vt 0.163860 0.476520
vt 0.117880 0.460560
vt 0.117970 0.454780
vt 0.119590 0.451210
vt 0.120870 0.447690
vt 0.142440 0.461840
vt 0.097020 0.439010
vt 0.097260 0.433290
vt 0.098040 0.428880
vt 0.099990 0.424660
vt 0.121560 0.443170
vt 0.074690 0.414260
vt 0.074420 0.406350
vt 0.077740 0.402250
vt 0.082350 0.397380
vt 0.102370 0.419590
vt 0.047190 0.374050
vt 0.055950 0.371730
vt 0.064140 0.370440
vt 0.072900 0.367000
vt 0.087620 0.391560
vt 0.043500 0.335250
vt 0.054350 0.340720
vt 0.063840 0.341920
vt 0.072480 0.340390
vt 0.080730 0.363240
vt 0.050520 0.315660
vt 0.059890 0.319000
vt 0.068110 0.319750
vt 0.075740 0.319090
vt 0.080020 0.338490
vt 0.058940 0.299640
vt 0.066560 0.300680
vt 0.073490 0.300740
vt 0.080030 0.300120
vt 0.082550 0.318190
vt 0.066760 0.282250
vt 0.073140 0.282450
vt 0.079130 0.282490
vt 0.085140 0.282420
vt 0.086020 0.299450
vt 0.074300 0.265520
vt 0.080270 0.265930
vt 0.085940 0.266590
vt 0.091750 0.267530
vt 0.090850 0.282570
vt 0.082240 0.252220
vt 0.088050 0.253080
vt 0.093630 0.254090
vt 0.099270 0.255420
vt 0.097340 0.268700
vt 0.090630 0.241370
vt 0.096410 0.242400
vt 0.101840 0.243590
vt 0.107360 0.244820
vt 0.104760 0.256900
vt 0.099440 0.231180
vt 0.105080 0.232090
vt 0.110400 0.232760
vt 0.116060 0.233080
vt 0.112850 0.245360
vt 0.109180 0.219410
vt 0.114910 0.219870
vt 0.120440 0.220220
vt 0.126280 0.220750
vt 0.121640 0.233270
vt 0.120740 0.206780
vt 0.126410 0.207740
vt 0.131920 0.208680
vt 0.137770 0.209930
vt 0.131910 0.221460
vt 0.133540 0.195930
vt 0.139100 0.197500
vt 0.144570 0.199090
vt 0.150340 0.201130
vt 0.143420 0.211380
vt 0.147290 0.187040
vt 0.152750 0.189220
vt 0.158030 0.191830
vt 0.163510 0.195330
vt 0.155820 0.203850
vt 0.161780 0.180400
vt 0.166880 0.183800
vt 0.171840 0.187410
vt 0.177200 0.191730
vt 0.168930 0.199070
vt 0.176230 0.176350
vt 0.181040 0.180540
vt 0.185820 0.184930
vt 0.191130 0.190150
vt 0.182640 0.196310
vt 0.190430 0.174240
vt 0.195060 0.179270
vt 0.199740 0.184540
vt 0.204930 0.190900
vt 0.196470 0.195820
vt 0.204290 0.174210
vt 0.208840 0.180150
vt 0.213400 0.186450
vt 0.218270 0.194000
vt 0.209900 0.197820
vt 0.217860 0.176300
vt 0.222320 0.183240
vt 0.226700 0.190590
vt 0.231200 0.199070
vt 0.222790 0.201960
vt 0.231180 0.180510
vt 0.235530 0.188370
vt 0.239780 0.196490
vt 0.243990 0.205450
vt 0.235200 0.207680
vt 0.244330 0.186460
vt 0.248700 0.194890
vt 0.252940 0.203440
vt 0.257150 0.212370
vt 0.247620 0.214070
vt 0.257450 0.193400
vt 0.261840 0.202020
vt 0.266250 0.210520
vt 0.270380 0.219140
vt 0.260290 0.220200
vt 0.270410 0.200480
vt 0.274720 0.208980
vt 0.279160 0.217250
vt 0.282320 0.225980
vt 0.272840 0.226920
vt 0.283030 0.207160
vt 0.287190 0.215540
vt 0.290590 0.224790
vt 0.292450 0.234940
vt 0.283830 0.235330
vt 0.295160 0.214280
vt 0.298370 0.223940
vt 0.300510 0.234060
vt 0.302120 0.244190
vt 0.293990 0.245070
vt 0.306000 0.222740
vt 0.308310 0.232820
vt 0.310150 0.242700
vt 0.311900 0.252350
vt 0.303950 0.254150
vt 0.316080 0.231040
vt 0.318160 0.240660
vt 0.320050 0.250150
vt 0.321800 0.259360
vt 0.313730 0.261960
vt 0.326150 0.238200
vt 0.328130 0.247360
vt 0.330060 0.256490
vt 0.331670 0.265340
vt 0.323610 0.268500
vt 0.336220 0.244290
vt 0.338050 0.253190
vt 0.339860 0.262010
vt 0.341340 0.270590
vt 0.333480 0.273960
vt 0.346080 0.249960
vt 0.347600 0.258660
vt 0.349180 0.267340
vt 0.350300 0.275770
vt 0.342860 0.279250
vt 0.355430 0.255470
vt 0.356680 0.263940
vt 0.357910 0.272190
vt 0.351540 0.284180
vt 0.365320 0.268430
vt 0.344320 0.287890
vt 0.337090 0.291300
vt 0.335390 0.282650
vt 0.329840 0.294750
vt 0.327760 0.285960
vt 0.325680 0.277360
vt 0.320120 0.289040
vt 0.317730 0.280260
vt 0.315690 0.271360
vt 0.309870 0.282930
vt 0.307620 0.273860
vt 0.305870 0.264190
vt 0.299770 0.275830
vt 0.297920 0.265450
vt 0.296020 0.255260
vt 0.289530 0.265660
vt 0.287370 0.255470
vt 0.285480 0.245400
vt 0.278040 0.255170
vt 0.275920 0.245080
vt 0.274320 0.235470
vt 0.266580 0.245520
vt 0.264240 0.235840
vt 0.262350 0.227440
vt 0.255300 0.237180
vt 0.252720 0.228870
vt 0.250190 0.221650
vt 0.244340 0.231340
vt 0.241450 0.224190
vt 0.238490 0.216200
vt 0.233660 0.227340
vt 0.230500 0.219310
vt 0.226740 0.210310
vt 0.223100 0.222740
vt 0.219120 0.213900
vt 0.214540 0.205260
vt 0.211800 0.217720
vt 0.206990 0.209660
vt 0.201630 0.202050
vt 0.199600 0.214300
vt 0.194080 0.207460
vt 0.188140 0.201220
vt 0.186730 0.213130
vt 0.180670 0.207800
vt 0.174470 0.202970
vt 0.173510 0.214690
vt 0.167320 0.210700
vt 0.161210 0.206950
vt 0.160650 0.218910
vt 0.154670 0.216000
vt 0.148800 0.213300
vt 0.148760 0.225820
vt 0.143060 0.223990
vt 0.137310 0.222440
vt 0.138150 0.235360
vt 0.132660 0.234380
vt 0.126990 0.233650
vt 0.128970 0.246800
vt 0.123620 0.246280
vt 0.118080 0.245770
vt 0.121120 0.259200
vt 0.115720 0.258690
vt 0.110070 0.257990
vt 0.114270 0.271760
vt 0.108660 0.270950
vt 0.102780 0.269830
vt 0.107950 0.283960
vt 0.102180 0.283430
vt 0.096330 0.283010
vt 0.102880 0.297520
vt 0.097250 0.298150
vt 0.091560 0.298840
vt 0.100040 0.313680
vt 0.094520 0.315590
vt 0.088600 0.317130
vt 0.099140 0.331620
vt 0.093230 0.334360
vt 0.086750 0.336500
vt 0.099790 0.350660
vt 0.093940 0.354970
vt 0.087550 0.359270
vt 0.104230 0.372300
vt 0.099150 0.378790
vt 0.093190 0.385110
vt 0.112520 0.395690
vt 0.108880 0.404190
vt 0.105090 0.412610
vt 0.125780 0.419890
vt 0.124300 0.429250
vt 0.122900 0.437440
vt 0.143370 0.442180
vt 0.143340 0.450830
vt 0.142980 0.457250
vt 0.164050 0.460560
vt 0.164970 0.467340
vt 0.164690 0.472380
vt 0.187220 0.475050
vt 0.186790 0.480810
vt 0.184930 0.485770
vt 0.207830 0.488290
vt 0.205340 0.494290
vt 0.202700 0.499350
vt 0.226150 0.502430
vt 0.224490 0.508120
vt 0.223540 0.513540
vt 0.247760 0.514510
vt 0.247810 0.520420
vt 0.247510 0.508030
vt 0.270250 0.510230
vt 0.265600 0.501280
vt 0.283660 0.499410
vt 0.289820 0.508650
vt 0.247290 0.500010
vt 0.245750 0.490080
vt 0.261860 0.491380
vt 0.228230 0.495250
vt 0.228350 0.486980
vt 0.225970 0.478030
vt 0.242900 0.480470
vt 0.208980 0.481720
vt 0.206710 0.473900
vt 0.202300 0.464830
vt 0.220910 0.468600
vt 0.185510 0.468020
vt 0.182690 0.459640
vt 0.180000 0.450290
vt 0.198080 0.455650
vt 0.162760 0.451980
vt 0.161590 0.442590
vt 0.160800 0.432840
vt 0.177690 0.440620
vt 0.143590 0.432500
vt 0.143830 0.422900
vt 0.144760 0.413680
vt 0.160220 0.423490
vt 0.127730 0.410430
vt 0.129750 0.401760
vt 0.132520 0.393980
vt 0.146070 0.405440
vt 0.116320 0.387760
vt 0.119920 0.380810
vt 0.123930 0.374710
vt 0.135400 0.387220
vt 0.109080 0.366250
vt 0.113590 0.360970
vt 0.118440 0.356340
vt 0.127850 0.369460
vt 0.105440 0.346570
vt 0.110650 0.342790
vt 0.115850 0.339240
vt 0.123090 0.352470
vt 0.104700 0.328730
vt 0.109820 0.325740
vt 0.115280 0.323210
vt 0.120780 0.336410
vt 0.105610 0.311810
vt 0.111030 0.310110
vt 0.117010 0.308970
vt 0.120680 0.321580
vt 0.108750 0.296940
vt 0.114580 0.296700
vt 0.120840 0.296680
vt 0.122840 0.308640
vt 0.113930 0.284410
vt 0.119710 0.284850
vt 0.125650 0.285160
vt 0.126750 0.297290
vt 0.119860 0.272220
vt 0.125210 0.272580
vt 0.130860 0.272930
vt 0.131160 0.285640
vt 0.126500 0.259720
vt 0.131690 0.260240
vt 0.137370 0.260830
vt 0.136320 0.273370
vt 0.134350 0.247590
vt 0.139630 0.248520
vt 0.145590 0.249710
vt 0.143020 0.261630
vt 0.143750 0.236790
vt 0.149300 0.238430
vt 0.155630 0.240660
vt 0.151550 0.251250
vt 0.154660 0.228240
vt 0.160560 0.230950
vt 0.167170 0.234710
vt 0.161960 0.243450
vt 0.166850 0.222510
vt 0.172870 0.226650
vt 0.179240 0.232380
vt 0.173400 0.239680
vt 0.179680 0.219710
vt 0.185380 0.225520
vt 0.191080 0.232750
vt 0.184930 0.239100
vt 0.192410 0.219750
vt 0.197570 0.226910
vt 0.202460 0.235350
vt 0.196260 0.240620
vt 0.204630 0.222160
vt 0.209020 0.230610
vt 0.213220 0.239220
vt 0.207130 0.243800
vt 0.215980 0.226610
vt 0.219620 0.234840
vt 0.223290 0.242510
vt 0.217340 0.247070
vt 0.226440 0.230980
vt 0.229720 0.238310
vt 0.233330 0.246260
vt 0.227210 0.250570
vt 0.236760 0.234580
vt 0.239950 0.242420
vt 0.243230 0.251800
vt 0.236810 0.255420
vt 0.247360 0.239370
vt 0.250320 0.249070
vt 0.253140 0.258950
vt 0.246210 0.261570
vt 0.258190 0.247020
vt 0.260740 0.256990
vt 0.263160 0.266720
vt 0.255590 0.268730
vt 0.269150 0.255620
vt 0.271410 0.265630
vt 0.273420 0.275360
vt 0.265100 0.276410
vt 0.280340 0.265280
vt 0.282440 0.275350
vt 0.284420 0.285190
vt 0.275200 0.284830
vt 0.291690 0.276090
vt 0.293850 0.286730
vt 0.296210 0.295960
vt 0.286350 0.294900
vt 0.302000 0.285390
vt 0.304600 0.294180
vt 0.306650 0.302720
vt 0.297990 0.304280
vt 0.312430 0.291750
vt 0.314720 0.300550
vt 0.316380 0.309000
vt 0.308120 0.311090
vt 0.322390 0.297770
vt 0.324210 0.306590
vt 0.317430 0.317550
vt 0.299330 0.312380
vt 0.289750 0.312400
vt 0.288310 0.304170
vt 0.279520 0.310840
vt 0.278580 0.302900
vt 0.276920 0.294000
vt 0.269820 0.302980
vt 0.268540 0.294680
vt 0.266740 0.285830
vt 0.261000 0.296610
vt 0.259480 0.287870
vt 0.257540 0.278420
vt 0.253000 0.290530
vt 0.251100 0.281050
vt 0.248770 0.271320
vt 0.245250 0.284000
vt 0.242860 0.274580
vt 0.239970 0.265030
vt 0.237410 0.278370
vt 0.234430 0.269050
vt 0.230990 0.259630
vt 0.229420 0.273450
vt 0.225750 0.264190
vt 0.221620 0.255140
vt 0.221170 0.269140
vt 0.216620 0.260180
vt 0.211820 0.251860
vt 0.212380 0.265430
vt 0.206970 0.257000
vt 0.201480 0.248790
vt 0.202790 0.262370
vt 0.196620 0.254450
vt 0.190460 0.246410
vt 0.192510 0.260540
vt 0.185720 0.253050
vt 0.179180 0.245920
vt 0.181830 0.260030
vt 0.174800 0.253510
vt 0.168010 0.247670
vt 0.171400 0.261500
vt 0.164330 0.256600
vt 0.157530 0.253290
vt 0.161890 0.266350
vt 0.155260 0.264070
vt 0.148670 0.262690
vt 0.154210 0.275300
vt 0.147920 0.274400
vt 0.141690 0.273920
vt 0.148180 0.286060
vt 0.142240 0.286020
vt 0.136390 0.286040
vt 0.143910 0.297820
vt 0.138150 0.298120
vt 0.132270 0.298050
vt 0.140550 0.309370
vt 0.134630 0.309470
vt 0.128540 0.309200
vt 0.137890 0.320580
vt 0.131960 0.320790
vt 0.126070 0.321050
vt 0.136680 0.332310
vt 0.131140 0.333230
vt 0.125710 0.334520
vt 0.137550 0.344910
vt 0.132550 0.346860
vt 0.127640 0.349380
vt 0.140690 0.358350
vt 0.136250 0.361400
vt 0.131850 0.365110
vt 0.145950 0.372280
vt 0.142170 0.376510
vt 0.138500 0.381490
vt 0.153270 0.386510
vt 0.150390 0.391920
vt 0.147790 0.398210
vt 0.162880 0.400890
vt 0.161320 0.407490
vt 0.160350 0.415120
vt 0.175280 0.415320
vt 0.175340 0.422970
vt 0.176010 0.431460
vt 0.190440 0.429210
vt 0.192060 0.437510
vt 0.194550 0.446490
vt 0.208080 0.442050
vt 0.211510 0.450600
vt 0.215720 0.459540
vt 0.227930 0.453310
vt 0.232730 0.461910
vt 0.238030 0.471060
vt 0.248740 0.463130
vt 0.254050 0.472040
vt 0.258620 0.481560
vt 0.269420 0.471930
vt 0.273780 0.481060
vt 0.277970 0.490460
vt 0.289330 0.479160
vt 0.294350 0.487650
vt 0.300180 0.496210
vt 0.310620 0.483820
vt 0.315980 0.492340
vt 0.320540 0.501930
vt 0.306240 0.505360
vt 0.325690 0.512590
vt 0.333870 0.498310
vt 0.331390 0.523460
vt 0.338290 0.537170
vt 0.359520 0.543640
vt 0.344720 0.551250
vt 0.330520 0.555020
vt 0.331080 0.488090
vt 0.346670 0.483820
vt 0.348390 0.493820
vt 0.362660 0.477850
vt 0.366500 0.485280
vt 0.378590 0.469380
vt 0.356470 0.468500
vt 0.342440 0.474280
vt 0.336130 0.466010
vt 0.327000 0.479320
vt 0.321150 0.471360
vt 0.314530 0.464030
vt 0.305280 0.475980
vt 0.299700 0.467870
vt 0.293490 0.459900
vt 0.284570 0.470660
vt 0.279000 0.462070
vt 0.273640 0.454180
vt 0.264070 0.463280
vt 0.258960 0.454950
vt 0.254280 0.447330
vt 0.243650 0.454790
vt 0.239310 0.446730
vt 0.235700 0.439280
vt 0.223820 0.445110
vt 0.220770 0.437190
vt 0.218480 0.429920
vt 0.205600 0.434010
vt 0.204070 0.426370
vt 0.203160 0.419480
vt 0.189520 0.421650
vt 0.189510 0.414580
vt 0.190050 0.408330
vt 0.175920 0.408560
vt 0.177430 0.402330
vt 0.179340 0.396880
vt 0.165000 0.395190
vt 0.167800 0.389940
vt 0.170890 0.385450
vt 0.156490 0.381890
vt 0.160290 0.377700
vt 0.164370 0.374220
vt 0.149980 0.368810
vt 0.154560 0.365610
vt 0.159330 0.363030
vt 0.145300 0.355930
vt 0.150480 0.353610
vt 0.155720 0.351780
vt 0.142750 0.343460
vt 0.148390 0.341820
vt 0.153960 0.340600
vt 0.142260 0.331510
vt 0.148270 0.330440
vt 0.154020 0.329710
vt 0.143710 0.320180
vt 0.149800 0.319440
vt 0.155550 0.319000
vt 0.146270 0.308980
vt 0.152370 0.308450
vt 0.158230 0.308250
vt 0.149600 0.297620
vt 0.156060 0.297560
vt 0.162380 0.297980
vt 0.154210 0.286610
vt 0.161210 0.287420
vt 0.168270 0.288880
vt 0.160600 0.276880
vt 0.168230 0.279350
vt 0.176420 0.283130
vt 0.168870 0.270130
vt 0.177280 0.275120
vt 0.186050 0.280980
vt 0.178880 0.267380
vt 0.187170 0.273950
vt 0.189350 0.267120
vt 0.208920 0.270930
vt 0.217200 0.274510
vt 0.224810 0.278170
vt 0.232310 0.282390
vt 0.239780 0.287350
vt 0.247020 0.293140
vt 0.254190 0.299100
vt 0.261960 0.304300
vt 0.270120 0.310210
vt 0.353880 0.246810
vt 0.344320 0.241150
vt 0.351890 0.237990
vt 0.341910 0.232250
vt 0.349290 0.229180
vt 0.356530 0.226190
vt 0.346340 0.220380
vt 0.338990 0.223400
vt 0.335550 0.214610
vt 0.331460 0.226320
vt 0.328250 0.217350
vt 0.324490 0.208310
vt 0.331320 0.206000
vt 0.319970 0.199630
vt 0.326580 0.197600
vt 0.314920 0.191310
vt 0.321350 0.189610
vt 0.309570 0.183710
vt 0.315870 0.182240
vt 0.321540 0.180130
vt 0.317130 0.170370
vt 0.307280 0.164900
vt 0.309790 0.161620
vt 0.298220 0.161940
vt 0.300360 0.158210
vt 0.302560 0.154010
vt 0.291610 0.155920
vt 0.293320 0.151350
vt 0.295080 0.146570
vt 0.284150 0.149370
vt 0.285260 0.144410
vt 0.286340 0.139320
vt 0.275220 0.142870
vt 0.275570 0.137720
vt 0.275820 0.132450
vt 0.264660 0.136850
vt 0.264220 0.131590
vt 0.263810 0.126140
vt 0.253140 0.131430
vt 0.252320 0.126030
vt 0.251590 0.120390
vt 0.240770 0.126330
vt 0.239650 0.120750
vt 0.238510 0.114930
vt 0.226470 0.121960
vt 0.224650 0.116480
vt 0.222720 0.110780
vt 0.210560 0.120080
vt 0.207920 0.114720
vt 0.205200 0.109070
vt 0.193350 0.120060
vt 0.189970 0.114850
vt 0.186550 0.109220
vt 0.175080 0.122040
vt 0.171100 0.116930
vt 0.167190 0.111200
vt 0.156330 0.126090
vt 0.151820 0.120930
vt 0.147470 0.114990
vt 0.138690 0.130480
vt 0.133630 0.125260
vt 0.128260 0.119730
vt 0.120930 0.136340
vt 0.114560 0.132210
vt 0.107580 0.128330
vt 0.101060 0.146390
vt 0.093720 0.143120
vt 0.086160 0.139600
vt 0.100570 0.124360
vt 0.078840 0.135420
vt 0.093890 0.119370
vt 0.071420 0.132500
vt 0.084930 0.116050
vt 0.063190 0.131350
vt 0.074310 0.115580
vt 0.055480 0.131510
vt 0.064680 0.116580
vt 0.048730 0.132040
vt 0.057170 0.117830
vt 0.041790 0.131730
vt 0.050140 0.117780
vt 0.060570 0.102280
vt 0.041020 0.117280
vt 0.051060 0.102560
vt 0.040220 0.103420
vt 0.030700 0.116730
vt 0.195200 0.543160
vt 0.191710 0.531680
vt 0.214920 0.549610
vt 0.033540 0.130510
vt 0.024180 0.128970
vt 0.178010 0.536590
vt 0.174270 0.525280
vt 0.167600 0.511750
vt 0.161420 0.529620
vt 0.158510 0.518720
vt 0.149450 0.504080
vt 0.141300 0.489270
vt 0.142340 0.513180
vt 0.131470 0.497940
vt 0.121940 0.480890
vt 0.118260 0.467590
vt 0.115400 0.493890
vt 0.107350 0.475740
vt 0.100450 0.458050
vt 0.098120 0.447110
vt 0.075950 0.423090
vt 0.059090 0.416520
vt 0.053260 0.398830
vt 0.031790 0.350140
vt 0.023680 0.334880
vt 0.018140 0.295450
vt 0.013930 0.260590
vt 0.013200 0.234500
vt 0.016080 0.233710
vt 0.018870 0.233010
vt 0.013650 0.207150
vt 0.017140 0.205760
vt 0.020340 0.205260
vt 0.023940 0.205820
vt 0.021900 0.232220
vt 0.021270 0.179480
vt 0.025350 0.181540
vt 0.029540 0.183040
vt 0.034230 0.184710
vt 0.028120 0.206390
vt 0.033320 0.161250
vt 0.037640 0.163400
vt 0.042940 0.165290
vt 0.049110 0.167330
vt 0.040310 0.186180
vt 0.046550 0.147030
vt 0.052700 0.148140
vt 0.059340 0.149540
vt 0.066460 0.152070
vt 0.055990 0.169130
vt 0.063920 0.171410
vt 0.055920 0.188650
vt 0.047590 0.187680
vt 0.073920 0.155070
vt 0.081720 0.158390
vt 0.071620 0.173870
vt 0.078940 0.177050
vt 0.070600 0.193350
vt 0.063530 0.190930
vt 0.089020 0.161400
vt 0.095930 0.164460
vt 0.085690 0.180050
vt 0.107810 0.149620
vt 0.114120 0.153160
vt 0.102340 0.167440
vt 0.126740 0.140550
vt 0.132220 0.144880
vt 0.119930 0.156690
vt 0.143680 0.135270
vt 0.148680 0.139800
vt 0.137290 0.149000
vt 0.160900 0.130620
vt 0.165690 0.134900
vt 0.153540 0.143760
vt 0.179090 0.126680
vt 0.183210 0.131280
vt 0.170300 0.138870
vt 0.196700 0.124930
vt 0.200070 0.129900
vt 0.187160 0.135680
vt 0.213220 0.125180
vt 0.215860 0.130420
vt 0.203300 0.134690
vt 0.228270 0.127340
vt 0.229990 0.132960
vt 0.218250 0.135600
vt 0.241890 0.131660
vt 0.243070 0.137220
vt 0.231740 0.138470
vt 0.253950 0.136630
vt 0.254840 0.142150
vt 0.244390 0.142720
vt 0.265050 0.142020
vt 0.265480 0.147650
vt 0.255860 0.147750
vt 0.274860 0.147980
vt 0.274610 0.153680
vt 0.266060 0.153530
vt 0.283070 0.154320
vt 0.282320 0.159930
vt 0.274760 0.159840
vt 0.290100 0.160450
vt 0.290080 0.165500
vt 0.283590 0.165890
vt 0.287270 0.172430
vt 0.280690 0.173430
vt 0.276730 0.166630
vt 0.293200 0.171250
vt 0.298230 0.178060
vt 0.291980 0.179240
vt 0.296890 0.186710
vt 0.290040 0.188140
vt 0.285400 0.180680
vt 0.303290 0.185050
vt 0.308380 0.192950
vt 0.301680 0.194370
vt 0.306310 0.202880
vt 0.299100 0.204300
vt 0.294740 0.196060
vt 0.313180 0.201170
vt 0.317430 0.210260
vt 0.310220 0.211730
vt 0.313490 0.221350
vt 0.302810 0.213130
vt 0.320880 0.219450
vt 0.323830 0.228900
vt 0.334230 0.235300
vt 0.291320 0.205440
vt 0.278930 0.198940
vt 0.287120 0.197450
vt 0.274620 0.191040
vt 0.282640 0.189640
vt 0.270370 0.183120
vt 0.278170 0.181950
vt 0.265910 0.175420
vt 0.273540 0.174490
vt 0.261650 0.167700
vt 0.269390 0.167220
vt 0.258920 0.160240
vt 0.267050 0.159970
vt 0.257170 0.153520
vt 0.250300 0.161060
vt 0.247980 0.154460
vt 0.245960 0.148260
vt 0.238430 0.155740
vt 0.235930 0.149710
vt 0.233680 0.143850
vt 0.225840 0.151850
vt 0.223150 0.146260
vt 0.220620 0.140720
vt 0.212520 0.149550
vt 0.209480 0.144450
vt 0.206370 0.139390
vt 0.198250 0.149090
vt 0.194680 0.144500
vt 0.190910 0.139940
vt 0.183230 0.150610
vt 0.179040 0.146630
vt 0.174670 0.142630
vt 0.167580 0.154320
vt 0.162910 0.150890
vt 0.158170 0.147320
vt 0.151710 0.159730
vt 0.146840 0.156490
vt 0.142000 0.152860
vt 0.135710 0.166810
vt 0.130580 0.163640
vt 0.125320 0.160140
vt 0.120000 0.175870
vt 0.114350 0.173140
vt 0.108420 0.170260
vt 0.104990 0.187060
vt 0.098810 0.184880
vt 0.092270 0.182500
vt 0.091060 0.199840
vt 0.084470 0.197930
vt 0.077550 0.195750
vt 0.078890 0.213460
vt 0.072220 0.211840
vt 0.065370 0.209690
vt 0.069130 0.225020
vt 0.062430 0.223600
vt 0.055380 0.222720
vt 0.058240 0.207680
vt 0.047810 0.222920
vt 0.050500 0.206230
vt 0.039500 0.225230
vt 0.042060 0.206630
vt 0.031810 0.228290
vt 0.034350 0.206690
vt 0.025640 0.230950
vt 0.033000 0.249210
vt 0.027210 0.254810
vt 0.038430 0.265620
vt 0.032970 0.274300
vt 0.045180 0.275910
vt 0.041240 0.289300
vt 0.039530 0.306360
vt 0.050520 0.296810
vt 0.052880 0.280140
vt 0.060040 0.281770
vt 0.055710 0.264440
vt 0.062040 0.264830
vt 0.068150 0.265060
vt 0.064120 0.249890
vt 0.070170 0.250870
vt 0.076160 0.251620
vt 0.072590 0.238450
vt 0.078650 0.239640
vt 0.084590 0.240490
vt 0.081570 0.228030
vt 0.087600 0.229240
vt 0.093440 0.230260
vt 0.091430 0.216630
vt 0.097420 0.217800
vt 0.103230 0.218670
vt 0.103410 0.203140
vt 0.109280 0.204530
vt 0.114910 0.205680
vt 0.116730 0.191000
vt 0.122360 0.192760
vt 0.127830 0.194300
vt 0.131020 0.180710
vt 0.136410 0.182900
vt 0.141750 0.184840
vt 0.146060 0.172340
vt 0.151300 0.174880
vt 0.156470 0.177370
vt 0.161580 0.165840
vt 0.166530 0.169040
vt 0.171310 0.172390
vt 0.176810 0.161490
vt 0.181370 0.165420
vt 0.185780 0.169490
vt 0.191470 0.159150
vt 0.195680 0.163790
vt 0.199790 0.168620
vt 0.205600 0.158840
vt 0.209430 0.164230
vt 0.213430 0.169800
vt 0.219100 0.160550
vt 0.222790 0.166630
vt 0.226760 0.173020
vt 0.232110 0.164030
vt 0.235850 0.170970
vt 0.239930 0.178250
vt 0.244740 0.169320
vt 0.248830 0.177170
vt 0.253080 0.184820
vt 0.257550 0.175960
vt 0.261840 0.184010
vt 0.266150 0.191990
vt 0.253410 0.168300
vt 0.241290 0.161990
vt 0.228730 0.157540
vt 0.215630 0.154710
vt 0.201780 0.153690
vt 0.187270 0.154640
vt 0.172140 0.157690
vt 0.156550 0.162680
vt 0.140780 0.169580
vt 0.125470 0.178280
vt 0.110860 0.189030
vt 0.097240 0.201530
vt 0.085170 0.215100
vt 0.075410 0.226590
vt 0.066430 0.237010
vt 0.058130 0.249690
vt 0.060140 0.236030
vt 0.041050 0.146020
vt 0.028680 0.158810
vt 0.034960 0.144750
vt 0.027350 0.142830
vt 0.021990 0.157240
vt 0.014460 0.155940
vt 0.018860 0.140770
vt 0.015950 0.178700
vt 0.010100 0.181330
vt 0.124520 0.516070
vt 0.121950 0.508600
vt 0.143570 0.522120
vt 0.003650 0.188170
vt 0.294850 0.009330
vt 0.450250 0.489890
vt 0.181810 0.006550
vt 0.187380 0.002660
vt 0.377550 0.534340
vt 0.368500 0.539010
vt 0.255740 0.345650
vt 0.248520 0.347390
vt 0.250170 0.339030
vt 0.241580 0.348790
vt 0.243590 0.340440
vt 0.244950 0.332270
vt 0.237310 0.341900
vt 0.239080 0.333420
vt 0.240230 0.325460
vt 0.233400 0.334880
vt 0.234870 0.326820
vt 0.235530 0.319830
vt 0.229560 0.328100
vt 0.230050 0.321580
vt 0.229780 0.316210
vt 0.224380 0.323390
vt 0.223740 0.318440
vt 0.222860 0.313580
vt 0.217400 0.319510
vt 0.216230 0.314820
vt 0.215120 0.309520
vt 0.208200 0.314610
vt 0.209450 0.319530
vt 0.200250 0.318680
vt 0.195130 0.324770
vt 0.201150 0.331640
vt 0.192460 0.332300
vt 0.209870 0.338010
vt 0.201360 0.338960
vt 0.192210 0.339960
vt 0.210780 0.344590
vt 0.203130 0.346190
vt 0.195510 0.347820
vt 0.212700 0.351300
vt 0.205510 0.353380
vt 0.198320 0.355270
vt 0.215350 0.358120
vt 0.208360 0.360550
vt 0.201760 0.362820
vt 0.218280 0.364970
vt 0.211800 0.367750
vt 0.205450 0.370680
vt 0.221820 0.371740
vt 0.215240 0.374830
vt 0.208430 0.378080
vt 0.225490 0.378230
vt 0.218300 0.381670
vt 0.211670 0.385440
vt 0.228680 0.384500
vt 0.222120 0.388340
vt 0.218490 0.393090
vt 0.233040 0.390570
vt 0.229520 0.395170
vt 0.228500 0.400900
vt 0.240650 0.396560
vt 0.239650 0.402090
vt 0.240140 0.408220
vt 0.250670 0.402750
vt 0.252050 0.408660
vt 0.253820 0.414630
vt 0.264040 0.408310
vt 0.266440 0.413990
vt 0.269090 0.419820
vt 0.279040 0.412460
vt 0.282090 0.417950
vt 0.285400 0.423670
vt 0.294930 0.415160
vt 0.298550 0.420510
vt 0.302470 0.426090
vt 0.311610 0.416350
vt 0.315640 0.421570
vt 0.319600 0.427270
vt 0.328580 0.416100
vt 0.332480 0.421550
vt 0.336600 0.427430
vt 0.345210 0.414870
vt 0.349420 0.420330
vt 0.354200 0.425980
vt 0.362100 0.412170
vt 0.366820 0.417560
vt 0.372300 0.423060
vt 0.379030 0.408390
vt 0.384180 0.413900
vt 0.389590 0.420290
vt 0.395600 0.404060
vt 0.400450 0.410440
vt 0.406330 0.416870
vt 0.411030 0.399840
vt 0.416330 0.405910
vt 0.423050 0.410580
vt 0.426040 0.394730
vt 0.432010 0.399530
vt 0.438050 0.403230
vt 0.440700 0.388580
vt 0.445780 0.393260
vt 0.452930 0.398170
vt 0.454520 0.381790
vt 0.459990 0.388010
vt 0.468810 0.393430
vt 0.468650 0.373530
vt 0.475710 0.378560
vt 0.484320 0.381880
vt 0.490310 0.359440
vt 0.494420 0.335630
vt 0.463000 0.368070
vt 0.457700 0.363580
vt 0.466780 0.346130
vt 0.449510 0.376940
vt 0.444560 0.371610
vt 0.453560 0.358580
vt 0.435510 0.383450
vt 0.431140 0.377060
vt 0.440640 0.365070
vt 0.421320 0.388610
vt 0.417180 0.382100
vt 0.427490 0.370220
vt 0.406590 0.393540
vt 0.402110 0.387670
vt 0.413060 0.376120
vt 0.390850 0.398500
vt 0.386400 0.393050
vt 0.397830 0.382190
vt 0.374510 0.403070
vt 0.370370 0.397890
vt 0.382390 0.387830
vt 0.357930 0.406990
vt 0.354070 0.401980
vt 0.366570 0.393080
vt 0.341410 0.409620
vt 0.337630 0.404760
vt 0.350480 0.397270
vt 0.324640 0.411150
vt 0.320900 0.406480
vt 0.334050 0.400360
vt 0.307810 0.411430
vt 0.304450 0.406580
vt 0.317490 0.402040
vt 0.291610 0.410060
vt 0.288400 0.404890
vt 0.300960 0.401940
vt 0.276160 0.407150
vt 0.273970 0.401770
vt 0.286290 0.399970
vt 0.262050 0.402780
vt 0.262660 0.397450
vt 0.274360 0.396880
vt 0.251770 0.397380
vt 0.255350 0.392360
vt 0.266230 0.392370
vt 0.244350 0.392080
vt 0.250320 0.386970
vt 0.260420 0.387100
vt 0.239680 0.386630
vt 0.246490 0.381290
vt 0.256090 0.381320
vt 0.236130 0.380830
vt 0.242500 0.375520
vt 0.252250 0.375230
vt 0.232440 0.374800
vt 0.237930 0.369680
vt 0.247250 0.369510
vt 0.228120 0.368520
vt 0.233940 0.363380
vt 0.242610 0.363480
vt 0.225110 0.361890
vt 0.231070 0.356670
vt 0.238840 0.357050
vt 0.222380 0.355410
vt 0.227300 0.350250
vt 0.234910 0.350230
vt 0.219270 0.348900
vt 0.224550 0.343820
vt 0.231170 0.343620
vt 0.217640 0.342580
vt 0.222630 0.337420
vt 0.228120 0.336730
vt 0.224650 0.329890
vt 0.246260 0.355680
vt 0.253810 0.353790
vt 0.251180 0.362370
vt 0.256330 0.368410
vt 0.260900 0.374790
vt 0.265040 0.381290
vt 0.270490 0.387020
vt 0.277380 0.391870
vt 0.286910 0.395290
vt 0.299240 0.397380
vt 0.314170 0.397870
vt 0.330730 0.396240
vt 0.347060 0.392980
vt 0.363040 0.388500
vt 0.378760 0.382880
vt 0.393950 0.376850
vt 0.408890 0.370490
vt 0.423690 0.363850
vt 0.437440 0.358060
vt 0.450260 0.352380
vt 0.463270 0.341960
vt 0.475180 0.327530
vt 0.576320 0.858790
vt 0.566450 0.851740
vt 0.583260 0.848560
vt 0.586390 0.857250
vt 0.571840 0.866940
vt 0.559510 0.862870
vt 0.588910 0.868210
vt 0.740940 0.876120
vt 0.733820 0.879720
vt 0.717780 0.864960
vt 0.733330 0.865470
vt 0.848410 0.880620
vt 0.856110 0.884160
vt 0.844530 0.892480
vt 0.838640 0.882690
vt 0.848960 0.872160
vt 0.861830 0.874540
vt 0.836570 0.873600
vt 0.671050 0.833120
vt 0.674200 0.828020
vt 0.678560 0.832050
vt 0.674920 0.836200
vt 0.667250 0.840770
vt 0.665770 0.834730
vt 0.665870 0.829300
vt 0.712390 0.654890
vt 0.709250 0.657610
vt 0.707610 0.653400
vt 0.713480 0.651070
vt 0.717050 0.651650
vt 0.715530 0.655500
vt 0.712120 0.660810
vt 0.722410 0.651600
vt 0.720550 0.650380
vt 0.722230 0.647720
vt 0.724270 0.650410
vt 0.725410 0.653920
vt 0.722180 0.654510
vt 0.719420 0.653300
vt 0.746570 0.654250
vt 0.750090 0.657970
vt 0.746330 0.662640
vt 0.741540 0.654270
vt 0.738830 0.648610
vt 0.744040 0.647840
vt 0.753480 0.652680
vt 0.723820 0.625000
vt 0.719070 0.629580
vt 0.707340 0.624370
vt 0.722890 0.620600
vt 0.736470 0.622760
vt 0.730420 0.629260
vt 0.725800 0.632790
vt 0.736730 0.631830
vt 0.730390 0.635230
vt 0.726390 0.637540
vt 0.721890 0.635330
vt 0.713970 0.632450
vt 0.702200 0.631780
vt 0.718530 0.637960
vt 0.710970 0.636590
vt 0.700060 0.637770
vt 0.688670 0.643780
vt 0.688680 0.636730
vt 0.708920 0.640680
vt 0.699460 0.643070
vt 0.688910 0.649220
vt 0.678950 0.657640
vt 0.677250 0.651590
vt 0.699180 0.648190
vt 0.689990 0.654610
vt 0.681120 0.662900
vt 0.673120 0.672370
vt 0.669540 0.666960
vt 0.691600 0.660140
vt 0.684220 0.668150
vt 0.676870 0.677540
vt 0.671070 0.688380
vt 0.666230 0.683720
vt 0.687990 0.674020
vt 0.681680 0.682840
vt 0.676630 0.693070
vt 0.672890 0.704370
vt 0.666190 0.700350
vt 0.687870 0.688550
vt 0.683890 0.698170
vt 0.681010 0.708750
vt 0.678660 0.720210
vt 0.670160 0.716960
vt 0.692170 0.703020
vt 0.689890 0.712680
vt 0.687380 0.723070
vt 0.684390 0.734530
vt 0.676030 0.732520
vt 0.698920 0.716180
vt 0.696330 0.726020
vt 0.693830 0.736230
vt 0.692500 0.746420
vt 0.682970 0.745830
vt 0.705890 0.728570
vt 0.703860 0.737980
vt 0.702600 0.747270
vt 0.702000 0.756800
vt 0.692160 0.756450
vt 0.714470 0.739430
vt 0.713160 0.748390
vt 0.712280 0.757700
vt 0.711450 0.768950
vt 0.702500 0.767850
vt 0.724090 0.749630
vt 0.722950 0.759130
vt 0.721320 0.769930
vt 0.719210 0.782960
vt 0.709570 0.781920
vt 0.734700 0.760620
vt 0.732740 0.771500
vt 0.730480 0.783240
vt 0.728960 0.796280
vt 0.717680 0.796550
vt 0.745760 0.773480
vt 0.743690 0.785070
vt 0.741530 0.796880
vt 0.739920 0.809460
vt 0.728200 0.809660
vt 0.757820 0.788340
vt 0.756060 0.800190
vt 0.754380 0.811510
vt 0.754890 0.823690
vt 0.740510 0.822390
vt 0.771590 0.803480
vt 0.771840 0.815250
vt 0.773030 0.826470
vt 0.772860 0.838140
vt 0.755690 0.836200
vt 0.788850 0.814900
vt 0.790880 0.826990
vt 0.790080 0.838550
vt 0.789350 0.850260
vt 0.772320 0.850250
vt 0.806000 0.825540
vt 0.807290 0.838090
vt 0.806020 0.849240
vt 0.805900 0.859920
vt 0.789440 0.861130
vt 0.821360 0.835940
vt 0.822610 0.847740
vt 0.821850 0.858050
vt 0.822090 0.867400
vt 0.806460 0.869510
vt 0.835450 0.844760
vt 0.836430 0.855630
vt 0.836460 0.865010
vt 0.823030 0.876570
vt 0.850070 0.853580
vt 0.850370 0.863750
vt 0.863890 0.852490
vt 0.864080 0.864490
vt 0.877550 0.850630
vt 0.877900 0.863840
vt 0.876970 0.876390
vt 0.867690 0.889110
vt 0.893070 0.858550
vt 0.894490 0.868260
vt 0.547890 0.873090
vt 0.551340 0.858300
vt 0.558210 0.875790
vt 0.909290 0.853350
vt 0.910540 0.861480
vt 0.561960 0.844690
vt 0.559950 0.835620
vt 0.578060 0.834620
vt 0.580150 0.841450
vt 0.598580 0.834900
vt 0.600100 0.841020
vt 0.601880 0.847970
vt 0.604290 0.856550
vt 0.619910 0.840980
vt 0.621160 0.847600
vt 0.622690 0.856230
vt 0.639350 0.846810
vt 0.641000 0.854680
vt 0.643750 0.866000
vt 0.624970 0.867760
vt 0.606620 0.868540
vt 0.627220 0.881520
vt 0.608050 0.882020
vt 0.589550 0.881300
vt 0.832260 0.909420
vt 0.811340 0.911190
vt 0.809580 0.898470
vt 0.828040 0.897250
vt 0.852850 0.901510
vt 0.571990 0.878760
vt 0.808370 0.887910
vt 0.825050 0.886310
vt 0.807230 0.878530
vt 0.790230 0.886740
vt 0.789910 0.878190
vt 0.789640 0.870290
vt 0.771430 0.876280
vt 0.771630 0.869060
vt 0.771920 0.860760
vt 0.753150 0.865570
vt 0.754210 0.858190
vt 0.755170 0.848620
vt 0.736840 0.855010
vt 0.739400 0.846320
vt 0.740700 0.835110
vt 0.726690 0.845800
vt 0.728920 0.835230
vt 0.728830 0.823130
vt 0.715830 0.835030
vt 0.716570 0.823510
vt 0.716880 0.810340
vt 0.704320 0.820670
vt 0.705700 0.808620
vt 0.707930 0.795420
vt 0.695930 0.805150
vt 0.699280 0.793430
vt 0.701430 0.780040
vt 0.692200 0.791510
vt 0.693760 0.778960
vt 0.694020 0.767420
vt 0.685040 0.778850
vt 0.684690 0.768150
vt 0.683070 0.757050
vt 0.673300 0.768710
vt 0.673000 0.757330
vt 0.673540 0.745290
vt 0.661600 0.756640
vt 0.664230 0.744120
vt 0.667530 0.730470
vt 0.654240 0.740690
vt 0.658770 0.727490
vt 0.662340 0.713600
vt 0.650450 0.723170
vt 0.655710 0.709990
vt 0.660460 0.696480
vt 0.649190 0.705410
vt 0.655140 0.692070
vt 0.661510 0.678840
vt 0.648970 0.686390
vt 0.656530 0.673250
vt 0.665910 0.660570
vt 0.650890 0.666700
vt 0.662510 0.652980
vt 0.675510 0.644130
vt 0.660880 0.641830
vt 0.674370 0.635180
vt 0.688610 0.627740
vt 0.792370 0.642420
vt 0.799550 0.651040
vt 0.791460 0.656220
vt 0.784920 0.647140
vt 0.779420 0.637520
vt 0.785930 0.634240
vt 0.784880 0.660640
vt 0.778610 0.650510
vt 0.773040 0.640240
vt 0.779950 0.664090
vt 0.773690 0.653060
vt 0.767520 0.641330
vt 0.769650 0.655250
vt 0.762330 0.642010
vt 0.745200 0.627270
vt 0.751750 0.634170
vt 0.740830 0.634640
vt 0.756850 0.641850
vt 0.743040 0.638640
vt 0.736220 0.640880
vt 0.733750 0.637780
vt 0.732260 0.643410
vt 0.729660 0.640280
vt 0.729300 0.645860
vt 0.726650 0.642710
vt 0.723190 0.640020
vt 0.724240 0.645150
vt 0.720840 0.642840
vt 0.715950 0.640980
vt 0.719040 0.645610
vt 0.714450 0.644490
vt 0.707550 0.644850
vt 0.713640 0.647770
vt 0.707310 0.649190
vt 0.699300 0.653370
vt 0.700830 0.658650
vt 0.694120 0.665980
vt 0.703540 0.663690
vt 0.698280 0.671520
vt 0.692790 0.679960
vt 0.703500 0.675790
vt 0.699140 0.684650
vt 0.695180 0.693950
vt 0.705980 0.688220
vt 0.703240 0.697600
vt 0.701010 0.707020
vt 0.711900 0.700050
vt 0.710200 0.709370
vt 0.708130 0.718890
vt 0.719700 0.710770
vt 0.717800 0.720460
vt 0.716090 0.730130
vt 0.727310 0.721260
vt 0.726070 0.731050
vt 0.725050 0.740580
vt 0.735920 0.731450
vt 0.735680 0.741290
vt 0.735620 0.750890
vt 0.746480 0.741480
vt 0.747710 0.752070
vt 0.747460 0.762290
vt 0.759300 0.752080
vt 0.760800 0.764230
vt 0.759580 0.776060
vt 0.772290 0.763440
vt 0.772890 0.777620
vt 0.772390 0.790710
vt 0.784440 0.775360
vt 0.785400 0.789600
vt 0.786450 0.802760
vt 0.797380 0.786260
vt 0.799660 0.799310
vt 0.802420 0.812020
vt 0.811420 0.795780
vt 0.814680 0.808810
vt 0.818010 0.822310
vt 0.825450 0.805730
vt 0.829330 0.819390
vt 0.832860 0.832500
vt 0.840130 0.816440
vt 0.845250 0.829410
vt 0.848510 0.841760
vt 0.857250 0.825660
vt 0.861670 0.839170
vt 0.870080 0.821690
vt 0.874610 0.836100
vt 0.884070 0.817670
vt 0.888460 0.832220
vt 0.891540 0.846470
vt 0.903890 0.828610
vt 0.907090 0.842590
vt 0.559340 0.824610
vt 0.562030 0.811380
vt 0.577890 0.816600
vt 0.577040 0.826690
vt 0.596120 0.821460
vt 0.597080 0.828760
vt 0.616330 0.823690
vt 0.617670 0.829880
vt 0.618880 0.835400
vt 0.636560 0.829480
vt 0.637380 0.834870
vt 0.638250 0.840410
vt 0.653380 0.832960
vt 0.654140 0.838560
vt 0.655570 0.844940
vt 0.670610 0.848090
vt 0.657730 0.852250
vt 0.676740 0.858220
vt 0.661770 0.862750
vt 0.686680 0.870230
vt 0.666750 0.875610
vt 0.647100 0.879830
vt 0.770270 0.905370
vt 0.752300 0.899380
vt 0.752270 0.887410
vt 0.771140 0.892940
vt 0.790330 0.897180
vt 0.790570 0.909600
vt 0.771200 0.883760
vt 0.752110 0.878990
vt 0.752330 0.872220
vt 0.734160 0.861190
vt 0.720350 0.860050
vt 0.723520 0.854560
vt 0.705470 0.856540
vt 0.709600 0.851180
vt 0.713270 0.844720
vt 0.696540 0.843900
vt 0.699740 0.838510
vt 0.702560 0.830770
vt 0.688670 0.829840
vt 0.690510 0.822740
vt 0.692960 0.814740
vt 0.683710 0.818520
vt 0.686110 0.811410
vt 0.689030 0.802730
vt 0.679720 0.809550
vt 0.682440 0.801170
vt 0.684740 0.790170
vt 0.672540 0.799480
vt 0.674120 0.789770
vt 0.673750 0.779250
vt 0.657220 0.790090
vt 0.658120 0.779910
vt 0.659790 0.768540
vt 0.643280 0.777130
vt 0.646640 0.765210
vt 0.649790 0.753040
vt 0.634430 0.759150
vt 0.638640 0.746660
vt 0.644470 0.734990
vt 0.628290 0.739980
vt 0.634970 0.728350
vt 0.642530 0.717420
vt 0.625940 0.721460
vt 0.634550 0.710410
vt 0.642090 0.699070
vt 0.626400 0.702780
vt 0.634430 0.691600
vt 0.642040 0.679500
vt 0.829100 0.683470
vt 0.836190 0.695610
vt 0.826360 0.700310
vt 0.819640 0.687770
vt 0.813030 0.674530
vt 0.822130 0.670830
vt 0.811390 0.691810
vt 0.804860 0.678630
vt 0.798260 0.666470
vt 0.806790 0.661870
vt 0.815460 0.658250
vt 0.798340 0.682570
vt 0.791530 0.671030
vt 0.792960 0.686010
vt 0.786360 0.674790
vt 0.787870 0.689430
vt 0.781980 0.678300
vt 0.775990 0.667150
vt 0.777650 0.681610
vt 0.772370 0.670110
vt 0.766330 0.657460
vt 0.768200 0.673620
vt 0.763090 0.660890
vt 0.755710 0.647060
vt 0.759280 0.665130
vt 0.744210 0.643210
vt 0.737730 0.644590
vt 0.735910 0.651720
vt 0.734110 0.647090
vt 0.733040 0.654720
vt 0.731320 0.649730
vt 0.729530 0.656930
vt 0.728510 0.652070
vt 0.726740 0.648200
vt 0.725780 0.658510
vt 0.725210 0.664570
vt 0.720090 0.664500
vt 0.721650 0.658460
vt 0.730450 0.663340
vt 0.730880 0.671350
vt 0.724210 0.672530
vt 0.734770 0.661000
vt 0.736990 0.669120
vt 0.737780 0.678740
vt 0.730900 0.680780
vt 0.738630 0.658310
vt 0.741900 0.666220
vt 0.743700 0.676300
vt 0.744500 0.687170
vt 0.738020 0.689250
vt 0.748890 0.673360
vt 0.750680 0.684710
vt 0.751920 0.696380
vt 0.745160 0.698460
vt 0.754570 0.669630
vt 0.756820 0.681510
vt 0.759140 0.693410
vt 0.761110 0.704900
vt 0.753120 0.707770
vt 0.763170 0.677670
vt 0.766240 0.689410
vt 0.769660 0.700860
vt 0.772970 0.712160
vt 0.763480 0.716200
vt 0.772680 0.685250
vt 0.776790 0.696500
vt 0.780980 0.708160
vt 0.785020 0.720400
vt 0.776230 0.723920
vt 0.782760 0.692750
vt 0.787710 0.704620
vt 0.792640 0.717300
vt 0.797300 0.730440
vt 0.788830 0.733240
vt 0.793530 0.701450
vt 0.799100 0.714400
vt 0.804650 0.727640
vt 0.809860 0.740600
vt 0.801370 0.743270
vt 0.805070 0.711550
vt 0.811410 0.724740
vt 0.817670 0.737740
vt 0.822080 0.750920
vt 0.813140 0.753410
vt 0.818050 0.721390
vt 0.825370 0.734320
vt 0.831170 0.747910
vt 0.834750 0.761360
vt 0.824740 0.764200
vt 0.833360 0.730060
vt 0.840510 0.744050
vt 0.845510 0.758010
vt 0.849550 0.771190
vt 0.838140 0.774370
vt 0.849780 0.739940
vt 0.855580 0.753990
vt 0.860790 0.766890
vt 0.866370 0.779280
vt 0.853990 0.783940
vt 0.865590 0.749390
vt 0.871480 0.761670
vt 0.878080 0.773240
vt 0.885250 0.785210
vt 0.872430 0.791490
vt 0.589460 0.764110
vt 0.595960 0.753450
vt 0.607190 0.759490
vt 0.601300 0.770960
vt 0.594540 0.782000
vt 0.582340 0.774590
vt 0.587640 0.793430
vt 0.574750 0.785860
vt 0.613180 0.777570
vt 0.607010 0.789490
vt 0.600520 0.801230
vt 0.596060 0.812900
vt 0.581670 0.805080
vt 0.619850 0.795880
vt 0.614920 0.807470
vt 0.614870 0.817110
vt 0.634290 0.810310
vt 0.635000 0.818120
vt 0.635860 0.823890
vt 0.652960 0.816360
vt 0.653040 0.821920
vt 0.653230 0.827500
vt 0.666970 0.819680
vt 0.666330 0.824500
vt 0.676440 0.820460
vt 0.675350 0.824670
vt 0.681820 0.823840
vt 0.680350 0.828230
vt 0.686540 0.835330
vt 0.683760 0.840060
vt 0.678980 0.844020
vt 0.692540 0.848970
vt 0.686780 0.854250
vt 0.699500 0.862680
vt 0.702310 0.874420
vt 0.677710 0.816060
vt 0.668180 0.814150
vt 0.670330 0.807650
vt 0.653690 0.808680
vt 0.655460 0.799490
vt 0.634820 0.800310
vt 0.638980 0.788730
vt 0.625520 0.783500
vt 0.630280 0.771490
vt 0.618590 0.765540
vt 0.623400 0.752920
vt 0.612450 0.747090
vt 0.618020 0.733850
vt 0.601800 0.741470
vt 0.608140 0.727610
vt 0.616980 0.714220
vt 0.851730 0.720540
vt 0.859410 0.735300
vt 0.842050 0.725540
vt 0.833690 0.712500
vt 0.843350 0.707630
vt 0.825200 0.717120
vt 0.817950 0.704750
vt 0.811100 0.708450
vt 0.804840 0.695340
vt 0.799090 0.698420
vt 0.567610 0.798190
vt 0.899310 0.813270
vt 0.878850 0.803960
vt 0.892780 0.798560
vt 0.864400 0.808640
vt 0.859000 0.796210
vt 0.851570 0.812580
vt 0.846240 0.799940
vt 0.841850 0.787070
vt 0.835540 0.802850
vt 0.831460 0.789670
vt 0.827830 0.776800
vt 0.821680 0.792380
vt 0.818180 0.779660
vt 0.815480 0.766750
vt 0.808310 0.782730
vt 0.806050 0.769480
vt 0.803950 0.756060
vt 0.795510 0.772370
vt 0.793970 0.758690
vt 0.791830 0.745850
vt 0.783040 0.760960
vt 0.781330 0.748170
vt 0.779180 0.736040
vt 0.770260 0.750410
vt 0.768170 0.738680
vt 0.765960 0.727400
vt 0.757270 0.740650
vt 0.755820 0.729740
vt 0.754580 0.719040
vt 0.745860 0.731140
vt 0.745660 0.720630
vt 0.745470 0.709930
vt 0.736550 0.721490
vt 0.737380 0.710990
vt 0.738030 0.700270
vt 0.728940 0.711510
vt 0.730090 0.701080
vt 0.730660 0.690990
vt 0.721230 0.701410
vt 0.722070 0.691430
vt 0.723110 0.681900
vt 0.713460 0.690720
vt 0.715460 0.681040
vt 0.717910 0.672290
vt 0.709210 0.679050
vt 0.712540 0.670400
vt 0.715680 0.663260
vt 0.707590 0.667740
vt 0.718140 0.657310
vt 0.736680 0.893470
vt 0.717960 0.648590
vt 0.298300 0.892330
vt 0.294330 0.888670
vt 0.302610 0.884630
vt 0.303860 0.889460
vt 0.304680 0.896180
vt 0.295720 0.897450
vt 0.289700 0.896450
vt 0.532750 0.819420
vt 0.525990 0.816030
vt 0.529640 0.808780
vt 0.536530 0.815530
vt 0.541870 0.825850
vt 0.534290 0.826940
vt 0.526370 0.825290
vt 0.276390 0.865580
vt 0.281690 0.857140
vt 0.289580 0.863450
vt 0.281390 0.871070
vt 0.268100 0.868310
vt 0.271780 0.852660
vt 0.272770 0.878410
vt 0.529720 0.872020
vt 0.524480 0.879310
vt 0.519940 0.875770
vt 0.525680 0.869160
vt 0.532220 0.862390
vt 0.536080 0.866300
vt 0.530720 0.908110
vt 0.531030 0.913190
vt 0.524490 0.912170
vt 0.525840 0.905430
vt 0.298100 0.950380
vt 0.295700 0.942730
vt 0.306590 0.945380
vt 0.305400 0.952810
vt 0.302130 0.960140
vt 0.291900 0.953190
vt 0.286540 0.944900
vt 0.288400 0.919350
vt 0.285770 0.914210
vt 0.294610 0.913170
vt 0.294630 0.920140
vt 0.294030 0.926060
vt 0.285770 0.924680
vt 0.278230 0.915820
vt 0.514400 0.847580
vt 0.510570 0.850980
vt 0.508180 0.841810
vt 0.514320 0.841940
vt 0.520430 0.843370
vt 0.519240 0.852900
vt 0.514140 0.857610
vt 0.502690 0.797540
vt 0.504990 0.803500
vt 0.497020 0.802750
vt 0.496530 0.796370
vt 0.498490 0.789680
vt 0.506920 0.794250
vt 0.512620 0.802460
vt 0.511590 0.811020
vt 0.505050 0.810840
vt 0.540070 0.981150
vt 0.532440 0.980510
vt 0.531630 0.973530
vt 0.539350 0.973780
vt 0.521840 0.805050
vt 0.519120 0.812840
vt 0.518390 0.822870
vt 0.510980 0.820510
vt 0.511710 0.831400
vt 0.505900 0.830780
vt 0.504840 0.819750
vt 0.519710 0.832970
vt 0.527720 0.835790
vt 0.527200 0.846100
vt 0.535950 0.838070
vt 0.533340 0.849630
vt 0.528030 0.858650
vt 0.523500 0.855400
vt 0.521880 0.865290
vt 0.517940 0.861490
vt 0.515950 0.871470
vt 0.511800 0.866290
vt 0.507800 0.860300
vt 0.504070 0.870930
vt 0.499990 0.863310
vt 0.496070 0.854290
vt 0.503980 0.851790
vt 0.493210 0.843930
vt 0.501560 0.841840
vt 0.492350 0.832970
vt 0.500720 0.831160
vt 0.491210 0.821890
vt 0.498730 0.820250
vt 0.488920 0.811200
vt 0.497670 0.810620
vt 0.487480 0.802370
vt 0.478340 0.813260
vt 0.476630 0.803640
vt 0.475690 0.795490
vt 0.487030 0.794910
vt 0.475370 0.787360
vt 0.487830 0.787800
vt 0.513710 0.983310
vt 0.502050 0.983920
vt 0.501790 0.975120
vt 0.513240 0.975220
vt 0.523060 0.974480
vt 0.523850 0.981480
vt 0.513230 0.965930
vt 0.522750 0.965950
vt 0.531140 0.965830
vt 0.523310 0.956290
vt 0.531080 0.956780
vt 0.538150 0.957010
vt 0.538520 0.966190
vt 0.523920 0.944890
vt 0.530720 0.945620
vt 0.537260 0.946060
vt 0.524270 0.932270
vt 0.530730 0.933400
vt 0.536890 0.934440
vt 0.531890 0.922070
vt 0.538130 0.923900
vt 0.543300 0.839210
vt 0.538880 0.853080
vt 0.543040 0.857760
vt 0.524740 0.920940
vt 0.515570 0.931380
vt 0.515510 0.919670
vt 0.515590 0.910220
vt 0.504290 0.919270
vt 0.504250 0.909010
vt 0.504720 0.899030
vt 0.517070 0.902830
vt 0.516730 0.888960
vt 0.501770 0.891260
vt 0.512290 0.883790
vt 0.498350 0.883530
vt 0.508320 0.877790
vt 0.494560 0.875350
vt 0.486880 0.886420
vt 0.483720 0.877630
vt 0.480710 0.868740
vt 0.490810 0.866520
vt 0.477330 0.859200
vt 0.487090 0.856900
vt 0.474550 0.848800
vt 0.484340 0.846270
vt 0.471960 0.838030
vt 0.482420 0.835180
vt 0.469710 0.826970
vt 0.480840 0.823720
vt 0.467320 0.816640
vt 0.457940 0.831320
vt 0.455490 0.820770
vt 0.453460 0.810630
vt 0.465310 0.806710
vt 0.451740 0.801110
vt 0.463800 0.797960
vt 0.449450 0.792450
vt 0.462360 0.789380
vt 0.489830 0.984080
vt 0.477730 0.982690
vt 0.477980 0.973240
vt 0.489670 0.974520
vt 0.478490 0.963260
vt 0.490180 0.964300
vt 0.501960 0.965450
vt 0.491430 0.953810
vt 0.503120 0.954840
vt 0.513960 0.955620
vt 0.504220 0.943430
vt 0.515030 0.944050
vt 0.504660 0.931160
vt 0.492240 0.943400
vt 0.492630 0.932550
vt 0.492280 0.921160
vt 0.479570 0.934220
vt 0.479060 0.923730
vt 0.478590 0.913190
vt 0.491800 0.911050
vt 0.478150 0.904120
vt 0.491330 0.902280
vt 0.477070 0.896390
vt 0.489540 0.894480
vt 0.475090 0.888330
vt 0.464120 0.897670
vt 0.462600 0.889860
vt 0.460540 0.881700
vt 0.472530 0.879560
vt 0.458020 0.873360
vt 0.469710 0.870750
vt 0.455150 0.864890
vt 0.466740 0.861590
vt 0.452260 0.856170
vt 0.463890 0.852100
vt 0.449230 0.846370
vt 0.460790 0.841990
vt 0.446080 0.835350
vt 0.437600 0.849530
vt 0.434850 0.838370
vt 0.432370 0.826970
vt 0.443750 0.824250
vt 0.430340 0.816800
vt 0.441720 0.813970
vt 0.428470 0.807730
vt 0.439860 0.804750
vt 0.426620 0.799780
vt 0.437620 0.796450
vt 0.466070 0.980920
vt 0.454780 0.980740
vt 0.454390 0.972560
vt 0.466230 0.972160
vt 0.454050 0.963790
vt 0.466390 0.962920
vt 0.453740 0.955040
vt 0.466510 0.953710
vt 0.479070 0.953360
vt 0.466470 0.945030
vt 0.479550 0.943900
vt 0.466260 0.936010
vt 0.453530 0.946700
vt 0.453290 0.937820
vt 0.452980 0.927090
vt 0.465850 0.925630
vt 0.452460 0.916250
vt 0.465470 0.914890
vt 0.451740 0.907060
vt 0.464960 0.905620
vt 0.450750 0.899320
vt 0.438250 0.908980
vt 0.436730 0.901450
vt 0.435200 0.894150
vt 0.449310 0.891890
vt 0.433650 0.886560
vt 0.447440 0.884250
vt 0.432080 0.878650
vt 0.445260 0.876420
vt 0.430450 0.870400
vt 0.442860 0.868370
vt 0.428470 0.861560
vt 0.440310 0.859420
vt 0.426090 0.851650
vt 0.416510 0.863030
vt 0.414380 0.853370
vt 0.411790 0.842570
vt 0.423450 0.840570
vt 0.409060 0.831240
vt 0.420860 0.829100
vt 0.406570 0.821180
vt 0.418680 0.819040
vt 0.404560 0.812360
vt 0.416820 0.810150
vt 0.402850 0.804210
vt 0.415240 0.801990
vt 0.443140 0.982330
vt 0.430460 0.984660
vt 0.429740 0.976700
vt 0.442220 0.974350
vt 0.429120 0.968160
vt 0.441630 0.965880
vt 0.428670 0.959150
vt 0.441110 0.957040
vt 0.428340 0.950600
vt 0.440800 0.948590
vt 0.428240 0.941660
vt 0.440640 0.939660
vt 0.427910 0.931080
vt 0.440390 0.928860
vt 0.426740 0.920510
vt 0.439640 0.917990
vt 0.425060 0.911570
vt 0.414000 0.923130
vt 0.412300 0.913770
vt 0.410710 0.905650
vt 0.423250 0.903710
vt 0.409300 0.897370
vt 0.421820 0.895900
vt 0.408040 0.888890
vt 0.420440 0.887820
vt 0.407020 0.880750
vt 0.419320 0.879680
vt 0.405920 0.873010
vt 0.418230 0.871650
vt 0.404510 0.864630
vt 0.393660 0.874730
vt 0.392290 0.866800
vt 0.390520 0.858020
vt 0.402560 0.855420
vt 0.388250 0.848360
vt 0.400060 0.845130
vt 0.385290 0.837830
vt 0.397160 0.834130
vt 0.382180 0.827810
vt 0.394220 0.824170
vt 0.379500 0.818920
vt 0.391830 0.815340
vt 0.377260 0.810770
vt 0.389780 0.807320
vt 0.416890 0.986210
vt 0.403720 0.986890
vt 0.403770 0.978750
vt 0.416650 0.978200
vt 0.403760 0.970300
vt 0.416480 0.969770
vt 0.403650 0.961700
vt 0.416210 0.960830
vt 0.403480 0.953560
vt 0.416000 0.952270
vt 0.403150 0.945150
vt 0.415790 0.943500
vt 0.402550 0.935690
vt 0.415290 0.933520
vt 0.401410 0.925540
vt 0.389670 0.937430
vt 0.388820 0.927350
vt 0.387700 0.917710
vt 0.399930 0.915870
vt 0.386460 0.908850
vt 0.398540 0.907260
vt 0.385130 0.900190
vt 0.397230 0.898700
vt 0.383790 0.891760
vt 0.395990 0.890190
vt 0.382520 0.884000
vt 0.394830 0.882230
vt 0.381280 0.876670
vt 0.370100 0.885840
vt 0.368930 0.878520
vt 0.367570 0.871140
vt 0.379900 0.869020
vt 0.365920 0.863090
vt 0.378320 0.860670
vt 0.363870 0.854370
vt 0.376200 0.851560
vt 0.361260 0.844840
vt 0.373410 0.841570
vt 0.358420 0.834970
vt 0.370370 0.831570
vt 0.355880 0.825390
vt 0.367630 0.822440
vt 0.354170 0.816420
vt 0.365550 0.814140
vt 0.391250 0.987320
vt 0.379580 0.988660
vt 0.379050 0.980010
vt 0.391240 0.979090
vt 0.378650 0.971690
vt 0.391060 0.970690
vt 0.378130 0.963730
vt 0.390980 0.962460
vt 0.377560 0.956160
vt 0.390680 0.954730
vt 0.377080 0.948130
vt 0.390230 0.946700
vt 0.376700 0.938840
vt 0.364040 0.949390
vt 0.364100 0.939580
vt 0.364110 0.929450
vt 0.376270 0.928680
vt 0.363680 0.920420
vt 0.375510 0.919190
vt 0.362280 0.912090
vt 0.374370 0.910420
vt 0.360410 0.903790
vt 0.372930 0.901860
vt 0.358870 0.895460
vt 0.371390 0.893520
vt 0.357730 0.887550
vt 0.346430 0.897570
vt 0.345560 0.889100
vt 0.344840 0.881540
vt 0.356710 0.880080
vt 0.343900 0.874570
vt 0.355520 0.872940
vt 0.342120 0.867190
vt 0.353800 0.865160
vt 0.339340 0.858730
vt 0.351420 0.856500
vt 0.335990 0.849790
vt 0.348680 0.847410
vt 0.333030 0.839540
vt 0.345940 0.837500
vt 0.330250 0.828700
vt 0.343580 0.827150
vt 0.328240 0.818360
vt 0.342210 0.817480
vt 0.367820 0.991410
vt 0.354270 0.995430
vt 0.353710 0.986060
vt 0.366860 0.982320
vt 0.352950 0.977250
vt 0.366210 0.973890
vt 0.352550 0.968630
vt 0.365360 0.965980
vt 0.352010 0.959850
vt 0.364490 0.958020
vt 0.351960 0.950340
vt 0.340040 0.960600
vt 0.340370 0.950340
vt 0.340580 0.939910
vt 0.352190 0.939890
vt 0.340420 0.930820
vt 0.352380 0.930050
vt 0.339670 0.923470
vt 0.351960 0.921800
vt 0.338460 0.916780
vt 0.350380 0.914120
vt 0.336550 0.908880
vt 0.348000 0.906220
vt 0.335120 0.899640
vt 0.325560 0.910770
vt 0.324470 0.901270
vt 0.324010 0.891820
vt 0.334430 0.890340
vt 0.323400 0.884070
vt 0.333830 0.882460
vt 0.322280 0.878150
vt 0.332810 0.875980
vt 0.320540 0.872120
vt 0.330980 0.869250
vt 0.317620 0.864920
vt 0.327980 0.861190
vt 0.313250 0.857270
vt 0.323840 0.852650
vt 0.307340 0.847610
vt 0.319520 0.842380
vt 0.301340 0.837630
vt 0.315640 0.831540
vt 0.295480 0.828810
vt 0.312040 0.821800
vt 0.338130 0.998040
vt 0.320520 0.996400
vt 0.322820 0.987070
vt 0.338800 0.988340
vt 0.324960 0.978030
vt 0.339370 0.979110
vt 0.326750 0.968890
vt 0.339790 0.969910
vt 0.328410 0.959890
vt 0.314010 0.965320
vt 0.316700 0.957150
vt 0.317980 0.947950
vt 0.329230 0.949710
vt 0.317490 0.939180
vt 0.328980 0.939830
vt 0.316500 0.931740
vt 0.328210 0.931540
vt 0.315640 0.925220
vt 0.327340 0.924510
vt 0.315210 0.919340
vt 0.326560 0.918240
vt 0.315090 0.911980
vt 0.304480 0.919880
vt 0.304750 0.912550
vt 0.304830 0.904120
vt 0.314720 0.902760
vt 0.314160 0.893530
vt 0.313220 0.886390
vt 0.312250 0.880970
vt 0.300910 0.880580
vt 0.310490 0.875740
vt 0.298300 0.875600
vt 0.307850 0.869820
vt 0.294900 0.870090
vt 0.303800 0.863240
vt 0.297360 0.855010
vt 0.289590 0.846990
vt 0.281910 0.839710
vt 0.304220 0.992460
vt 0.290650 0.985930
vt 0.294680 0.976910
vt 0.307830 0.982840
vt 0.298020 0.967830
vt 0.310970 0.973910
vt 0.282570 0.971000
vt 0.286090 0.960700
vt 0.250360 0.883690
vt 0.258400 0.877090
vt 0.264910 0.886290
vt 0.257100 0.892800
vt 0.277890 0.948040
vt 0.270420 0.894440
vt 0.263460 0.901490
vt 0.275890 0.936240
vt 0.284860 0.937680
vt 0.276490 0.925880
vt 0.285220 0.931080
vt 0.294040 0.931410
vt 0.294840 0.937020
vt 0.304860 0.931560
vt 0.305940 0.938000
vt 0.304310 0.925800
vt 0.270350 0.909610
vt 0.275970 0.900380
vt 0.281190 0.904510
vt 0.285730 0.894270
vt 0.287320 0.905320
vt 0.281570 0.890810
vt 0.288990 0.882110
vt 0.291790 0.885810
vt 0.277420 0.885430
vt 0.285470 0.877210
vt 0.295070 0.905290
vt 0.279780 0.981380
vt 0.865770 0.281320
vt 0.863060 0.284960
vt 0.856170 0.282410
vt 0.863000 0.277650
vt 0.872690 0.281550
vt 0.869880 0.286570
vt 0.871220 0.275860
vt 0.905240 0.317980
vt 0.902680 0.320690
vt 0.899700 0.312980
vt 0.903770 0.312480
vt 0.908220 0.312700
vt 0.909030 0.322020
vt 0.905590 0.325820
vt 0.886590 0.319890
vt 0.881620 0.317620
vt 0.884350 0.311690
vt 0.890700 0.316990
vt 0.887360 0.324650
vt 0.880520 0.324030
vt 0.893540 0.323740
vt 0.847920 0.667520
vt 0.842790 0.666640
vt 0.844180 0.660050
vt 0.851040 0.663720
vt 0.756300 0.600020
vt 0.755530 0.593480
vt 0.763080 0.596340
vt 0.761350 0.602520
vt 0.855870 0.668510
vt 0.850880 0.672690
vt 0.744800 0.562730
vt 0.748710 0.568540
vt 0.742830 0.574170
vt 0.738920 0.566980
vt 0.746760 0.555820
vt 0.754010 0.558350
vt 0.738410 0.555500
vt 0.805380 0.621630
vt 0.799610 0.614830
vt 0.813790 0.613460
vt 0.815390 0.619440
vt 0.826190 0.635200
vt 0.826660 0.627240
vt 0.835870 0.629810
vt 0.830860 0.641150
vt 0.798720 0.625860
vt 0.792070 0.619970
vt 0.791900 0.589440
vt 0.784190 0.587910
vt 0.788800 0.579670
vt 0.797360 0.584780
vt 0.804760 0.591510
vt 0.793830 0.595420
vt 0.783270 0.595900
vt 0.861590 0.318940
vt 0.866500 0.321230
vt 0.863970 0.326530
vt 0.858090 0.322740
vt 0.854640 0.315640
vt 0.860530 0.314290
vt 0.867120 0.314330
vt 0.859880 0.306310
vt 0.867800 0.306780
vt 0.876330 0.308580
vt 0.874300 0.315950
vt 0.873290 0.322560
vt 0.879180 0.329950
vt 0.871290 0.328450
vt 0.876990 0.336350
vt 0.868180 0.334330
vt 0.860120 0.331600
vt 0.864770 0.341330
vt 0.855720 0.337340
vt 0.847650 0.330710
vt 0.852860 0.325850
vt 0.842010 0.321820
vt 0.848460 0.317690
vt 0.838850 0.311630
vt 0.846690 0.308360
vt 0.853280 0.306720
vt 0.847050 0.298200
vt 0.854690 0.297710
vt 0.862140 0.298140
vt 0.858510 0.290420
vt 0.866240 0.291820
vt 0.875190 0.293860
vt 0.871060 0.299460
vt 0.885030 0.297750
vt 0.880640 0.302280
vt 0.893800 0.304420
vt 0.889100 0.307370
vt 0.895270 0.314660
vt 0.898530 0.321940
vt 0.900980 0.327600
vt 0.894980 0.329260
vt 0.903050 0.333440
vt 0.895810 0.335600
vt 0.886460 0.337210
vt 0.887190 0.330730
vt 0.895540 0.343540
vt 0.885080 0.344660
vt 0.874580 0.343810
vt 0.882420 0.353480
vt 0.871600 0.351920
vt 0.861100 0.349120
vt 0.867900 0.360420
vt 0.857160 0.356850
vt 0.846660 0.351830
vt 0.851010 0.344130
vt 0.836820 0.344760
vt 0.841820 0.336840
vt 0.829090 0.335630
vt 0.835210 0.327620
vt 0.823180 0.325620
vt 0.830580 0.317170
vt 0.817940 0.314990
vt 0.827300 0.304930
vt 0.837180 0.299680
vt 0.824670 0.291830
vt 0.839950 0.288890
vt 0.850140 0.288890
vt 0.846620 0.278910
vt 0.834740 0.277060
vt 0.844350 0.267440
vt 0.855170 0.272740
vt 0.853140 0.261560
vt 0.864040 0.268520
vt 0.966060 0.359820
vt 0.964710 0.370100
vt 0.956060 0.367620
vt 0.957740 0.357990
vt 0.880470 0.269990
vt 0.882350 0.277860
vt 0.898880 0.279090
vt 0.894730 0.285500
vt 0.891740 0.290030
vt 0.880890 0.284210
vt 0.888860 0.293780
vt 0.878440 0.288970
vt 0.902710 0.300690
vt 0.898480 0.302370
vt 0.907000 0.298800
vt 0.914170 0.313820
vt 0.914460 0.295420
vt 0.921360 0.316970
vt 0.919010 0.336740
vt 0.913260 0.326300
vt 0.911730 0.339730
vt 0.908600 0.331250
vt 0.904470 0.341630
vt 0.909710 0.352150
vt 0.902130 0.352800
vt 0.893310 0.353440
vt 0.898180 0.364940
vt 0.889060 0.364340
vt 0.878740 0.363150
vt 0.884000 0.375290
vt 0.873850 0.372470
vt 0.863610 0.369170
vt 0.868280 0.381830
vt 0.858630 0.378070
vt 0.848820 0.374110
vt 0.853040 0.365150
vt 0.838190 0.369230
vt 0.842340 0.360260
vt 0.827350 0.362290
vt 0.831930 0.353300
vt 0.817920 0.353830
vt 0.823170 0.344380
vt 0.810560 0.345650
vt 0.816370 0.335290
vt 0.803590 0.338050
vt 0.810060 0.326380
vt 0.796300 0.331170
vt 0.803460 0.318650
vt 0.812410 0.305380
vt 0.795940 0.312670
vt 0.805010 0.299400
vt 0.815150 0.287420
vt 0.978810 0.384740
vt 0.975320 0.396520
vt 0.966630 0.394600
vt 0.970030 0.383130
vt 0.971820 0.371410
vt 0.980210 0.372440
vt 0.958020 0.392580
vt 0.961960 0.381090
vt 0.948550 0.389600
vt 0.952570 0.378320
vt 0.937710 0.387050
vt 0.941440 0.375020
vt 0.945270 0.364040
vt 0.930210 0.371650
vt 0.933610 0.360100
vt 0.937670 0.350330
vt 0.948350 0.354200
vt 0.920690 0.368520
vt 0.923660 0.355830
vt 0.927490 0.345410
vt 0.913050 0.366110
vt 0.916710 0.352050
vt 0.906270 0.365390
vt 0.909110 0.380580
vt 0.901410 0.378850
vt 0.893310 0.377390
vt 0.896110 0.391390
vt 0.887380 0.388770
vt 0.878130 0.385820
vt 0.881450 0.399570
vt 0.872050 0.395590
vt 0.862540 0.391730
vt 0.866380 0.405770
vt 0.856830 0.401750
vt 0.847870 0.397800
vt 0.853310 0.387740
vt 0.838730 0.393370
vt 0.843990 0.383560
vt 0.828190 0.387650
vt 0.833440 0.378380
vt 0.816860 0.380530
vt 0.822290 0.371360
vt 0.807260 0.373300
vt 0.812690 0.363410
vt 0.799370 0.367060
vt 0.805040 0.356060
vt 0.792080 0.361350
vt 0.797840 0.349550
vt 0.784450 0.356020
vt 0.790400 0.343410
vt 0.776560 0.351070
vt 0.782600 0.338000
vt 0.788690 0.325440
vt 0.971250 0.407140
vt 0.969170 0.417140
vt 0.960870 0.418200
vt 0.962730 0.406090
vt 0.952220 0.418720
vt 0.954430 0.404930
vt 0.942450 0.416990
vt 0.945130 0.402670
vt 0.931730 0.414700
vt 0.934650 0.400650
vt 0.920600 0.412020
vt 0.923830 0.398760
vt 0.926820 0.385040
vt 0.913790 0.396550
vt 0.917360 0.382660
vt 0.904730 0.394210
vt 0.909810 0.409240
vt 0.899940 0.405990
vt 0.890650 0.402990
vt 0.894910 0.416870
vt 0.885300 0.413320
vt 0.876100 0.409840
vt 0.880010 0.423500
vt 0.870960 0.419970
vt 0.861390 0.416170
vt 0.865760 0.430560
vt 0.856450 0.426790
vt 0.846710 0.422610
vt 0.851660 0.412170
vt 0.837530 0.418250
vt 0.842630 0.407980
vt 0.828380 0.413220
vt 0.833390 0.403200
vt 0.818040 0.406910
vt 0.822900 0.397010
vt 0.807050 0.400570
vt 0.811670 0.390190
vt 0.797270 0.395480
vt 0.801840 0.383940
vt 0.788870 0.391220
vt 0.793770 0.378680
vt 0.781350 0.387050
vt 0.786410 0.373930
vt 0.773900 0.382760
vt 0.778860 0.369450
vt 0.766250 0.378480
vt 0.771060 0.365140
vt 0.758360 0.374870
vt 0.762340 0.362290
vt 0.979460 0.432000
vt 0.973230 0.438280
vt 0.962560 0.430680
vt 0.970520 0.425150
vt 0.965400 0.445030
vt 0.953160 0.434210
vt 0.944620 0.448390
vt 0.934510 0.443750
vt 0.940720 0.431230
vt 0.922970 0.439590
vt 0.928490 0.427850
vt 0.911010 0.435330
vt 0.916570 0.424190
vt 0.899670 0.431140
vt 0.905240 0.420540
vt 0.889400 0.427170
vt 0.893350 0.441870
vt 0.883440 0.437740
vt 0.874550 0.434000
vt 0.877290 0.448770
vt 0.868580 0.444970
vt 0.860260 0.441380
vt 0.862200 0.456260
vt 0.854030 0.452360
vt 0.845480 0.448090
vt 0.851290 0.437470
vt 0.836140 0.443400
vt 0.841660 0.433090
vt 0.827070 0.438640
vt 0.832420 0.428500
vt 0.818090 0.433630
vt 0.823320 0.423380
vt 0.808340 0.428080
vt 0.813290 0.417410
vt 0.797860 0.422770
vt 0.802600 0.411680
vt 0.788060 0.418430
vt 0.792900 0.407200
vt 0.779260 0.414380
vt 0.784210 0.403190
vt 0.770940 0.410150
vt 0.776270 0.399070
vt 0.762920 0.405490
vt 0.768570 0.394660
vt 0.755370 0.400830
vt 0.760920 0.390250
vt 0.748220 0.396500
vt 0.753320 0.386020
vt 0.740660 0.392220
vt 0.744980 0.382100
vt 0.749450 0.371610
vt 0.936790 0.460270
vt 0.928580 0.471680
vt 0.919530 0.466850
vt 0.927090 0.455420
vt 0.752810 0.360090
vt 0.909120 0.462280
vt 0.916140 0.450830
vt 0.897810 0.457480
vt 0.904460 0.446280
vt 0.886900 0.452940
vt 0.891440 0.469040
vt 0.880410 0.464370
vt 0.870910 0.460220
vt 0.874340 0.475880
vt 0.864540 0.471560
vt 0.855630 0.467440
vt 0.858370 0.482540
vt 0.849220 0.477850
vt 0.840600 0.473050
vt 0.847370 0.463080
vt 0.831840 0.468020
vt 0.838840 0.458270
vt 0.823250 0.463130
vt 0.829950 0.453380
vt 0.815010 0.458630
vt 0.821250 0.448630
vt 0.806410 0.454110
vt 0.812470 0.443880
vt 0.796950 0.449270
vt 0.802890 0.438720
vt 0.786740 0.444300
vt 0.792580 0.433630
vt 0.777120 0.439930
vt 0.782830 0.429250
vt 0.768150 0.435830
vt 0.773940 0.425190
vt 0.759150 0.431230
vt 0.765290 0.420770
vt 0.750750 0.426240
vt 0.757100 0.415920
vt 0.743650 0.421470
vt 0.749750 0.411120
vt 0.737430 0.416870
vt 0.742920 0.406620
vt 0.731150 0.412240
vt 0.735830 0.402120
vt 0.913450 0.495460
vt 0.905990 0.507670
vt 0.898500 0.503140
vt 0.905480 0.490820
vt 0.912380 0.478610
vt 0.920880 0.483380
vt 0.896140 0.485920
vt 0.902480 0.473980
vt 0.885520 0.480860
vt 0.889800 0.498040
vt 0.879540 0.492580
vt 0.868550 0.487350
vt 0.873610 0.504330
vt 0.862920 0.498490
vt 0.852370 0.493160
vt 0.857240 0.509450
vt 0.846710 0.503070
vt 0.836490 0.496890
vt 0.842780 0.487780
vt 0.826990 0.491320
vt 0.833780 0.482470
vt 0.817980 0.486480
vt 0.824720 0.477340
vt 0.809670 0.482410
vt 0.816410 0.472750
vt 0.801640 0.478700
vt 0.808370 0.468600
vt 0.793010 0.474740
vt 0.799900 0.464420
vt 0.783600 0.470210
vt 0.790540 0.459790
vt 0.773690 0.465280
vt 0.780470 0.454930
vt 0.764740 0.460830
vt 0.771060 0.450510
vt 0.755860 0.456530
vt 0.761980 0.446360
vt 0.745460 0.451710
vt 0.752590 0.441620
vt 0.735980 0.446150
vt 0.743810 0.436420
vt 0.728380 0.440750
vt 0.736680 0.431450
vt 0.722250 0.435620
vt 0.730760 0.426590
vt 0.717070 0.430360
vt 0.725210 0.421470
vt 0.898640 0.520340
vt 0.891780 0.534870
vt 0.884580 0.528810
vt 0.891460 0.515720
vt 0.876510 0.522600
vt 0.883250 0.510250
vt 0.867350 0.516070
vt 0.868500 0.533750
vt 0.859940 0.526930
vt 0.850680 0.519640
vt 0.851880 0.536970
vt 0.843030 0.529210
vt 0.833650 0.521390
vt 0.840540 0.512380
vt 0.824000 0.514630
vt 0.830330 0.505610
vt 0.814720 0.509430
vt 0.820670 0.500130
vt 0.805860 0.505440
vt 0.811720 0.495680
vt 0.797440 0.502020
vt 0.803280 0.492100
vt 0.788690 0.498710
vt 0.794870 0.488750
vt 0.779060 0.494710
vt 0.785980 0.484930
vt 0.768860 0.489620
vt 0.776330 0.480300
vt 0.759250 0.484120
vt 0.766690 0.475330
vt 0.924320 0.600050
vt 0.914150 0.605830
vt 0.909050 0.597610
vt 0.919520 0.591490
vt 0.758060 0.471020
vt 0.903180 0.590350
vt 0.913110 0.583200
vt 0.749840 0.466880
vt 0.896330 0.582950
vt 0.906560 0.574900
vt 0.916920 0.568040
vt 0.922820 0.576550
vt 0.889690 0.575400
vt 0.899930 0.566580
vt 0.910300 0.559180
vt 0.884100 0.568400
vt 0.893990 0.559080
vt 0.904050 0.550990
vt 0.878880 0.561990
vt 0.888450 0.552380
vt 0.898090 0.543220
vt 0.873600 0.556230
vt 0.882750 0.546200
vt 0.867440 0.550310
vt 0.876120 0.540110
vt 0.860210 0.543830
vt 0.858840 0.559860
vt 0.851640 0.553500
vt 0.843730 0.546470
vt 0.843420 0.562720
vt 0.835540 0.555800
vt 0.826950 0.547710
vt 0.835050 0.538340
vt 0.818350 0.540660
vt 0.826150 0.530580
vt 0.810280 0.535080
vt 0.817370 0.524350
vt 0.802270 0.530270
vt 0.808780 0.519520
vt 0.794080 0.525880
vt 0.800150 0.515560
vt 0.785640 0.521810
vt 0.791660 0.512000
vt 0.776610 0.517900
vt 0.782630 0.508350
vt 0.766050 0.513480
vt 0.772400 0.504140
vt 0.754810 0.508760
vt 0.761580 0.498930
vt 0.744700 0.504340
vt 0.751690 0.493650
vt 0.905780 0.612200
vt 0.898370 0.620000
vt 0.891840 0.613340
vt 0.899960 0.604810
vt 0.885180 0.607710
vt 0.893550 0.598540
vt 0.877440 0.601420
vt 0.886420 0.592180
vt 0.869620 0.593870
vt 0.879460 0.584980
vt 0.863870 0.586450
vt 0.874130 0.577840
vt 0.859580 0.579890
vt 0.869390 0.571360
vt 0.855280 0.574500
vt 0.864550 0.565570
vt 0.850270 0.569090
vt 0.845830 0.583520
vt 0.841500 0.578290
vt 0.835490 0.572060
vt 0.832550 0.587600
vt 0.827460 0.581280
vt 0.820450 0.574850
vt 0.827940 0.565250
vt 0.811760 0.567740
vt 0.819310 0.557760
vt 0.803170 0.561440
vt 0.810710 0.551250
vt 0.795150 0.556180
vt 0.802710 0.545720
vt 0.787680 0.551330
vt 0.795030 0.540840
vt 0.780410 0.546690
vt 0.787350 0.536120
vt 0.773040 0.542030
vt 0.779280 0.531720
vt 0.765150 0.537420
vt 0.770650 0.527490
vt 0.755430 0.533460
vt 0.760340 0.523220
vt 0.744050 0.531130
vt 0.748880 0.519600
vt 0.733930 0.529740
vt 0.738830 0.516730
vt 0.890630 0.627900
vt 0.883300 0.635660
vt 0.876200 0.629920
vt 0.883790 0.621840
vt 0.869460 0.624470
vt 0.877190 0.616320
vt 0.860790 0.617790
vt 0.868910 0.609930
vt 0.851040 0.610440
vt 0.860330 0.602300
vt 0.843650 0.603670
vt 0.854060 0.594890
vt 0.839590 0.598060
vt 0.849670 0.588690
vt 0.836270 0.593070
vt 0.828610 0.607600
vt 0.825900 0.602130
vt 0.822910 0.596740
vt 0.812740 0.608930
vt 0.810940 0.603950
vt 0.808640 0.598110
vt 0.819140 0.590650
vt 0.813110 0.583950
vt 0.804480 0.577010
vt 0.795810 0.571070
vt 0.780400 0.576090
vt 0.787490 0.566260
vt 0.772680 0.572110
vt 0.780090 0.561990
vt 0.765810 0.567440
vt 0.773120 0.557390
vt 0.759860 0.562630
vt 0.766590 0.552340
vt 0.759710 0.547540
vt 0.750910 0.544160
vt 0.740450 0.543160
vt 0.730030 0.556690
vt 0.731080 0.543330
vt 0.876140 0.642810
vt 0.869830 0.650510
vt 0.862960 0.645310
vt 0.869040 0.637660
vt 0.855530 0.639530
vt 0.862110 0.632060
vt 0.846160 0.633900
vt 0.853050 0.625500
vt 0.842300 0.619240
vt 0.832350 0.614010
vt 0.849670 0.646490
vt 0.840500 0.642560
vt 0.845950 0.653190
vt 0.837090 0.651060
vt 0.827170 0.650720
vt 0.835770 0.657560
vt 0.825600 0.656570
vt 0.834820 0.663850
vt 0.825080 0.662550
vt 0.787960 0.615260
vt 0.784500 0.609540
vt 0.796890 0.607070
vt 0.798360 0.611210
vt 0.783730 0.603040
vt 0.795710 0.601690
vt 0.770780 0.607280
vt 0.772230 0.600660
vt 0.773170 0.593780
vt 0.764040 0.589600
vt 0.766750 0.581760
vt 0.775050 0.585400
vt 0.754560 0.585410
vt 0.759610 0.577590
vt 0.748150 0.579230
vt 0.753820 0.572600
vt 0.747560 0.587650
vt 0.742010 0.582030
vt 0.736250 0.576530
vt 0.859910 0.663420
vt 0.853580 0.657610
vt 0.857630 0.651960
vt 0.864260 0.657510
vt 0.731900 0.568180
vt 0.043850 0.546060
vt 0.043210 0.552360
vt 0.034380 0.551400
vt 0.037060 0.543400
vt 0.049950 0.542700
vt 0.052430 0.549390
vt 0.044210 0.536650
vt 0.352570 0.682290
vt 0.358020 0.679900
vt 0.360340 0.688770
vt 0.351740 0.689400
vt 0.344080 0.685640
vt 0.346950 0.678780
vt 0.351420 0.671790
vt 0.334180 0.714580
vt 0.327160 0.713560
vt 0.328660 0.706760
vt 0.339280 0.710980
vt 0.337630 0.720130
vt 0.326060 0.718870
vt 0.346030 0.717870
vt 0.356230 0.796870
vt 0.353900 0.789400
vt 0.362120 0.782740
vt 0.366500 0.791700
vt 0.346920 0.805090
vt 0.342240 0.797010
vt 0.357090 0.645580
vt 0.355660 0.654700
vt 0.345510 0.647430
vt 0.350550 0.638810
vt 0.043410 0.664790
vt 0.043190 0.657090
vt 0.050660 0.657890
vt 0.049080 0.666320
vt 0.044130 0.675520
vt 0.038820 0.668710
vt 0.035620 0.661350
vt 0.040340 0.595730
vt 0.037810 0.602430
vt 0.030130 0.594710
vt 0.036790 0.587670
vt 0.047540 0.594980
vt 0.047810 0.604760
vt 0.046710 0.586050
vt 0.031500 0.638270
vt 0.024510 0.637410
vt 0.035480 0.623280
vt 0.038460 0.633730
vt 0.040960 0.642410
vt 0.032490 0.645530
vt 0.024190 0.648290
vt 0.330250 0.743850
vt 0.335590 0.749310
vt 0.326310 0.756110
vt 0.322220 0.744830
vt 0.322000 0.735260
vt 0.332720 0.736230
vt 0.342570 0.741020
vt 0.335680 0.729960
vt 0.347210 0.733660
vt 0.356720 0.743690
vt 0.350100 0.750110
vt 0.342240 0.757860
vt 0.354740 0.761430
vt 0.346030 0.769200
vt 0.335170 0.775950
vt 0.331490 0.765950
vt 0.321650 0.781060
vt 0.318410 0.770740
vt 0.315160 0.759920
vt 0.312270 0.747980
vt 0.304830 0.773920
vt 0.302700 0.762720
vt 0.301130 0.750840
vt 0.299680 0.739330
vt 0.310700 0.736930
vt 0.289550 0.764550
vt 0.288860 0.752740
vt 0.288470 0.740720
vt 0.288460 0.730260
vt 0.299730 0.729810
vt 0.276380 0.753570
vt 0.277090 0.741080
vt 0.277200 0.730210
vt 0.278010 0.720460
vt 0.289180 0.721430
vt 0.265520 0.740730
vt 0.266030 0.729630
vt 0.266800 0.719280
vt 0.268110 0.710480
vt 0.279210 0.712400
vt 0.254460 0.728550
vt 0.255460 0.718260
vt 0.256630 0.708950
vt 0.258410 0.700230
vt 0.270130 0.702010
vt 0.243570 0.717300
vt 0.244860 0.707810
vt 0.246230 0.698860
vt 0.248010 0.689580
vt 0.260480 0.691050
vt 0.232560 0.706640
vt 0.234050 0.697560
vt 0.235590 0.688070
vt 0.237380 0.677480
vt 0.249870 0.679130
vt 0.221610 0.696090
vt 0.223310 0.686550
vt 0.225130 0.675790
vt 0.226880 0.663980
vt 0.239240 0.665800
vt 0.210890 0.684980
vt 0.212780 0.674150
vt 0.214550 0.662330
vt 0.215780 0.651340
vt 0.228420 0.652920
vt 0.200600 0.672320
vt 0.202340 0.660780
vt 0.203330 0.649910
vt 0.204040 0.639620
vt 0.216730 0.641160
vt 0.190350 0.658960
vt 0.191260 0.648430
vt 0.191670 0.638190
vt 0.192040 0.627180
vt 0.204680 0.628850
vt 0.179120 0.646970
vt 0.179420 0.636990
vt 0.179650 0.625940
vt 0.180530 0.613590
vt 0.192990 0.615440
vt 0.167020 0.636000
vt 0.167360 0.624950
vt 0.168410 0.612000
vt 0.170340 0.598980
vt 0.182420 0.601210
vt 0.155370 0.623900
vt 0.156660 0.610440
vt 0.158310 0.597020
vt 0.159530 0.584830
vt 0.172100 0.586820
vt 0.145080 0.608810
vt 0.146120 0.595540
vt 0.146730 0.583580
vt 0.146930 0.572160
vt 0.160440 0.572580
vt 0.133530 0.594210
vt 0.133440 0.582770
vt 0.133270 0.571600
vt 0.132630 0.560330
vt 0.146360 0.560370
vt 0.120110 0.581990
vt 0.119610 0.570830
vt 0.119080 0.559170
vt 0.118170 0.548130
vt 0.131620 0.549620
vt 0.106510 0.570090
vt 0.105840 0.558170
vt 0.104530 0.546770
vt 0.102580 0.536150
vt 0.117070 0.537970
vt 0.092740 0.558650
vt 0.090800 0.547870
vt 0.088540 0.538220
vt 0.085450 0.529550
vt 0.100260 0.525210
vt 0.077530 0.550400
vt 0.074850 0.541710
vt 0.071650 0.534090
vt 0.067010 0.525920
vt 0.080430 0.520650
vt 0.062820 0.545430
vt 0.059760 0.538470
vt 0.054690 0.530860
vt 0.047530 0.521870
vt 0.060960 0.515900
vt 0.035930 0.529290
vt 0.027700 0.706490
vt 0.036690 0.696940
vt 0.047860 0.704320
vt 0.039880 0.714740
vt 0.028800 0.538470
vt 0.019180 0.697730
vt 0.028550 0.690610
vt 0.037110 0.682620
vt 0.045480 0.688880
vt 0.013300 0.688690
vt 0.023400 0.683130
vt 0.031450 0.675770
vt 0.019310 0.673880
vt 0.027840 0.667570
vt 0.016780 0.663030
vt 0.025540 0.658250
vt 0.033630 0.653640
vt 0.042340 0.650360
vt 0.050160 0.641350
vt 0.051040 0.650020
vt 0.060180 0.641510
vt 0.060190 0.650790
vt 0.059080 0.660260
vt 0.070340 0.652170
vt 0.068680 0.662630
vt 0.066090 0.673650
vt 0.056630 0.670280
vt 0.062180 0.684720
vt 0.052240 0.680650
vt 0.056340 0.695080
vt 0.072620 0.688330
vt 0.067520 0.699660
vt 0.060360 0.711240
vt 0.078930 0.703430
vt 0.073620 0.715790
vt 0.069160 0.727610
vt 0.053870 0.721980
vt 0.087790 0.717920
vt 0.085800 0.729810
vt 0.074500 0.511060
vt 0.086020 0.503860
vt 0.093680 0.513600
vt 0.086340 0.740580
vt 0.100560 0.729610
vt 0.100170 0.740650
vt 0.099130 0.750960
vt 0.085760 0.750780
vt 0.113220 0.741440
vt 0.111670 0.751750
vt 0.116850 0.527790
vt 0.129920 0.530100
vt 0.130440 0.539920
vt 0.140750 0.530710
vt 0.142660 0.539920
vt 0.144780 0.549500
vt 0.154270 0.536900
vt 0.156830 0.546960
vt 0.160450 0.559590
vt 0.140290 0.788200
vt 0.139190 0.778040
vt 0.151570 0.776560
vt 0.152300 0.786720
vt 0.175630 0.562910
vt 0.173540 0.574530
vt 0.189170 0.565800
vt 0.186540 0.577400
vt 0.184390 0.589240
vt 0.199040 0.580770
vt 0.196680 0.592310
vt 0.194660 0.603670
vt 0.209050 0.595570
vt 0.207280 0.606430
vt 0.205720 0.617600
vt 0.220290 0.609180
vt 0.218860 0.620000
vt 0.217720 0.630760
vt 0.232540 0.622200
vt 0.231150 0.632680
vt 0.229790 0.642760
vt 0.244630 0.634790
vt 0.242780 0.644670
vt 0.241030 0.654710
vt 0.255480 0.647070
vt 0.253480 0.657050
vt 0.251590 0.667880
vt 0.265880 0.659580
vt 0.264420 0.670190
vt 0.262650 0.680900
vt 0.277350 0.672190
vt 0.275820 0.683200
vt 0.272650 0.693000
vt 0.287840 0.685610
vt 0.284160 0.695860
vt 0.281310 0.704450
vt 0.295300 0.698740
vt 0.292360 0.707210
vt 0.290350 0.714390
vt 0.303580 0.709620
vt 0.301860 0.715960
vt 0.300580 0.721990
vt 0.313730 0.717260
vt 0.312470 0.722530
vt 0.311300 0.729080
vt 0.324880 0.723220
vt 0.323510 0.728380
vt 0.337820 0.725000
vt 0.350020 0.725820
vt 0.348970 0.707730
vt 0.355670 0.711050
vt 0.362280 0.738870
vt 0.350760 0.697670
vt 0.358760 0.699140
vt 0.369740 0.751030
vt 0.362860 0.755630
vt 0.373870 0.762710
vt 0.365600 0.767300
vt 0.357920 0.772750
vt 0.369360 0.777000
vt 0.349690 0.780090
vt 0.338460 0.787070
vt 0.327650 0.802220
vt 0.324690 0.791650
vt 0.312820 0.806610
vt 0.309780 0.795540
vt 0.307190 0.784870
vt 0.294940 0.797880
vt 0.292780 0.786800
vt 0.291020 0.775740
vt 0.278290 0.788000
vt 0.276980 0.776950
vt 0.276140 0.765870
vt 0.262740 0.777250
vt 0.262990 0.765390
vt 0.264160 0.752930
vt 0.250690 0.763740
vt 0.252170 0.751130
vt 0.253390 0.739490
vt 0.240120 0.749670
vt 0.241240 0.738200
vt 0.242220 0.727400
vt 0.228770 0.737130
vt 0.229830 0.726250
vt 0.231090 0.716180
vt 0.217150 0.725270
vt 0.218490 0.714980
vt 0.220070 0.705290
vt 0.205800 0.713980
vt 0.207370 0.704030
vt 0.209100 0.694670
vt 0.194500 0.703160
vt 0.196360 0.693410
vt 0.198380 0.683430
vt 0.183950 0.691920
vt 0.186300 0.681440
vt 0.188670 0.670100
vt 0.174450 0.679010
vt 0.176890 0.667730
vt 0.178420 0.657090
vt 0.164640 0.665330
vt 0.165990 0.655300
vt 0.166780 0.645710
vt 0.152900 0.653610
vt 0.153860 0.644500
vt 0.154620 0.634990
vt 0.140970 0.642850
vt 0.142330 0.633350
vt 0.143880 0.622130
vt 0.130440 0.631260
vt 0.132200 0.620000
vt 0.133280 0.606920
vt 0.120510 0.617910
vt 0.121060 0.605450
vt 0.120730 0.593170
vt 0.108670 0.604670
vt 0.107830 0.592770
vt 0.107150 0.581490
vt 0.095320 0.593000
vt 0.094520 0.581690
vt 0.094000 0.570210
vt 0.082350 0.582520
vt 0.081460 0.571450
vt 0.079950 0.560600
vt 0.069200 0.573320
vt 0.067390 0.563120
vt 0.065220 0.553520
vt 0.055660 0.565810
vt 0.053900 0.557050
vt 0.044510 0.568290
vt 0.043320 0.559950
vt 0.033820 0.569490
vt 0.033450 0.559970
vt 0.022910 0.558710
vt 0.024170 0.548120
vt 0.023100 0.571150
vt 0.006910 0.666770
vt 0.009320 0.678590
vt 0.035140 0.579030
vt 0.025900 0.583070
vt 0.006440 0.655790
vt 0.015610 0.652060
vt 0.006380 0.646060
vt 0.015020 0.641910
vt 0.027700 0.605890
vt 0.037150 0.612840
vt 0.026250 0.614900
vt 0.048180 0.614540
vt 0.047210 0.623840
vt 0.060030 0.615080
vt 0.059520 0.624210
vt 0.059730 0.632710
vt 0.048770 0.632570
vt 0.071730 0.624890
vt 0.071360 0.633550
vt 0.071210 0.642380
vt 0.083150 0.634470
vt 0.082330 0.643490
vt 0.081170 0.653710
vt 0.093390 0.644880
vt 0.091770 0.655290
vt 0.089650 0.666800
vt 0.079120 0.664870
vt 0.086910 0.679020
vt 0.076410 0.676570
vt 0.083430 0.691450
vt 0.097690 0.680880
vt 0.094630 0.693300
vt 0.091110 0.705810
vt 0.106830 0.694140
vt 0.104200 0.706270
vt 0.102020 0.718230
vt 0.117590 0.706480
vt 0.115750 0.718350
vt 0.114340 0.730150
vt 0.128660 0.719350
vt 0.127010 0.731540
vt 0.125680 0.743340
vt 0.139440 0.733640
vt 0.138110 0.745910
vt 0.137000 0.757300
vt 0.123810 0.753780
vt 0.151190 0.747180
vt 0.150670 0.757810
vt 0.150790 0.767260
vt 0.138310 0.768190
vt 0.151540 0.527790
vt 0.164490 0.758410
vt 0.164500 0.767770
vt 0.164400 0.776690
vt 0.177970 0.768700
vt 0.177560 0.777920
vt 0.176780 0.788030
vt 0.164340 0.786850
vt 0.190360 0.779430
vt 0.189190 0.789840
vt 0.202030 0.569520
vt 0.214390 0.573990
vt 0.211320 0.584840
vt 0.226300 0.578690
vt 0.223590 0.589020
vt 0.221740 0.598910
vt 0.236200 0.592570
vt 0.235030 0.601940
vt 0.233930 0.611700
vt 0.249050 0.604080
vt 0.248240 0.613850
vt 0.246640 0.624350
vt 0.262640 0.615540
vt 0.260350 0.626720
vt 0.257730 0.637290
vt 0.273300 0.629600
vt 0.270200 0.640300
vt 0.267680 0.649760
vt 0.282220 0.643350
vt 0.279870 0.652510
vt 0.278380 0.661700
vt 0.292340 0.655270
vt 0.290980 0.663770
vt 0.289710 0.673890
vt 0.303200 0.666630
vt 0.301500 0.676280
vt 0.298930 0.688230
vt 0.312470 0.679700
vt 0.309450 0.691220
vt 0.306180 0.701510
vt 0.319850 0.694460
vt 0.317290 0.704150
vt 0.315130 0.711730
vt 0.330570 0.698350
vt 0.332680 0.688620
vt 0.342240 0.693890
vt 0.340860 0.702950
vt 0.322820 0.683770
vt 0.325740 0.675000
vt 0.335420 0.680130
vt 0.314870 0.670410
vt 0.316930 0.662890
vt 0.328250 0.667840
vt 0.304840 0.658590
vt 0.306750 0.650160
vt 0.318840 0.654790
vt 0.294340 0.646430
vt 0.297380 0.636250
vt 0.309340 0.640370
vt 0.285450 0.632630
vt 0.289220 0.620590
vt 0.301330 0.624110
vt 0.276460 0.617700
vt 0.278660 0.606390
vt 0.292560 0.608080
vt 0.263640 0.604860
vt 0.244670 0.824100
vt 0.241850 0.814040
vt 0.255050 0.811910
vt 0.257670 0.822570
vt 0.249110 0.594940
vt 0.262040 0.594750
vt 0.249540 0.585270
vt 0.261320 0.585140
vt 0.237920 0.582840
vt 0.212990 0.794490
vt 0.214510 0.783580
vt 0.226120 0.786480
vt 0.224990 0.797710
vt 0.201220 0.792020
vt 0.202650 0.781260
vt 0.203500 0.770780
vt 0.215520 0.772200
vt 0.191100 0.769690
vt 0.191190 0.759520
vt 0.203750 0.759900
vt 0.178130 0.759000
vt 0.178080 0.748170
vt 0.191000 0.748240
vt 0.164710 0.747880
vt 0.165150 0.735960
vt 0.178240 0.736110
vt 0.152000 0.735190
vt 0.153260 0.722790
vt 0.166010 0.723820
vt 0.140890 0.721180
vt 0.142740 0.708670
vt 0.154790 0.710600
vt 0.130520 0.707250
vt 0.132640 0.695060
vt 0.144980 0.696410
vt 0.119700 0.694550
vt 0.121730 0.682620
vt 0.134540 0.683090
vt 0.109290 0.682050
vt 0.111490 0.669870
vt 0.123490 0.670780
vt 0.100370 0.668560
vt 0.102450 0.656880
vt 0.113500 0.658460
vt 0.115340 0.648310
vt 0.127120 0.650090
vt 0.125360 0.659920
vt 0.104360 0.646540
vt 0.105980 0.637150
vt 0.117120 0.638910
vt 0.094870 0.635710
vt 0.095900 0.626520
vt 0.107560 0.627590
vt 0.084030 0.625640
vt 0.084410 0.615640
vt 0.096630 0.615960
vt 0.072230 0.615390
vt 0.071830 0.604980
vt 0.084100 0.604750
vt 0.059600 0.605210
vt 0.059090 0.595110
vt 0.071190 0.594390
vt 0.070270 0.583860
vt 0.083240 0.593590
vt 0.058290 0.585340
vt 0.057340 0.575440
vt 0.045570 0.577270
vt 0.096450 0.604500
vt 0.108780 0.616600
vt 0.118940 0.629180
vt 0.128730 0.640850
vt 0.139550 0.651920
vt 0.151620 0.663240
vt 0.138100 0.661500
vt 0.149750 0.673600
vt 0.136370 0.671750
vt 0.147480 0.684710
vt 0.162590 0.676140
vt 0.159860 0.687400
vt 0.157050 0.698900
vt 0.171840 0.690030
vt 0.169240 0.700870
vt 0.167090 0.712150
vt 0.181650 0.702360
vt 0.179950 0.712850
vt 0.178950 0.724130
vt 0.193020 0.713300
vt 0.191800 0.724220
vt 0.191170 0.736080
vt 0.204570 0.724620
vt 0.203690 0.736110
vt 0.203620 0.748240
vt 0.216290 0.736450
vt 0.215770 0.748180
vt 0.215910 0.760410
vt 0.227990 0.748630
vt 0.227460 0.760900
vt 0.226950 0.773890
vt 0.238870 0.762280
vt 0.238060 0.775590
vt 0.237990 0.789180
vt 0.249680 0.776670
vt 0.250590 0.789430
vt 0.252030 0.801250
vt 0.238770 0.801780
vt 0.263730 0.788980
vt 0.266110 0.800060
vt 0.268790 0.811160
vt 0.280360 0.799230
vt 0.282990 0.810550
vt 0.285460 0.822900
vt 0.271130 0.822800
vt 0.297770 0.809590
vt 0.300450 0.821210
vt 0.305700 0.611050
vt 0.318310 0.615500
vt 0.313030 0.628270
vt 0.330350 0.621220
vt 0.324320 0.633390
vt 0.321070 0.645180
vt 0.335130 0.639860
vt 0.332440 0.650970
vt 0.330380 0.660200
vt 0.343480 0.657370
vt 0.341550 0.666050
vt 0.338750 0.673020
vt 0.353860 0.662960
vt 0.374110 0.786040
vt 0.376970 0.772110
vt 0.380930 0.780470
vt 0.341020 0.628620
vt 0.331230 0.812940
vt 0.315920 0.817930
vt 0.787660 0.030830
vt 0.782590 0.034610
vt 0.779630 0.026680
vt 0.786990 0.024870
vt 0.560820 0.034130
vt 0.559470 0.041060
vt 0.552330 0.039000
vt 0.554730 0.032040
vt 0.567720 0.031550
vt 0.567820 0.040060
vt 0.755670 0.032500
vt 0.763330 0.029100
vt 0.765820 0.037120
vt 0.756190 0.038410
vt 0.746130 0.037260
vt 0.749180 0.029360
vt 0.754460 0.022050
vt 0.656650 0.376240
vt 0.658840 0.369580
vt 0.665980 0.372330
vt 0.662960 0.380350
vt 0.648470 0.376080
vt 0.649670 0.369570
vt 0.647720 0.382010
vt 0.688710 0.363530
vt 0.690580 0.370880
vt 0.680500 0.375210
vt 0.679920 0.365480
vt 0.628060 0.354790
vt 0.625990 0.348050
vt 0.633840 0.348450
vt 0.633110 0.358080
vt 0.629870 0.365130
vt 0.623260 0.357900
vt 0.620320 0.348660
vt 0.615870 0.031190
vt 0.607850 0.030770
vt 0.611410 0.022050
vt 0.620500 0.025330
vt 0.627700 0.032590
vt 0.618420 0.037360
vt 0.608930 0.040180
vt 0.595760 0.366790
vt 0.589470 0.360230
vt 0.598470 0.353530
vt 0.602770 0.364100
vt 0.594820 0.375530
vt 0.582610 0.370770
vt 0.606200 0.375640
vt 0.708290 0.029250
vt 0.707230 0.023000
vt 0.716920 0.021940
vt 0.715190 0.030160
vt 0.703160 0.035370
vt 0.698120 0.029180
vt 0.710220 0.038780
vt 0.720640 0.039240
vt 0.718430 0.048420
vt 0.707030 0.048200
vt 0.697000 0.044790
vt 0.724340 0.031500
vt 0.735610 0.034150
vt 0.732510 0.041190
vt 0.727420 0.023640
vt 0.738730 0.026370
vt 0.730790 0.014490
vt 0.743130 0.017800
vt 0.595470 0.001950
vt 0.608740 0.002160
vt 0.605130 0.011640
vt 0.593140 0.011830
vt 0.581410 0.012940
vt 0.583670 0.004260
vt 0.590130 0.021490
vt 0.578890 0.022110
vt 0.568890 0.021850
vt 0.571360 0.012880
vt 0.573880 0.004970
vt 0.771700 0.027850
vt 0.774530 0.035760
vt 0.784940 0.042330
vt 0.776510 0.042980
vt 0.767000 0.044020
vt 0.777880 0.052190
vt 0.767500 0.052820
vt 0.755690 0.053790
vt 0.755910 0.045670
vt 0.742790 0.052730
vt 0.744190 0.044860
vt 0.730320 0.049460
vt 0.741500 0.061870
vt 0.729510 0.059900
vt 0.717750 0.059350
vt 0.728030 0.071690
vt 0.716830 0.070880
vt 0.703980 0.069960
vt 0.704740 0.058880
vt 0.691270 0.067540
vt 0.693010 0.055700
vt 0.679750 0.063690
vt 0.683320 0.050750
vt 0.689700 0.038720
vt 0.674940 0.044490
vt 0.683470 0.031200
vt 0.693520 0.020700
vt 0.644440 0.018610
vt 0.653770 0.030410
vt 0.644150 0.036540
vt 0.636620 0.026060
vt 0.627500 0.018210
vt 0.633210 0.010300
vt 0.705820 0.014390
vt 0.616650 0.013500
vt 0.621300 0.004790
vt 0.718430 0.012800
vt 0.601030 0.020870
vt 0.598710 0.030770
vt 0.588250 0.030630
vt 0.599120 0.040490
vt 0.588340 0.039760
vt 0.577210 0.039630
vt 0.577160 0.030720
vt 0.589410 0.049940
vt 0.577530 0.049600
vt 0.566860 0.049710
vt 0.577620 0.060760
vt 0.566380 0.060850
vt 0.556900 0.060320
vt 0.558090 0.049630
vt 0.547690 0.059180
vt 0.549920 0.048060
vt 0.786900 0.051880
vt 0.787620 0.063530
vt 0.778000 0.063320
vt 0.787210 0.076830
vt 0.776470 0.075830
vt 0.764700 0.074960
vt 0.766770 0.062890
vt 0.752270 0.074350
vt 0.754390 0.063100
vt 0.739830 0.072970
vt 0.749730 0.086710
vt 0.737680 0.085000
vt 0.726320 0.083870
vt 0.735390 0.097290
vt 0.724780 0.096190
vt 0.714370 0.095440
vt 0.715480 0.082940
vt 0.702900 0.094460
vt 0.703480 0.081840
vt 0.690460 0.092780
vt 0.690740 0.079960
vt 0.679130 0.090590
vt 0.679400 0.077210
vt 0.668560 0.088870
vt 0.668670 0.075130
vt 0.668240 0.059860
vt 0.656820 0.075510
vt 0.655170 0.062200
vt 0.650740 0.048870
vt 0.661470 0.044620
vt 0.642000 0.065420
vt 0.638470 0.053460
vt 0.633840 0.042190
vt 0.626410 0.057180
vt 0.622750 0.046420
vt 0.615090 0.059850
vt 0.612010 0.049580
vt 0.603050 0.061550
vt 0.601060 0.050840
vt 0.590080 0.061160
vt 0.604300 0.072360
vt 0.590910 0.072210
vt 0.578200 0.072390
vt 0.591600 0.083760
vt 0.579410 0.084410
vt 0.567580 0.085030
vt 0.566560 0.072770
vt 0.556620 0.085400
vt 0.556280 0.072490
vt 0.546130 0.085280
vt 0.546560 0.071900
vt 0.557940 0.098360
vt 0.546970 0.099000
vt 0.785460 0.090800
vt 0.782330 0.104960
vt 0.771330 0.102910
vt 0.774230 0.089230
vt 0.759370 0.101050
vt 0.762270 0.088090
vt 0.746960 0.099050
vt 0.755630 0.113570
vt 0.743740 0.111360
vt 0.733000 0.109880
vt 0.740730 0.124010
vt 0.730840 0.122830
vt 0.721520 0.121950
vt 0.723050 0.108850
vt 0.711760 0.121340
vt 0.713090 0.108260
vt 0.700520 0.120300
vt 0.701990 0.107380
vt 0.688410 0.118520
vt 0.689840 0.105730
vt 0.677260 0.116480
vt 0.678510 0.103590
vt 0.667170 0.115120
vt 0.668060 0.101970
vt 0.656780 0.114640
vt 0.657080 0.101500
vt 0.657270 0.088630
vt 0.644890 0.102180
vt 0.644460 0.089930
vt 0.643880 0.077690
vt 0.631520 0.091840
vt 0.630680 0.080230
vt 0.629250 0.068790
vt 0.617800 0.082320
vt 0.616830 0.071060
vt 0.604740 0.083470
vt 0.618680 0.093580
vt 0.605670 0.094670
vt 0.592910 0.095710
vt 0.607210 0.106330
vt 0.594920 0.107600
vt 0.583010 0.108950
vt 0.580800 0.096740
vt 0.571460 0.110240
vt 0.569170 0.097640
vt 0.559910 0.111160
vt 0.573570 0.122240
vt 0.561900 0.123160
vt 0.550880 0.124170
vt 0.548700 0.112100
vt 0.778690 0.118400
vt 0.774540 0.130560
vt 0.763630 0.128220
vt 0.767530 0.115930
vt 0.751970 0.125930
vt 0.760890 0.140050
vt 0.749370 0.138390
vt 0.738540 0.137000
vt 0.748320 0.150950
vt 0.737580 0.150040
vt 0.728310 0.149140
vt 0.729200 0.136030
vt 0.719180 0.148100
vt 0.720100 0.135160
vt 0.709090 0.146860
vt 0.710270 0.134270
vt 0.697210 0.145260
vt 0.698740 0.132930
vt 0.685310 0.144100
vt 0.686740 0.131210
vt 0.675000 0.143340
vt 0.676080 0.129710
vt 0.665780 0.142890
vt 0.666460 0.128750
vt 0.656170 0.142670
vt 0.656470 0.128300
vt 0.645620 0.142550
vt 0.645550 0.128390
vt 0.645260 0.114900
vt 0.634110 0.129020
vt 0.633210 0.116040
vt 0.632410 0.103560
vt 0.621300 0.117250
vt 0.619850 0.105050
vt 0.609240 0.118470
vt 0.622560 0.130000
vt 0.610730 0.130930
vt 0.598880 0.131990
vt 0.597140 0.119820
vt 0.586870 0.132990
vt 0.585280 0.121070
vt 0.575000 0.133900
vt 0.587480 0.144730
vt 0.575410 0.145470
vt 0.563590 0.145950
vt 0.563280 0.134610
vt 0.552730 0.146000
vt 0.552150 0.135190
vt 0.771600 0.141760
vt 0.770200 0.152660
vt 0.759590 0.151850
vt 0.769930 0.163960
vt 0.759620 0.164020
vt 0.748620 0.163580
vt 0.760610 0.176720
vt 0.749490 0.176130
vt 0.737930 0.175410
vt 0.737510 0.162860
vt 0.727860 0.174490
vt 0.727940 0.161970
vt 0.718260 0.173210
vt 0.718610 0.160790
vt 0.708180 0.171680
vt 0.708430 0.159270
vt 0.696590 0.170230
vt 0.696530 0.157630
vt 0.685100 0.170140
vt 0.684920 0.157110
vt 0.674720 0.170570
vt 0.674720 0.157210
vt 0.664900 0.170840
vt 0.665380 0.157290
vt 0.654530 0.170630
vt 0.655580 0.157070
vt 0.643540 0.169930
vt 0.644910 0.156600
vt 0.632320 0.169030
vt 0.633790 0.156100
vt 0.634500 0.142510
vt 0.622590 0.155600
vt 0.623120 0.142870
vt 0.611140 0.155610
vt 0.611410 0.143340
vt 0.599430 0.156010
vt 0.599530 0.144000
vt 0.587350 0.156700
vt 0.599240 0.168230
vt 0.587340 0.168960
vt 0.575130 0.169700
vt 0.575190 0.157410
vt 0.562980 0.170300
vt 0.563270 0.157840
vt 0.551480 0.170690
vt 0.552330 0.157650
vt 0.564120 0.183240
vt 0.553340 0.184250
vt 0.543550 0.185600
vt 0.540810 0.173320
vt 0.770950 0.176120
vt 0.554710 0.197560
vt 0.544620 0.198560
vt 0.760010 0.189980
vt 0.758760 0.203270
vt 0.748250 0.201640
vt 0.749370 0.188860
vt 0.736990 0.200110
vt 0.737810 0.187780
vt 0.726830 0.198890
vt 0.727550 0.186750
vt 0.717240 0.197740
vt 0.717870 0.185510
vt 0.707450 0.196600
vt 0.707930 0.184140
vt 0.696750 0.195650
vt 0.696800 0.182980
vt 0.685500 0.195480
vt 0.685360 0.182940
vt 0.674540 0.195770
vt 0.674680 0.183390
vt 0.663520 0.195970
vt 0.664240 0.183660
vt 0.652040 0.195750
vt 0.653230 0.183430
vt 0.640470 0.194960
vt 0.641800 0.182540
vt 0.630010 0.194160
vt 0.630910 0.181580
vt 0.620240 0.193510
vt 0.620640 0.180810
vt 0.621400 0.168240
vt 0.610280 0.180420
vt 0.610550 0.167890
vt 0.599530 0.180790
vt 0.610450 0.193290
vt 0.600240 0.193570
vt 0.588960 0.194160
vt 0.587890 0.181450
vt 0.577310 0.195150
vt 0.575930 0.182360
vt 0.565620 0.196380
vt 0.578800 0.207820
vt 0.567200 0.209230
vt 0.556040 0.210580
vt 0.568710 0.221810
vt 0.557330 0.223130
vt 0.546500 0.223910
vt 0.545640 0.211480
vt 0.757080 0.216110
vt 0.755380 0.228460
vt 0.744460 0.226650
vt 0.746430 0.214240
vt 0.733990 0.224970
vt 0.735570 0.212490
vt 0.724700 0.223660
vt 0.725810 0.211160
vt 0.715650 0.222680
vt 0.716470 0.210100
vt 0.706150 0.221740
vt 0.706810 0.209110
vt 0.695930 0.220980
vt 0.696360 0.208270
vt 0.685120 0.220570
vt 0.685350 0.207970
vt 0.674140 0.220450
vt 0.674300 0.208050
vt 0.662710 0.220530
vt 0.662990 0.208210
vt 0.650670 0.220500
vt 0.651110 0.208060
vt 0.639160 0.220280
vt 0.639560 0.207520
vt 0.629250 0.219920
vt 0.629540 0.206980
vt 0.620110 0.219570
vt 0.620210 0.206560
vt 0.610850 0.219410
vt 0.610790 0.206390
vt 0.601280 0.219320
vt 0.600890 0.206450
vt 0.590980 0.219690
vt 0.590050 0.206930
vt 0.580110 0.220490
vt 0.591540 0.232560
vt 0.581140 0.233120
vt 0.570000 0.234360
vt 0.581540 0.246090
vt 0.570660 0.246750
vt 0.558780 0.247230
vt 0.558330 0.235320
vt 0.546810 0.247080
vt 0.546930 0.235710
vt 0.754010 0.240470
vt 0.753670 0.252290
vt 0.742260 0.251400
vt 0.742920 0.239050
vt 0.732280 0.250530
vt 0.732790 0.237650
vt 0.723340 0.249820
vt 0.723800 0.236550
vt 0.714460 0.249030
vt 0.714930 0.235650
vt 0.705040 0.248100
vt 0.705590 0.234740
vt 0.694950 0.247000
vt 0.695550 0.233910
vt 0.684350 0.246040
vt 0.684830 0.233300
vt 0.673610 0.245460
vt 0.673970 0.233010
vt 0.662210 0.245210
vt 0.662540 0.232940
vt 0.650050 0.245200
vt 0.650380 0.232940
vt 0.638360 0.245240
vt 0.638750 0.232870
vt 0.628240 0.245260
vt 0.628730 0.232680
vt 0.619200 0.245290
vt 0.619690 0.232480
vt 0.610210 0.245350
vt 0.610610 0.232370
vt 0.601100 0.245420
vt 0.601340 0.232310
vt 0.591600 0.245680
vt 0.600730 0.258520
vt 0.591270 0.258870
vt 0.581170 0.259190
vt 0.590610 0.271850
vt 0.580250 0.272310
vt 0.568940 0.272280
vt 0.570270 0.259420
vt 0.556680 0.271700
vt 0.558250 0.259200
vt 0.544270 0.270700
vt 0.545890 0.258420
vt 0.754480 0.264260
vt 0.756270 0.277180
vt 0.744390 0.277240
vt 0.742830 0.264030
vt 0.733960 0.276930
vt 0.732750 0.263610
vt 0.724130 0.276540
vt 0.723500 0.263260
vt 0.714150 0.275700
vt 0.714220 0.262500
vt 0.703550 0.274200
vt 0.704410 0.261370
vt 0.692590 0.272250
vt 0.693930 0.259890
vt 0.682010 0.270610
vt 0.683370 0.258550
vt 0.671790 0.269690
vt 0.672820 0.257670
vt 0.660870 0.269460
vt 0.661610 0.257300
vt 0.649220 0.269720
vt 0.649610 0.257360
vt 0.638040 0.270030
vt 0.638050 0.257550
vt 0.627810 0.270130
vt 0.627890 0.257740
vt 0.618610 0.270280
vt 0.618820 0.257960
vt 0.609590 0.270680
vt 0.609800 0.258240
vt 0.600270 0.271200
vt 0.609400 0.282480
vt 0.600030 0.283310
vt 0.589950 0.284360
vt 0.600160 0.294820
vt 0.590100 0.296460
vt 0.578720 0.298180
vt 0.579100 0.285340
vt 0.566300 0.299250
vt 0.567270 0.285550
vt 0.553890 0.300200
vt 0.554840 0.285240
vt 0.541630 0.300890
vt 0.542480 0.284720
vt 0.758620 0.291650
vt 0.759150 0.308330
vt 0.747140 0.306490
vt 0.746330 0.291340
vt 0.735520 0.304460
vt 0.735270 0.290640
vt 0.724290 0.302360
vt 0.724760 0.289640
vt 0.712770 0.300170
vt 0.713800 0.288220
vt 0.700590 0.297630
vt 0.702280 0.286210
vt 0.689410 0.295380
vt 0.691010 0.283940
vt 0.679450 0.293890
vt 0.680610 0.282290
vt 0.670260 0.293510
vt 0.670740 0.281560
vt 0.660130 0.294100
vt 0.660200 0.281750
vt 0.648760 0.295370
vt 0.649020 0.282550
vt 0.637570 0.294840
vt 0.638160 0.282630
vt 0.627100 0.293790
vt 0.627650 0.282190
vt 0.617870 0.293400
vt 0.618390 0.282120
vt 0.609260 0.293750
vt 0.617090 0.304500
vt 0.609300 0.304920
vt 0.600820 0.305990
vt 0.609800 0.315980
vt 0.602300 0.317090
vt 0.593190 0.319360
vt 0.591170 0.308090
vt 0.582520 0.322780
vt 0.579800 0.310640
vt 0.570780 0.327170
vt 0.567460 0.313290
vt 0.559040 0.331490
vt 0.555410 0.315880
vt 0.547080 0.335680
vt 0.543550 0.318220
vt 0.757570 0.325940
vt 0.752600 0.343180
vt 0.741450 0.337550
vt 0.745510 0.322160
vt 0.730360 0.332020
vt 0.733760 0.318280
vt 0.719580 0.327150
vt 0.722420 0.314850
vt 0.708300 0.323040
vt 0.710790 0.311660
vt 0.696060 0.320090
vt 0.698480 0.308880
vt 0.685610 0.318670
vt 0.687670 0.306890
vt 0.676910 0.318000
vt 0.678310 0.305870
vt 0.668890 0.317800
vt 0.669880 0.305560
vt 0.659640 0.317840
vt 0.660250 0.306150
vt 0.647690 0.318190
vt 0.648380 0.307100
vt 0.635400 0.317210
vt 0.636430 0.306290
vt 0.625150 0.315970
vt 0.626070 0.305040
vt 0.616830 0.315550
vt 0.624630 0.326810
vt 0.617440 0.326660
vt 0.611270 0.326970
vt 0.618770 0.337760
vt 0.613350 0.338010
vt 0.607600 0.338810
vt 0.604540 0.327980
vt 0.600630 0.340540
vt 0.596280 0.330120
vt 0.592460 0.344240
vt 0.586710 0.334290
vt 0.582360 0.351410
vt 0.575780 0.340220
vt 0.572430 0.359800
vt 0.564640 0.346310
vt 0.563510 0.368310
vt 0.553800 0.352530
vt 0.745280 0.359980
vt 0.733550 0.375190
vt 0.725250 0.366780
vt 0.734870 0.352510
vt 0.717170 0.358230
vt 0.724890 0.345570
vt 0.709600 0.350770
vt 0.715380 0.339260
vt 0.700810 0.345110
vt 0.705070 0.334220
vt 0.689900 0.342320
vt 0.693290 0.331280
vt 0.680060 0.341800
vt 0.683050 0.330370
vt 0.672050 0.341580
vt 0.674700 0.330010
vt 0.664980 0.341150
vt 0.667190 0.329590
vt 0.656240 0.340210
vt 0.658290 0.329270
vt 0.645210 0.339130
vt 0.646610 0.328730
vt 0.633820 0.338210
vt 0.634370 0.327790
vt 0.625020 0.337590
vt 0.643770 0.349620
vt 0.653930 0.350650
vt 0.651480 0.360890
vt 0.641840 0.360170
vt 0.638880 0.368740
vt 0.635020 0.375200
vt 0.625560 0.369370
vt 0.619370 0.359910
vt 0.630530 0.381060
vt 0.620800 0.371960
vt 0.615480 0.361300
vt 0.611470 0.349800
vt 0.616020 0.349080
vt 0.614860 0.374500
vt 0.610140 0.362580
vt 0.605770 0.350990
vt 0.621490 0.384800
vt 0.608920 0.387930
vt 0.689800 0.401520
vt 0.679750 0.403120
vt 0.674980 0.391980
vt 0.685760 0.390910
vt 0.698490 0.386430
vt 0.702850 0.396950
vt 0.593900 0.387390
vt 0.712470 0.378060
vt 0.718340 0.387960
vt 0.577340 0.381370
vt 0.694850 0.377600
vt 0.706460 0.368680
vt 0.700740 0.361170
vt 0.693700 0.355960
vt 0.685010 0.353460
vt 0.673740 0.364650
vt 0.676550 0.353250
vt 0.667250 0.363650
vt 0.669480 0.353000
vt 0.660270 0.362080
vt 0.662600 0.352070
vt 0.672540 0.374430
vt 0.672050 0.382090
vt 0.682840 0.382540
vt 0.667310 0.392730
vt 0.673080 0.404580
vn 0.270892 0.533774 0.801063
vn 0.015699 0.554083 0.832314
vn 0.041262 0.275614 0.960383
vn 0.257604 0.333842 0.906747
vn -0.188508 0.772049 0.606964
vn -0.157946 0.898989 0.408499
vn 0.442885 0.612006 0.655211
vn -0.080151 0.686810 0.722404
vn 0.355958 0.539375 0.763131
vn 0.423960 0.652810 0.627772
vn 0.242003 0.412035 0.878443
vn 0.230092 -0.628728 -0.742805
vn 0.301108 -0.566340 -0.767198
vn 0.316440 -0.590057 -0.742764
vn 0.223708 -0.647207 -0.728751
vn 0.172468 -0.661386 -0.729948
vn 0.194035 -0.632141 -0.750165
vn 0.272127 -0.541473 -0.795458
vn -0.158669 0.579347 0.799488
vn -0.018551 0.510682 0.859570
vn 0.134251 0.746708 0.651463
vn 0.149153 0.753345 0.640488
vn 0.155064 0.739637 0.654898
vn -0.255900 0.696630 0.670240
vn -0.334713 0.700703 0.630066
vn -0.308127 0.558331 0.770276
vn -0.252499 0.384490 0.887925
vn -0.215916 0.347319 0.912552
vn -0.078483 0.276261 0.957873
vn 0.278624 0.877166 0.391086
vn 0.341551 0.846583 0.408216
vn 0.229141 0.668990 0.707069
vn 0.293215 0.870478 0.395339
vn 0.313715 0.888757 0.334206
vn 0.340999 0.253801 0.905154
vn 0.273114 0.304085 0.912656
vn 0.356669 0.265445 0.895727
vn 0.358377 0.228667 0.905139
vn 0.328502 0.310013 0.892176
vn 0.171706 0.394177 0.902852
vn 0.364760 0.255511 0.895357
vn 0.341526 0.842801 0.415989
vn 0.429930 0.754466 0.495926
vn 0.469046 0.740583 0.481178
vn 0.427695 0.745886 0.510619
vn 0.306796 0.925793 0.220870
vn 0.279620 0.844134 0.457439
vn 0.111917 0.803616 0.584531
vn 0.077344 0.841381 0.534879
vn -0.116606 0.907290 0.404015
vn -0.264215 0.810894 0.522151
vn -0.045252 0.941086 0.335127
vn 0.043471 0.936520 0.347908
vn -0.305896 0.813304 0.494938
vn -0.163866 0.920838 0.353845
vn -0.218479 0.771776 -0.597184
vn -0.223104 0.767650 -0.600781
vn -0.231815 0.777072 -0.585168
vn -0.228690 0.775508 -0.588462
vn -0.244656 0.765722 -0.594822
vn -0.230357 0.762357 -0.604771
vn -0.217513 0.758142 -0.614743
vn 0.096828 -0.802896 0.588203
vn 0.258393 -0.896663 0.359484
vn 0.395734 -0.861434 0.318318
vn 0.158504 -0.794789 0.585821
vn -0.095088 -0.767492 0.633967
vn 0.011149 -0.928118 0.372118
vn -0.063129 -0.736667 0.673303
vn -0.474714 -0.572701 0.668327
vn -0.448236 -0.527823 0.721448
vn -0.585820 -0.458746 0.668107
vn -0.595588 -0.542831 0.592123
vn -0.536016 -0.667218 0.517211
vn -0.408399 -0.639573 0.651273
vn -0.307092 -0.599293 0.739285
vn 0.267072 0.336077 0.903175
vn 0.342354 0.544382 0.765795
vn 0.267158 0.561269 0.783329
vn 0.242288 0.326947 0.913456
vn 0.244737 0.468824 0.848710
vn 0.362927 0.580487 0.728916
vn 0.246747 0.451835 0.857299
vn 0.559944 0.782990 -0.270906
vn 0.648241 0.751169 -0.124611
vn 0.730461 0.549275 -0.405862
vn 0.611633 0.646700 -0.455724
vn 0.275499 0.949922 -0.147473
vn 0.386408 0.914086 0.123028
vn 0.266762 0.874905 -0.404202
vn -0.625308 0.442492 0.642799
vn -0.348094 0.238142 0.906708
vn -0.041564 0.538241 0.841766
vn -0.467489 0.720129 0.512707
vn -0.568718 0.500721 0.652562
vn -0.417635 0.325271 0.848399
vn -0.485882 0.782239 0.389899
vn 0.012707 0.974047 0.225988
vn -0.244027 0.941824 0.231124
vn -0.221331 0.915353 0.336366
vn 0.212876 0.811485 0.544221
vn 0.398128 0.777890 0.486192
vn 0.110267 0.943373 0.312871
vn -0.223768 0.571790 0.789293
vn -0.139292 0.351346 0.925826
vn -0.015679 0.765212 0.643587
vn 0.242309 0.779239 0.577990
vn -0.251838 0.222547 0.941833
vn -0.159259 0.145077 0.976519
vn -0.447501 0.482531 0.752932
vn -0.384671 0.277983 0.880201
vn 0.658901 0.616041 0.431674
vn 0.784735 0.611787 0.099536
vn 0.453662 0.887062 0.085506
vn 0.518591 0.768580 0.374631
vn 0.713080 0.401952 0.574414
vn 0.495017 0.523310 0.693617
vn 0.913310 0.326219 0.243816
vn 0.302447 0.297345 0.905600
vn 0.317879 0.314734 0.894368
vn 0.346469 0.271824 0.897814
vn 0.340855 0.247598 0.906925
vn 0.378594 0.292969 0.877973
vn 0.341184 0.365262 0.866128
vn 0.323648 0.394061 0.860214
vn -0.923856 0.375110 -0.076042
vn -0.780157 0.617236 0.101858
vn -0.735725 0.610799 -0.292631
vn -0.888565 0.311544 -0.336738
vn -0.965595 0.259443 0.017786
vn -0.824045 0.469732 0.316705
vn -0.962188 0.135078 -0.236535
vn 0.033813 0.568620 0.821905
vn -0.011051 0.557595 0.830040
vn -0.045634 0.492026 0.869384
vn 0.005508 0.506775 0.862061
vn -0.025463 0.519509 0.854085
vn -0.021309 0.521340 0.853083
vn -0.011121 0.463836 0.885851
vn 0.293418 0.537914 0.790288
vn 0.103444 0.450663 0.886680
vn -0.010201 0.377498 0.925954
vn 0.247158 0.477183 0.843332
vn 0.449404 0.582890 0.676961
vn 0.459887 0.492316 0.739005
vn 0.274938 0.597833 0.752998
vn 0.008545 0.548685 0.835985
vn -0.053441 0.422866 0.904615
vn 0.081049 0.780161 0.620307
vn -0.212191 0.733931 0.645229
vn -0.229371 0.521982 0.821537
vn 0.378267 0.738726 0.557852
vn -0.150010 0.440340 0.885211
vn -0.273732 0.579043 0.767971
vn -0.199051 0.518861 0.831362
vn -0.055054 0.442299 0.895177
vn -0.086363 0.369808 0.925086
vn -0.184434 0.469236 0.863598
vn -0.562157 0.488245 0.667530
vn -0.590943 0.357282 0.723282
vn -0.218604 0.434241 0.873869
vn -0.008776 0.477102 0.878804
vn -0.602511 0.260207 0.754502
vn -0.874583 0.175554 0.451980
vn -0.855223 0.051892 0.515656
vn -0.561024 0.115592 0.819690
vn -0.247300 0.400381 0.882348
vn -0.747356 -0.166905 0.643119
vn -0.949787 -0.078557 0.302875
vn -0.822730 -0.293469 0.486817
vn -0.559356 -0.375874 0.738810
vn -0.431778 -0.064765 0.899652
vn -0.607766 -0.478056 0.634101
vn -0.874676 -0.320894 0.363275
vn -0.655946 -0.500927 0.564630
vn -0.467280 -0.556027 0.687374
vn -0.411934 -0.476757 0.776539
vn -0.494664 -0.573881 0.652663
vn -0.719289 -0.518763 0.462069
vn -0.539195 -0.603023 0.587904
vn -0.436477 -0.591621 0.677844
vn -0.392273 -0.570930 0.721222
vn -0.463479 -0.637851 0.615088
vn -0.598390 -0.656058 0.459909
vn -0.488603 -0.719271 0.493878
vn -0.381354 -0.702786 0.600551
vn -0.365224 -0.626229 0.688802
vn -0.388197 -0.786320 0.480628
vn -0.513767 -0.797844 0.315419
vn -0.411465 -0.848622 0.332472
vn -0.292088 -0.834387 0.467422
vn -0.283757 -0.769337 0.572365
vn -0.315430 -0.880731 0.353295
vn -0.444314 -0.872989 0.201187
vn -0.351611 -0.901397 0.252691
vn -0.250246 -0.897531 0.363064
vn -0.239189 -0.856804 0.456811
vn -0.263581 -0.921405 0.285550
vn -0.389359 -0.900616 0.193107
vn -0.277927 -0.930525 0.238494
vn -0.195038 -0.942560 0.271183
vn -0.207465 -0.912178 0.353398
vn -0.175767 -0.952877 0.247246
vn -0.290159 -0.927930 0.233993
vn -0.172881 -0.949466 0.261966
vn -0.105412 -0.960455 0.257709
vn -0.113477 -0.965521 0.234289
vn -0.122838 -0.949124 0.289958
vn -0.185864 -0.932722 0.309006
vn -0.134658 -0.926190 0.352193
vn -0.071702 -0.943943 0.322226
vn -0.052425 -0.954737 0.292795
vn -0.073755 -0.922733 0.378318
vn -0.141507 -0.897068 0.418623
vn -0.067716 -0.898938 0.432810
vn 0.000862 -0.917996 0.396589
vn -0.002943 -0.940614 0.339466
vn -0.001289 -0.899698 0.436511
vn -0.058945 -0.873957 0.482415
vn 0.005807 -0.877272 0.479958
vn 0.021657 -0.895097 0.445346
vn 0.026552 -0.908334 0.417402
vn 0.030895 -0.877566 0.478460
vn 0.020674 -0.842101 0.538924
vn 0.056404 -0.841782 0.536862
vn 0.029892 -0.877860 0.477983
vn 0.019582 -0.891530 0.452538
vn 0.060978 -0.842805 0.534754
vn 0.079344 -0.797828 0.597641
vn 0.096354 -0.794631 0.599398
vn 0.054146 -0.845273 0.531584
vn 0.026852 -0.877332 0.479132
vn 0.096408 -0.795606 0.598093
vn 0.111067 -0.764808 0.634613
vn 0.120304 -0.762278 0.635971
vn 0.090178 -0.799618 0.593699
vn 0.052653 -0.846487 0.529799
vn 0.122031 -0.762292 0.635625
vn 0.125762 -0.748535 0.651061
vn 0.132688 -0.747000 0.651449
vn 0.117467 -0.766033 0.631977
vn 0.081628 -0.803086 0.590245
vn 0.138213 -0.748000 0.649149
vn 0.145740 -0.728343 0.669534
vn 0.155814 -0.732379 0.662829
vn 0.143308 -0.754421 0.640556
vn 0.110417 -0.773961 0.623532
vn 0.169552 -0.740490 0.650328
vn 0.184594 -0.710316 0.679247
vn 0.200741 -0.722281 0.661825
vn 0.180775 -0.750697 0.635432
vn 0.144571 -0.765784 0.626637
vn 0.212307 -0.732797 0.646479
vn 0.259987 -0.687006 0.678549
vn 0.262656 -0.710580 0.652754
vn 0.215234 -0.745170 0.631187
vn 0.171964 -0.763956 0.621932
vn 0.253983 -0.733764 0.630145
vn 0.243880 -0.757423 0.605668
vn 0.181842 -0.767148 0.615157
vn 0.301789 -0.752405 0.585500
vn 0.285095 -0.775886 0.562780
vn 0.344968 -0.702932 0.622000
vn 0.388562 -0.756275 0.526373
vn 0.349234 -0.793045 0.499115
vn 0.342703 -0.650291 0.677994
vn 0.324139 -0.724073 0.608812
vn 0.293057 -0.616019 0.731190
vn 0.211845 -0.696241 0.685836
vn 0.236607 -0.667788 0.705746
vn 0.216664 -0.655116 0.723795
vn 0.245730 -0.608245 0.754755
vn 0.170299 -0.701410 0.692114
vn 0.159030 -0.697533 0.698682
vn 0.200095 -0.647899 0.734975
vn 0.136960 -0.728085 0.671665
vn 0.123806 -0.729410 0.672781
vn 0.140375 -0.697408 0.702792
vn 0.114326 -0.750294 0.651144
vn 0.086664 -0.750167 0.655544
vn 0.091957 -0.728880 0.678438
vn 0.085681 -0.768378 0.634235
vn 0.033497 -0.768669 0.638769
vn 0.035266 -0.745621 0.665437
vn 0.030378 -0.801946 0.596623
vn -0.056273 -0.800624 0.596518
vn -0.050609 -0.758545 0.649653
vn -0.056247 -0.841844 0.536782
vn -0.165259 -0.837286 0.521192
vn -0.160679 -0.787246 0.595336
vn -0.152321 -0.869807 0.469291
vn -0.253654 -0.869515 0.423796
vn -0.263436 -0.825349 0.499400
vn -0.217220 -0.904807 0.366250
vn -0.333955 -0.896347 0.291610
vn -0.351132 -0.859748 0.370863
vn -0.307064 -0.916898 0.254971
vn -0.443273 -0.874278 0.197857
vn -0.456137 -0.857660 0.237401
vn -0.419669 -0.888721 0.184534
vn -0.516046 -0.849055 0.113147
vn -0.548639 -0.825104 0.134902
vn -0.479364 -0.868383 0.126971
vn -0.567563 -0.821738 0.051173
vn -0.602417 -0.797625 0.029814
vn -0.538314 -0.829658 0.147939
vn -0.669152 -0.739272 0.075575
vn -0.678344 -0.734250 -0.026956
vn -0.645405 -0.715396 0.267696
vn -0.812672 -0.569928 0.121432
vn -0.813242 -0.581331 -0.026299
vn -0.779392 -0.546344 0.306685
vn -0.932985 -0.350657 0.081115
vn -0.925722 -0.375491 -0.045225
vn -0.915643 -0.329489 0.230294
vn -0.991012 -0.132703 0.016912
vn -0.984947 -0.151250 -0.083680
vn -0.981884 -0.121428 0.145462
vn -0.999891 -0.013854 0.005056
vn -0.992480 -0.020104 -0.120741
vn -0.979965 0.040907 0.194926
vn -0.983846 0.143093 0.107569
vn -0.991948 0.058138 -0.112514
vn -0.867914 0.311788 0.386670
vn -0.545596 0.605498 0.579394
vn -0.552040 0.741174 0.381985
vn -0.352034 0.742364 0.570059
vn -0.121364 0.973081 0.195918
vn -0.335449 0.939060 0.075101
vn -0.525598 0.844322 -0.104248
vn -0.325025 0.916159 -0.234543
vn -0.544478 0.764387 -0.345335
vn -0.753244 0.509410 -0.416082
vn -0.672558 0.698609 -0.244153
vn -0.838162 0.455831 -0.299505
vn -0.883228 0.247458 -0.398338
vn -0.914928 0.244701 -0.320980
vn -0.878384 0.397893 -0.264809
vn -0.938129 0.232292 -0.256816
vn -0.935778 0.150764 -0.318732
vn -0.932197 0.121479 -0.340956
vn -0.950121 0.179010 -0.255395
vn -0.930939 0.218691 -0.292451
vn -0.951294 0.188312 -0.244086
vn -0.963205 0.117875 -0.241541
vn -0.957238 0.092607 -0.274079
vn -0.970320 0.110825 -0.214933
vn -0.947963 0.193544 -0.252800
vn -0.974141 0.089224 -0.207577
vn -0.981080 -0.033930 -0.190609
vn -0.979417 -0.012497 -0.201458
vn -0.982349 -0.066265 -0.174925
vn -0.979135 0.067869 -0.191541
vn -0.983462 -0.095896 -0.153642
vn -0.957620 -0.248565 -0.145532
vn -0.963373 -0.216892 -0.157702
vn -0.954383 -0.274364 -0.117805
vn -0.986954 -0.111448 -0.116193
vn -0.954689 -0.289132 -0.070506
vn -0.886617 -0.453462 -0.091005
vn -0.896607 -0.426305 -0.119837
vn -0.878533 -0.476211 -0.037443
vn -0.955878 -0.293762 -0.001358
vn -0.872503 -0.486655 0.043648
vn -0.783412 -0.621269 -0.017057
vn -0.788465 -0.610813 -0.072316
vn -0.785119 -0.615585 0.068139
vn -0.867534 -0.471792 0.157471
vn -0.789443 -0.582533 0.193484
vn -0.725450 -0.681409 0.096980
vn -0.706031 -0.708075 0.012268
vn -0.741490 -0.632960 0.222607
vn -0.786203 -0.516299 0.339588
vn -0.741254 -0.558132 0.372868
vn -0.678430 -0.684356 0.267187
vn -0.662301 -0.735146 0.144631
vn -0.676647 -0.609502 0.413106
vn -0.724428 -0.478101 0.496612
vn -0.660010 -0.532262 0.530174
vn -0.551551 -0.694542 0.461956
vn -0.566609 -0.761180 0.315531
vn -0.532842 -0.620644 0.575222
vn -0.644107 -0.477542 0.597562
vn -0.523495 -0.565553 0.637262
vn -0.384749 -0.697475 0.604563
vn -0.416432 -0.766820 0.488437
vn -0.371299 -0.646891 0.666085
vn -0.520895 -0.530449 0.668799
vn -0.372590 -0.617732 0.692520
vn -0.259950 -0.692385 0.673075
vn -0.288625 -0.740832 0.606518
vn -0.255294 -0.668417 0.698602
vn -0.377055 -0.597209 0.707934
vn -0.259668 -0.652712 0.711716
vn -0.189214 -0.690245 0.698398
vn -0.201352 -0.715345 0.669133
vn -0.189370 -0.676110 0.712049
vn -0.264491 -0.637266 0.723834
vn -0.192385 -0.664287 0.722296
vn -0.132030 -0.691333 0.710371
vn -0.131546 -0.707369 0.694496
vn -0.138405 -0.677091 0.722766
vn -0.194134 -0.651255 0.733606
vn -0.147890 -0.659006 0.737455
vn -0.058527 -0.688471 0.722899
vn -0.047703 -0.711596 0.700968
vn -0.082454 -0.654436 0.751608
vn -0.151575 -0.631427 0.760477
vn -0.114586 -0.620443 0.775835
vn 0.020518 -0.650743 0.759021
vn 0.033042 -0.695421 0.717843
vn -0.027075 -0.625302 0.779913
vn 0.074223 -0.633867 0.769873
vn 0.112071 -0.647930 0.753410
vn -0.137737 -0.681689 0.718560
vn -0.058302 -0.708138 0.703663
vn -0.183736 -0.657465 0.730740
vn -0.300180 -0.747088 0.593087
vn -0.274569 -0.761155 0.587585
vn -0.193215 -0.651075 0.734009
vn -0.309173 -0.735692 0.602636
vn -0.229748 -0.636644 0.736138
vn -0.344085 -0.700782 0.624908
vn -0.190973 -0.628663 0.753865
vn -0.276152 -0.599171 0.751488
vn -0.267811 -0.620575 0.736997
vn -0.381810 -0.556595 0.737851
vn -0.396202 -0.538413 0.743731
vn -0.378779 -0.577357 0.723316
vn -0.516935 -0.478993 0.709468
vn -0.520576 -0.453588 0.723367
vn -0.519737 -0.504180 0.689693
vn -0.629023 -0.413381 0.658366
vn -0.627259 -0.383832 0.677657
vn -0.634552 -0.442273 0.633829
vn -0.696033 -0.385962 0.605451
vn -0.692284 -0.357781 0.626686
vn -0.706737 -0.420934 0.568628
vn -0.761592 -0.368501 0.533089
vn -0.755681 -0.326949 0.567495
vn -0.773676 -0.434767 0.460872
vn -0.851464 -0.348168 0.392160
vn -0.844109 -0.276737 0.459235
vn -0.860583 -0.421798 0.285454
vn -0.950076 -0.246165 0.191723
vn -0.941092 -0.192638 0.277913
vn -0.955203 -0.281743 0.090594
vn -0.995857 -0.090643 0.007226
vn -0.995013 -0.056937 0.081896
vn -0.992073 -0.109386 -0.061854
vn -0.990947 0.044216 -0.126765
vn -0.995123 0.061425 -0.077186
vn -0.984973 0.047976 -0.165911
vn -0.956807 0.190977 -0.219199
vn -0.962426 0.186764 -0.197117
vn -0.951040 0.198774 -0.236668
vn -0.911067 0.290182 -0.292834
vn -0.913348 0.302780 -0.272248
vn -0.914993 0.246641 -0.319305
vn -0.860924 0.308999 -0.404140
vn -0.864793 0.357494 -0.352606
vn -0.870968 0.325194 -0.368324
vn -0.713459 0.538955 -0.447777
vn -0.722129 0.471849 -0.505853
vn -0.722104 0.636041 -0.272062
vn -0.495089 0.832068 -0.250099
vn -0.480750 0.733259 -0.480843
vn -0.443418 0.881344 -0.163137
vn -0.153646 0.985243 -0.075421
vn -0.193604 0.961502 -0.195016
vn -0.078321 0.988218 -0.131493
vn 0.142859 0.988720 -0.044986
vn 0.087321 0.996091 -0.013329
vn 0.165973 0.953645 0.251028
vn 0.344238 0.896999 0.277296
vn 0.247909 0.968048 0.037750
vn 0.377549 0.853634 0.358840
vn 0.252938 0.958155 0.134018
vn 0.450422 0.688331 0.568613
vn 0.314663 0.711777 0.627982
vn 0.258886 0.846530 0.465151
vn 0.350174 0.613986 0.707389
vn -0.077686 0.654637 0.751942
vn -0.073570 0.753199 0.653666
vn 0.356866 0.522134 0.774611
vn -0.081059 0.559617 0.824778
vn 0.414198 0.446022 0.793413
vn 0.347935 0.488080 0.800449
vn -0.065277 0.524644 0.848815
vn 0.315977 0.538604 0.781066
vn -0.031124 0.600992 0.798649
vn -0.465831 0.470198 0.749610
vn -0.450570 0.530836 0.717774
vn -0.411935 0.535250 0.737440
vn -0.012845 0.602808 0.797783
vn -0.288902 0.535163 0.793811
vn -0.552176 0.449221 0.702355
vn -0.574025 0.450151 0.684002
vn -0.420251 0.398452 0.815245
vn -0.159608 0.237934 0.958078
vn -0.244245 0.133837 0.960433
vn -0.434087 0.301766 0.848826
vn -0.525614 0.438321 0.729112
vn -0.268135 0.062062 0.961380
vn -0.129633 -0.166911 0.977413
vn -0.144177 -0.188333 0.971465
vn -0.231446 0.023475 0.972565
vn -0.131590 -0.199585 0.971005
vn -0.107093 -0.340317 0.934192
vn -0.102110 -0.343162 0.933709
vn -0.129300 -0.210919 0.968914
vn -0.178914 -0.005413 0.983850
vn -0.087974 -0.354177 0.931031
vn -0.087257 -0.463987 0.881534
vn -0.043438 -0.485588 0.873108
vn -0.060929 -0.377632 0.923949
vn -0.126139 -0.244963 0.961292
vn 0.006623 -0.516878 0.856034
vn 0.005537 -0.678606 0.734481
vn 0.077840 -0.694937 0.714845
vn 0.051770 -0.558241 0.828062
vn -0.020436 -0.407426 0.913010
vn 0.131315 -0.716416 0.685204
vn 0.113147 -0.806334 0.580537
vn 0.173660 -0.806355 0.565361
vn 0.146317 -0.745064 0.650747
vn 0.085833 -0.603468 0.792754
vn 0.180056 -0.815828 0.549550
vn 0.176502 -0.858414 0.481635
vn 0.189475 -0.856741 0.479682
vn 0.164697 -0.830172 0.532626
vn 0.137515 -0.771364 0.621360
vn 0.184843 -0.864792 0.466871
vn 0.177162 -0.903814 0.389531
vn 0.190101 -0.899918 0.392440
vn 0.170740 -0.877772 0.447621
vn 0.152154 -0.844533 0.513433
vn 0.179967 -0.904117 0.387535
vn 0.175551 -0.915446 0.362134
vn 0.179789 -0.909832 0.374008
vn 0.156873 -0.913004 0.376583
vn 0.141485 -0.892804 0.427648
vn 0.169374 -0.911737 0.374229
vn 0.178305 -0.895659 0.407435
vn 0.179842 -0.893917 0.410573
vn 0.149248 -0.918463 0.366265
vn 0.127901 -0.924320 0.359548
vn 0.169872 -0.897433 0.407133
vn 0.184030 -0.879612 0.438652
vn 0.178850 -0.878727 0.442551
vn 0.149781 -0.904395 0.399543
vn 0.124934 -0.926742 0.354317
vn 0.164682 -0.878927 0.447623
vn 0.170873 -0.870831 0.460929
vn 0.159034 -0.865811 0.474425
vn 0.144501 -0.880949 0.450609
vn 0.125308 -0.911312 0.392184
vn 0.145623 -0.860780 0.487701
vn 0.142460 -0.851736 0.504232
vn 0.129642 -0.841154 0.525027
vn 0.133248 -0.856186 0.499190
vn 0.127663 -0.883090 0.451503
vn 0.122452 -0.828827 0.545941
vn 0.108837 -0.812465 0.572761
vn 0.100298 -0.798411 0.593700
vn 0.132415 -0.817145 0.561018
vn 0.135650 -0.850914 0.507488
vn 0.117457 -0.782857 0.611015
vn 0.072384 -0.774859 0.627976
vn 0.091540 -0.757453 0.646441
vn 0.194624 -0.764278 0.614817
vn 0.197821 -0.805815 0.558147
vn 0.172517 -0.741273 0.648654
vn 0.060330 -0.746740 0.662374
vn 0.141408 -0.738058 0.659753
vn 0.287709 -0.722083 0.629142
vn 0.299460 -0.739421 0.602976
vn 0.267356 -0.721740 0.638445
vn 0.096747 -0.739919 0.665702
vn 0.219914 -0.719922 0.658294
vn 0.354665 -0.701020 0.618695
vn 0.370992 -0.701613 0.608363
vn 0.329317 -0.690530 0.643986
vn 0.149620 -0.714666 0.683276
vn 0.276538 -0.674557 0.684470
vn 0.364536 -0.666629 0.650169
vn 0.394185 -0.677576 0.620894
vn 0.335965 -0.638906 0.692045
vn 0.204421 -0.681837 0.702360
vn 0.290231 -0.636353 0.714717
vn 0.447893 -0.614242 0.649691
vn 0.459171 -0.636258 0.619950
vn 0.429907 -0.597932 0.676504
vn 0.224338 -0.650657 0.725477
vn 0.386669 -0.600939 0.699542
vn 0.629594 -0.546845 0.551880
vn 0.629210 -0.571074 0.527228
vn 0.616893 -0.531190 0.580758
vn 0.320248 -0.648072 0.690973
vn 0.573007 -0.573421 0.585535
vn 0.798730 -0.447206 0.402538
vn 0.789670 -0.476184 0.386873
vn 0.792291 -0.466798 0.392906
vn 0.459764 -0.714399 0.527495
vn 0.706078 -0.631232 0.320937
vn 0.908117 -0.373921 0.188434
vn 0.910175 -0.359037 0.206576
vn 0.847554 -0.519246 0.109706
vn 0.525597 -0.814015 0.247240
vn 0.673365 -0.739254 0.009162
vn 0.903334 -0.418992 -0.091829
vn 0.959619 -0.281181 0.008243
vn 0.731972 -0.638884 -0.236739
vn 0.532971 -0.846118 -0.005148
vn 0.564879 -0.774609 -0.284415
vn 0.719073 -0.525210 -0.455070
vn 0.904269 -0.298446 -0.305332
vn 0.535569 -0.674521 -0.508121
vn 0.499845 -0.821671 -0.273882
vn 0.448400 -0.734395 -0.509510
vn 0.503129 -0.597737 -0.624157
vn 0.696591 -0.421429 -0.580654
vn 0.389590 -0.667851 -0.634188
vn 0.321263 -0.778209 -0.539611
vn 0.273352 -0.702163 -0.657454
vn 0.348998 -0.631994 -0.691942
vn 0.486567 -0.541450 -0.685627
vn 0.243093 -0.665662 -0.705549
vn 0.154299 -0.712611 -0.684381
vn 0.154382 -0.686630 -0.710426
vn 0.233630 -0.654237 -0.719299
vn 0.326032 -0.610725 -0.721608
vn 0.160036 -0.680516 -0.715043
vn 0.130761 -0.683928 -0.717735
vn 0.145059 -0.655430 -0.741195
vn 0.128854 -0.694197 -0.708158
vn 0.122929 -0.709612 -0.693787
vn 0.101004 -0.691069 -0.715697
vn 0.096879 -0.674022 -0.732331
vn 0.098430 -0.708309 -0.699007
vn 0.096789 -0.779125 -0.619351
vn 0.061615 -0.769931 -0.635146
vn 0.056609 -0.701712 -0.710208
vn 0.051859 -0.680824 -0.730609
vn 0.031326 -0.760180 -0.648957
vn -0.034019 -0.888790 -0.457050
vn -0.057453 -0.876394 -0.478155
vn 0.033464 -0.742979 -0.668478
vn 0.031322 -0.683783 -0.729013
vn -0.002800 -0.867598 -0.497259
vn -0.221092 -0.966322 -0.131683
vn -0.083344 -0.986562 -0.140531
vn 0.090191 -0.842131 -0.531678
vn 0.073625 -0.709289 -0.701062
vn 0.104612 -0.975353 -0.194274
vn -0.164023 -0.953763 0.251859
vn 0.106967 -0.971343 0.212255
vn 0.223885 -0.935034 -0.274930
vn 0.170418 -0.795878 -0.580979
vn 0.241624 -0.958542 0.151047
vn 0.086571 -0.910703 0.403887
vn 0.219694 -0.895337 0.387437
vn 0.267582 -0.959242 0.090851
vn 0.221436 -0.913320 -0.341778
vn 0.269256 -0.887527 0.373895
vn 0.189933 -0.869946 0.455105
vn 0.257339 -0.855013 0.450255
vn 0.306010 -0.889100 0.340382
vn 0.235658 -0.971793 0.009153
vn 0.314824 -0.843112 0.435946
vn 0.240352 -0.824840 0.511732
vn 0.306280 -0.814003 0.493550
vn 0.375106 -0.825615 0.421492
vn 0.314567 -0.909680 0.271163
vn 0.345868 -0.834777 0.428396
vn 0.154340 -0.954710 0.254376
vn 0.180048 -0.854166 0.487835
vn -0.043617 -0.949277 0.311402
vn 0.004148 -0.840362 0.542010
vn -0.172670 -0.919938 0.351994
vn -0.078847 -0.828680 0.554141
vn -0.220135 -0.899825 0.376638
vn 0.125983 -0.695070 0.707818
vn 0.062722 -0.707549 0.703876
vn -0.122273 -0.819789 0.559459
vn 0.201708 -0.618499 0.759455
vn 0.145298 -0.629229 0.763518
vn 0.007392 -0.714068 0.700037
vn 0.168138 -0.645465 0.745053
vn 0.100885 -0.697681 0.709270
vn 0.035536 -0.724687 0.688162
vn -0.045556 -0.730537 0.681352
vn -0.141945 -0.736426 0.661459
vn -0.234806 -0.766452 0.597843
vn -0.332178 -0.805144 0.491326
vn -0.447520 -0.826128 0.342401
vn -0.566158 -0.800545 0.196452
vn -0.636205 -0.768670 0.066246
vn -0.689614 -0.723190 -0.037794
vn -0.800486 -0.592969 -0.087233
vn -0.910282 -0.398926 -0.110653
vn -0.972637 -0.182826 -0.143358
vn -0.982513 -0.009849 -0.185932
vn -0.968451 0.055025 -0.243055
vn -0.156278 -0.809102 0.566508
vn -0.212712 -0.787636 0.578258
vn -0.333183 -0.836124 0.435759
vn -0.279871 -0.867516 0.411204
vn -0.384946 -0.802216 0.456361
vn -0.454976 -0.823964 0.337758
vn -0.407067 -0.864772 0.294051
vn -0.404741 -0.792229 0.456681
vn -0.480320 -0.800639 0.358149
vn -0.422370 -0.784664 0.453768
vn -0.503256 -0.786264 0.358500
vn -0.466413 -0.746635 0.474336
vn -0.554630 -0.745248 0.370122
vn -0.625573 -0.660338 0.415466
vn -0.706263 -0.631618 0.319768
vn -0.641227 -0.715308 0.277781
vn -0.682778 -0.545010 0.486599
vn -0.763986 -0.512806 0.391606
vn -0.702024 -0.411425 0.581285
vn -0.784876 -0.377793 0.491165
vn -0.667227 -0.346611 0.659294
vn -0.756787 -0.297695 0.581937
vn -0.542648 -0.435713 0.718114
vn -0.637295 -0.355551 0.683695
vn -0.719375 -0.300760 0.626134
vn -0.698236 -0.328032 0.636287
vn -0.770729 -0.273644 0.575409
vn -0.796620 -0.253485 0.548764
vn -0.757848 -0.298715 0.580030
vn -0.846266 -0.197054 0.494978
vn -0.858652 -0.183050 0.478759
vn -0.841948 -0.225922 0.489982
vn -0.927272 -0.082496 0.365186
vn -0.928753 -0.054741 0.366636
vn -0.932247 -0.132528 0.336677
vn -0.980750 0.029449 0.193032
vn -0.972969 0.069342 0.220279
vn -0.989222 -0.015451 0.145606
vn -0.990344 0.137696 0.016078
vn -0.982567 0.178282 0.052697
vn -0.995022 0.095959 -0.026898
vn -0.961168 0.233457 -0.147155
vn -0.952964 0.276925 -0.123173
vn -0.964580 0.200442 -0.171486
vn -0.914872 0.309477 -0.259294
vn -0.905581 0.336754 -0.257915
vn -0.916742 0.301565 -0.261997
vn -0.872172 0.381276 -0.306505
vn -0.873954 0.371659 -0.313169
vn -0.867180 0.383525 -0.317661
vn -0.754441 0.515116 -0.406786
vn -0.760766 0.519943 -0.388452
vn -0.746745 0.489854 -0.449906
vn -0.515215 0.659993 -0.546775
vn -0.531247 0.674929 -0.512101
vn -0.487246 0.658187 -0.573917
vn -0.196181 0.794901 -0.574147
vn -0.244551 0.783105 -0.571788
vn -0.181069 0.869327 -0.459875
vn 0.117144 0.917417 -0.380294
vn 0.083979 0.863121 -0.497965
vn 0.090347 0.987678 -0.127789
vn 0.233106 0.966698 -0.105628
vn 0.265301 0.914380 -0.305820
vn 0.197255 0.980219 0.016148
vn 0.204759 0.978698 0.014957
vn 0.227154 0.964688 -0.133337
vn 0.132344 0.990629 0.033759
vn 0.100434 0.982799 -0.154982
vn 0.191699 0.951758 0.239599
vn -0.035033 0.957435 0.286514
vn -0.062548 0.994211 0.087362
vn -0.048753 0.874713 0.482183
vn -0.375191 0.846590 0.377515
vn -0.315972 0.923936 0.215650
vn -0.407510 0.714909 0.568191
vn -0.540126 0.659482 0.522826
vn -0.497440 0.814651 0.298156
vn -0.418037 0.623217 0.660944
vn -0.525885 0.599389 0.603471
vn -0.542489 0.534785 0.647851
vn -0.447483 0.580916 0.679923
vn -0.447584 0.590315 0.671712
vn -0.496992 0.504795 0.705819
vn -0.390022 0.586119 0.710174
vn -0.300167 0.610202 0.733181
vn -0.168369 0.678843 0.714720
vn -0.101431 0.542182 0.834117
vn 0.276450 0.610565 0.742150
vn 0.107016 0.254333 0.961178
vn 0.376604 0.403905 0.833685
vn 0.021664 0.135372 0.990558
vn -0.164741 0.174066 0.970856
vn -0.064030 0.215671 0.974365
vn 0.069405 0.551447 0.831318
vn 0.012861 0.560020 0.828379
vn -0.147341 0.391623 0.908252
vn -0.164795 0.605631 0.778495
vn -0.019237 0.919525 0.392560
vn -0.337112 0.627238 0.702088
vn -0.297665 0.536645 0.789562
vn -0.230279 0.906744 0.353253
vn 0.109500 0.993207 0.039359
vn -0.024555 0.998300 0.052861
vn -0.402772 0.859117 0.315740
vn -0.481618 0.648340 0.589661
vn -0.211216 0.971738 0.105418
vn 0.020404 0.993324 0.113543
vn -0.126928 0.987152 0.097060
vn -0.378611 0.916106 0.131926
vn -0.288670 0.955222 0.064965
vn -0.119227 0.992847 -0.006362
vn -0.243961 0.965609 -0.089899
vn -0.276340 0.957330 0.084594
vn -0.235610 0.964400 -0.120082
vn -0.233517 0.931900 -0.277548
vn -0.200936 0.932118 -0.301298
vn -0.090359 0.986299 -0.138024
vn -0.095932 0.948077 -0.303229
vn -0.185727 0.906725 -0.378622
vn -0.099490 0.919890 -0.379348
vn 0.081541 0.951747 -0.295852
vn 0.062456 0.924439 -0.376181
vn -0.112652 0.900089 -0.420892
vn 0.039813 0.903804 -0.426091
vn 0.224843 0.902357 -0.367692
vn 0.241226 0.928199 -0.283295
vn 0.205713 0.885480 -0.416663
vn 0.020153 0.884052 -0.466955
vn 0.191668 0.866657 -0.460619
vn 0.192945 0.873478 -0.447000
vn 0.236765 0.882674 -0.405992
vn 0.164065 0.858474 -0.485907
vn 0.180810 0.847622 -0.498843
vn 0.139487 0.843075 -0.519392
vn -0.043929 0.843739 -0.534953
vn 0.013546 0.852946 -0.521823
vn -0.084941 0.833054 -0.546632
vn 0.112306 0.834091 -0.540074
vn -0.117304 0.823998 -0.554317
vn -0.321262 0.778310 -0.539466
vn -0.289205 0.781258 -0.553170
vn -0.343575 0.772376 -0.534221
vn -0.142408 0.813657 -0.563633
vn -0.364795 0.758213 -0.540406
vn -0.560599 0.671367 -0.484762
vn -0.542920 0.682400 -0.489457
vn -0.593043 0.638644 -0.490341
vn -0.392758 0.729881 -0.559477
vn -0.631312 0.596873 -0.495165
vn -0.785251 0.471498 -0.401335
vn -0.772784 0.499215 -0.391905
vn -0.789175 0.462730 -0.403836
vn -0.656803 0.569115 -0.494690
vn -0.778087 0.484141 -0.400236
vn -0.847875 0.414370 -0.330766
vn -0.866360 0.379342 -0.324838
vn -0.820503 0.468290 -0.327839
vn -0.750709 0.529306 -0.395312
vn -0.789149 0.525307 -0.318271
vn -0.872814 0.429308 -0.232145
vn -0.890470 0.380182 -0.250050
vn -0.857216 0.470313 -0.209729
vn -0.762654 0.569727 -0.306220
vn -0.850443 0.490118 -0.191132
vn -0.934420 0.349917 -0.066459
vn -0.942762 0.319767 -0.094601
vn -0.932051 0.358831 -0.050223
vn -0.855839 0.483902 -0.182700
vn -0.936967 0.345651 -0.051178
vn -0.970774 0.223517 0.087397
vn -0.974587 0.209434 0.079490
vn -0.973595 0.215641 0.074910
vn -0.946988 0.313468 -0.070374
vn -0.981660 0.184915 0.046368
vn -0.974949 0.087270 0.204591
vn -0.970488 0.090969 0.223334
vn -0.983681 0.056831 0.170713
vn -0.991442 0.130453 0.005002
vn -0.992332 -0.000455 0.123604
vn -0.948905 -0.072109 0.307214
vn -0.936963 -0.051987 0.345540
vn -0.960659 -0.117348 0.251720
vn -0.994737 -0.080341 0.063594
vn -0.965027 -0.192599 0.177844
vn -0.903968 -0.202425 0.376650
vn -0.879048 -0.181037 0.441021
vn -0.917148 -0.275849 0.287659
vn -0.900764 -0.384929 0.201130
vn -0.837175 -0.459586 0.296511
vn -0.857200 -0.334930 0.391191
vn -0.951521 -0.290166 0.102037
vn -0.833918 -0.257032 0.488380
vn -0.918499 -0.393148 0.042353
vn -0.856221 -0.498184 0.136744
vn -0.985020 -0.172440 0.000772
vn -0.961652 -0.268663 -0.055182
vn -0.994704 -0.035328 -0.096519
vn -0.979996 -0.129813 -0.150855
vn -0.997521 0.054621 -0.044369
vn -0.968198 0.202482 -0.146950
vn -0.972946 0.123022 -0.195555
vn -0.958285 0.266000 -0.104566
vn -0.887671 0.409495 -0.210605
vn -0.901563 0.354938 -0.247394
vn -0.870596 0.454569 -0.188227
vn -0.759019 0.581916 -0.292002
vn -0.779938 0.548346 -0.301686
vn -0.751378 0.589637 -0.296243
vn -0.675745 0.632164 -0.379126
vn -0.655554 0.657853 -0.370780
vn -0.711914 0.584872 -0.388719
vn -0.640122 0.598173 -0.482113
vn -0.604610 0.645975 -0.466007
vn -0.659973 0.568693 -0.490941
vn -0.458141 0.664253 -0.590656
vn -0.477667 0.655451 -0.584994
vn -0.426860 0.693789 -0.580041
vn -0.193227 0.771554 -0.606109
vn -0.234564 0.744755 -0.624756
vn -0.164255 0.796020 -0.582557
vn 0.043191 0.819474 -0.571487
vn -0.002036 0.808192 -0.588915
vn 0.080199 0.827881 -0.555142
vn 0.162096 0.829324 -0.534740
vn 0.141906 0.827334 -0.543490
vn 0.172092 0.835379 -0.522040
vn 0.006739 0.851484 -0.524337
vn 0.008398 0.845383 -0.534094
vn 0.009103 0.864929 -0.501813
vn -0.156019 0.859602 -0.486562
vn -0.180332 0.843261 -0.506351
vn -0.131934 0.879456 -0.457329
vn -0.195417 0.878442 -0.436064
vn -0.225088 0.860728 -0.456599
vn -0.182517 0.893287 -0.410763
vn -0.266436 0.879778 -0.393703
vn -0.290763 0.865503 -0.407875
vn -0.246087 0.896566 -0.368255
vn -0.142939 0.927134 -0.346396
vn -0.174793 0.911331 -0.372725
vn -0.126078 0.966621 -0.223044
vn 0.060233 0.983305 -0.171708
vn 0.095509 0.936992 -0.336043
vn 0.019902 0.996855 0.076709
vn 0.103610 0.988616 0.109099
vn 0.192998 0.969283 -0.152451
vn 0.096180 0.990709 0.096153
vn 0.181846 0.971477 0.152201
vn 0.168658 0.980000 0.105616
vn 0.216503 0.937457 0.272582
vn 0.177469 0.981342 0.073974
vn 0.019365 0.998342 0.054202
vn -0.089125 0.991680 0.092884
vn -0.166245 0.973930 -0.154347
vn -0.008669 0.985710 -0.168226
vn 0.192997 0.967955 -0.160673
vn -0.030608 0.957617 -0.286414
vn 0.163602 0.937665 -0.306626
vn 0.246890 0.957715 -0.147738
vn 0.264771 0.904181 -0.335191
vn 0.103957 0.917235 -0.384542
vn 0.249118 0.879999 -0.404404
vn 0.249966 0.905920 -0.341799
vn 0.291724 0.876402 -0.383167
vn 0.249703 0.874472 -0.415870
vn 0.337480 0.857437 -0.388470
vn 0.114589 0.923812 -0.365295
vn 0.125757 0.914194 -0.385272
vn 0.362015 0.844353 -0.394985
vn 0.121092 0.899590 -0.419613
vn -0.208960 0.896071 -0.391654
vn -0.229465 0.876788 -0.422597
vn 0.102065 0.885938 -0.452434
vn -0.239140 0.859842 -0.451092
vn -0.309677 0.850053 -0.426041
vn -0.320496 0.834820 -0.447614
vn -0.248360 0.844407 -0.474652
vn -0.327104 0.819114 -0.471228
vn -0.260182 0.840818 -0.474690
vn -0.287986 0.822641 -0.490230
vn -0.330493 0.806353 -0.490480
vn -0.302184 0.811466 -0.500207
vn -0.196982 0.833215 -0.516674
vn -0.201393 0.830833 -0.518804
vn -0.303949 0.808553 -0.503843
vn -0.195103 0.833548 -0.516849
vn 0.011209 0.844964 -0.534706
vn 0.008454 0.846424 -0.532443
vn -0.186364 0.838375 -0.512246
vn -0.007714 0.847231 -0.531169
vn 0.104737 0.826956 -0.552426
vn 0.050542 0.824920 -0.562985
vn -0.039023 0.846294 -0.531286
vn -0.016233 0.819515 -0.572829
vn -0.057644 0.794044 -0.605120
vn -0.120250 0.778191 -0.616408
vn -0.088299 0.810220 -0.579437
vn -0.181318 0.764844 -0.618173
vn -0.281418 0.723010 -0.630920
vn -0.317274 0.717676 -0.619902
vn -0.226824 0.760246 -0.608750
vn -0.328895 0.732638 -0.595878
vn -0.476005 0.675475 -0.563162
vn -0.454600 0.711635 -0.535644
vn -0.322190 0.756718 -0.568834
vn -0.429314 0.743122 -0.513282
vn -0.566957 0.690428 -0.449298
vn -0.541241 0.715255 -0.442118
vn -0.410363 0.756426 -0.509334
vn -0.532237 0.713362 -0.455893
vn -0.657041 0.654874 -0.373412
vn -0.674430 0.622629 -0.396834
vn -0.536869 0.686173 -0.490855
vn -0.693030 0.569794 -0.441638
vn -0.802731 0.496283 -0.330646
vn -0.815915 0.436512 -0.379131
vn -0.814228 0.375209 -0.443002
vn -0.907305 0.217672 -0.359745
vn -0.909509 0.290639 -0.297191
vn -0.698624 0.510842 -0.500964
vn -0.686193 0.455936 -0.566799
vn -0.797161 0.313435 -0.516037
vn -0.542062 0.643209 -0.540787
vn -0.534618 0.598951 -0.596189
vn -0.398566 0.728999 -0.556512
vn -0.388627 0.702133 -0.596640
vn -0.401798 0.750246 -0.525062
vn -0.302485 0.776818 -0.552320
vn -0.298558 0.768876 -0.565413
vn -0.310178 0.773496 -0.552715
vn -0.249992 0.777938 -0.576469
vn -0.244239 0.783954 -0.570757
vn -0.248099 0.767197 -0.591486
vn -0.204352 0.788333 -0.580319
vn -0.229717 0.783378 -0.577537
vn -0.155165 0.798418 -0.581767
vn -0.131906 0.831283 -0.539971
vn -0.179445 0.816137 -0.549290
vn -0.082461 0.841368 -0.534135
vn -0.180414 0.843851 -0.505338
vn -0.188001 0.839663 -0.509531
vn -0.180642 0.842767 -0.507063
vn -0.287005 0.818923 -0.496985
vn -0.274636 0.824630 -0.494530
vn -0.297671 0.812255 -0.501631
vn -0.319397 0.801643 -0.505325
vn -0.307964 0.807921 -0.502416
vn -0.327981 0.799952 -0.502499
vn -0.281417 0.814299 -0.507663
vn -0.291412 0.806740 -0.514052
vn -0.264004 0.828995 -0.493021
vn 0.032455 0.869459 -0.492938
vn -0.015550 0.858339 -0.512848
vn 0.073121 0.876714 -0.475421
vn 0.347554 0.832136 -0.432153
vn 0.326308 0.832290 -0.448126
vn 0.361871 0.835747 -0.413010
vn 0.255103 0.872865 -0.415967
vn 0.253178 0.866080 -0.431053
vn 0.254858 0.876026 -0.409422
vn 0.030398 0.912510 -0.407924
vn 0.018765 0.909586 -0.415091
vn 0.056156 0.911289 -0.407921
vn -0.060842 0.919445 -0.388484
vn -0.058492 0.914377 -0.400618
vn -0.050295 0.933369 -0.355376
vn -0.197065 0.917432 -0.345665
vn -0.191150 0.902799 -0.385248
vn -0.193089 0.940492 -0.279628
vn -0.168969 0.948221 -0.268937
vn -0.194854 0.920615 -0.338379
vn -0.116561 0.983525 -0.138177
vn 0.148748 0.980198 -0.130713
vn 0.119403 0.958493 -0.258909
vn -0.010470 0.994137 0.107619
vn 0.193063 0.975814 0.102537
vn 0.068882 0.950143 0.304112
vn 0.235143 0.930997 0.279201
vn 0.060943 0.959810 0.273954
vn 0.259684 0.943979 0.203639
vn 0.091926 0.963469 0.251550
vn 0.322506 0.920738 0.219619
vn 0.189928 0.769504 0.609746
vn 0.422596 0.718531 0.552381
vn 0.059346 0.776502 0.627314
vn 0.086973 0.729883 0.678017
vn 0.384848 0.729835 0.565007
vn 0.364133 0.782515 0.505052
vn 0.316445 0.820623 0.475858
vn 0.397712 0.859284 0.321645
vn 0.468364 0.766702 0.439094
vn 0.601646 0.739183 0.302706
vn 0.512794 0.768541 0.382605
vn 0.631346 0.649278 0.424076
vn 0.481370 0.548508 0.683682
vn 0.586083 0.492424 0.643448
vn 0.407626 0.691809 0.596021
vn 0.471432 0.752862 0.459293
vn 0.407177 0.519235 0.751400
vn 0.489357 0.241757 0.837904
vn 0.391947 0.303459 0.868499
vn 0.312390 0.495800 0.810305
vn 0.229291 0.596244 0.769362
vn 0.310015 0.382096 0.870571
vn 0.307791 0.077641 0.948281
vn 0.295222 0.175326 0.939204
vn 0.347379 0.460743 0.816728
vn 0.349480 0.498456 0.793351
vn 0.360171 0.265122 0.894420
vn 0.287670 -0.071504 0.955057
vn 0.385927 -0.073863 0.919568
vn 0.440917 0.365586 0.819719
vn 0.407507 0.502634 0.762428
vn 0.497613 -0.045090 0.866226
vn 0.413806 -0.389663 0.822756
vn 0.492826 -0.483280 0.723577
vn 0.631760 -0.004068 0.775153
vn 0.457154 0.384396 0.802029
vn 0.673050 -0.454604 0.583385
vn 0.472108 -0.685284 0.554527
vn 0.617491 -0.656587 0.433126
vn 0.830823 -0.284199 0.478501
vn 0.713856 0.038793 0.699217
vn 0.803864 -0.498638 0.324289
vn 0.580896 -0.726522 0.367051
vn 0.759761 -0.605475 0.236988
vn 0.962362 -0.200160 0.183835
vn 0.923195 0.007323 0.384263
vn 0.928761 -0.366807 0.053436
vn 0.737806 -0.649875 0.182497
vn 0.894221 -0.447623 -0.001631
vn 0.990160 -0.029539 -0.136787
vn 0.988949 0.148260 -0.000242
vn 0.973463 -0.150413 -0.172468
vn 0.884098 -0.467284 0.003995
vn 0.968185 -0.205992 -0.142078
vn 0.942229 0.156427 -0.296202
vn 0.929561 0.243432 -0.276869
vn 0.955579 0.094255 -0.279256
vn 0.969740 -0.222623 -0.100218
vn 0.966556 0.059862 -0.249370
vn 0.859428 0.341977 -0.380047
vn 0.851602 0.354657 -0.385996
vn 0.882242 0.315277 -0.349643
vn 0.979288 0.064761 -0.191838
vn 0.911328 0.298226 -0.283799
vn 0.789981 0.478684 -0.383133
vn 0.770789 0.474528 -0.425098
vn 0.814728 0.477459 -0.329014
vn 0.933131 0.281574 -0.223568
vn 0.835173 0.465549 -0.292832
vn 0.776264 0.532034 -0.338164
vn 0.775412 0.511775 -0.369896
vn 0.769944 0.545930 -0.330375
vn 0.849882 0.450794 -0.272920
vn 0.762999 0.551960 -0.336412
vn 0.711142 0.595165 -0.374241
vn 0.720474 0.585289 -0.371960
vn 0.691013 0.604785 -0.395899
vn 0.754389 0.561888 -0.339381
vn 0.660750 0.624311 -0.416707
vn 0.489195 0.722199 -0.488995
vn 0.479460 0.746568 -0.461253
vn 0.488152 0.712470 -0.504077
vn 0.632554 0.634856 -0.443659
vn 0.488682 0.707970 -0.509871
vn 0.223508 0.812392 -0.538575
vn 0.170100 0.835037 -0.523239
vn 0.271358 0.799009 -0.536609
vn 0.498882 0.693660 -0.519570
vn 0.310870 0.787136 -0.532707
vn 0.164579 0.845137 -0.508583
vn 0.110447 0.855614 -0.505694
vn 0.213232 0.835009 -0.507240
vn 0.352516 0.771565 -0.529548
vn 0.256825 0.824760 -0.503797
vn 0.227985 0.848311 -0.477903
vn 0.197866 0.856558 -0.476610
vn 0.253959 0.840794 -0.478090
vn 0.296443 0.812379 -0.502157
vn 0.270612 0.832018 -0.484268
vn 0.294843 0.832093 -0.469774
vn 0.295065 0.836737 -0.461312
vn 0.280089 0.826556 -0.488217
vn 0.275092 0.817566 -0.505877
vn 0.254508 0.816826 -0.517707
vn 0.274504 0.810891 -0.516821
vn 0.320097 0.812367 -0.487440
vn 0.227452 0.806733 -0.545388
vn 0.229448 0.803740 -0.548959
vn 0.191927 0.799644 -0.568976
vn 0.178285 0.797881 -0.575847
vn 0.226199 0.797222 -0.559706
vn 0.148303 0.795286 -0.587815
vn 0.170749 0.791470 -0.586874
vn 0.130438 0.791425 -0.597187
vn 0.098220 0.793827 -0.600160
vn 0.114169 0.795777 -0.594731
vn 0.084757 0.791729 -0.604964
vn 0.123045 0.793959 -0.595390
vn 0.078254 0.800143 -0.594682
vn 0.044293 0.791971 -0.608950
vn 0.051042 0.794354 -0.605307
vn 0.041379 0.804598 -0.592377
vn 0.083829 0.808769 -0.582121
vn 0.048380 0.819298 -0.571323
vn 0.017644 0.807326 -0.589841
vn 0.017958 0.792682 -0.609371
vn 0.023835 0.827751 -0.560590
vn 0.065733 0.807151 -0.586675
vn 0.039269 0.819834 -0.571254
vn 0.002832 0.833216 -0.552940
vn 0.001212 0.809025 -0.587774
vn 0.008839 0.829740 -0.558080
vn 0.056114 0.714143 -0.697747
vn 0.018685 0.724212 -0.689324
vn -0.031630 0.835077 -0.549224
vn -0.023795 0.834522 -0.550461
vn -0.036389 0.733472 -0.678745
vn 0.028426 0.571184 -0.820330
vn -0.039232 0.584167 -0.810685
vn -0.107381 0.742630 -0.661037
vn -0.087034 0.835251 -0.542938
vn -0.122589 0.596564 -0.793148
vn -0.038554 0.471841 -0.880840
vn -0.145971 0.480019 -0.865029
vn -0.204969 0.612755 -0.763229
vn -0.180147 0.754772 -0.630767
vn -0.253389 0.471484 -0.844688
vn -0.166490 0.250580 -0.953672
vn -0.323847 0.242709 -0.914448
vn -0.345370 0.463449 -0.816048
vn -0.282457 0.636724 -0.717496
vn -0.438012 0.228986 -0.869316
vn -0.324080 -0.142722 -0.935202
vn -0.478985 -0.094580 -0.872713
vn -0.500290 0.220162 -0.837400
vn -0.415245 0.471265 -0.778127
vn -0.533339 -0.056815 -0.843992
vn -0.415981 -0.378290 -0.826956
vn -0.490189 -0.316557 -0.812100
vn -0.549550 -0.018552 -0.835255
vn -0.532410 0.230672 -0.814451
vn -0.524113 -0.261864 -0.810391
vn -0.419447 -0.518684 -0.745004
vn -0.480385 -0.486650 -0.729659
vn -0.580068 -0.208678 -0.787385
vn -0.575080 0.030704 -0.817521
vn -0.564125 -0.450669 -0.691853
vn -0.441404 -0.668910 -0.598099
vn -0.529046 -0.645390 -0.550983
vn -0.663355 -0.397348 -0.634094
vn -0.655678 -0.151697 -0.739645
vn -0.632079 -0.594625 -0.496888
vn -0.495445 -0.752593 -0.433749
vn -0.592077 -0.711614 -0.378219
vn -0.740532 -0.516100 -0.430410
vn -0.761246 -0.324682 -0.561326
vn -0.699485 -0.645991 -0.305642
vn -0.565682 -0.778821 -0.271002
vn -0.663393 -0.725047 -0.184980
vn -0.794344 -0.561556 -0.231673
vn -0.834542 -0.421095 -0.355272
vn -0.743469 -0.660162 -0.106953
vn -0.625609 -0.778574 -0.049353
vn -0.691294 -0.722375 0.016915
vn -0.809823 -0.584657 -0.048608
vn -0.869075 -0.465902 -0.166264
vn -0.741122 -0.668521 0.061799
vn -0.628646 -0.765096 0.139404
vn -0.670335 -0.724799 0.159115
vn -0.797895 -0.595188 0.095475
vn -0.869538 -0.493858 -0.002878
vn -0.723909 -0.665281 0.182639
vn -0.588533 -0.765363 0.260477
vn -0.785300 -0.576182 0.226534
vn -0.554188 -0.792443 0.254775
vn -0.505497 -0.832377 0.227206
vn -0.567196 -0.817637 0.098784
vn -0.485467 -0.873100 0.044932
vn -0.442733 -0.878575 0.179145
vn -0.535429 -0.835195 -0.125561
vn -0.461620 -0.866171 -0.191457
vn -0.429342 -0.903119 -0.006420
vn -0.479659 -0.808977 -0.339828
vn -0.419630 -0.817962 -0.393509
vn -0.417546 -0.873880 -0.248977
vn -0.420209 -0.770063 -0.480029
vn -0.354029 -0.769345 -0.531764
vn -0.366644 -0.814498 -0.449627
vn -0.369448 -0.673626 -0.640107
vn -0.289507 -0.672790 -0.680837
vn -0.279919 -0.755527 -0.592304
vn -0.336546 -0.552937 -0.762232
vn -0.181450 -0.570887 -0.800727
vn -0.165337 -0.662646 -0.730454
vn -0.240726 -0.436431 -0.866936
vn -0.046454 -0.478566 -0.876822
vn -0.007030 -0.572577 -0.819821
vn -0.126313 -0.183557 -0.974860
vn 0.015240 -0.231148 -0.972799
vn 0.057381 -0.514148 -0.855780
vn -0.022388 0.227377 -0.973550
vn 0.067662 0.177225 -0.981842
vn 0.077174 -0.276855 -0.957808
vn 0.043867 0.446075 -0.893920
vn 0.089923 0.411980 -0.906745
vn 0.109583 0.120625 -0.986631
vn 0.069966 0.555936 -0.828275
vn 0.089850 0.542158 -0.835459
vn 0.108211 0.374564 -0.920865
vn 0.080856 0.705650 -0.703932
vn 0.106777 0.700424 -0.705695
vn 0.107013 0.531585 -0.840218
vn 0.098549 0.793576 -0.600438
vn 0.140582 0.780101 -0.609655
vn 0.142502 0.698518 -0.701260
vn 0.128469 0.796077 -0.591403
vn 0.172011 0.781659 -0.599517
vn 0.185194 0.766347 -0.615155
vn 0.164279 0.786639 -0.595157
vn 0.206666 0.777704 -0.593688
vn 0.214799 0.765269 -0.606815
vn 0.212553 0.789948 -0.575156
vn 0.271389 0.779260 -0.564891
vn 0.272337 0.761051 -0.588756
vn 0.273197 0.798243 -0.536816
vn 0.353483 0.767532 -0.534738
vn 0.369684 0.744941 -0.555335
vn 0.329201 0.792695 -0.513090
vn 0.449536 0.721718 -0.526347
vn 0.490992 0.690676 -0.530937
vn 0.400690 0.750426 -0.525650
vn 0.559043 0.642569 -0.524000
vn 0.592999 0.613850 -0.521096
vn 0.524872 0.669717 -0.525346
vn 0.629948 0.586382 -0.509236
vn 0.654473 0.553195 -0.515403
vn 0.620702 0.618540 -0.481805
vn 0.739106 0.538299 -0.404916
vn 0.734510 0.501993 -0.456617
vn 0.745905 0.561261 -0.358625
vn 0.860780 0.440844 -0.254391
vn 0.868609 0.405078 -0.285358
vn 0.856198 0.451849 -0.250514
vn 0.950876 0.277691 -0.136829
vn 0.954129 0.269873 -0.129638
vn 0.945736 0.269900 -0.180933
vn 0.992378 0.080325 -0.093453
vn 0.997001 0.066914 -0.038870
vn 0.987713 0.079774 -0.134383
vn 0.983099 -0.182312 0.016697
vn 0.981289 -0.187895 0.042050
vn 0.977545 -0.206340 -0.042771
vn 0.873535 -0.477200 0.096005
vn 0.861903 -0.478103 0.168942
vn 0.877928 -0.477584 0.034015
vn 0.715898 -0.683556 0.142271
vn 0.705498 -0.686147 0.177412
vn 0.727599 -0.669182 0.150980
vn 0.539132 -0.798100 0.269023
vn 0.532877 -0.812726 0.235624
vn 0.556567 -0.767825 0.317298
vn 0.434680 -0.817655 0.377483
vn 0.424753 -0.843969 0.327570
vn 0.452900 -0.770476 0.448608
vn 0.390223 -0.781295 0.487139
vn 0.374058 -0.832921 0.407828
vn 0.419545 -0.639638 0.644085
vn 0.295886 -0.618317 0.728104
vn 0.302705 -0.791489 0.530957
vn 0.289726 -0.320601 0.901817
vn 0.127673 -0.323853 0.937453
vn 0.100563 -0.573818 0.812785
vn 0.205910 -0.124175 0.970661
vn 0.214382 -0.229802 0.949332
vn 0.099952 -0.367929 0.924466
vn 0.358300 -0.020865 0.933373
vn 0.292841 0.024671 0.955843
vn 0.180610 -0.235592 0.954922
vn 0.393904 0.276378 0.876616
vn 0.156741 0.391157 0.906879
vn 0.110361 0.150104 0.982491
vn -0.085949 -0.037524 0.995593
vn 0.061905 -0.137063 0.988626
vn -0.192931 0.027469 0.980828
vn -0.107551 -0.261877 0.959090
vn -0.063954 -0.326762 0.942940
vn 0.019739 -0.380595 0.924531
vn -0.023256 -0.465817 0.884576
vn 0.007160 -0.490903 0.871185
vn 0.083122 -0.402789 0.911511
vn 0.024059 -0.498740 0.866418
vn -0.001127 -0.607864 0.794040
vn -0.003739 -0.641615 0.767018
vn 0.030759 -0.515718 0.856206
vn 0.019397 -0.697512 0.716310
vn 0.004874 -0.794547 0.607183
vn 0.052663 -0.830727 0.554184
vn 0.138231 -0.767274 0.626245
vn 0.188752 -0.845749 0.499081
vn 0.081856 -0.901985 0.423937
vn 0.202943 -0.892864 0.402005
vn 0.316006 -0.838143 0.444585
vn 0.316696 -0.867981 0.382507
vn 0.190983 -0.926900 0.323083
vn 0.295390 -0.900897 0.318008
vn 0.373925 -0.855224 0.358847
vn 0.365371 -0.877810 0.309763
vn 0.277401 -0.916369 0.288646
vn 0.350143 -0.892448 0.284495
vn 0.423402 -0.858923 0.288065
vn 0.424828 -0.864067 0.270017
vn 0.339643 -0.892039 0.298177
vn 0.430946 -0.855342 0.287534
vn 0.537261 -0.810769 0.232390
vn 0.541221 -0.798264 0.264300
vn 0.444981 -0.829965 0.336379
vn 0.546411 -0.778319 0.309281
vn 0.683320 -0.690051 0.238546
vn 0.654266 -0.700486 0.285055
vn 0.552893 -0.757466 0.347209
vn 0.641113 -0.700041 0.314509
vn 0.837204 -0.506968 0.205117
vn 0.815517 -0.534925 0.220879
vn 0.645424 -0.680745 0.346430
vn 0.806640 -0.534279 0.252740
vn 0.972067 -0.223239 0.072463
vn 0.955707 -0.265919 0.126140
vn 0.803184 -0.520346 0.290062
vn 0.935790 -0.312366 0.163479
vn 0.999622 0.026953 0.005467
vn 0.999313 -0.036431 0.006824
vn 0.923813 -0.335717 0.184020
vn 0.995089 -0.098893 0.004197
vn 0.960994 0.227016 -0.157970
vn 0.969373 0.163900 -0.182902
vn 0.990013 -0.140757 0.007864
vn 0.972481 0.095672 -0.212432
vn 0.871529 0.358873 -0.334138
vn 0.871196 0.302089 -0.386989
vn 0.970902 0.048427 -0.234531
vn 0.877263 0.249167 -0.410274
vn 0.743018 0.458434 -0.487609
vn 0.769915 0.408490 -0.490271
vn 0.892021 0.218213 -0.395831
vn 0.803027 0.366667 -0.469791
vn 0.685069 0.518966 -0.511229
vn 0.716386 0.486066 -0.500530
vn 0.832112 0.342200 -0.436450
vn 0.746347 0.463444 -0.477688
vn 0.624579 0.585782 -0.516488
vn 0.652569 0.565469 -0.504380
vn 0.773827 0.444513 -0.451220
vn 0.672958 0.551765 -0.492629
vn 0.519759 0.666973 -0.533852
vn 0.534820 0.649556 -0.540411
vn 0.687742 0.528750 -0.497428
vn 0.541348 0.630282 -0.556495
vn 0.379785 0.724152 -0.575645
vn 0.388362 0.701794 -0.597210
vn 0.555747 0.584379 -0.591310
vn 0.409728 0.666264 -0.623069
vn 0.280769 0.741688 -0.609153
vn 0.303630 0.717115 -0.627339
vn 0.457190 0.545218 -0.702648
vn 0.351146 0.618458 -0.702998
vn 0.233583 0.747955 -0.621290
vn 0.263837 0.668770 -0.695081
vn 0.398708 0.392946 -0.828629
vn 0.298820 0.459425 -0.836442
vn 0.193161 0.692967 -0.694612
vn 0.200802 0.502424 -0.840981
vn 0.312876 0.157080 -0.936715
vn 0.220441 0.220540 -0.950141
vn 0.137450 0.522181 -0.841685
vn 0.154791 0.280110 -0.947406
vn 0.216316 -0.131657 -0.967406
vn 0.167011 -0.070808 -0.983409
vn 0.123032 0.331950 -0.935239
vn 0.137311 -0.003707 -0.990521
vn 0.126391 -0.423046 -0.897250
vn 0.107781 -0.390565 -0.914244
vn 0.124137 0.061100 -0.990382
vn 0.101644 -0.354253 -0.929609
vn 0.068162 -0.585417 -0.807862
vn 0.070102 -0.578142 -0.812919
vn 0.097300 -0.316280 -0.943663
vn 0.079314 -0.564795 -0.821411
vn 0.059330 -0.649385 -0.758142
vn 0.087293 -0.635245 -0.767362
vn 0.083052 -0.543672 -0.835179
vn 0.108736 -0.609680 -0.785154
vn 0.109570 -0.662124 -0.741341
vn 0.143201 -0.635311 -0.758863
vn 0.091598 -0.583590 -0.806866
vn 0.113497 -0.621919 -0.774814
vn 0.165443 -0.636180 -0.753594
vn 0.105340 -0.655069 -0.748190
vn -0.004942 -0.638590 -0.769531
vn -0.031080 -0.700059 -0.713408
vn 0.062026 -0.677695 -0.732722
vn -0.079067 -0.734330 -0.674171
vn -0.174031 -0.734961 -0.655397
vn -0.206934 -0.774385 -0.597919
vn -0.129060 -0.781676 -0.610186
vn -0.243664 -0.825854 -0.508520
vn -0.302540 -0.799728 -0.518561
vn -0.322789 -0.860021 -0.395184
vn -0.261046 -0.905114 -0.335595
vn -0.323832 -0.925629 -0.195814
vn -0.376527 -0.872626 -0.311051
vn -0.365994 -0.923776 -0.112630
vn -0.316399 -0.948344 -0.023122
vn -0.348534 -0.936198 0.045365
vn -0.397196 -0.915965 -0.056947
vn -0.375078 -0.922465 0.091512
vn -0.310525 -0.930876 0.192469
vn -0.337463 -0.913601 0.226830
vn -0.402189 -0.905678 0.134134
vn -0.364957 -0.895191 0.255810
vn -0.250680 -0.883726 0.395206
vn -0.278837 -0.949208 0.145787
vn -0.217932 -0.973356 0.071300
vn -0.264582 -0.955115 -0.133235
vn -0.162304 -0.947889 -0.274159
vn -0.081126 -0.996317 -0.027757
vn -0.160219 -0.867555 -0.470828
vn -0.028580 -0.824707 -0.564837
vn -0.012404 -0.928120 -0.372073
vn 0.008425 -0.725148 -0.688542
vn 0.121211 -0.669283 -0.733054
vn 0.094903 -0.782104 -0.615879
vn 0.155638 -0.628394 -0.762166
vn 0.152293 -0.617580 -0.771623
vn 0.156550 -0.646470 -0.746705
vn 0.136365 -0.650488 -0.747175
vn 0.071278 -0.666283 -0.742284
vn 0.095662 -0.634367 -0.767091
vn 0.059666 -0.677146 -0.733426
vn 0.027694 -0.676233 -0.736167
vn 0.025055 -0.670831 -0.741187
vn 0.043949 -0.651941 -0.756995
vn 0.048498 -0.648769 -0.759439
vn 0.026662 -0.669090 -0.742703
vn 0.078496 -0.591031 -0.802820
vn 0.102872 -0.599420 -0.793797
vn 0.072286 -0.646335 -0.759623
vn 0.157801 -0.451396 -0.878260
vn 0.195919 -0.481858 -0.854066
vn 0.137037 -0.609781 -0.780633
vn 0.277068 -0.187809 -0.942317
vn 0.337237 -0.246521 -0.908570
vn 0.235010 -0.515047 -0.824316
vn 0.400692 0.092954 -0.911485
vn 0.483951 0.018246 -0.874905
vn 0.392828 -0.314800 -0.864053
vn 0.497136 0.313366 -0.809109
vn 0.606680 0.222752 -0.763100
vn 0.563096 -0.069863 -0.823433
vn 0.589910 0.448775 -0.671273
vn 0.719219 0.337768 -0.607154
vn 0.703995 0.127269 -0.698708
vn 0.704363 0.469285 -0.532583
vn 0.816636 0.337604 -0.468113
vn 0.817379 0.220797 -0.532109
vn 0.798208 0.407855 -0.443304
vn 0.877202 0.276661 -0.392397
vn 0.889707 0.206881 -0.406966
vn 0.856775 0.319150 -0.405068
vn 0.924814 0.175164 -0.337694
vn 0.938185 0.128942 -0.321220
vn 0.908838 0.201310 -0.365360
vn 0.975060 0.012724 -0.221575
vn 0.978467 -0.022587 -0.205164
vn 0.971782 0.030155 -0.233945
vn 0.984592 -0.174853 -0.002175
vn 0.978699 -0.204960 -0.011809
vn 0.986735 -0.162250 0.005413
vn 0.920636 -0.325745 0.215221
vn 0.915302 -0.344354 0.208908
vn 0.920994 -0.331248 0.205051
vn 0.805158 -0.470183 0.361454
vn 0.800683 -0.459838 0.383999
vn 0.803953 -0.497729 0.325463
vn 0.654828 -0.617744 0.435423
vn 0.650342 -0.585766 0.483666
vn 0.652411 -0.651617 0.386983
vn 0.538268 -0.726074 0.427884
vn 0.525042 -0.695895 0.489961
vn 0.550454 -0.742817 0.381082
vn 0.459576 -0.792849 0.400225
vn 0.446331 -0.781056 0.436739
vn 0.459050 -0.803713 0.378574
vn 0.340776 -0.845722 0.410642
vn 0.349739 -0.831867 0.430906
vn 0.335404 -0.874591 0.350134
vn 0.271946 -0.900211 0.340097
vn 0.264524 -0.872193 0.411467
vn 0.274084 -0.913997 0.299144
vn 0.190078 -0.932744 0.306365
vn 0.192967 -0.921958 0.335795
vn 0.185907 -0.936601 0.297012
vn 0.112164 -0.945085 0.306974
vn 0.115311 -0.943679 0.310119
vn 0.099505 -0.935815 0.338155
vn 0.067699 -0.928566 0.364942
vn 0.081533 -0.945652 0.314795
vn 0.037443 -0.886538 0.461139
vn 0.011753 -0.865807 0.500240
vn 0.035498 -0.918312 0.394262
vn -0.002142 -0.760772 0.649016
vn 0.004483 -0.738513 0.674224
vn 0.003781 -0.849445 0.527664
vn 0.004413 -0.579276 0.815120
vn 0.027700 -0.548022 0.836005
vn 0.042376 -0.719452 0.693248
vn -0.023247 -0.421478 0.906541
vn 0.028609 -0.365695 0.930295
vn 0.068810 -0.518304 0.852424
vn -0.058399 -0.169367 0.983821
vn 0.031051 -0.086392 0.995777
vn 0.065652 -0.320262 0.945051
vn -0.173730 0.102219 0.979474
vn -0.021749 0.184096 0.982668
vn -0.074080 0.436624 0.896589
vn 0.145965 0.196062 0.969667
vn -0.066447 0.619066 0.782523
vn 0.022012 0.749760 0.661343
vn 0.175706 0.173534 0.969027
vn 0.089228 -0.061380 0.994118
vn 0.091860 -0.064522 0.993679
vn 0.003850 0.149620 0.988736
vn -0.048955 -0.047376 0.997677
vn -0.161205 -0.033759 0.986343
vn -0.060364 -0.281536 0.957650
vn 0.021233 -0.292740 0.955956
vn 0.025491 -0.439804 0.897732
vn 0.067253 -0.471540 0.879277
vn 0.057901 -0.297612 0.952930
vn 0.102646 -0.641351 0.760350
vn 0.105851 -0.669294 0.735419
vn 0.087168 -0.495157 0.864420
vn 0.128707 -0.792350 0.596336
vn 0.103411 -0.812647 0.573507
vn 0.088115 -0.694953 0.713636
vn 0.122402 -0.861406 0.492948
vn 0.065157 -0.883293 0.464272
vn 0.044332 -0.833184 0.551216
vn 0.099188 -0.911695 0.398715
vn 0.062154 -0.930804 0.360196
vn 0.025285 -0.903667 0.427489
vn 0.097972 -0.936163 0.337640
vn 0.080364 -0.944595 0.318250
vn 0.058749 -0.942427 0.329212
vn 0.101882 -0.933920 0.342657
vn 0.094346 -0.937099 0.336072
vn 0.086133 -0.946792 0.310108
vn 0.109961 -0.914973 0.388243
vn 0.122527 -0.912844 0.389492
vn 0.116365 -0.934582 0.336180
vn 0.131235 -0.881481 0.453618
vn 0.181325 -0.870473 0.457601
vn 0.190202 -0.897879 0.397034
vn 0.184524 -0.844380 0.502964
vn 0.270621 -0.835524 0.478188
vn 0.257522 -0.852907 0.454127
vn 0.294834 -0.789739 0.537945
vn 0.370552 -0.769980 0.519444
vn 0.357737 -0.818123 0.450220
vn 0.378217 -0.717134 0.585381
vn 0.436302 -0.696475 0.569704
vn 0.438398 -0.742068 0.507092
vn 0.422449 -0.677565 0.602032
vn 0.498212 -0.640298 0.584639
vn 0.513621 -0.660421 0.547757
vn 0.477553 -0.640569 0.601344
vn 0.627215 -0.581227 0.518436
vn 0.638686 -0.571525 0.515208
vn 0.624552 -0.586486 0.515722
vn 0.776375 -0.509467 0.371060
vn 0.788164 -0.482581 0.381986
vn 0.778858 -0.505139 0.371774
vn 0.896557 -0.401259 0.187556
vn 0.903228 -0.383399 0.192834
vn 0.902059 -0.383447 0.198137
vn 0.967435 -0.253041 0.006246
vn 0.970704 -0.240032 -0.010862
vn 0.967289 -0.252725 0.021942
vn 0.980325 -0.100763 -0.169736
vn 0.980833 -0.064066 -0.184015
vn 0.969689 -0.152450 -0.190950
vn 0.934403 -0.014885 -0.355906
vn 0.944322 0.066432 -0.322246
vn 0.870199 -0.177718 -0.459532
vn 0.830836 -0.072937 -0.551717
vn 0.884163 0.105076 -0.455208
vn 0.681753 -0.331993 -0.651915
vn 0.657238 -0.245794 -0.712477
vn 0.778103 0.028368 -0.627496
vn 0.473112 -0.489766 -0.732321
vn 0.457971 -0.439071 -0.772968
vn 0.620267 -0.159579 -0.767987
vn 0.434202 -0.383206 -0.815243
vn 0.172667 -0.619508 -0.765765
vn 0.109565 -0.647916 -0.753791
vn 0.053382 -0.666364 -0.743713
vn 0.020038 -0.672811 -0.739543
vn 0.045268 -0.659326 -0.750493
vn 0.127567 -0.666995 -0.734060
vn 0.172683 -0.766612 -0.618455
vn 0.127810 -0.912946 -0.387549
vn 0.118763 -0.990232 -0.073052
vn -0.924198 -0.366207 -0.108405
vn -0.951291 -0.224678 -0.211104
vn -0.904326 -0.321964 -0.280237
vn -0.945869 -0.058112 -0.319302
vn -0.905549 -0.149442 -0.397050
vn -0.967060 0.033625 -0.252316
vn -0.890650 0.139020 -0.432916
vn -0.856144 0.058897 -0.513370
vn -0.766237 0.250024 -0.591920
vn -0.722618 0.189589 -0.664740
vn -0.803662 -0.018103 -0.594811
vn -0.658277 0.407441 -0.632980
vn -0.621246 0.365623 -0.693089
vn -0.513590 0.563057 -0.647451
vn -0.487048 0.534318 -0.690860
vn -0.369501 0.680385 -0.632887
vn -0.346998 0.665840 -0.660492
vn -0.272406 0.742128 -0.612407
vn -0.251574 0.734033 -0.630798
vn -0.290254 0.754541 -0.588575
vn -0.237762 0.783336 -0.574329
vn -0.232813 0.779951 -0.580925
vn -0.235884 0.781855 -0.577115
vn -0.238173 0.784699 -0.572295
vn -0.246189 0.774138 -0.583182
vn -0.216773 0.798937 -0.560989
vn -0.221121 0.811395 -0.541059
vn -0.236956 0.791407 -0.563495
vn -0.202687 0.829040 -0.521162
vn -0.249597 0.821922 -0.512001
vn -0.239596 0.810209 -0.534935
vn -0.262065 0.826356 -0.498455
vn -0.277054 0.815758 -0.507721
vn -0.255530 0.812099 -0.524594
vn -0.294339 0.813574 -0.501461
vn -0.270946 0.809507 -0.520851
vn -0.245477 0.810801 -0.531359
vn -0.288223 0.806915 -0.515573
vn -0.104277 0.835685 -0.539219
vn -0.127923 0.825643 -0.549499
vn -0.064233 0.846331 -0.528771
vn 0.252997 0.833524 -0.491152
vn 0.193117 0.836786 -0.512342
vn 0.296750 0.832078 -0.468599
vn 0.253085 0.853890 -0.454775
vn 0.239482 0.853918 -0.462031
vn 0.253627 0.859068 -0.444607
vn 0.005383 0.895448 -0.445133
vn -0.000127 0.892073 -0.451891
vn 0.011566 0.902518 -0.430497
vn -0.055546 0.905460 -0.420780
vn -0.065333 0.899190 -0.432654
vn -0.053434 0.910995 -0.408941
vn -0.153508 0.898384 -0.411511
vn -0.127056 0.898140 -0.420953
vn -0.176037 0.898081 -0.403066
vn -0.227727 0.886308 -0.403236
vn -0.224390 0.879818 -0.419009
vn -0.214544 0.899774 -0.379970
vn 0.076556 0.922159 -0.379160
vn 0.051464 0.908267 -0.415215
vn 0.099693 0.937720 -0.332781
vn 0.422464 0.849463 -0.316128
vn 0.420468 0.835142 -0.354604
vn 0.421094 0.870413 -0.255069
vn 0.476786 0.839549 -0.260449
vn 0.477549 0.821105 -0.312624
vn 0.411663 0.900720 -0.138698
vn 0.469269 0.869773 -0.152583
vn 0.388157 0.917666 0.084985
vn 0.437724 0.897344 0.056323
vn 0.369164 0.894365 0.252643
vn 0.393556 0.889994 0.230269
vn 0.388659 0.898475 0.204173
vn 0.393212 0.881828 0.260316
vn 0.473205 0.849423 0.233577
vn 0.444917 0.827946 0.341401
vn 0.570076 0.640608 0.514427
vn 0.474468 0.659005 0.583603
vn 0.551130 0.422635 0.719469
vn 0.420068 0.491221 0.763050
vn 0.420841 0.437270 0.794788
vn 0.397392 0.364489 0.842156
vn 0.512851 0.416534 0.750655
vn 0.433868 0.592954 0.678354
vn 0.525552 0.595148 0.607943
vn 0.543498 0.717127 0.436278
vn 0.303049 0.613566 0.729176
vn 0.353286 0.490101 0.796863
vn 0.189826 0.719595 0.667944
vn 0.116851 0.706855 0.697640
vn -0.085657 0.615722 0.783294
vn -0.082649 0.581694 0.809198
vn 0.133586 0.555413 0.820775
vn 0.315321 0.495922 0.809095
vn 0.261345 0.429121 0.864612
vn -0.005354 0.500618 0.865652
vn 0.381499 0.437874 0.814079
vn 0.405289 0.493078 0.769815
vn 0.401021 0.370809 0.837665
vn 0.320856 0.337356 0.885010
vn 0.392658 0.445812 0.804408
vn 0.383243 0.478528 0.790023
vn 0.447931 0.317946 0.835625
vn 0.462279 0.305668 0.832385
vn 0.756934 0.199668 0.622240
vn 0.444815 0.325390 0.834422
vn 0.414435 0.355868 0.837617
vn 0.302542 0.459607 0.835003
vn 0.273161 0.701899 0.657816
vn 0.212702 0.925672 0.312873
vn -0.045087 0.741815 0.669087
vn 0.060193 0.536179 0.841955
vn -0.125168 0.923767 0.361922
vn 0.171084 0.982557 0.072887
vn -0.125144 0.977308 0.170905
vn -0.239290 0.861369 0.448089
vn -0.224678 0.685560 0.692480
vn -0.192037 0.935364 0.297013
vn -0.080248 0.976752 0.198784
vn -0.142110 0.952621 0.268921
vn -0.066779 0.904747 0.420683
vn -0.143390 0.804129 0.576902
vn -0.006799 0.941603 0.336658
vn -0.127381 0.961161 0.244833
vn 0.016638 0.972835 0.230902
vn 0.218513 0.912754 0.345155
vn 0.202428 0.866475 0.456338
vn 0.246256 0.943251 0.222791
vn 0.009903 0.999466 0.031135
vn 0.294990 0.955364 0.016148
vn -0.156021 0.983397 0.092675
vn -0.188306 0.972414 -0.137664
vn 0.018822 0.986824 -0.160698
vn 0.329768 0.929776 -0.163613
vn 0.057067 0.963314 -0.262240
vn 0.338090 0.905421 -0.256725
vn -0.174928 0.941982 -0.286479
vn -0.114533 0.929018 -0.351862
vn 0.099240 0.944470 -0.313252
vn 0.330505 0.892010 -0.308359
vn 0.132652 0.926290 -0.352690
vn 0.321086 0.880955 -0.347595
vn 0.476890 0.808066 -0.345841
vn 0.315764 0.871712 -0.374716
vn 0.473449 0.800381 -0.367744
vn 0.412734 0.825526 -0.384913
vn 0.463302 0.801207 -0.378706
vn 0.390716 0.823744 -0.410836
vn 0.027038 0.895224 -0.444796
vn 0.351735 0.828062 -0.436572
vn 0.009902 0.884120 -0.467155
vn -0.204136 0.878120 -0.432705
vn 0.001876 0.879451 -0.475985
vn -0.173505 0.881118 -0.439917
vn -0.104703 0.897062 -0.429322
vn -0.142441 0.885539 -0.442189
vn -0.091373 0.895854 -0.434851
vn -0.078166 0.895116 -0.438927
vn -0.082875 0.894388 -0.439547
vn -0.087257 0.894743 -0.437973
vn -0.005235 0.893283 -0.449463
vn -0.087639 0.892872 -0.441699
vn -0.012352 0.893316 -0.449260
vn 0.206407 0.857557 -0.471160
vn -0.021282 0.886977 -0.461323
vn 0.156753 0.858647 -0.488011
vn 0.122609 0.836876 -0.533484
vn 0.101768 0.849821 -0.517153
vn 0.055141 0.829504 -0.555773
vn -0.134877 0.817132 -0.560449
vn 0.002163 0.815487 -0.578771
vn -0.132561 0.806360 -0.576377
vn -0.218342 0.805933 -0.550272
vn -0.129138 0.797650 -0.589134
vn -0.194229 0.798631 -0.569617
vn -0.233196 0.803813 -0.547270
vn -0.179998 0.789870 -0.586265
vn -0.218161 0.791283 -0.571206
vn -0.235822 0.792908 -0.561859
vn -0.217478 0.771409 -0.598024
vn -0.238051 0.772067 -0.589275
vn -0.246004 0.773169 -0.584544
vn -0.241984 0.755618 -0.608675
vn -0.246945 0.759095 -0.602323
vn -0.228569 0.756771 -0.612416
vn -0.241453 0.757052 -0.607101
vn -0.241372 0.752664 -0.612565
vn -0.236272 0.755245 -0.611376
vn -0.238600 0.752162 -0.614266
vn -0.223791 0.752183 -0.619789
vn -0.254200 0.761491 -0.596250
vn -0.274966 0.752401 -0.598571
vn -0.250750 0.739605 -0.624587
vn -0.241617 0.733100 -0.635756
vn -0.328647 0.663931 -0.671705
vn -0.329460 0.659613 -0.675550
vn -0.346953 0.676706 -0.649378
vn -0.461972 0.495084 -0.735849
vn -0.452344 0.501724 -0.737332
vn -0.462240 0.514249 -0.722414
vn -0.553653 0.296557 -0.778153
vn -0.582837 0.329674 -0.742709
vn -0.542306 0.262589 -0.798092
vn -0.617374 0.081098 -0.782479
vn -0.670173 0.134171 -0.729977
vn -0.734699 -0.088379 -0.672612
vn -0.844255 -0.238915 -0.479743
vn -0.457920 0.485034 -0.745018
vn -0.359362 0.681957 -0.637019
vn -0.340536 0.664863 -0.664825
vn -0.297040 0.766409 -0.569548
vn -0.289021 0.772638 -0.565241
vn -0.263106 0.779624 -0.568297
vn -0.249406 0.800148 -0.545490
vn -0.233819 0.769867 -0.593830
vn -0.209013 0.788469 -0.578473
vn -0.204241 0.764195 -0.611794
vn -0.168791 0.775943 -0.607800
vn -0.183062 0.774224 -0.605859
vn -0.142011 0.779075 -0.610635
vn -0.130666 0.790597 -0.598233
vn -0.066871 0.796165 -0.601373
vn -0.093601 0.785891 -0.611240
vn -0.036715 0.804300 -0.593088
vn 0.012817 0.815991 -0.577923
vn -0.019744 0.805206 -0.592666
vn 0.052372 0.831233 -0.553452
vn -0.027396 0.845116 -0.533881
vn -0.025481 0.825069 -0.564458
vn -0.026676 0.870480 -0.491480
vn -0.068601 0.867901 -0.491978
vn -0.057257 0.842831 -0.535124
vn -0.080028 0.885216 -0.458244
vn -0.053468 0.879419 -0.473036
vn -0.035408 0.861601 -0.506349
vn -0.071045 0.889452 -0.451473
vn -0.096861 0.881126 -0.462856
vn -0.073039 0.869210 -0.489018
vn -0.117774 0.886805 -0.446886
vn -0.001629 0.882976 -0.469416
vn -0.004871 0.875902 -0.482464
vn 0.000651 0.881711 -0.471789
vn 0.262038 0.847147 -0.462254
vn 0.229686 0.853738 -0.467307
vn 0.305330 0.835970 -0.455991
vn 0.413436 0.812707 -0.410583
vn 0.389343 0.815565 -0.428096
vn 0.441779 0.807374 -0.391125
vn 0.328452 0.857718 -0.395525
vn 0.343255 0.844563 -0.410961
vn 0.318044 0.865333 -0.387360
vn 0.176312 0.898674 -0.401620
vn 0.198378 0.886468 -0.418116
vn 0.157124 0.910932 -0.381465
vn 0.028894 0.912792 -0.407401
vn 0.074533 0.904014 -0.420956
vn -0.038544 0.920899 -0.387891
vn -0.146069 0.889651 -0.432650
vn -0.085043 0.894257 -0.439401
vn -0.201894 0.894597 -0.398666
vn -0.072881 0.886079 -0.457769
vn -0.025626 0.871320 -0.490045
vn -0.215803 0.927604 -0.304926
vn -0.079228 0.941177 -0.328495
vn -0.167878 0.979750 -0.109121
vn -0.001140 0.995898 -0.090479
vn -0.091810 0.987213 0.130311
vn 0.125152 0.980420 0.152032
vn -0.056958 0.968352 0.243002
vn 0.196279 0.954814 0.223170
vn 0.192926 0.973043 0.126362
vn 0.422942 0.900919 0.097291
vn 0.425245 0.889703 0.166119
vn 0.661188 0.750136 -0.011243
vn 0.658292 0.752042 -0.032926
vn 0.834343 0.504936 -0.221160
vn 0.793790 0.527902 -0.302022
vn 0.903876 0.402907 -0.143784
vn 0.856055 0.373058 -0.357768
vn 0.787051 0.436252 -0.436160
vn 0.768546 0.453839 -0.450963
vn 0.737782 0.491889 -0.462302
vn 0.724550 0.486195 -0.488510
vn 0.760738 0.501338 -0.412235
vn 0.703051 0.575776 -0.417374
vn 0.672617 0.574697 -0.466165
vn 0.719899 0.574251 -0.389848
vn 0.434647 0.770754 -0.465854
vn 0.406143 0.777078 -0.480830
vn 0.458855 0.764130 -0.453384
vn 0.089399 0.877545 -0.471086
vn 0.055085 0.878875 -0.473861
vn 0.125536 0.862552 -0.490147
vn 0.024100 0.883489 -0.467832
vn -0.001872 0.893427 -0.449204
vn 0.059861 0.868791 -0.491548
vn 0.141328 0.872130 -0.468418
vn 0.120745 0.882758 -0.454048
vn 0.167484 0.864055 -0.474719
vn 0.267199 0.850520 -0.453012
vn 0.246921 0.858783 -0.448912
vn 0.284314 0.843543 -0.455634
vn 0.364931 0.816738 -0.446951
vn 0.366018 0.821895 -0.436485
vn 0.350989 0.813263 -0.464122
vn 0.325314 0.809362 -0.488982
vn 0.352520 0.814795 -0.460260
vn 0.282116 0.801448 -0.527344
vn 0.160448 0.812239 -0.560824
vn 0.184607 0.836599 -0.515774
vn 0.134916 0.796097 -0.589938
vn 0.036726 0.809753 -0.585621
vn 0.012004 0.832467 -0.553944
vn 0.051917 0.801078 -0.596304
vn 0.012807 0.809044 -0.587609
vn -0.008260 0.826991 -0.562154
vn 0.018536 0.796164 -0.604797
vn -0.006649 0.800342 -0.599507
vn -0.014336 0.815903 -0.578011
vn -0.000938 0.794998 -0.606612
vn -0.017722 0.798968 -0.601113
vn -0.029716 0.807492 -0.589130
vn -0.016493 0.809668 -0.586656
vn -0.042049 0.807041 -0.588996
vn -0.028037 0.799794 -0.599620
vn -0.064043 0.831186 -0.552294
vn -0.115559 0.821984 -0.557664
vn -0.079993 0.799484 -0.595337
vn -0.151008 0.829355 -0.537929
vn -0.207775 0.817310 -0.537432
vn -0.166270 0.806982 -0.566688
vn -0.243284 0.766706 -0.594117
vn -0.125201 0.788315 -0.602399
vn -0.049168 0.794087 -0.605812
vn -0.024017 0.811220 -0.584247
vn -0.045120 0.822204 -0.567402
vn -0.022761 0.837434 -0.546065
vn -0.041669 0.849864 -0.525353
vn -0.003216 0.859483 -0.511154
vn 0.206228 0.850467 -0.483918
vn 0.371390 0.816815 -0.441456
vn 0.357484 0.830254 -0.427648
vn 0.223563 0.872122 -0.435227
vn 0.101375 0.893978 -0.436494
vn -0.036080 0.896143 -0.442295
vn 0.019765 0.877129 -0.479847
vn 0.368390 0.774514 -0.514215
vn 0.323848 0.797139 -0.509600
vn 0.639285 0.586861 -0.496900
vn 0.157758 0.738555 0.655476
vn 0.076186 0.579010 0.811753
vn -0.202282 0.633426 0.746896
vn -0.008732 0.538951 0.842292
vn -0.232579 0.538968 0.809581
vn -0.207348 0.524856 0.825550
vn -0.165806 0.546188 0.821089
vn -0.040128 0.477216 0.877869
vn 0.159528 0.390245 0.906785
vn -0.011104 0.669792 0.742465
vn 0.148816 -0.836258 0.527755
vn 0.100492 -0.807363 0.581435
vn 0.213230 -0.793289 0.570286
vn 0.025665 -0.840545 0.541133
vn 0.000752 -0.809146 0.587607
vn 0.058269 -0.882295 0.467076
vn -0.153731 -0.845288 0.511718
vn -0.113378 -0.811264 0.573582
vn -0.184649 -0.879014 0.439591
vn -0.350111 -0.796739 0.492575
vn -0.255345 -0.776479 0.576090
vn -0.355504 -0.898464 0.257642
vn -0.305841 -0.907604 0.287606
vn -0.302086 -0.771289 0.560230
vn -0.185628 -0.974550 -0.125675
vn -0.068822 -0.993672 -0.088770
vn -0.171247 -0.921808 0.347771
vn 0.032785 -0.903965 -0.426348
vn 0.164124 -0.911458 -0.377238
vn 0.130521 -0.991034 -0.028560
vn 0.161227 -0.790126 -0.591360
vn 0.371472 -0.877709 -0.302714
vn 0.372513 -0.927119 0.041035
vn 0.488424 -0.871890 0.035347
vn 0.426941 -0.863884 0.267257
vn 0.258906 -0.825042 0.502268
vn 0.331654 -0.807752 0.487382
vn 0.144905 -0.753293 0.641524
vn 0.043287 -0.750565 0.659378
vn 0.235372 -0.722737 0.649809
vn 0.069521 -0.709265 0.701506
vn -0.024279 -0.721425 0.692067
vn 0.154190 -0.686724 0.710377
vn 0.034793 -0.711874 0.701445
vn -0.043540 -0.728598 0.683557
vn 0.126620 -0.696922 0.705881
vn 0.016008 -0.723998 0.689617
vn -0.037664 -0.738534 0.673164
vn 0.081695 -0.714758 0.694584
vn 0.005071 -0.736584 0.676327
vn -0.028163 -0.740943 0.670978
vn 0.046640 -0.738111 0.673065
vn 0.005406 -0.750145 0.661252
vn -0.006925 -0.752209 0.658889
vn 0.028890 -0.748301 0.662730
vn 0.026234 -0.760928 0.648305
vn 0.022084 -0.763606 0.645305
vn 0.044412 -0.761434 0.646719
vn 0.071621 -0.781036 0.620365
vn 0.062040 -0.779920 0.622797
vn 0.089221 -0.790684 0.605689
vn 0.109814 -0.801213 0.588217
vn 0.098419 -0.794962 0.598623
vn 0.124629 -0.824381 0.552145
vn 0.138699 -0.835678 0.531417
vn 0.120997 -0.810929 0.572498
vn 0.155971 -0.859824 0.486184
vn 0.164005 -0.867496 0.469631
vn 0.144876 -0.848187 0.509500
vn 0.178337 -0.875139 0.449809
vn 0.169270 -0.881060 0.441680
vn 0.154809 -0.877396 0.454105
vn 0.176590 -0.882499 0.435904
vn 0.142629 -0.892884 0.427101
vn 0.123696 -0.893185 0.432343
vn 0.158763 -0.904484 0.395858
vn 0.120711 -0.920591 0.371403
vn 0.084905 -0.911360 0.402758
vn 0.149893 -0.928204 0.340542
vn 0.118366 -0.941025 0.316956
vn 0.088136 -0.937470 0.336722
vn 0.150920 -0.914195 0.376127
vn 0.120041 -0.923321 0.364785
vn 0.090121 -0.952787 0.289958
vn 0.126167 -0.862756 0.489626
vn 0.051847 -0.858016 0.510999
vn 0.067978 -0.923557 0.377387
vn 0.032630 -0.805753 0.591353
vn -0.037622 -0.795508 0.604773
vn -0.020586 -0.847685 0.530100
vn -0.063200 -0.655610 0.752450
vn -0.103821 -0.628624 0.770749
vn -0.090534 -0.776985 0.622975
vn -0.105791 -0.453477 0.884967
vn -0.107996 -0.454566 0.884142
vn -0.122609 -0.608080 0.784350
vn -0.100991 -0.339541 0.935154
vn -0.093532 -0.342821 0.934733
vn -0.116347 -0.462085 0.879170
vn -0.093318 -0.137813 0.986052
vn -0.064447 -0.105533 0.992325
vn -0.096151 -0.345413 0.933512
vn -0.034774 0.317847 0.947504
vn 0.087198 0.327533 0.940808
vn -0.027583 -0.061343 0.997736
vn 0.229083 0.548237 0.804337
vn 0.230019 0.496274 0.837140
vn 0.108677 0.329501 0.937880
vn 0.332152 0.483441 0.809914
vn 0.088137 0.491162 0.866598
vn 0.058807 0.525883 0.848521
vn 0.145963 0.439841 0.886135
vn -0.045632 0.408307 0.911704
vn -0.034292 0.425222 0.904440
vn 0.031438 0.400230 0.915875
vn -0.097469 0.197970 0.975350
vn -0.028798 0.079075 0.996453
vn -0.003249 -0.003770 0.999988
vn -0.156555 -0.277601 0.947854
vn -0.106144 -0.318133 0.942085
vn -0.097251 -0.338618 0.935885
vn -0.212671 -0.498229 0.840559
vn -0.159649 -0.482512 0.861217
vn -0.133841 -0.471767 0.871506
vn -0.221166 -0.571682 0.790105
vn -0.173927 -0.580742 0.795292
vn -0.144117 -0.593150 0.792088
vn -0.211381 -0.712798 0.668758
vn -0.164159 -0.736637 0.656062
vn -0.126595 -0.756831 0.641233
vn -0.176281 -0.819902 0.544688
vn -0.129110 -0.829448 0.543458
vn -0.080790 -0.837809 0.539953
vn -0.139051 -0.875298 0.463162
vn -0.071162 -0.890600 0.449186
vn -0.001673 -0.910736 0.412986
vn -0.054913 -0.959662 0.275741
vn 0.005512 -0.968949 0.247199
vn 0.053131 -0.964561 0.258454
vn -0.003064 -0.967929 0.251206
vn 0.029578 -0.958901 0.282196
vn 0.063630 -0.949745 0.306488
vn 0.024247 -0.950107 0.310980
vn 0.038187 -0.944695 0.325718
vn 0.045954 -0.930448 0.363531
vn 0.021282 -0.926733 0.375118
vn 0.017434 -0.917606 0.397109
vn 0.055071 -0.907330 0.416798
vn 0.017463 -0.898700 0.438216
vn 0.049755 -0.896940 0.439344
vn 0.111282 -0.889422 0.443333
vn 0.051328 -0.885525 0.461747
vn 0.101905 -0.876293 0.470879
vn 0.136967 -0.862173 0.487747
vn 0.080177 -0.861538 0.501322
vn 0.110557 -0.843168 0.526161
vn 0.121934 -0.824697 0.552274
vn 0.079838 -0.828433 0.554369
vn 0.096809 -0.814092 0.572610
vn 0.105128 -0.803725 0.585640
vn 0.084253 -0.804798 0.587539
vn 0.093486 -0.802219 0.589665
vn 0.089715 -0.794826 0.600170
vn 0.097723 -0.793093 0.601210
vn 0.084729 -0.791598 0.605139
vn 0.058451 -0.779582 0.623567
vn 0.093112 -0.784327 0.613320
vn 0.057010 -0.779193 0.624186
vn 0.023600 -0.767839 0.640208
vn 0.064701 -0.781038 0.621123
vn 0.023953 -0.775495 0.630899
vn -0.014504 -0.759612 0.650215
vn 0.030627 -0.787159 0.615990
vn -0.019008 -0.775743 0.630763
vn -0.053736 -0.756754 0.651488
vn -0.012910 -0.797568 0.603091
vn -0.071426 -0.781091 0.620318
vn -0.083257 -0.757693 0.647278
vn -0.087637 -0.790518 0.606136
vn -0.122312 -0.765696 0.631466
vn -0.104998 -0.741031 0.663211
vn -0.168604 -0.771847 0.613046
vn -0.156944 -0.746926 0.646119
vn -0.106968 -0.729802 0.675238
vn -0.227431 -0.740321 0.632614
vn -0.173887 -0.727402 0.663814
vn -0.203753 -0.766202 0.609442
vn 0.056847 -0.799934 0.597389
vn 0.158254 -0.785569 0.598195
vn 0.096670 -0.785175 0.611682
vn 0.123865 -0.777622 0.616410
vn 0.127423 -0.778225 0.614923
vn 0.104381 -0.784875 0.610800
vn 0.077809 -0.804670 0.588601
vn 0.062349 -0.841384 0.536830
vn 0.043549 -0.873190 0.485431
vn 0.021566 -0.889239 0.456934
vn 0.019562 -0.901166 0.433034
vn 0.027636 -0.935229 0.352962
vn -0.007913 -0.949959 0.312275
vn -0.041873 -0.973348 0.225476
vn -0.138132 -0.936447 0.322469
vn -0.194173 -0.868054 0.456923
vn -0.229792 -0.801811 0.551629
vn -0.269139 -0.679485 0.682542
vn -0.306109 -0.568001 0.763984
vn -0.298810 -0.504352 0.810149
vn -0.272509 -0.203145 0.940463
vn -0.192690 0.320523 0.927435
vn 0.914848 -0.376854 0.145031
vn 0.920564 -0.288242 0.263588
vn 0.829244 -0.500875 0.247948
vn 0.780341 -0.625310 0.007408
vn 0.838199 -0.503812 -0.208797
vn 0.956586 -0.284787 0.061967
vn 0.958365 -0.163599 0.234035
vn 0.940414 0.253092 0.227083
vn 0.786083 0.604883 0.127236
vn 0.834060 0.339711 0.434672
vn 0.936756 0.126235 0.326424
vn 0.910997 0.027120 -0.411519
vn 0.956070 0.191438 -0.221994
vn 0.998337 -0.050406 -0.027971
vn 0.919529 -0.185077 -0.346717
vn 0.568365 -0.284865 -0.771889
vn 0.620968 0.097970 -0.777689
vn 0.732698 0.435623 -0.522864
vn 0.524760 -0.559085 0.641912
vn 0.812932 -0.200135 0.546889
vn 0.547338 -0.056362 0.835012
vn 0.172842 -0.587935 0.790227
vn 0.655492 -0.519584 0.548053
vn 0.899066 -0.246574 0.361775
vn 0.186334 -0.713613 0.675304
vn -0.378544 -0.295797 0.877045
vn -0.625769 -0.315937 0.713160
vn -0.383840 -0.589110 0.711067
vn -0.177589 -0.460842 0.869533
vn -0.306536 -0.012335 0.951779
vn -0.629425 0.007923 0.777021
vn -0.020423 -0.181416 0.983194
vn -0.555407 0.407766 0.724741
vn -0.592707 0.497405 0.633472
vn -0.812851 0.203097 0.545916
vn -0.701960 0.203689 0.682469
vn -0.324849 0.493413 0.806856
vn -0.310375 0.650015 0.693648
vn -0.471066 0.261715 0.842379
vn -0.201863 0.951005 -0.234183
vn -0.193154 0.979169 0.062601
vn 0.033336 0.997743 -0.058288
vn -0.084370 0.942505 -0.323366
vn -0.373208 0.889486 -0.263687
vn -0.447170 0.892263 0.062498
vn -0.186979 0.870159 -0.455919
vn -0.710249 -0.442836 -0.547214
vn -0.692403 -0.434233 -0.576211
vn -0.710861 -0.480222 -0.513872
vn -0.754961 -0.486370 -0.439862
vn -0.746974 -0.359293 -0.559409
vn -0.681726 -0.341582 -0.646971
vn -0.858549 -0.372125 -0.352727
vn -0.954720 -0.038926 -0.294947
vn -0.783130 -0.104947 -0.612938
vn -0.910733 -0.394026 -0.123731
vn -0.996149 -0.054281 0.068856
vn -0.795794 -0.505843 -0.332919
vn -0.742420 -0.499556 -0.446381
vn -0.839070 -0.510842 -0.187087
vn -0.925516 -0.378519 0.012021
vn -0.774257 -0.563288 -0.288501
vn -0.734961 -0.489945 -0.468814
vn -0.717300 -0.622632 -0.312745
vn -0.737439 -0.675413 0.000458
vn -0.839236 -0.542883 0.030999
vn -0.615489 -0.788139 0.003150
vn -0.670280 -0.695507 -0.258833
vn -0.516171 -0.856415 0.011002
vn -0.434719 -0.843784 0.314720
vn -0.596564 -0.744773 0.299038
vn -0.321563 -0.896684 0.304228
vn -0.454711 -0.890558 0.012006
vn -0.265580 -0.919972 0.288305
vn -0.135616 -0.838191 0.528246
vn -0.229652 -0.798091 0.557056
vn -0.054189 -0.855946 0.514218
vn -0.213958 -0.931688 0.293563
vn 0.011864 -0.832299 0.554200
vn 0.158135 -0.750880 0.641227
vn 0.017740 -0.747175 0.664391
vn 0.203582 -0.684019 0.700480
vn -0.032063 -0.797440 0.602546
vn 0.043454 -0.633189 0.772776
vn 0.310642 -0.588708 0.746274
vn 0.331216 -0.643683 0.689904
vn 0.062440 -0.519021 0.852478
vn -0.050894 -0.668873 0.741632
vn -0.048155 -0.518244 0.853876
vn 0.122182 -0.359875 0.924966
vn 0.407469 -0.452274 0.793358
vn 0.015032 -0.298226 0.954377
vn 0.012541 -0.555018 0.831744
vn 0.068380 -0.268877 0.960744
vn 0.134570 0.015491 0.990783
vn 0.249478 -0.049178 0.967131
vn 0.147012 0.049562 0.987892
vn 0.105213 -0.271830 0.956577
vn 0.038964 0.048108 0.998082
vn 0.193400 0.314789 0.929249
vn 0.232066 0.299018 0.925599
vn -0.018566 0.293832 0.955677
vn -0.157423 -0.078470 0.984409
vn -0.334828 0.205400 0.919620
vn -0.067838 0.545576 0.835311
vn 0.207928 0.544171 0.812800
vn -0.416495 0.484644 0.769189
vn -0.474658 0.166754 0.864229
vn -0.521076 0.461753 0.717819
vn -0.423094 0.739354 0.523782
vn -0.085782 0.799168 0.594955
vn -0.533355 0.688949 0.490797
vn -0.480312 0.478364 0.735165
vn -0.500386 0.682514 0.532718
vn -0.517145 0.829078 0.212579
vn -0.383947 0.892424 0.236989
vn -0.516227 0.822553 0.238571
vn -0.303827 0.719322 0.624713
vn -0.415294 0.859271 0.298639
vn -0.475608 0.877679 -0.058958
vn -0.467995 0.883013 -0.035605
vn -0.431621 0.899739 -0.064592
vn -0.138726 0.922022 0.361428
vn -0.266371 0.962161 -0.057388
vn -0.365696 0.882320 -0.296274
vn -0.395526 0.882425 -0.254725
vn -0.259004 0.912562 -0.316460
vn -0.070224 0.994034 -0.083464
vn -0.111281 0.936664 -0.332081
vn -0.220123 0.880684 -0.419453
vn -0.302064 0.869265 -0.391324
vn -0.115810 0.895267 -0.430216
vn 0.018486 0.943309 -0.331401
vn 0.005454 0.906639 -0.421873
vn -0.130329 0.871361 -0.473017
vn -0.214037 0.858843 -0.465378
vn -0.011182 0.885766 -0.463997
vn 0.166785 0.901037 -0.400393
vn 0.157637 0.881481 -0.445131
vn -0.043668 0.852349 -0.521147
vn -0.166345 0.836005 -0.522900
vn 0.133657 0.856997 -0.497688
vn 0.366541 0.835514 -0.409345
vn 0.353027 0.817238 -0.455515
vn 0.049102 0.746448 -0.663630
vn -0.121754 0.718358 -0.684936
vn 0.299275 0.756122 -0.581991
vn 0.569778 0.724430 -0.388014
vn 0.545195 0.687997 -0.478981
vn 0.148289 0.478678 -0.865377
vn -0.101775 0.448886 -0.887774
vn 0.450778 0.498402 -0.740537
vn 0.788346 0.522359 -0.325041
vn 0.277049 0.070416 -0.958272
vn -0.006817 0.065519 -0.997828
vn 0.174830 -0.295314 -0.939268
vn -0.084025 -0.278772 -0.956674
vn 0.113496 -0.534458 -0.837540
vn -0.154263 -0.537236 -0.829204
vn 0.533123 -0.488389 -0.690838
vn 0.900336 -0.322053 -0.292706
vn 0.461247 -0.724403 -0.512339
vn 0.055485 -0.780101 -0.623188
vn 0.464833 -0.875409 -0.132623
vn 0.079902 -0.968457 -0.236022
vn 0.579415 -0.784945 0.219407
vn 0.181153 -0.965082 0.189211
vn 0.682845 -0.583616 0.439448
vn 0.265626 -0.827153 0.495238
vn 0.864509 -0.337395 0.372544
vn 0.916599 -0.210481 0.339918
vn 0.873793 -0.247537 0.418582
vn 0.747168 -0.422415 0.513133
vn 0.911491 -0.170714 0.374221
vn 0.911977 -0.157145 0.378952
vn 0.882113 -0.221349 0.415791
vn 0.934614 -0.116180 0.336152
vn 0.930309 -0.109153 0.350159
vn 0.943703 -0.131728 0.303436
vn 0.967007 -0.059949 0.247595
vn 0.957001 -0.056419 0.284547
vn 0.980314 -0.086097 0.177686
vn 0.995703 0.015704 0.091269
vn 0.986395 0.031307 0.161386
vn 0.986155 -0.163517 0.027585
vn 0.969126 0.230640 -0.087174
vn 0.971866 0.235285 -0.010855
vn 0.807502 0.535904 -0.246470
vn 0.819372 0.538930 -0.195407
vn 0.973929 0.221907 0.047109
vn 0.572584 0.742552 -0.347512
vn 0.557255 0.774013 -0.300617
vn 0.823272 0.553084 -0.127757
vn 0.358905 0.859794 -0.363236
vn 0.324693 0.902956 -0.281503
vn 0.501588 0.831565 -0.238554
vn 0.165874 0.935783 -0.311119
vn 0.167074 0.980473 -0.103728
vn 0.285858 0.954738 -0.082225
vn 0.051252 0.993041 -0.106035
vn 0.128619 0.923596 0.361147
vn 0.182832 0.906997 0.379380
vn 0.079334 0.927496 0.365318
vn 0.225220 0.696896 0.680891
vn 0.195059 0.684051 0.702870
vn 0.060184 0.732538 0.678060
vn 0.156216 0.531700 0.832401
vn 0.259375 0.537735 0.802225
vn -0.211465 0.529205 0.821721
vn -0.211649 0.285259 0.934790
vn 0.134847 0.324620 0.936183
vn -0.483505 0.203902 0.851262
vn -0.447828 -0.219488 0.866762
vn -0.251578 -0.164056 0.953831
vn -0.337774 -0.199739 0.919790
vn -0.130834 -0.520901 0.843531
vn -0.308994 -0.594932 0.742010
vn 0.070863 -0.379661 0.922408
vn 0.201202 -0.577344 0.791323
vn 0.021934 -0.661076 0.749998
vn 0.143043 -0.570954 0.808425
vn 0.123135 -0.734129 0.667751
vn 0.208454 -0.694498 0.688636
vn 0.001487 -0.728806 0.684719
vn -0.015943 -0.828259 0.560119
vn 0.057348 -0.823273 0.564741
vn -0.066165 -0.805509 0.588879
vn -0.139994 -0.913833 0.381197
vn -0.090731 -0.907380 0.410403
vn -0.175888 -0.923123 0.341918
vn -0.328461 -0.941408 0.076579
vn -0.267695 -0.954383 0.132258
vn -0.398161 -0.916830 0.029838
vn -0.520800 -0.838616 -0.159656
vn -0.451764 -0.880135 -0.145847
vn -0.597254 -0.778939 -0.191157
vn -0.711595 -0.631724 -0.307502
vn -0.615762 -0.723237 -0.312673
vn -0.761876 -0.524654 -0.379847
vn -0.810232 -0.419270 -0.409558
vn -0.789933 -0.476536 -0.385900
vn -0.736879 -0.448760 -0.505592
vn -0.731709 -0.398003 -0.553349
vn -0.820599 -0.323117 -0.471394
vn -0.711026 -0.295531 -0.638047
vn -0.785987 -0.189854 -0.588371
vn -0.662010 -0.107163 -0.741794
vn -0.693334 -0.001348 -0.720615
vn -0.669332 -0.142948 -0.729082
vn -0.594031 0.251689 -0.764055
vn -0.532864 0.232310 -0.813688
vn -0.751628 0.322705 -0.575254
vn -0.612364 0.645552 -0.456370
vn -0.434625 0.608434 -0.664010
vn -0.911578 0.359522 -0.199421
vn -0.773032 0.623931 -0.114592
vn -0.941064 0.301082 0.154105
vn -0.799271 0.555227 0.229976
vn -0.909290 0.235868 0.342869
vn -0.730124 0.520408 0.442825
vn -0.971271 -0.098137 0.216798
vn -0.942098 -0.095198 0.321541
vn -0.864360 0.214030 0.455053
vn -0.920317 -0.361839 0.148622
vn -0.877821 -0.359923 0.316046
vn -0.897425 -0.075293 0.434696
vn -0.756935 -0.592045 0.276645
vn -0.590042 -0.616125 0.521767
vn -0.776092 -0.356077 0.520472
vn -0.387898 -0.738096 0.552041
vn -0.195469 -0.668434 0.717626
vn -0.075544 -0.711228 0.698890
vn 0.041125 -0.598030 0.800418
vn -0.053820 -0.543782 0.837499
vn 0.168014 -0.639378 0.750312
vn 0.344918 -0.426146 0.836320
vn 0.195640 -0.357889 0.913039
vn 0.486059 -0.470815 0.736261
vn 0.622714 -0.160055 0.765905
vn 0.493825 -0.090204 0.864870
vn 0.540803 -0.149947 0.827676
vn 0.616816 0.142465 0.774107
vn 0.670658 0.143655 0.727723
vn 0.357323 0.236830 0.903456
vn 0.430594 0.428077 0.794568
vn 0.639236 0.346299 0.686625
vn 0.301912 0.503692 0.809409
vn 0.356325 0.717858 0.598091
vn 0.485400 0.638236 0.597530
vn 0.212418 0.773476 0.597172
vn 0.184734 0.934190 0.305224
vn 0.349578 0.889224 0.295088
vn -0.078055 0.953710 0.290421
vn -0.074936 0.996685 0.031683
vn 0.131778 0.990246 0.045254
vn -0.336419 0.941707 -0.003308
vn -0.295048 0.942672 -0.155938
vn -0.072882 0.988363 -0.133517
vn -0.398829 0.894594 -0.201585
vn -0.335536 0.892704 -0.300824
vn -0.249402 0.932353 -0.261758
vn -0.330525 0.875725 -0.351934
vn -0.301142 0.856992 -0.418184
vn -0.298558 0.873682 -0.384113
vn -0.274867 0.852854 -0.443946
vn -0.294618 0.809366 -0.508062
vn -0.313401 0.804348 -0.504781
vn -0.245379 0.821007 -0.515496
vn -0.304410 0.732841 -0.608506
vn -0.354729 0.721479 -0.594672
vn -0.229448 0.724639 -0.649809
vn -0.308792 0.478556 -0.821968
vn -0.401073 0.500371 -0.767313
vn -0.221844 0.451192 -0.864413
vn -0.329710 0.113310 -0.937258
vn -0.426239 0.113469 -0.897466
vn -0.199802 0.092455 -0.975465
vn -0.280479 -0.257520 -0.924670
vn -0.447836 -0.241928 -0.860764
vn -0.360007 -0.521388 -0.773660
vn -0.505191 -0.487391 -0.712203
vn -0.395542 -0.716405 -0.574726
vn -0.500853 -0.673719 -0.543369
vn -0.218427 -0.757834 -0.614798
vn -0.197204 -0.940560 -0.276510
vn -0.357403 -0.891467 -0.278478
vn -0.117284 -0.981816 0.149273
vn -0.261469 -0.955671 0.135376
vn -0.082879 -0.873234 0.480202
vn -0.192816 -0.860504 0.471546
vn -0.060658 -0.789892 0.610239
vn -0.187532 -0.792389 0.580475
vn 0.360813 -0.690184 0.627264
vn 0.421177 -0.629099 0.653333
vn -0.010990 -0.753708 0.657117
vn 0.776304 -0.369055 0.511028
vn 0.755384 -0.407318 0.513310
vn 0.360397 -0.658393 0.660781
vn 0.892154 -0.225743 0.391282
vn 0.922309 -0.146533 0.357595
vn 0.939061 -0.130284 0.318106
vn 0.932776 -0.093893 0.348013
vn 0.942741 -0.064245 0.327280
vn 0.944183 -0.033696 0.327694
vn 0.942208 0.007801 0.334939
vn 0.949349 -0.052422 0.309819
vn 0.968361 0.029879 0.247760
vn 0.957002 0.045979 0.286415
vn 0.977915 0.025975 0.207384
vn 0.969048 0.219093 0.113776
vn 0.956307 0.237873 0.169978
vn 0.798529 0.598432 -0.065037
vn 0.444843 0.895207 -0.026828
vn 0.487702 0.694023 0.529603
vn 0.275192 0.852198 0.445004
vn 0.354633 0.562525 0.746861
vn 0.660633 0.369440 0.653513
vn 0.229904 0.647271 0.726764
vn 0.288022 0.525746 0.800396
vn 0.436396 0.460410 0.773033
vn 0.227166 0.549316 0.804144
vn 0.218961 0.396248 0.891652
vn 0.283780 0.395840 0.873372
vn 0.216686 0.364285 0.905728
vn 0.106551 -0.134507 0.985167
vn 0.122774 -0.093139 0.988055
vn 0.052392 -0.141480 0.988554
vn 0.001892 -0.627658 0.778487
vn -0.011777 -0.637980 0.769963
vn -0.190222 -0.613918 0.766107
vn -0.099166 -0.773101 0.626483
vn -0.036735 -0.770466 0.636422
vn -0.146468 -0.739935 0.656539
vn -0.020550 -0.772117 0.635148
vn -0.060583 -0.797088 0.600816
vn 0.107111 -0.716372 0.689448
vn 0.147669 -0.758694 0.634490
vn 0.061468 -0.767917 0.637593
vn 0.137869 -0.788137 0.599860
vn 0.030603 -0.882168 0.469939
vn 0.099153 -0.861238 0.498435
vn -0.038615 -0.894999 0.444393
vn -0.191111 -0.951832 0.239774
vn -0.080315 -0.971462 0.223184
vn -0.237815 -0.950974 0.197716
vn -0.404029 -0.914474 -0.022289
vn -0.341753 -0.939560 0.020766
vn -0.402680 -0.908665 -0.110349
vn -0.511150 -0.805759 -0.299130
vn -0.540653 -0.813642 -0.213730
vn -0.547179 -0.771459 -0.324724
vn -0.615315 -0.633043 -0.469728
vn -0.587828 -0.663343 -0.463070
vn -0.691485 -0.573120 -0.439752
vn -0.735156 -0.386350 -0.557027
vn -0.654525 -0.447620 -0.609289
vn -0.818818 -0.315299 -0.479711
vn -0.783246 -0.128672 -0.608251
vn -0.723169 -0.154074 -0.673267
vn -0.671313 0.098998 -0.734533
vn -0.631673 0.126793 -0.764796
vn -0.463661 0.383676 -0.798631
vn -0.448964 0.427122 -0.784856
vn -0.499767 0.303569 -0.811220
vn -0.246348 0.593518 -0.766191
vn -0.230811 0.619595 -0.750219
vn -0.312682 0.577378 -0.754231
vn -0.154742 0.745025 -0.648840
vn -0.098738 0.727635 -0.678822
vn -0.294390 0.783528 -0.547192
vn -0.063307 0.834750 -0.546978
vn -0.474071 0.800794 -0.366040
vn -0.637068 0.769668 -0.041904
vn -0.619485 0.708307 0.338435
vn -0.331427 0.838038 0.433415
vn -0.489480 0.677360 0.549175
vn -0.202658 0.765665 0.610481
vn -0.380137 0.681016 0.625870
vn -0.139670 0.731706 0.667157
vn -0.655707 0.512705 0.554240
vn -0.085918 0.658224 0.747903
vn -0.079604 0.486786 0.869887
vn 0.122405 0.411923 0.902960
vn 0.102781 0.611136 0.784824
vn 0.054551 0.736017 0.674761
vn 0.278415 0.546214 0.790022
vn 0.233509 0.713060 0.661074
vn 0.019198 0.817051 0.576246
vn 0.185878 0.843142 0.504540
vn 0.387520 0.674365 0.628538
vn 0.328933 0.836437 0.438380
vn 0.127408 0.957441 0.258986
vn -0.037075 0.929396 0.367217
vn 0.245089 0.954949 0.167342
vn 0.444823 0.806711 0.389037
vn 0.330503 0.937303 0.110592
vn 0.127482 0.979711 -0.154643
vn 0.171064 0.960395 -0.219953
vn 0.448541 0.891962 0.056702
vn 0.249068 0.928351 -0.275914
vn 0.044394 0.883532 -0.466263
vn 0.017611 0.914671 -0.403816
vn 0.063068 0.860133 -0.506157
vn 0.362066 0.883506 -0.297198
vn 0.146844 0.852295 -0.502026
vn -0.040053 0.787696 -0.614761
vn -0.027769 0.801295 -0.597625
vn -0.023715 0.795372 -0.605658
vn 0.176409 0.888973 -0.422620
vn -0.004508 0.833575 -0.552387
vn -0.130289 0.738661 -0.661366
vn -0.107134 0.726374 -0.678898
vn -0.138490 0.762385 -0.632131
vn -0.015065 0.870480 -0.491974
vn -0.130038 0.780872 -0.611006
vn -0.253314 0.659341 -0.707886
vn -0.245860 0.646789 -0.721954
vn -0.242329 0.651534 -0.718874
vn -0.139991 0.796327 -0.588443
vn -0.248382 0.648117 -0.719896
vn -0.395123 0.386337 -0.833440
vn -0.425675 0.421750 -0.800579
vn -0.391956 0.378583 -0.838478
vn -0.264214 0.646559 -0.715648
vn -0.363701 0.392684 -0.844702
vn -0.513949 0.091972 -0.852876
vn -0.519794 0.066220 -0.851721
vn -0.452998 0.116292 -0.883894
vn -0.334036 0.402140 -0.852469
vn -0.347882 0.103858 -0.931768
vn -0.520501 -0.175972 -0.835532
vn -0.604923 -0.178407 -0.776041
vn -0.343341 -0.204680 -0.916637
vn -0.388022 0.078314 -0.918317
vn -0.330355 -0.226234 -0.916343
vn -0.340235 -0.491745 -0.801516
vn -0.558654 -0.461760 -0.688973
vn -0.276914 -0.481046 -0.831813
vn -0.481839 -0.258716 -0.837196
vn -0.407905 -0.484286 -0.774003
vn -0.208908 -0.749082 -0.628676
vn -0.313120 -0.742477 -0.592185
vn -0.325816 -0.733529 -0.596472
vn -0.501104 -0.496916 -0.708498
vn -0.454023 -0.696005 -0.556273
vn -0.232419 -0.928254 -0.290389
vn -0.112952 -0.934939 -0.336350
vn -0.404737 -0.878109 -0.255172
vn -0.558295 -0.647045 -0.519269
vn -0.515396 -0.823825 -0.235965
vn -0.319462 -0.946301 0.049596
vn -0.147894 -0.988010 -0.044303
vn -0.385736 -0.915807 0.111832
vn -0.518355 -0.822293 -0.234824
vn -0.375181 -0.915114 0.147667
vn -0.207500 -0.890207 0.405556
vn -0.180117 -0.921363 0.344454
vn -0.206416 -0.873164 0.441563
vn -0.337122 -0.929526 0.149431
vn -0.219257 -0.859966 0.460854
vn -0.134199 -0.809955 0.570932
vn -0.110770 -0.801168 0.588098
vn -0.171454 -0.800758 0.573925
vn -0.144397 -0.777343 0.612281
vn -0.138878 -0.779946 0.610243
vn -0.158924 -0.767348 0.621225
vn -0.123203 -0.754460 0.644680
vn -0.114592 -0.761124 0.638403
vn -0.017854 -0.746208 0.665473
vn -0.054341 -0.737944 0.672671
vn -0.096809 -0.742200 0.663150
vn -0.004447 -0.611635 0.791128
vn -0.040476 -0.624827 0.779713
vn 0.278546 -0.007230 0.960396
vn 0.172308 -0.043999 0.984060
vn 0.422445 0.357493 0.832910
vn 0.722535 0.192662 0.663946
vn 0.918454 -0.038923 0.393608
vn 0.742007 0.271844 0.612802
vn 0.925479 0.033120 0.377347
vn 0.905503 0.117769 0.407669
vn -0.031816 -0.630692 0.775381
vn -0.083440 -0.748977 0.657321
vn -0.066482 -0.756807 0.650248
vn -0.120950 -0.773874 0.621684
vn -0.097886 -0.790175 0.605014
vn -0.119271 -0.774672 0.621014
vn -0.039907 -0.776385 0.628994
vn -0.051971 -0.806665 0.588719
vn 0.060006 -0.835610 0.546037
vn -0.041353 -0.968902 0.243966
vn 0.012414 -0.979611 0.200520
vn -0.046206 -0.994674 -0.092135
vn -0.161035 -0.986047 -0.042184
vn -0.242167 -0.920378 -0.307018
vn -0.468589 -0.857490 -0.212449
vn -0.546955 -0.691923 -0.471256
vn -0.625953 -0.658524 -0.417766
vn -0.647314 -0.441328 -0.621461
vn -0.619354 -0.465126 -0.632501
vn -0.594176 -0.219435 -0.773823
vn -0.646642 -0.205158 -0.734686
vn -0.574075 0.097378 -0.812992
vn -0.450444 -0.853629 -0.261569
vn -0.568982 -0.639750 -0.516701
vn -0.571278 -0.463208 -0.677554
vn -0.557611 -0.479031 -0.677937
vn -0.543912 -0.277778 -0.791833
vn -0.531501 -0.247392 -0.810126
vn -0.548591 -0.283086 -0.786709
vn -0.560063 0.066730 -0.825758
vn -0.503158 0.084681 -0.860036
vn -0.524387 0.057835 -0.849513
vn -0.474651 0.444320 -0.759793
vn -0.470579 0.485893 -0.736521
vn -0.398208 0.410210 -0.820463
vn -0.348643 0.662617 -0.662863
vn -0.372126 0.693911 -0.616449
vn -0.296830 0.647393 -0.701979
vn -0.254741 0.812107 -0.524967
vn -0.303245 0.806604 -0.507378
vn -0.185047 0.810052 -0.556394
vn -0.120602 0.903341 -0.411619
vn -0.230627 0.897747 -0.375314
vn -0.049813 0.889455 -0.454300
vn 0.033267 0.956683 -0.289224
vn -0.078491 0.960530 -0.266875
vn 0.110867 0.936769 -0.331924
vn 0.206537 0.962523 -0.175764
vn 0.084319 0.986764 -0.138517
vn 0.340697 0.906550 -0.249185
vn 0.447399 0.894277 -0.010155
vn 0.285507 0.958197 0.018546
vn 0.529457 0.848334 0.002026
vn 0.605267 0.738273 0.297665
vn 0.495824 0.816267 0.296424
vn 0.564694 0.754591 0.334236
vn 0.623619 0.576953 0.527470
vn 0.634587 0.558561 0.534144
vn 0.505480 0.634776 0.584423
vn 0.537179 0.442747 0.717924
vn 0.658815 0.370182 0.654927
vn 0.418807 0.491696 0.763437
vn 0.411690 0.277664 0.867994
vn 0.546076 0.217518 0.809004
vn 0.282990 0.333896 0.899128
vn 0.220313 0.047997 0.974248
vn 0.341448 -0.015176 0.939778
vn 0.076319 0.132794 0.988201
vn 0.092446 -0.290476 0.952406
vn -0.150837 0.232554 0.960816
vn -0.807398 -0.039399 0.588690
vn -0.226225 0.972923 -0.047354
vn -0.280358 0.930362 -0.236276
vn -0.746738 0.661498 -0.069302
vn -0.567918 0.775030 0.277126
vn -0.063224 0.996339 -0.057550
vn -0.007038 0.958883 -0.283714
vn -0.196058 0.917386 0.346359
vn 0.089990 -0.585257 -0.805839
vn 0.233135 -0.732508 -0.639593
vn 0.056734 -0.813729 -0.578469
vn -0.043908 -0.593356 -0.803742
vn 0.130257 -0.512326 -0.848855
vn 0.350056 -0.606912 -0.713525
vn -0.013766 -0.490969 -0.871068
vn -0.657678 -0.269765 0.703340
vn -0.739975 -0.124471 0.661018
vn -0.875399 -0.226773 0.426909
vn -0.719186 -0.393766 0.572469
vn -0.422011 -0.511278 0.748666
vn -0.394574 -0.274725 0.876834
vn -0.427385 -0.027895 0.903639
vn 0.759745 0.260981 -0.595548
vn 0.473429 0.351157 -0.807808
vn 0.531449 0.620840 -0.576298
vn 0.836081 0.390905 -0.384917
vn 0.833420 -0.024086 -0.552116
vn 0.482161 -0.090139 -0.871433
vn 0.964776 0.083409 -0.249499
vn 0.827928 -0.275796 0.488336
vn 0.884992 -0.348384 0.308899
vn 0.983381 -0.115523 0.140059
vn 0.902664 -0.014363 0.430107
vn 0.497308 -0.333572 0.800884
vn 0.600120 -0.525404 0.603164
vn 0.481511 -0.033623 0.875795
vn 0.450127 0.825958 0.339380
vn 0.515296 0.856588 -0.026958
vn 0.180063 0.974058 -0.137070
vn 0.170946 0.922551 0.345944
vn 0.530066 0.614078 0.584755
vn 0.778296 0.601907 0.178782
vn 0.177555 0.659804 0.730160
vn -0.100137 -0.041725 -0.994098
vn -0.168607 -0.231824 -0.958034
vn -0.492605 0.092898 -0.865280
vn -0.268643 0.328392 -0.905533
vn 0.015398 -0.054119 -0.998416
vn -0.015210 -0.324424 -0.945790
vn -0.057974 0.384755 -0.921196
vn -0.575027 -0.802071 0.161327
vn -0.630875 -0.713543 0.304717
vn -0.878641 -0.446986 0.167912
vn -0.795995 -0.595735 -0.107202
vn -0.255695 -0.966749 -0.004037
vn -0.264460 -0.920012 0.289203
vn -0.400822 -0.795606 -0.454261
vn -0.855203 -0.442476 -0.269894
vn -0.469529 -0.586449 -0.660015
vn -0.119841 -0.831712 -0.542120
vn -0.018669 -0.995878 -0.088766
vn -0.188052 -0.597213 -0.779727
vn -0.413499 -0.509145 -0.754844
vn -0.156694 -0.507487 -0.847292
vn -0.827370 -0.363724 -0.427978
vn -0.706761 -0.178538 -0.684554
vn -0.295032 -0.384334 -0.874782
vn -0.080347 -0.427148 -0.900605
vn 0.042213 -0.435321 -0.899285
vn 0.079695 -0.347735 -0.934200
vn 0.199809 -0.358211 -0.912009
vn 0.167442 -0.458236 -0.872916
vn 0.118190 -0.105198 -0.987403
vn 0.245092 -0.101402 -0.964182
vn 0.131743 0.372681 -0.918560
vn 0.276714 0.357292 -0.892060
vn 0.094605 0.686324 -0.721116
vn 0.301366 0.670055 -0.678384
vn -0.199532 0.674313 -0.710978
vn -0.281215 0.768523 -0.574709
vn 0.075858 0.805857 -0.587231
vn -0.487373 0.597159 -0.637078
vn -0.567935 0.672888 -0.473995
vn -0.777759 0.395692 -0.488384
vn -0.831933 0.462115 -0.307143
vn -0.954788 0.110245 -0.276089
vn -0.969849 0.193992 -0.147511
vn -0.991249 -0.103685 -0.081698
vn -0.997233 -0.020940 -0.071331
vn -0.960427 -0.276785 0.031151
vn -0.960914 -0.272100 0.051039
vn -0.852741 -0.469298 0.229328
vn -0.826464 -0.483816 0.287887
vn -0.949625 -0.305360 0.070489
vn -0.648655 -0.667858 0.364983
vn -0.662830 -0.620739 0.418734
vn -0.315388 -0.852238 0.417398
vn -0.321824 -0.791688 0.519287
vn 0.014753 -0.917262 0.398012
vn 0.030794 -0.848197 0.528785
vn 0.008886 -0.976148 0.216926
vn 0.294151 -0.946734 0.131035
vn 0.339910 -0.883099 0.323415
vn 0.206039 -0.960473 -0.187187
vn 0.442262 -0.839635 -0.315306
vn 0.595301 -0.803474 0.006808
vn 0.636259 -0.655503 -0.406806
vn 0.811427 -0.575948 -0.099348
vn 0.762204 -0.450980 -0.464394
vn 0.929109 -0.329986 -0.166930
vn 0.409223 -0.491213 -0.768925
vn 0.461669 -0.342113 -0.818426
vn 0.824474 -0.239100 -0.512907
vn 0.970962 -0.108718 -0.213102
vn 0.991712 -0.047448 -0.119397
vn 0.964197 -0.259478 -0.054733
vn 0.974616 0.144899 -0.170670
vn 0.971868 0.194535 -0.132775
vn 0.996511 -0.003441 -0.083389
vn 0.862637 0.421457 -0.279698
vn 0.867051 0.443331 -0.227331
vn 0.593904 0.681347 -0.427837
vn 0.615873 0.699194 -0.363080
vn 0.337792 0.779682 -0.527251
vn 0.357908 0.816725 -0.452617
vn 0.085084 0.850795 -0.518564
vn 0.098421 0.847236 -0.522019
vn 0.370363 0.807236 -0.459565
vn -0.299601 0.785669 -0.541260
vn -0.279940 0.788887 -0.547076
vn -0.590158 0.643856 -0.486993
vn -0.580788 0.637315 -0.506473
vn -0.823876 0.425959 -0.373880
vn -0.809883 0.430170 -0.398803
vn -0.951157 0.169738 -0.257854
vn -0.943684 0.211161 -0.254699
vn -0.986985 -0.040627 -0.155599
vn -0.996388 0.010948 -0.084208
vn -0.948404 -0.260194 0.181189
vn -0.934051 -0.154315 0.322082
vn -0.990096 0.107640 0.090134
vn -0.813477 -0.449324 0.369274
vn -0.804671 -0.364585 0.468596
vn -0.660052 -0.576059 0.482170
vn -0.637684 -0.515221 0.572631
vn -0.312697 -0.732425 0.604793
vn -0.294730 -0.676734 0.674660
vn 0.041240 -0.779823 0.624640
vn 0.044229 -0.735659 0.675907
vn 0.355771 -0.751967 0.554952
vn 0.338082 -0.716690 0.609964
vn 0.356678 -0.815527 0.455737
vn 0.674884 -0.675830 0.296287
vn 0.665660 -0.633624 0.394230
vn 0.659410 -0.728372 0.186152
vn 0.865260 -0.499142 0.046710
vn 0.878158 -0.462202 0.123320
vn 0.974167 -0.225743 -0.006175
vn 0.981605 -0.180268 0.062894
vn 0.877180 -0.432616 0.208325
vn 0.997863 0.061562 -0.021887
vn 0.992366 0.120445 0.026510
vn 0.984498 -0.110930 0.135861
vn 0.964960 0.250699 -0.077474
vn 0.961139 0.270657 -0.054377
vn 0.869251 0.458730 -0.184306
vn 0.880654 0.437040 -0.182877
vn 0.631683 0.691531 -0.350373
vn 0.663530 0.645584 -0.378088
vn 0.380892 0.770179 -0.511610
vn 0.384522 0.741784 -0.549454
vn 0.687099 0.589050 -0.425342
vn 0.098962 0.821495 -0.561562
vn 0.086977 0.808537 -0.581982
vn -0.257550 0.791846 -0.553758
vn -0.251554 0.801962 -0.541828
vn -0.572271 0.670175 -0.472622
vn -0.576793 0.700594 -0.420094
vn -0.809046 0.494805 -0.317195
vn -0.813450 0.530806 -0.237790
vn -0.946843 0.299509 -0.117395
vn -0.943443 0.329228 -0.039055
vn -0.981726 0.121894 0.146138
vn -0.997426 0.057916 0.042267
vn -0.951852 0.293716 -0.087798
vn -0.935107 -0.128141 0.330385
vn -0.962727 -0.206315 0.174902
vn -0.813660 -0.353526 0.461494
vn -0.844453 -0.450072 0.290404
vn -0.634107 -0.530453 0.562609
vn -0.655229 -0.648853 0.386866
vn -0.303986 -0.703306 0.642614
vn -0.323200 -0.815546 0.480028
vn 0.032865 -0.767387 0.640341
vn 0.029858 -0.853115 0.520868
vn 0.308251 -0.745299 0.591195
vn 0.297068 -0.803725 0.515535
vn 0.603359 -0.631840 0.486555
vn 0.580580 -0.676518 0.453045
vn 0.635853 -0.609200 0.473885
vn 0.871037 -0.392135 0.295845
vn 0.867646 -0.384327 0.315409
vn 0.987244 -0.084138 0.135167
vn 0.989842 -0.097178 0.103780
vn 0.862682 -0.409972 0.296148
vn 0.993133 0.116762 0.007263
vn 0.996246 0.083888 -0.021366
vn 0.970002 0.225727 -0.090247
vn 0.977890 0.179559 -0.107190
vn 0.899332 0.370298 -0.232554
vn 0.908635 0.344753 -0.235642
vn 0.692873 0.597648 -0.403415
vn 0.684071 0.665623 -0.298316
vn 0.906645 0.387430 -0.167015
vn 0.383103 0.772124 -0.507007
vn 0.372781 0.843997 -0.385621
vn 0.073601 0.842503 -0.533639
vn 0.065101 0.903993 -0.422562
vn -0.258457 0.829896 -0.494442
vn -0.265009 0.867111 -0.421769
vn -0.583594 0.715352 -0.384304
vn -0.588395 0.719014 -0.369879
vn -0.822313 0.519041 -0.233233
vn -0.821042 0.497738 -0.279547
vn -0.950381 0.256409 -0.176156
vn -0.947166 0.244198 -0.207954
vn -0.813907 0.487420 -0.316191
vn -0.997591 0.012345 -0.068260
vn -0.996272 0.009270 -0.085764
vn -0.966531 -0.252108 0.047544
vn -0.970562 -0.236081 0.047700
vn -0.848153 -0.504190 0.162568
vn -0.852939 -0.485697 0.191293
vn -0.657942 -0.704249 0.266732
vn -0.661841 -0.680950 0.313486
vn -0.323518 -0.870475 0.370958
vn -0.341257 -0.841930 0.417968
vn 0.056596 -0.900031 0.432135
vn 0.066848 -0.883267 0.464080
vn 0.320240 -0.830858 0.455105
vn 0.348594 -0.816513 0.460206
vn 0.575992 -0.694959 0.430425
vn 0.581334 -0.693819 0.425048
vn 0.850124 -0.430509 0.303234
vn 0.835764 -0.454175 0.308582
vn 0.986881 -0.116341 0.111943
vn 0.980423 -0.149631 0.127986
vn 0.997364 0.071700 -0.011125
vn 0.998022 0.062864 -0.000691
vn 0.979107 0.188701 -0.075771
vn 0.973765 0.218105 -0.064897
vn 0.889824 0.437750 -0.128792
vn 0.863769 0.473960 -0.171072
vn 0.967641 0.235649 -0.090228
vn 0.658899 0.717248 -0.226732
vn 0.633593 0.727007 -0.264615
vn 0.358649 0.880895 -0.308862
vn 0.364591 0.865911 -0.342448
vn 0.071257 0.926781 -0.368781
vn 0.098939 0.909789 -0.403107
vn -0.251798 0.878366 -0.406290
vn -0.224214 0.871706 -0.435726
vn -0.577076 0.717497 -0.390104
vn -0.566601 0.719395 -0.401789
vn -0.814518 0.494176 -0.303891
vn -0.816022 0.509058 -0.273801
vn -0.565260 0.733314 -0.377799
vn -0.948355 0.259544 -0.182371
vn -0.947381 0.280778 -0.153729
vn -0.998377 0.030599 -0.048042
vn -0.998451 0.052715 -0.017804
vn -0.974360 -0.199868 0.103325
vn -0.974259 -0.176345 0.140434
vn -0.855577 -0.440027 0.272698
vn -0.852503 -0.412095 0.321585
vn -0.662009 -0.627946 0.409180
vn -0.652365 -0.593408 0.471473
vn -0.357700 -0.779027 0.514944
vn -0.359429 -0.731045 0.579986
vn 0.053576 -0.836156 0.545869
vn 0.024068 -0.799784 0.599805
vn 0.345096 -0.792348 0.503085
vn 0.310792 -0.784867 0.536090
vn 0.578281 -0.691755 0.432512
vn 0.566673 -0.696268 0.440559
vn 0.827727 -0.471055 0.304918
vn 0.825745 -0.478765 0.298211
vn 0.973447 -0.184152 0.135973
vn 0.968597 -0.205328 0.140218
vn 0.999125 0.041815 0.000626
vn 0.999511 0.029204 0.011188
vn 0.963430 0.250295 -0.095681
vn 0.959414 0.268410 -0.086491
vn 0.999168 0.034797 0.021257
vn 0.843274 0.497752 -0.202812
vn 0.833244 0.515178 -0.200739
vn 0.617326 0.723954 -0.307894
vn 0.612429 0.727867 -0.308449
vn 0.368726 0.848694 -0.379157
vn 0.362998 0.851631 -0.378097
vn 0.111835 0.900636 -0.419938
vn 0.100815 0.906575 -0.409827
vn -0.210962 0.878191 -0.429274
vn -0.212581 0.887859 -0.408063
vn -0.550909 0.750809 -0.364398
vn -0.524592 0.755647 -0.392175
vn -0.217916 0.879109 -0.423887
vn -0.805643 0.521532 -0.280967
vn -0.780577 0.532033 -0.328088
vn -0.942815 0.283327 -0.175573
vn -0.931187 0.275560 -0.238659
vn -0.997879 0.045421 -0.046623
vn -0.991360 0.018513 -0.129857
vn -0.974084 -0.196785 0.111514
vn -0.967993 -0.250914 0.005581
vn -0.847298 -0.439780 0.297790
vn -0.839440 -0.518740 0.162014
vn -0.634391 -0.623066 0.457533
vn -0.626001 -0.723004 0.292211
vn -0.360243 -0.746728 0.559126
vn -0.372786 -0.851712 0.368263
vn -0.027958 -0.819264 0.572735
vn -0.074966 -0.916024 0.394057
vn 0.260992 -0.819377 0.510396
vn 0.238061 -0.893535 0.380686
vn 0.556231 -0.718893 0.416894
vn 0.573163 -0.746010 0.339047
vn 0.827940 -0.484940 0.281690
vn 0.841553 -0.476412 0.254599
vn 0.967622 -0.209805 0.140323
vn 0.968347 -0.203064 0.145149
vn 0.999159 0.032902 0.024464
vn 0.999925 -0.011746 0.003584
vn 0.970116 -0.214375 0.113655
vn 0.958139 0.266815 -0.103823
vn 0.961860 0.229005 -0.149603
vn 0.826961 0.512404 -0.231469
vn 0.817101 0.497829 -0.290710
vn 0.607454 0.719797 -0.335994
vn 0.584118 0.721150 -0.372491
vn 0.352664 0.846211 -0.399444
vn 0.317664 0.861787 -0.395491
vn 0.082843 0.900681 -0.426509
vn 0.068547 0.914280 -0.399240
vn -0.202045 0.887191 -0.414813
vn -0.153227 0.932023 -0.328414
vn 0.061919 0.954602 -0.291379
vn -0.498862 0.761437 -0.413944
vn -0.466480 0.801365 -0.374446
vn -0.761676 0.538553 -0.360292
vn -0.765210 0.544543 -0.343404
vn -0.921602 0.277646 -0.271223
vn -0.927606 0.277671 -0.249891
vn -0.984003 0.015815 -0.177450
vn -0.986804 0.037880 -0.157425
vn -0.960096 -0.268164 -0.079393
vn -0.968952 -0.238468 -0.065306
vn -0.834930 -0.550331 0.005346
vn -0.863131 -0.504954 -0.005188
vn -0.630124 -0.775011 0.047976
vn -0.684313 -0.729138 0.008573
vn -0.374181 -0.924450 0.073361
vn -0.402547 -0.914998 0.027111
vn -0.060506 -0.990349 0.124690
vn -0.040948 -0.995621 0.084040
vn 0.277788 -0.942522 0.185707
vn 0.320272 -0.935832 0.147118
vn 0.621796 -0.753920 0.212069
vn 0.649874 -0.742385 0.162875
vn 0.867505 -0.462829 0.182278
vn 0.882013 -0.455742 0.119801
vn 0.970902 -0.231688 0.060583
vn 0.972337 -0.227122 0.054549
vn 0.884415 -0.445841 0.137971
vn 0.997535 -0.066319 -0.022946
vn 0.996933 -0.077745 -0.008929
vn 0.966574 0.191160 -0.170860
vn 0.973407 0.191079 -0.126362
vn 0.804688 0.507325 -0.308381
vn 0.794880 0.551126 -0.253822
vn 0.532999 0.771034 -0.348451
vn 0.464851 0.836845 -0.289146
vn 0.253117 0.915934 -0.311442
vn 0.188432 0.949815 -0.249691
vn 0.062064 0.970807 -0.231693
vn 0.068975 0.963662 -0.258066
vn 0.153563 0.955420 -0.252174
vn -0.091275 0.959781 -0.265499
vn -0.043348 0.958594 -0.281456
vn -0.420149 0.848217 -0.322495
vn -0.360942 0.878102 -0.314099
vn -0.778125 0.553241 -0.297399
vn -0.779078 0.569579 -0.261950
vn -0.944362 0.266484 -0.192785
vn -0.959869 0.247201 -0.132454
vn -0.993924 0.058670 -0.093132
vn -0.997471 0.066288 -0.025628
vn -0.980103 -0.197489 0.019911
vn -0.983211 -0.151742 0.101346
vn -0.892629 -0.439102 0.101995
vn -0.902276 -0.374016 0.214502
vn -0.735041 -0.659182 0.158725
vn -0.745385 -0.583549 0.322293
vn -0.439564 -0.867707 0.232094
vn -0.448960 -0.783603 0.429421
vn -0.049294 -0.958397 0.281151
vn -0.065185 -0.885037 0.460934
vn 0.331321 -0.900375 0.282050
vn 0.328988 -0.849421 0.412615
vn 0.654401 -0.718973 0.234173
vn 0.658961 -0.684189 0.312498
vn 0.885336 -0.429254 0.178665
vn 0.888594 -0.398618 0.226943
vn 0.659741 -0.620750 0.423571
vn 0.974664 -0.210543 0.075515
vn 0.979213 -0.178696 0.095971
vn 0.998478 -0.048600 0.026090
vn 0.998643 0.015787 0.049632
vn 0.973402 0.223722 -0.049375
vn 0.959533 0.281560 0.004523
vn 0.779051 0.604640 -0.165803
vn 0.773080 0.626594 -0.098625
vn 0.396630 0.885352 -0.242562
vn 0.395612 0.890278 -0.225603
vn 0.158497 0.946171 -0.282205
vn 0.178535 0.940820 -0.288067
vn 0.454365 0.868805 -0.196798
vn 0.078059 0.950460 -0.300885
vn 0.070677 0.953342 -0.293502
vn -0.019369 0.949828 -0.312172
vn -0.304941 0.898127 -0.316825
vn -0.765318 0.601135 -0.230054
vn -0.971921 0.227202 -0.061234
vn -0.958200 0.257045 0.125620
vn -0.996939 0.059408 0.050832
vn -0.971215 0.076081 0.225727
vn -0.979299 -0.106570 0.172097
vn -0.946674 -0.058672 0.316806
vn -0.898496 -0.307168 0.313614
vn -0.738849 -0.493309 0.459074
vn -0.453453 -0.671311 0.586278
vn -0.071641 -0.770135 0.633845
vn -0.061102 -0.564846 0.822931
vn 0.324742 -0.750771 0.575227
vn 0.287703 -0.567171 0.771715
vn 0.201540 -0.345658 0.916462
vn -0.086924 -0.302635 0.949135
vn 0.117788 -0.039913 0.992236
vn -0.142029 -0.009878 0.989813
vn 0.107837 0.267194 0.957590
vn -0.137682 0.233506 0.962558
vn 0.501679 0.279595 0.818624
vn 0.529022 0.468406 0.707624
vn 0.147262 0.458347 0.876489
vn 0.909865 0.230814 0.344776
vn 0.861109 0.424807 0.279338
vn 0.989934 0.112838 0.085430
vn 0.935874 0.348360 0.052775
vn 0.792752 0.608764 -0.030829
vn -0.046825 0.691746 0.720622
vn -0.092329 0.431795 0.897234
vn -0.004984 0.952600 0.304185
vn -0.333157 0.627658 0.703599
vn -0.406563 0.348777 0.844429
vn -0.763286 0.415155 0.495017
vn -0.796687 0.188167 0.574354
vn -0.440468 0.148804 0.885351
vn -0.782312 0.024906 0.622389
vn 0.039833 0.992058 -0.119308
vn -0.702593 0.269468 -0.658597
vn -0.745882 0.479088 -0.462746
vn -0.393503 0.591539 -0.703731
vn -0.416031 0.229382 -0.879945
vn -0.478179 -0.170469 -0.861560
vn -0.862358 -0.000812 -0.506298
vn -0.969682 0.187902 -0.156237
vn -0.613807 -0.694489 -0.375402
vn -0.664290 -0.513555 -0.543121
vn -0.363434 -0.590487 -0.720584
vn -0.322611 -0.841289 -0.433768
vn -0.723876 -0.689211 0.031502
vn -0.898245 -0.393213 -0.196312
vn -0.343511 -0.937634 0.053324
vn -0.019482 -0.663374 -0.748034
vn -0.098151 -0.638729 -0.763146
vn -0.101880 -0.562072 -0.820790
vn -0.009459 -0.614637 -0.788754
vn 0.194761 -0.754575 -0.626646
vn 0.119468 -0.816840 -0.564357
vn -0.013362 -0.842011 -0.539296
vn 0.221602 0.424890 0.877702
vn 0.371129 0.567588 0.734920
vn 0.185429 0.679909 0.709464
vn 0.085564 0.437518 0.895130
vn 0.028314 0.248495 0.968219
vn 0.217325 0.282275 0.934393
vn 0.432716 0.408384 0.803729
vn 0.957534 0.030490 0.286703
vn 0.913409 0.304868 0.269703
vn 0.732449 0.270177 0.624918
vn 0.798421 -0.105742 0.592741
vn 0.858339 -0.332096 0.391109
vn 0.983055 -0.089983 0.159706
vn 0.980844 0.183778 0.064576
vn -0.115976 0.993185 -0.011543
vn -0.113998 0.971827 -0.206292
vn -0.471740 0.879622 -0.061036
vn -0.363768 0.885917 0.287791
vn -0.024052 0.999250 -0.030363
vn 0.031042 0.960836 -0.275372
vn -0.108581 0.934018 0.340324
vn -0.693601 -0.186800 0.695718
vn -0.786618 -0.275505 0.552565
vn -0.564880 -0.385419 0.729632
vn -0.468737 -0.196847 0.861125
vn -0.747150 -0.041072 0.663385
vn -0.907060 -0.102566 0.408316
vn -0.438831 0.012611 0.898481
vn 0.427166 -0.419994 -0.800709
vn 0.825393 -0.181633 -0.534542
vn 0.752324 -0.521279 -0.402837
vn 0.335056 -0.601407 -0.725291
vn 0.219234 -0.326833 -0.919302
vn 0.588264 0.053564 -0.806893
vn 0.047024 -0.503698 -0.862599
vn -0.035062 -0.458551 -0.887976
vn 0.077385 -0.279680 -0.956970
vn 0.014484 -0.571745 -0.820303
vn -0.076893 -0.522097 -0.849413
vn 0.237809 -0.690545 -0.683077
vn 0.567487 -0.735407 -0.370318
vn 0.441508 -0.837562 -0.321809
vn 0.789092 -0.609785 -0.074142
vn 0.614395 -0.788450 -0.029433
vn 0.939039 -0.310793 -0.147017
vn 0.979094 -0.199667 -0.038823
vn 0.870000 -0.485530 0.085795
vn 0.947658 0.030912 -0.317788
vn 0.971547 0.107573 -0.211009
vn 0.759985 0.322160 -0.564478
vn 0.808444 0.417782 -0.414580
vn 0.467530 0.494361 -0.732818
vn 0.537316 0.621470 -0.570146
vn 0.305713 0.138565 -0.941987
vn 0.080265 0.175957 -0.981120
vn 0.214753 0.560460 -0.799854
vn -0.047727 -0.264967 -0.963076
vn -0.208909 -0.240429 -0.947919
vn -0.161915 0.200513 -0.966218
vn -0.112468 -0.447524 -0.887172
vn -0.250354 -0.426918 -0.868944
vn -0.156868 -0.509873 -0.845826
vn -0.303791 -0.490184 -0.816964
vn -0.190627 -0.543202 -0.817676
vn -0.356700 -0.516432 -0.778501
vn -0.192050 -0.621924 -0.759162
vn -0.148898 -0.836333 -0.527613
vn -0.107234 -0.992650 -0.056094
vn 0.083575 -0.985041 -0.150694
vn 0.120605 -0.982941 0.138860
vn -0.128573 -0.967270 0.218765
vn 0.289041 -0.929167 -0.230442
vn 0.392652 -0.918073 0.054462
vn 0.448071 -0.863967 0.229770
vn 0.144048 -0.946554 0.288592
vn 0.695588 -0.700570 0.159245
vn 0.728833 -0.630917 0.265981
vn 0.488301 -0.799222 0.350437
vn 0.893241 -0.417980 0.165569
vn 0.904106 -0.377853 0.199551
vn 0.742809 -0.592329 0.312060
vn 0.988610 -0.148518 0.024358
vn 0.992211 -0.095448 0.080047
vn 0.978218 0.147460 -0.146099
vn 0.977835 0.202972 -0.051396
vn 0.831106 0.443547 -0.335453
vn 0.848699 0.478604 -0.225051
vn 0.582663 0.651132 -0.486344
vn 0.616259 0.686251 -0.386375
vn 0.340772 0.752812 -0.563160
vn 0.361878 0.812525 -0.456999
vn 0.294097 0.703601 -0.646879
vn -0.015074 0.748171 -0.663335
vn 0.034789 0.817579 -0.574764
vn -0.084487 0.592554 -0.801088
vn -0.371333 0.726424 -0.578290
vn -0.341906 0.802337 -0.489240
vn -0.707093 0.597256 -0.378557
vn -0.692371 0.653593 -0.305679
vn -0.944995 0.309693 -0.105238
vn -0.916081 0.380773 -0.125725
vn -0.982604 0.173623 -0.065914
vn -0.965376 0.227224 -0.128133
vn -0.989006 0.098461 -0.110333
vn -0.985618 0.059255 -0.158257
vn -0.984323 0.131713 -0.117305
vn -0.893789 -0.105140 -0.435989
vn -0.904174 -0.147685 -0.400823
vn -0.541309 -0.333772 -0.771739
vn -0.598324 -0.391808 -0.698924
vn -0.647267 -0.428733 -0.630264
vn -0.907633 -0.249592 -0.337500
vn -0.988734 -0.092780 -0.117459
vn -0.949818 -0.311937 0.023275
vn -0.948820 -0.298885 0.102022
vn -0.997889 -0.038640 -0.052207
vn -0.763951 -0.610430 0.209175
vn -0.761810 -0.587561 0.272798
vn -0.403376 -0.869427 0.285280
vn -0.449757 -0.820454 0.352950
vn -0.152265 -0.930128 0.334182
vn -0.147314 -0.888894 0.433780
vn -0.464464 -0.782447 0.414789
vn 0.180450 -0.894319 0.409428
vn 0.212529 -0.841801 0.496188
vn -0.119609 -0.845641 0.520178
vn 0.509882 -0.750796 0.419913
vn 0.521092 -0.723766 0.452355
vn 0.235317 -0.802347 0.548512
vn 0.748904 -0.575026 0.329375
vn 0.756218 -0.559001 0.340077
vn 0.523749 -0.706887 0.475392
vn 0.919011 -0.334014 0.209411
vn 0.940710 -0.276799 0.196080
vn 0.993624 -0.014964 0.111747
vn 0.996201 0.050551 0.070904
vn 0.964948 0.261177 0.025721
vn 0.967260 0.253255 -0.016420
vn 0.861325 0.494597 -0.116157
vn 0.895279 0.421733 -0.143585
vn 0.639561 0.713077 -0.287198
vn 0.683633 0.650104 -0.331679
vn 0.355935 0.858176 -0.369925
vn 0.363096 0.813524 -0.454248
vn 0.068535 0.926048 -0.371132
vn 0.062584 0.874444 -0.481072
vn 0.064825 0.890100 -0.451131
vn -0.311946 0.869952 -0.381935
vn -0.277799 0.898965 -0.338659
vn -0.675796 0.689570 -0.260370
vn -0.632835 0.722529 -0.278338
vn -0.880926 0.440100 -0.174015
vn -0.845755 0.487720 -0.216399
vn -0.943898 0.281414 -0.172811
vn -0.933243 0.322871 -0.157516
vn -0.978218 0.153951 -0.139242
vn -0.979996 0.188317 -0.064385
vn -0.978697 0.143815 -0.146525
vn -0.997790 -0.047681 -0.046284
vn -0.998495 -0.054641 0.004670
vn -0.936476 -0.321552 0.140060
vn -0.919657 -0.324998 0.220470
vn -0.749828 -0.579790 0.318750
vn -0.737749 -0.553082 0.387076
vn -0.463141 -0.742082 0.484576
vn -0.446050 -0.697350 0.561019
vn -0.730346 -0.501103 0.464210
vn -0.084385 -0.803057 0.589897
vn -0.056165 -0.750478 0.658504
vn -0.415749 -0.632944 0.653096
vn 0.247536 -0.768284 0.590310
vn 0.235665 -0.772774 0.589307
vn -0.061568 -0.752782 0.655384
vn 0.510082 -0.713756 0.479968
vn 0.496610 -0.732269 0.466006
vn 0.218842 -0.811442 0.541914
vn 0.771080 -0.541417 0.335117
vn 0.789901 -0.521708 0.322298
vn 0.962429 -0.223330 0.154447
vn 0.974830 -0.187632 0.120419
vn 0.998135 0.060983 -0.002856
vn 0.998074 0.051402 -0.034725
vn 0.976563 0.190108 -0.100914
vn 0.981307 0.147413 -0.123715
vn 0.921824 0.314267 -0.226887
vn 0.932917 0.266628 -0.242025
vn 0.723898 0.540301 -0.429006
vn 0.741602 0.513626 -0.431526
vn 0.384259 0.722551 -0.574686
vn 0.402447 0.719766 -0.565662
vn 0.065520 0.790170 -0.609376
vn 0.082065 0.794244 -0.602031
vn -0.253681 0.783583 -0.567137
vn -0.248865 0.786059 -0.565842
vn -0.256623 0.855256 -0.450203
vn -0.588893 0.720460 -0.366255
vn -0.575945 0.689193 -0.439659
vn -0.820513 0.511561 -0.255077
vn -0.808801 0.522157 -0.270541
vn -0.933410 0.333237 -0.133036
vn -0.934758 0.337187 -0.111953
vn -0.980238 0.197700 0.006912
vn -0.984438 0.168892 0.048552
vn -0.979348 0.012632 0.201785
vn -0.971126 -0.010745 0.238326
vn -0.993273 -0.019505 0.114142
vn -0.902622 -0.284752 0.322785
vn -0.883707 -0.230295 0.407462
vn -0.710014 -0.436421 0.552646
vn -0.695782 -0.433594 0.572611
vn -0.871737 -0.229567 0.432866
vn -0.412753 -0.629104 0.658683
vn -0.436725 -0.721040 0.537934
vn -0.719169 -0.526739 0.453146
vn -0.073924 -0.819184 0.568747
vn -0.056063 -0.886536 0.459250
vn -0.435684 -0.807238 0.398178
vn 0.229658 -0.850726 0.472783
vn 0.268035 -0.863886 0.426450
vn -0.026942 -0.915529 0.401348
vn 0.499267 -0.746629 0.439634
vn 0.519129 -0.746324 0.416540
vn 0.801787 -0.507642 0.315337
vn 0.803814 -0.505887 0.312987
vn 0.978301 -0.171908 0.115654
vn 0.975642 -0.180084 0.125272
vn 0.998475 0.046934 -0.029079
vn 0.998944 0.043962 -0.013363
vn 0.985385 0.137635 -0.100367
vn 0.984865 0.160122 -0.066355
vn 0.938478 0.286313 -0.193090
vn 0.931670 0.343777 -0.117512
vn 0.739100 0.578606 -0.344887
vn 0.723121 0.653086 -0.224888
vn 0.413256 0.791246 -0.450720
vn 0.408074 0.858947 -0.309330
vn 0.101080 0.866393 -0.489026
vn 0.101596 0.932182 -0.347440
vn -0.247240 0.847740 -0.469265
vn -0.251061 0.901544 -0.352400
vn -0.588560 0.714598 -0.378084
vn -0.583423 0.748081 -0.316216
vn -0.585605 0.683333 -0.436032
vn -0.815093 0.516803 -0.261799
vn -0.820439 0.511277 -0.255884
vn -0.934314 0.339362 -0.109047
vn -0.937482 0.315831 -0.146213
vn -0.990367 0.133075 0.038275
vn -0.995346 0.090831 -0.032178
vn -0.976809 -0.089661 0.194436
vn -0.981254 -0.169505 0.091704
vn -0.884851 -0.315877 0.342433
vn -0.889898 -0.408344 0.203313
vn -0.727422 -0.616629 0.301041
vn -0.718767 -0.653051 0.238535
vn -0.885466 -0.443193 0.139750
vn -0.425496 -0.840014 0.336643
vn -0.421955 -0.818876 0.389096
vn -0.710101 -0.643157 0.286541
vn -0.009667 -0.896646 0.442642
vn 0.000151 -0.860821 0.508907
vn -0.413912 -0.781434 0.466946
vn 0.304254 -0.843991 0.441711
vn 0.316146 -0.819582 0.477847
vn 0.537879 -0.734672 0.413453
vn 0.543956 -0.726600 0.419718
vn 0.799226 -0.514854 0.310101
vn 0.795518 -0.523579 0.304985
vn 0.969908 -0.204355 0.132350
vn 0.963586 -0.229903 0.136556
vn 0.999490 0.031037 -0.007535
vn 0.999941 0.009558 -0.005141
vn 0.979318 0.189360 -0.071264
vn 0.974230 0.202294 -0.099768
vn 0.910750 0.397761 -0.110999
vn 0.883210 0.435854 -0.173125
vn 0.698136 0.691671 -0.184925
vn 0.663245 0.706044 -0.248210
vn 0.387927 0.886281 -0.253018
vn 0.372737 0.874214 -0.311154
vn 0.088163 0.951522 -0.294673
vn 0.090484 0.928628 -0.359809
vn -0.243801 0.914066 -0.324105
vn -0.217983 0.893425 -0.392778
vn -0.569316 0.755676 -0.323780
vn -0.547779 0.745849 -0.379009
vn -0.804060 0.524730 -0.279548
vn -0.798977 0.520256 -0.301612
vn -0.815319 0.521103 -0.252403
vn -0.936489 0.300699 -0.180466
vn -0.934613 0.293115 -0.201449
vn -0.994960 0.060500 -0.079966
vn -0.995752 0.044622 -0.080544
vn -0.979051 -0.200518 0.035386
vn -0.979362 -0.196336 0.047992
vn -0.885834 -0.431899 0.169592
vn -0.883143 -0.406929 0.233382
vn -0.978710 -0.183223 0.092498
vn -0.696828 -0.617096 0.365546
vn -0.680611 -0.594447 0.428254
vn -0.875235 -0.391002 0.284747
vn -0.396081 -0.748570 0.531754
vn -0.372204 -0.730510 0.572555
vn -0.657095 -0.589928 0.469267
vn 0.006544 -0.827333 0.561673
vn -0.002299 -0.808482 0.588516
vn 0.307814 -0.803667 0.509284
vn 0.278485 -0.805179 0.523576
vn 0.541167 -0.723497 0.428592
vn 0.534358 -0.729167 0.427525
vn 0.796579 -0.525245 0.299300
vn 0.800126 -0.525353 0.289488
vn 0.959226 -0.246733 0.137874
vn 0.958106 -0.251947 0.136223
vn 0.999983 -0.005290 0.002446
vn 0.999938 -0.002160 0.010905
vn 0.971736 0.212060 -0.103728
vn 0.968541 0.231427 -0.091489
vn 0.861236 0.465580 -0.203734
vn 0.846807 0.495276 -0.193958
vn 0.631687 0.717162 -0.294364
vn 0.607014 0.743949 -0.279415
vn 0.361143 0.863503 -0.352049
vn 0.340902 0.883928 -0.320090
vn 0.097385 0.916209 -0.388688
vn 0.094365 0.935948 -0.339260
vn -0.201680 0.891900 -0.404772
vn -0.197230 0.917388 -0.345688
vn -0.547468 0.753407 -0.364221
vn -0.548562 0.778466 -0.305074
vn -0.804438 0.530606 -0.267089
vn -0.805286 0.551353 -0.218000
vn -0.940131 0.305004 -0.152072
vn -0.941049 0.319322 -0.111625
vn -0.936916 0.291760 -0.192524
vn -0.998008 0.040530 -0.048344
vn -0.998789 0.048923 -0.005296
vn -0.975718 -0.172701 0.134719
vn -0.972392 -0.171216 0.158551
vn -0.998004 0.058597 0.023543
vn -0.862347 -0.394892 0.316888
vn -0.847377 -0.438188 0.299908
vn -0.970977 -0.197945 0.134243
vn -0.629576 -0.631852 0.452104
vn -0.611873 -0.715831 0.336448
vn -0.830194 -0.515930 0.211175
vn -0.356644 -0.760299 0.542909
vn -0.360348 -0.841809 0.401880
vn -0.035376 -0.835587 0.548217
vn -0.070257 -0.908961 0.410919
vn 0.240302 -0.839430 0.487454
vn 0.224359 -0.895125 0.385246
vn 0.531395 -0.747613 0.398365
vn 0.552956 -0.762602 0.335674
vn 0.808302 -0.522915 0.270571
vn 0.825935 -0.506771 0.247012
vn 0.960164 -0.245593 0.133301
vn 0.963216 -0.232657 0.134481
vn 0.999855 0.010511 0.013426
vn 0.999841 0.012726 0.012485
vn 0.964385 0.248434 -0.090793
vn 0.962044 0.249177 -0.111271
vn 0.832007 0.518135 -0.198241
vn 0.819504 0.518679 -0.243690
vn 0.577914 0.765385 -0.283198
vn 0.553924 0.754037 -0.352983
vn 0.314031 0.894997 -0.316804
vn 0.291923 0.867685 -0.402373
vn 0.090760 0.940057 -0.328719
vn 0.082351 0.905935 -0.415332
vn -0.188910 0.923789 -0.333058
vn -0.187349 0.892806 -0.409632
vn -0.540578 0.787518 -0.295959
vn -0.532005 0.764014 -0.365038
vn -0.800337 0.559130 -0.216414
vn -0.793799 0.538817 -0.282062
vn -0.940484 0.317961 -0.119963
vn -0.935930 0.297530 -0.188444
vn -0.998693 0.051099 -0.000608
vn -0.996735 0.025930 -0.076469
vn -0.965728 -0.252989 0.058025
vn -0.956563 -0.290897 -0.019131
vn -0.991003 0.007621 -0.133625
vn -0.814795 -0.573692 0.083584
vn -0.822516 -0.568606 0.012422
vn -0.955084 -0.293241 -0.042714
vn -0.607410 -0.781313 0.143538
vn -0.627901 -0.778091 0.017717
vn -0.364434 -0.915019 0.172997
vn -0.359350 -0.932700 0.030648
vn -0.065780 -0.976688 0.204335
vn -0.021265 -0.996204 0.084410
vn 0.259004 -0.936792 0.235241
vn 0.320760 -0.936459 0.141978
vn 0.605043 -0.760320 0.236297
vn 0.649098 -0.744122 0.157969
vn 0.854612 -0.482775 0.191223
vn 0.874581 -0.469814 0.119926
vn 0.965655 -0.233697 0.113564
vn 0.967534 -0.245087 0.061734
vn 0.999919 -0.012684 -0.000906
vn 0.998198 -0.051021 -0.031599
vn 0.962613 0.227370 -0.147235
vn 0.962472 0.203550 -0.179486
vn 0.809267 0.500703 -0.307217
vn 0.797716 0.501871 -0.334328
vn 0.539010 0.722581 -0.432833
vn 0.524744 0.732606 -0.433511
vn 0.274980 0.827111 -0.490178
vn 0.258140 0.845845 -0.466807
vn 0.058319 0.863939 -0.500208
vn 0.034979 0.881727 -0.470461
vn -0.204239 0.851338 -0.483229
vn -0.222014 0.857818 -0.463528
vn -0.528438 0.731423 -0.431014
vn -0.532823 0.732064 -0.424479
vn -0.788504 0.511788 -0.341080
vn -0.793102 0.505945 -0.339129
vn -0.930766 0.274774 -0.241195
vn -0.934727 0.263981 -0.237906
vn -0.990483 0.005206 -0.137535
vn -0.994615 0.010871 -0.103063
vn -0.945148 0.254270 -0.205041
vn -0.960632 -0.277817 -0.001825
vn -0.964619 -0.252470 0.075957
vn -0.998922 0.017633 -0.042936
vn -0.847813 -0.527275 0.056514
vn -0.863604 -0.479304 0.156386
vn -0.669782 -0.738388 0.078587
vn -0.690110 -0.686532 0.228956
vn -0.368050 -0.921912 0.120902
vn -0.372327 -0.875099 0.309151
vn 0.007013 -0.984283 0.176461
vn 0.007494 -0.939635 0.342098
vn 0.358793 -0.910570 0.205257
vn 0.366768 -0.874307 0.317913
vn 0.665964 -0.723600 0.181370
vn 0.668379 -0.701234 0.248075
vn 0.882823 -0.457499 0.106382
vn 0.885074 -0.444869 0.136876
vn 0.969130 -0.243921 0.035911
vn 0.971682 -0.231967 0.045003
vn 0.996321 -0.073120 -0.044707
vn 0.997014 -0.072324 -0.027073
vn 0.962378 0.200755 -0.183102
vn 0.964686 0.215198 -0.151889
vn 0.778951 0.542781 -0.314045
vn 0.754409 0.596420 -0.274136
vn 0.490911 0.794952 -0.356451
vn 0.425986 0.858004 -0.286994
vn 0.231951 0.910510 -0.342301
vn 0.187223 0.951289 -0.244944
vn 0.025024 0.940921 -0.337700
vn 0.028311 0.970430 -0.239717
vn -0.218440 0.905983 -0.362600
vn -0.185300 0.939516 -0.288052
vn -0.532619 0.761697 -0.368965
vn -0.524190 0.785591 -0.328743
vn -0.805867 0.506421 -0.306784
vn -0.824822 0.494949 -0.273303
vn -0.960123 0.231938 -0.156107
vn -0.974852 0.199716 -0.098878
vn -0.848016 0.474473 -0.236103
vn -0.999722 0.017612 0.015667
vn -0.997742 0.015106 0.065436
vn -0.984586 0.169740 -0.042176
vn -0.964164 -0.221773 0.145618
vn -0.960152 -0.188214 0.206601
vn -0.867383 -0.430893 0.248955
vn -0.857095 -0.384158 0.343236
vn -0.687148 -0.633697 0.355325
vn -0.670057 -0.574350 0.470262
vn -0.368696 -0.817315 0.442786
vn -0.361448 -0.744728 0.561013
vn -0.003980 -0.892046 0.451928
vn 0.004480 -0.816951 0.576689
vn 0.366725 -0.843001 0.393525
vn 0.365416 -0.778495 0.510310
vn 0.671541 -0.679743 0.294926
vn 0.669477 -0.643870 0.370449
vn 0.885650 -0.433708 0.165895
vn 0.884386 -0.421610 0.200265
vn 0.973979 -0.217635 0.063242
vn 0.976944 -0.198328 0.079030
vn 0.998799 -0.048834 0.004101
vn 0.999684 -0.000640 0.025126
vn 0.964590 0.246633 -0.093480
vn 0.952828 0.300143 -0.045083
vn 0.725919 0.650939 -0.222083
vn 0.696879 0.695115 -0.176563
vn 0.348028 0.898631 -0.267095
vn 0.303242 0.913702 -0.270543
vn 0.145070 0.957547 -0.249116
vn 0.129096 0.947684 -0.291939
vn 0.042522 0.966432 -0.253379
vn 0.051895 0.951296 -0.303881
vn -0.135582 0.945666 -0.295524
vn -0.101673 0.940275 -0.324877
vn -0.506499 0.799610 -0.322618
vn -0.483747 0.814593 -0.320043
vn -0.865951 0.461036 -0.193845
vn -0.876884 0.467962 -0.109940
vn -0.465912 0.841223 -0.274352
vn -0.986277 0.157763 0.048673
vn -0.946040 0.193854 0.259672
vn -0.848472 0.511467 0.136002
vn -0.989267 0.022425 0.144386
vn -0.946118 0.047070 0.320383
vn -0.946201 -0.149610 0.286917
vn -0.830866 -0.332043 0.446553
vn -0.640351 -0.489450 0.591936
vn -0.321976 -0.622033 0.713727
vn -0.246352 -0.443417 0.861796
vn 0.045895 -0.665591 0.744904
vn 0.085374 -0.476952 0.874773
vn 0.356955 -0.643947 0.676695
vn 0.332195 -0.490247 0.805794
vn 0.646823 -0.571119 0.505414
vn 0.599265 -0.464204 0.652224
vn 0.879645 -0.391835 0.269611
vn 0.981664 -0.161038 0.101993
vn 0.996539 0.076441 0.032665
vn 0.931416 0.363195 -0.023520
vn 0.902582 0.429605 0.028019
vn 0.680378 0.716325 -0.154802
vn 0.671601 0.734178 -0.099676
vn 0.298821 0.911851 -0.281485
vn 0.307846 0.916899 -0.254023
vn 0.127251 0.938610 -0.320653
vn 0.109111 0.948991 -0.295822
vn 0.047608 0.945009 -0.323562
vn -0.095590 0.943376 -0.317655
vn 0.069366 0.991555 -0.109577
vn 0.295095 0.953216 -0.065557
vn 0.038867 0.953139 0.300027
vn 0.251935 0.906073 0.339942
vn 0.007175 0.707680 0.706497
vn -0.227122 0.655842 0.719922
vn -0.340926 0.375906 0.861664
vn -0.067264 0.437856 0.896525
vn -0.643536 0.553461 0.528718
vn -0.744669 0.271914 0.609533
vn -0.770094 0.097821 0.630386
vn -0.414704 0.172389 0.893478
vn -0.146881 0.229670 0.962121
vn -0.197183 0.036542 0.979685
vn 0.024297 0.029177 0.999279
vn -0.203245 -0.211766 0.955953
vn 0.069179 -0.256522 0.964059
vn 0.283162 -0.285741 0.915517
vn 0.232192 0.031503 0.972160
vn 0.532359 -0.257189 0.806503
vn 0.461052 0.120256 0.879187
vn 0.667869 0.516124 0.536252
vn 0.525021 0.724157 0.447157
vn 0.839152 0.502081 0.209139
vn 0.638895 0.763114 0.097316
vn -0.608618 -0.792867 0.030768
vn -0.782110 -0.569317 -0.253342
vn -0.388291 -0.737422 -0.552665
vn -0.267194 -0.958079 -0.103400
vn -0.283296 -0.918279 0.276599
vn -0.667807 -0.698827 0.256269
vn -0.916524 -0.392972 0.074549
vn 0.466954 0.840307 0.275388
vn 0.220560 0.944791 0.242328
vn 0.261594 0.665178 0.699361
vn 0.551717 0.630899 0.545504
vn 0.544029 0.838409 -0.033215
vn 0.231613 0.955179 -0.184361
vn 0.783789 0.585785 0.206229
vn -0.127891 0.985373 -0.112626
vn -0.031360 0.994239 -0.102495
vn 0.001655 0.957573 -0.288186
vn -0.172938 0.951324 -0.255099
vn -0.570618 0.814052 -0.108229
vn -0.384726 0.910551 0.151271
vn -0.150599 0.959551 0.237869
vn 0.867906 -0.149230 0.473782
vn 0.906235 0.175763 0.384506
vn 0.556280 0.171903 0.813020
vn 0.554601 -0.222864 0.801716
vn 0.596960 -0.480211 0.642679
vn 0.898027 -0.298085 0.323563
vn 0.989778 -0.009832 0.142278
vn -0.318000 0.227440 -0.920406
vn -0.414391 0.535012 -0.736235
vn -0.173995 0.582782 -0.793783
vn -0.171811 0.197976 -0.965032
vn -0.378424 -0.033741 -0.925017
vn -0.668485 0.301370 -0.679929
vn -0.192732 -0.193734 -0.961936
vn 0.457903 -0.694286 -0.555240
vn 0.242258 -0.752928 -0.611891
vn 0.096800 -0.585745 -0.804694
vn 0.452292 -0.566989 -0.688444
vn 0.845775 -0.430451 -0.315240
vn 0.723061 -0.658464 -0.208827
vn 0.532684 -0.824369 -0.191478
vn 0.086778 -0.303912 -0.948740
vn 0.379053 -0.008699 -0.925334
vn 0.503968 -0.238006 -0.830283
vn 0.092500 -0.436024 -0.895169
vn -0.015199 -0.270564 -0.962582
vn 0.165412 0.128620 -0.977802
vn -0.043192 -0.445623 -0.894178
vn -0.801757 -0.103596 0.588603
vn -0.867321 -0.183156 0.462827
vn -0.654908 -0.312516 0.688062
vn -0.587671 -0.118790 0.800332
vn -0.843901 0.071738 0.531681
vn -0.954486 0.000152 0.298257
vn -0.549038 0.116834 0.827591
vn -0.489296 0.361981 0.793448
vn -0.826431 0.261766 0.498488
vn -0.262125 0.149295 0.953416
vn -0.172383 0.417844 0.892015
vn -0.323640 -0.111290 0.939613
vn -0.027891 -0.170630 0.984940
vn -0.030045 0.153486 0.987694
vn -0.360689 -0.373991 0.854421
vn -0.013492 -0.440597 0.897604
vn -0.421715 -0.570232 0.704977
vn -0.041970 -0.650398 0.758433
vn -0.710798 -0.420821 0.563628
vn -0.884500 -0.248565 0.394811
vn -0.736518 -0.503853 0.451301
vn -0.450127 -0.697539 0.557518
vn -0.895313 -0.308956 0.320876
vn -0.975570 -0.051099 0.213664
vn -0.980080 -0.097038 0.173281
vn -0.898956 -0.363314 0.244709
vn -0.748604 -0.566826 0.343948
vn -0.981312 -0.136998 0.135126
vn -0.994623 0.097257 0.035592
vn -0.994818 0.101664 -0.001299
vn -0.982165 -0.169937 0.080462
vn -0.892526 -0.418555 0.167958
vn -0.993469 0.103671 -0.047654
vn -0.943546 0.305418 -0.128224
vn -0.928791 0.329586 -0.169473
vn -0.990142 0.098248 -0.099829
vn -0.979590 -0.200640 0.012126
vn -0.913695 0.348324 -0.209363
vn -0.723117 0.628447 -0.286630
vn -0.719927 0.619982 -0.311974
vn -0.902645 0.352416 -0.247050
vn -0.985873 0.086465 -0.143449
vn -0.715974 0.604962 -0.348427
vn -0.419578 0.838265 -0.348233
vn -0.432022 0.801383 -0.413694
vn -0.715619 0.598203 -0.360614
vn -0.897808 0.353328 -0.262867
vn -0.432091 0.790059 -0.434862
vn -0.149689 0.888598 -0.433575
vn -0.139172 0.871287 -0.470628
vn -0.436965 0.816994 -0.376275
vn -0.727028 0.614540 -0.306222
vn -0.126770 0.904609 -0.406955
vn 0.079489 0.873201 -0.480835
vn 0.093873 0.907955 -0.408419
vn -0.129803 0.937030 -0.324233
vn -0.448785 0.842949 -0.296697
vn 0.097916 0.942191 -0.320451
vn 0.284942 0.874858 -0.391703
vn 0.298787 0.902478 -0.310259
vn 0.100318 0.940010 -0.326065
vn -0.142472 0.934167 -0.327161
vn 0.321602 0.891456 -0.319186
vn 0.561549 0.779239 -0.278299
vn 0.587775 0.755270 -0.289978
vn 0.342039 0.865032 -0.367053
vn 0.105171 0.916721 -0.385437
vn 0.608550 0.723084 -0.326828
vn 0.838334 0.502347 -0.211765
vn 0.851936 0.463324 -0.243999
vn 0.638079 0.706781 -0.305477
vn 0.357677 0.863869 -0.354679
vn 0.872774 0.429654 -0.231655
vn 0.973682 0.180384 -0.139300
vn 0.976106 0.161324 -0.145574
vn 0.903158 0.397424 -0.162357
vn 0.677050 0.697266 -0.235422
vn 0.982822 0.149920 -0.107638
vn 0.996840 -0.070682 -0.036260
vn 0.998220 -0.052397 -0.028487
vn 0.989421 0.124860 -0.073868
vn 0.928233 0.348759 -0.129429
vn 0.999322 -0.034845 -0.011852
vn 0.945478 -0.303710 0.117609
vn 0.953422 -0.272223 0.129928
vn 0.999743 -0.022424 0.003197
vn 0.992136 0.103786 -0.069964
vn 0.959075 -0.242733 0.145795
vn 0.761811 -0.567184 0.312964
vn 0.769496 -0.544396 0.333929
vn 0.959361 -0.228285 0.165866
vn 0.999777 -0.009560 0.018845
vn 0.769221 -0.531656 0.354460
vn 0.479336 -0.758652 0.441230
vn 0.474712 -0.739442 0.477361
vn 0.759536 -0.534970 0.370016
vn 0.952502 -0.239532 0.188057
vn 0.481937 -0.718421 0.501605
vn 0.211610 -0.827904 0.519420
vn 0.215593 -0.787650 0.577173
vn 0.496348 -0.702831 0.509576
vn 0.745964 -0.546684 0.380360
vn 0.235230 -0.761036 0.604558
vn -0.065614 -0.789794 0.609852
vn -0.048450 -0.748707 0.661128
vn 0.247838 -0.771315 0.586216
vn 0.507588 -0.704997 0.495311
vn -0.041517 -0.773420 0.632533
vn -0.390413 -0.646707 0.655247
vn -0.393794 -0.686041 0.611780
vn -0.055032 -0.825046 0.562379
vn 0.244539 -0.806748 0.537921
vn -0.401899 -0.748236 0.527844
vn -0.696180 -0.507852 0.507366
vn -0.699693 -0.571788 0.428356
vn -0.393301 -0.797718 0.457122
vn -0.069928 -0.872114 0.484281
vn -0.694601 -0.618126 0.368034
vn -0.887505 -0.363524 0.283168
vn -0.898439 -0.385019 0.211110
vn -0.685267 -0.655020 0.318368
vn -0.359670 -0.851395 0.381790
vn -0.910290 -0.379341 0.165749
vn -0.990600 -0.128943 0.045667
vn -0.989252 -0.142069 0.034589
vn -0.976155 -0.210894 -0.051435
vn -0.998032 0.052078 -0.034916
vn -0.990771 -0.037505 -0.130258
vn -0.839659 -0.404852 -0.362034
vn -0.854083 -0.254442 -0.453654
vn -0.948985 0.207017 -0.237849
vn -0.810406 -0.009845 -0.585786
vn -0.460827 -0.443483 -0.768740
vn -0.456208 -0.551012 -0.698756
vn -0.429640 -0.267009 -0.862621
vn -0.197472 -0.384876 -0.901596
vn -0.194257 -0.491125 -0.849153
vn -0.111006 -0.425245 -0.898245
vn -0.102724 -0.503786 -0.857699
vn -0.100086 -0.241143 -0.965315
vn -0.017624 0.155984 -0.987602
vn 0.085144 0.567450 -0.818994
vn 0.343701 0.488490 -0.802027
vn 0.130289 0.749740 -0.648779
vn 0.417011 0.672249 -0.611704
vn -0.191597 0.751103 -0.631771
vn -0.195606 0.841385 -0.503795
vn 0.139599 0.837036 -0.529040
vn -0.483232 0.677558 -0.554439
vn -0.505802 0.753122 -0.420680
vn -0.762885 0.499219 -0.410836
vn -0.777661 0.564454 -0.276830
vn -0.951507 0.283604 -0.119181
vn -0.941823 0.317006 -0.111703
vn -0.781048 0.578775 -0.234485
vn -0.994405 0.094857 -0.046476
vn -0.988985 0.140029 -0.047971
vn -0.932143 0.335628 -0.135882
vn -0.990293 -0.101552 0.094903
vn -0.984605 -0.052265 0.166797
vn -0.985047 0.170451 -0.025066
vn -0.879056 -0.305830 0.365690
vn -0.870074 -0.263442 0.416617
vn -0.977233 -0.036785 0.208955
vn -0.685980 -0.463774 0.560665
vn -0.703528 -0.511891 0.492966
vn -0.878457 -0.310512 0.363173
vn -0.413019 -0.697506 0.585577
vn -0.424245 -0.788394 0.445479
vn -0.719298 -0.608216 0.335683
vn -0.063418 -0.857288 0.510917
vn -0.036310 -0.905408 0.422986
vn -0.415790 -0.841302 0.345442
vn 0.234396 -0.859515 0.454195
vn 0.265680 -0.861778 0.432150
vn -0.020775 -0.905848 0.423093
vn 0.492027 -0.765909 0.413875
vn 0.498784 -0.765672 0.406153
vn 0.279705 -0.845243 0.455334
vn 0.753907 -0.587020 0.295012
vn 0.751304 -0.594981 0.285554
vn 0.498112 -0.763450 0.411130
vn 0.938873 -0.324969 0.113638
vn 0.935721 -0.330884 0.122237
vn 0.753941 -0.592164 0.284454
vn 0.997029 -0.074202 -0.020671
vn 0.998329 -0.057549 0.005140
vn 0.936789 -0.323763 0.132681
vn 0.971141 0.213141 -0.107037
vn 0.966289 0.240718 -0.091327
vn 0.999197 -0.035585 0.018400
vn 0.822724 0.532746 -0.198260
vn 0.808309 0.537978 -0.239201
vn 0.962163 0.249363 -0.109816
vn 0.541392 0.768361 -0.341345
vn 0.529814 0.740212 -0.413984
vn 0.796946 0.525188 -0.298422
vn 0.276395 0.838989 -0.468725
vn 0.263702 0.860913 -0.435075
vn 0.517877 0.752273 -0.407295
vn 0.062923 0.898099 -0.435268
vn 0.052536 0.951716 -0.302451
vn 0.238697 0.918109 -0.316386
vn -0.141811 0.934517 -0.326447
vn -0.107299 0.960430 -0.257023
vn 0.052803 0.974112 -0.219812
vn -0.385973 0.869258 -0.308893
vn -0.340220 0.885817 -0.315560
vn -0.056827 0.960419 -0.272701
vn -0.724645 0.632479 -0.273607
vn -0.706571 0.657454 -0.261748
vn -0.286493 0.900153 -0.328095
vn -0.950889 0.296087 -0.090240
vn -0.945139 0.323170 -0.047681
vn -0.649739 0.720513 -0.242280
vn -0.991153 0.100496 0.086702
vn -0.964918 0.151571 0.214382
vn -0.893182 0.439379 0.095775
vn -0.700575 0.593965 0.395474
vn -0.345773 0.705948 0.618124
vn -0.088771 0.749402 0.656138
vn -0.028433 0.976901 0.211791
vn 0.073927 0.730812 0.678564
vn 0.073474 0.973887 0.214813
vn 0.030549 0.424754 0.904793
vn 0.243120 0.414691 0.876883
vn 0.212348 0.127472 0.968844
vn 0.564079 0.446701 0.694458
vn 0.251026 -0.240043 0.937745
vn 0.292024 -0.486353 0.823518
vn 0.307457 -0.652485 0.692628
vn 0.629518 -0.584656 0.511746
vn 0.309802 -0.793129 0.524374
vn 0.638886 -0.664338 0.387917
vn -0.074142 -0.806632 0.586385
vn -0.076837 -0.886047 0.457184
vn 0.305321 -0.861103 0.406547
vn -0.453107 -0.775980 0.438805
vn -0.447658 -0.839208 0.308760
vn -0.067133 -0.936219 0.344945
vn -0.741869 -0.629129 0.232006
vn -0.719066 -0.688249 0.096218
vn -0.435096 -0.892088 0.121941
vn -0.879055 -0.469844 0.080675
vn -0.857209 -0.514782 0.013871
vn -0.672794 -0.739756 0.010482
vn -0.974108 -0.221493 -0.045335
vn -0.970660 -0.235503 -0.048551
vn -0.840062 -0.540744 0.043500
vn -0.984658 0.076973 -0.156603
vn -0.990469 0.084831 -0.108513
vn -0.975770 -0.217907 0.019747
vn -0.903893 0.368482 -0.217254
vn -0.912289 0.388717 -0.128948
vn -0.994347 0.105432 -0.012550
vn -0.740226 0.634416 -0.222669
vn -0.750419 0.626762 -0.209859
vn -0.916141 0.388716 -0.097901
vn -0.466316 0.834140 -0.294551
vn -0.481446 0.802340 -0.352789
vn -0.758954 0.598307 -0.256940
vn -0.152615 0.907521 -0.391298
vn -0.166898 0.893361 -0.417194
vn -0.487380 0.776819 -0.398764
vn 0.103888 0.914618 -0.390746
vn 0.100358 0.938719 -0.329750
vn -0.195449 0.911605 -0.361629
vn 0.375051 0.879439 -0.293128
vn 0.401910 0.864760 -0.301095
vn 0.117458 0.936143 -0.331422
vn 0.708293 0.667359 -0.230116
vn 0.734641 0.609766 -0.297468
vn 0.425172 0.815408 -0.392860
vn 0.942342 0.295368 -0.157319
vn 0.946947 0.258404 -0.191100
vn 0.757089 0.535132 -0.374766
vn 0.991870 0.104860 -0.072102
vn 0.990160 0.121297 -0.069782
vn 0.943964 0.259287 -0.204210
vn 0.999396 -0.003393 0.034597
vn 0.997953 -0.005663 0.063706
vn 0.987839 0.149325 -0.043319
vn 0.938450 -0.270036 0.215390
vn 0.919863 -0.313787 0.235350
vn 0.994034 -0.028640 0.105243
vn 0.735974 -0.563435 0.375344
vn 0.731850 -0.583016 0.352828
vn 0.903593 -0.361003 0.230643
vn 0.512319 -0.724020 0.461871
vn 0.512565 -0.755931 0.407241
vn 0.727907 -0.608635 0.315776
vn 0.235035 -0.851531 0.468671
vn 0.217894 -0.907883 0.358150
vn 0.498913 -0.808974 0.310881
vn -0.070750 -0.922849 0.378609
vn -0.046015 -0.975115 0.216874
vn 0.195861 -0.964751 0.175767
vn -0.049723 -0.984808 -0.166375
vn 0.134453 -0.970137 -0.201886
vn -0.129519 -0.763942 -0.632153
vn -0.000917 -0.760442 -0.649406
vn -0.183447 -0.567492 -0.802683
vn -0.081669 -0.571123 -0.816792
vn -0.014293 -0.579071 -0.815152
vn 0.111549 -0.761794 -0.638143
vn -0.038691 -0.511499 -0.858412
vn 0.085803 -0.510859 -0.855372
vn 0.513477 -0.431571 -0.741679
vn 0.883295 -0.193461 -0.427039
vn 0.820918 0.056706 -0.568224
vn 0.910643 0.221042 -0.349099
vn 0.977957 -0.027467 -0.206990
vn 0.618199 0.308622 -0.722899
vn 0.705778 0.488907 -0.512687
vn 0.721943 0.555222 -0.412948
vn 0.923779 0.284968 -0.255784
vn 0.434061 0.746285 -0.504628
vn 0.427013 0.797823 -0.425603
vn 0.725627 0.605307 -0.327214
vn 0.131793 0.884470 -0.447598
vn 0.127224 0.882615 -0.452554
vn 0.418140 0.815208 -0.400742
vn -0.189650 0.882505 -0.430370
vn -0.177906 0.870759 -0.458398
vn -0.511140 0.779759 -0.361541
vn -0.516462 0.759650 -0.395221
vn -0.787671 0.557622 -0.261977
vn -0.791247 0.523633 -0.315812
vn -0.515558 0.724432 -0.457601
vn -0.929425 0.330302 -0.164530
vn -0.930212 0.320747 -0.178401
vn -0.784021 0.517553 -0.342711
vn -0.987711 0.156193 -0.005540
vn -0.992019 0.126042 -0.003425
vn -0.927756 0.330978 -0.172400
vn -0.978621 -0.088669 0.185577
vn -0.981720 -0.168929 0.087685
vn -0.994113 0.090525 -0.059533
vn -0.886885 -0.405073 0.222152
vn -0.879945 -0.458333 0.125012
vn -0.976328 -0.216215 0.005886
vn -0.713123 -0.660881 0.233864
vn -0.708183 -0.655359 0.262642
vn -0.881698 -0.449384 0.143746
vn -0.417741 -0.830916 0.367520
vn -0.420504 -0.787256 0.451004
vn -0.699857 -0.619683 0.355236
vn -0.022373 -0.875037 0.483539
vn -0.024300 -0.842270 0.538508
vn -0.414859 -0.748601 0.517193
vn 0.277432 -0.828885 0.485778
vn 0.264364 -0.817819 0.511160
vn -0.029687 -0.814739 0.579068
vn 0.494802 -0.761198 0.419224
vn 0.489806 -0.767843 0.412925
vn 0.236025 -0.825454 0.512755
vn 0.760700 -0.586278 0.278593
vn 0.770907 -0.581042 0.260946
vn 0.487690 -0.786596 0.378715
vn 0.941775 -0.308284 0.134245
vn 0.947249 -0.290026 0.136402
vn 0.789117 -0.565520 0.239752
vn 0.999516 -0.024988 0.018513
vn 0.999255 -0.037629 0.008616
vn 0.951425 -0.282209 0.123078
vn 0.960878 0.237109 -0.143155
vn 0.960542 0.223164 -0.166002
vn 0.998014 -0.061482 -0.013695
vn 0.786535 0.529988 -0.316978
vn 0.769292 0.566945 -0.294557
vn 0.959415 0.227154 -0.167103
vn 0.489375 0.805427 -0.334364
vn 0.426908 0.860718 -0.277332
vn 0.739560 0.619553 -0.263067
vn 0.196216 0.952120 -0.234452
vn 0.153368 0.958278 -0.241209
vn 0.347262 0.900720 -0.260982
vn 0.061810 0.968706 -0.240394
vn 0.071928 0.953334 -0.293225
vn 0.135823 0.949830 -0.281734
vn -0.022383 0.950078 -0.311209
vn -0.006784 0.945026 -0.326925
vn 0.075263 0.942836 -0.324647
vn -0.227225 0.918712 -0.323013
vn 0.060019 0.951310 -0.302335
vn 0.020993 0.987526 -0.156051
vn 0.092256 0.977366 -0.190381
vn 0.127098 0.939981 -0.316673
vn 0.137164 0.938664 -0.316378
vn 0.261107 0.920213 -0.291602
vn 0.272204 0.918798 -0.285859
vn 0.293121 0.919011 -0.263627
vn 0.617025 0.767854 -0.172282
vn 0.655171 0.734904 -0.175119
vn 0.700850 0.679193 -0.217960
vn 0.930515 0.364729 -0.033386
vn 0.952272 0.292838 -0.086165
vn 0.958147 0.247952 -0.143085
vn 0.999303 -0.027533 0.025213
vn 0.997813 -0.064694 -0.013541
vn 0.996914 -0.073913 -0.026442
vn 0.964644 -0.255311 0.065413
vn 0.960056 -0.274142 0.056015
vn 0.955708 -0.282772 0.081625
vn 0.854955 -0.503788 0.123492
vn 0.842022 -0.522547 0.133952
vn 0.817847 -0.541598 0.194420
vn 0.597312 -0.787262 0.153090
vn 0.553536 -0.803097 0.220530
vn 0.506208 -0.802958 0.314662
vn 0.214293 -0.956802 0.196491
vn 0.184765 -0.917383 0.352519
vn 0.200303 -0.862378 0.464955
vn -0.113284 -0.922876 0.368059
vn -0.084346 -0.846865 0.525077
vn -0.048349 -0.808438 0.586593
vn -0.389034 -0.762337 0.517199
vn -0.392060 -0.714144 0.579903
vn -0.403484 -0.718802 0.566149
vn -0.659059 -0.573812 0.486190
vn -0.674969 -0.566546 0.472697
vn -0.688243 -0.587648 0.425431
vn -0.874029 -0.359682 0.326653
vn -0.880626 -0.376759 0.287317
vn -0.884323 -0.409231 0.224726
vn -0.979055 -0.152461 0.134932
vn -0.981045 -0.176445 0.080110
vn -0.977918 -0.208407 0.015601
vn -0.995522 0.060953 -0.072251
vn -0.991116 0.050265 -0.123133
vn -0.990450 0.057347 -0.125384
vn -0.921368 0.303047 -0.243401
vn -0.924027 0.300474 -0.236411
vn -0.926223 0.321113 -0.197477
vn -0.790356 0.519700 -0.324422
vn -0.791108 0.512038 -0.334612
vn -0.782810 0.521527 -0.339437
vn -0.537108 0.695804 -0.476835
vn -0.525237 0.680158 -0.511382
vn -0.512118 0.699846 -0.497946
vn -0.186130 0.764004 -0.617781
vn -0.179005 0.786400 -0.591213
vn -0.171800 0.830684 -0.529574
vn 0.129151 0.783864 -0.607352
vn 0.131986 0.837747 -0.529867
vn 0.128603 0.765852 -0.630025
vn 0.440178 0.691728 -0.572500
vn 0.439635 0.711513 -0.548151
vn 0.428105 0.774644 -0.465460
vn 0.759239 0.528055 -0.380414
vn 0.742463 0.596185 -0.305469
vn 0.726521 0.632148 -0.269363
vn 0.928287 0.354650 -0.111838
vn 0.922066 0.374719 -0.096851
vn 0.926286 0.337822 -0.166944
vn 0.987598 0.155543 0.021377
vn 0.994469 0.099697 -0.033035
vn 0.992935 0.045391 -0.109638
vn 0.985473 -0.146758 0.085476
vn 0.978292 -0.205368 0.027741
vn 0.951957 -0.294253 -0.084808
vn 0.876810 -0.457325 0.148520
vn 0.838118 -0.545132 0.019745
vn 0.891437 -0.403116 0.206971
vn 0.715164 -0.656694 0.239360
vn 0.672014 -0.735098 0.089600
vn 0.457437 -0.878567 0.137371
vn 0.334098 -0.919620 -0.206588
vn 0.989685 -0.084464 0.115713
vn 0.984563 0.174811 0.008806
vn 0.938393 0.298505 -0.174108
vn 0.765231 0.494422 -0.412273
vn 0.435429 0.744166 -0.506575
vn 0.137471 0.816295 -0.561038
vn 0.138111 0.889546 -0.435468
vn -0.188862 0.806186 -0.560710
vn -0.198345 0.873892 -0.443816
vn -0.540744 0.738485 -0.402785
vn -0.534292 0.770254 -0.348197
vn -0.206311 0.913856 -0.349718
vn -0.780227 0.541191 -0.313622
vn -0.764500 0.558404 -0.322065
vn -0.508715 0.777179 -0.370408
vn -0.922130 0.316904 -0.221919
vn -0.922995 0.338453 -0.183113
vn -0.760561 0.570862 -0.309295
vn -0.996838 0.076904 -0.019992
vn -0.995149 0.095441 0.023879
vn -0.920369 0.367112 -0.134724
vn -0.975495 -0.137836 0.171495
vn -0.974574 -0.137788 0.176692
vn -0.992932 0.111081 0.041787
vn -0.866430 -0.370841 0.334330
vn -0.859864 -0.426159 0.281111
vn -0.978220 -0.169425 0.119925
vn -0.644723 -0.632085 0.429884
vn -0.636777 -0.718020 0.281004
vn -0.847384 -0.505242 0.163311
vn -0.396204 -0.849639 0.348044
vn -0.398936 -0.909703 0.115282
vn -0.637731 -0.764921 0.090529
vn -0.109899 -0.982314 0.151597
vn -0.077001 -0.995823 0.049076
vn -0.409170 -0.912447 0.004513
vn 0.267971 -0.956315 0.116848
vn 0.297786 -0.933145 0.201405
vn -0.064457 -0.983664 0.168080
vn 0.616645 -0.764616 0.187380
vn 0.622466 -0.737499 0.261977
vn 0.302678 -0.895544 0.326170
vn 0.861814 -0.482275 0.157123
vn 0.867321 -0.458414 0.193936
vn 0.632627 -0.707687 0.314583
vn 0.968785 -0.229194 0.094480
vn 0.974678 -0.193134 0.112708
vn 0.874698 -0.430483 0.222683
vn 0.997746 0.040096 0.053807
vn 0.988735 0.141373 0.049156
vn 0.985042 -0.131080 0.111851
vn 0.896325 0.442762 -0.023751
vn 0.854948 0.518439 0.016905
vn 0.958127 0.274355 0.081981
vn 0.595741 0.789678 -0.146633
vn 0.858973 0.408421 0.308801
vn 0.883916 -0.386331 0.263518
vn -0.610794 -0.751555 -0.249192
vn -0.641042 -0.599725 -0.478953
vn -0.264102 -0.723732 -0.637544
vn -0.292623 -0.917824 -0.268274
vn -0.338482 -0.923457 0.180713
vn -0.716262 -0.693277 0.079596
vn -0.893541 -0.422025 -0.153232
vn 0.171593 -0.785397 -0.594733
vn 0.270901 -0.895468 -0.353199
vn 0.083599 -0.946682 -0.311134
vn 0.051348 -0.774357 -0.630663
vn 0.197720 -0.718498 -0.666834
vn 0.416869 -0.788218 -0.452694
vn 0.057541 -0.668131 -0.741816
vn 0.248879 0.924987 0.287155
vn 0.339488 0.730931 0.592019
vn 0.607829 0.727364 0.318568
vn 0.363625 0.931485 -0.010599
vn 0.092874 0.990056 -0.105654
vn 0.054288 0.957622 0.282866
vn 0.068887 0.732727 0.677027
vn 0.890656 -0.037085 0.453163
vn 0.881741 0.283058 0.377374
vn 0.543911 0.278037 0.791743
vn 0.589509 -0.143229 0.794962
vn -0.066592 0.977443 -0.200429
vn -0.005423 0.976325 -0.216240
vn 0.025730 0.946851 -0.320643
vn -0.095984 0.949958 -0.297266
vn -0.256095 0.966501 -0.017053
vn -0.098333 0.994975 0.018845
vn -0.394857 0.895528 -0.205224
vn -0.325805 0.234897 -0.915792
vn -0.091067 0.181996 -0.979073
vn -0.133982 -0.243011 -0.960726
vn -0.442940 -0.041316 -0.895599
vn -0.402553 0.524102 -0.750512
vn -0.102444 0.591735 -0.799597
vn -0.685436 0.305156 -0.661103
vn -0.715895 -0.175072 0.675903
vn -0.792738 -0.008073 0.609509
vn -0.917218 -0.103793 0.384628
vn -0.775829 -0.295816 0.557298
vn -0.534778 -0.389812 0.749706
vn -0.494359 -0.161556 0.854113
vn -0.494838 0.081428 0.865162
vn 0.718087 -0.027285 -0.695418
vn 0.686103 -0.391387 -0.613253
vn 0.300464 -0.388326 -0.871162
vn 0.426283 0.062896 -0.902401
vn 0.594980 0.452634 -0.664169
vn 0.894728 0.205006 -0.396780
vn 0.958316 -0.147499 -0.244694
vn 0.989517 0.004014 -0.144360
vn 0.940063 -0.308560 -0.145163
vn 0.855555 -0.440686 -0.271702
vn 0.929197 0.294732 -0.222995
vn 0.578916 -0.589999 -0.562812
vn 0.727835 -0.632738 -0.264383
vn 0.483763 -0.699939 -0.525413
vn 0.250773 -0.586452 -0.770186
vn 0.225130 -0.668298 -0.709009
vn 0.078969 -0.616131 -0.783675
vn 0.102090 -0.539918 -0.835504
vn -0.027346 -0.584439 -0.810977
vn -0.003266 -0.501561 -0.865116
vn -0.052541 -0.646290 -0.761281
vn -0.250313 -0.615824 -0.747064
vn -0.209946 -0.538407 -0.816113
vn -0.067658 -0.760479 -0.645828
vn -0.076890 -0.948635 -0.306886
vn -0.098279 -0.984652 0.144228
vn 0.086038 -0.993063 0.080150
vn 0.069340 -0.966671 0.246454
vn -0.130427 -0.947813 0.290929
vn 0.353491 -0.935323 -0.014662
vn 0.374550 -0.911322 0.170894
vn 0.599634 -0.785605 -0.152526
vn 0.658051 -0.752022 0.037844
vn 0.818474 -0.566822 -0.093884
vn 0.837483 -0.545381 0.034372
vn 0.666003 -0.731451 0.146357
vn 0.966065 -0.251595 -0.058466
vn 0.979465 -0.196064 0.046986
vn 0.852783 -0.498927 0.154380
vn 0.990203 0.074300 -0.118223
vn 0.992663 0.108408 -0.053551
vn 0.936747 0.305082 -0.171554
vn 0.937116 0.324015 -0.129724
vn 0.745434 0.585416 -0.318772
vn 0.771284 0.591076 -0.236115
vn 0.693001 0.565937 -0.446615
vn 0.381140 0.705382 -0.597636
vn 0.415019 0.781848 -0.465267
vn 0.343624 0.525609 -0.778240
vn 0.137855 0.573079 -0.807822
vn 0.150814 0.745698 -0.648991
vn 0.263490 0.114021 -0.957900
vn 0.102739 0.162611 -0.981327
vn 0.154861 -0.333636 -0.929895
vn 0.037359 -0.293139 -0.955340
vn -0.173749 -0.435650 -0.883188
vn -0.520558 -0.246223 -0.817554
vn -0.570614 -0.397673 -0.718509
vn -0.892427 -0.146618 -0.426705
vn -0.840335 0.050431 -0.539717
vn -0.607929 -0.506031 -0.611845
vn -0.907057 -0.285814 -0.309123
vn -0.986310 -0.136289 -0.092837
vn -0.981829 0.029992 -0.187385
vn -0.936715 -0.347779 0.040179
vn -0.933208 -0.333853 0.132906
vn -0.995324 -0.094438 -0.020286
vn -0.727367 -0.649650 0.221116
vn -0.720917 -0.622099 0.305404
vn -0.375187 -0.872600 0.312738
vn -0.413617 -0.833250 0.366901
vn -0.152655 -0.925884 0.345593
vn -0.144946 -0.894388 0.423156
vn -0.446881 -0.790909 0.418043
vn 0.085236 -0.944536 0.317153
vn 0.126676 -0.903022 0.410494
vn 0.396526 -0.881260 0.257192
vn 0.418526 -0.836164 0.354494
vn 0.673936 -0.694644 0.251556
vn 0.678124 -0.653923 0.335459
vn 0.431051 -0.791752 0.432809
vn 0.865683 -0.445096 0.229090
vn 0.876908 -0.404013 0.260396
vn 0.677471 -0.624757 0.388216
vn 0.984646 -0.134302 0.111513
vn 0.990396 -0.073017 0.117408
vn 0.989489 0.143578 0.017245
vn 0.982867 0.181985 0.029226
vn 0.934932 0.349457 -0.061504
vn 0.935325 0.351296 -0.041925
vn 0.778541 0.601688 -0.178455
vn 0.795777 0.577363 -0.182731
vn 0.472297 0.828839 -0.299937
vn 0.504706 0.792455 -0.342473
vn 0.445750 0.822782 -0.352613
vn 0.190760 0.893030 -0.407564
vn 0.198620 0.913169 -0.355910
vn 0.173652 0.830808 -0.528776
vn -0.101637 0.827168 -0.552686
vn -0.084235 0.901271 -0.424989
vn -0.113129 0.740628 -0.662324
vn -0.416309 0.667872 -0.616955
vn -0.431087 0.746611 -0.506691
vn -0.727407 0.488412 -0.482010
vn -0.739429 0.559304 -0.374731
vn -0.925677 0.230096 -0.300297
vn -0.931251 0.295271 -0.213512
vn -0.989801 0.086603 -0.113112
vn -0.988597 0.119966 -0.091012
vn -0.924483 0.340551 -0.171334
vn -0.996269 -0.084902 0.015463
vn -0.995153 -0.070522 0.068533
vn -0.983939 0.168007 -0.060321
vn -0.916718 -0.346227 0.199389
vn -0.900000 -0.349934 0.259898
vn -0.717261 -0.597599 0.358346
vn -0.721086 -0.570186 0.393602
vn -0.456961 -0.756471 0.467909
vn -0.445888 -0.714993 0.538488
vn -0.724809 -0.528147 0.442395
vn -0.123636 -0.859500 0.495958
vn -0.104059 -0.812235 0.573974
vn 0.159690 -0.859806 0.485007
vn 0.178950 -0.815638 0.550192
vn 0.442939 -0.753011 0.486600
vn 0.441809 -0.731155 0.519824
vn 0.182995 -0.776836 0.602527
vn 0.674235 -0.613817 0.410653
vn 0.677047 -0.606596 0.416712
vn 0.422805 -0.739709 0.523513
vn 0.891475 -0.367174 0.265436
vn 0.910946 -0.319931 0.260425
vn 0.995477 -0.017801 0.093319
vn 0.996956 0.021719 0.074877
vn 0.979992 0.198904 -0.007265
vn 0.980855 0.191496 -0.035396
vn 0.943773 0.320173 -0.082346
vn 0.952507 0.279531 -0.120801
vn 0.824273 0.513089 -0.239404
vn 0.844377 0.452576 -0.286710
vn 0.540097 0.722412 -0.431759
vn 0.564448 0.667369 -0.485815
vn 0.230427 0.816845 -0.528836
vn 0.241052 0.774713 -0.584562
vn 0.213703 0.881806 -0.420415
vn -0.068016 0.897942 -0.434826
vn -0.062553 0.835329 -0.546180
vn -0.073082 0.929214 -0.362244
vn -0.416812 0.849466 -0.323535
vn -0.405959 0.825686 -0.391715
vn -0.432239 0.814565 -0.386849
vn -0.743015 0.605878 -0.284326
vn -0.731133 0.640411 -0.235198
vn -0.914222 0.382130 -0.134810
vn -0.905450 0.400243 -0.141300
vn -0.723763 0.631558 -0.278033
vn -0.976944 0.211641 -0.028095
vn -0.979839 0.197704 -0.028776
vn -0.905369 0.377438 -0.194546
vn -0.989483 -0.038022 0.139565
vn -0.984457 -0.020087 0.174475
vn -0.890907 -0.319314 0.322992
vn -0.885472 -0.275718 0.374058
vn -0.713016 -0.474872 0.515854
vn -0.705294 -0.480224 0.521483
vn -0.883525 -0.283713 0.372679
vn -0.427725 -0.654929 0.622992
vn -0.433655 -0.656318 0.617407
vn -0.092427 -0.758507 0.645077
vn -0.103515 -0.765384 0.635194
vn 0.169974 -0.783783 0.597322
vn 0.155709 -0.820899 0.549436
vn -0.115606 -0.824257 0.554289
vn 0.402940 -0.762786 0.505764
vn 0.395667 -0.783279 0.479503
vn 0.159558 -0.858060 0.488134
vn 0.686210 -0.599616 0.411796
vn 0.691185 -0.598457 0.405109
vn 0.928536 -0.280123 0.243622
vn 0.934268 -0.268311 0.234844
vn 0.997711 0.032582 0.059248
vn 0.998043 0.027203 0.056306
vn 0.984244 0.170514 -0.046780
vn 0.986446 0.159382 -0.039004
vn 0.960503 0.245688 -0.130661
vn 0.964736 0.242171 -0.103139
vn 0.854395 0.429109 -0.293044
vn 0.847850 0.472952 -0.239720
vn 0.567942 0.671654 -0.475734
vn 0.551353 0.738738 -0.387655
vn 0.248707 0.788930 -0.561903
vn 0.254405 0.850691 -0.460004
vn -0.053580 0.811036 -0.582537
vn -0.054829 0.870349 -0.489374
vn -0.058354 0.796624 -0.601652
vn -0.398171 0.740301 -0.541677
vn -0.402783 0.747325 -0.528461
vn -0.398086 0.772826 -0.494234
vn -0.715974 0.597017 -0.361874
vn -0.710665 0.582622 -0.394343
vn -0.902307 0.371550 -0.218617
vn -0.900089 0.374600 -0.222521
vn -0.717200 0.580273 -0.385886
vn -0.986241 0.160968 -0.037649
vn -0.987911 0.142288 -0.061537
vn -0.984673 -0.051776 0.166546
vn -0.987442 -0.111255 0.112162
vn -0.891487 -0.356077 0.280108
vn -0.890809 -0.426602 0.156428
vn -0.986046 -0.165331 0.019478
vn -0.721460 -0.561345 0.405447
vn -0.725077 -0.632949 0.271365
vn -0.455376 -0.734834 0.502645
vn -0.459615 -0.803622 0.378083
vn -0.108031 -0.882167 0.458379
vn -0.096224 -0.915390 0.390898
vn -0.460667 -0.833783 0.304290
vn 0.182505 -0.880927 0.436646
vn 0.204433 -0.874410 0.440016
vn -0.103461 -0.906615 0.409078
vn 0.405843 -0.793847 0.452878
vn 0.420826 -0.789253 0.447197
vn 0.688664 -0.604256 0.400770
vn 0.681286 -0.614596 0.397645
vn 0.928675 -0.281410 0.241603
vn 0.917235 -0.311003 0.248912
vn 0.997593 0.016280 0.067402
vn 0.997092 -0.008508 0.075737
vn 0.986030 0.165547 -0.018417
vn 0.985014 0.171621 -0.017132
vn 0.959311 0.276673 -0.056343
vn 0.944845 0.323449 -0.051466
vn 0.827908 0.539829 -0.152161
vn 0.799190 0.589701 -0.116396
vn 0.527974 0.804440 -0.272248
vn 0.506069 0.835896 -0.212538
vn 0.244158 0.909404 -0.336707
vn 0.219314 0.936267 -0.274417
vn -0.066984 0.924985 -0.374054
vn -0.076631 0.944804 -0.318548
vn -0.413001 0.828296 -0.378624
vn -0.401270 0.845476 -0.352354
vn -0.408672 0.788805 -0.459100
vn -0.721053 0.591237 -0.361278
vn -0.715670 0.611152 -0.338097
vn -0.898814 0.363676 -0.244690
vn -0.893371 0.360913 -0.267638
vn -0.985079 0.120081 -0.123285
vn -0.980477 0.104148 -0.166786
vn -0.982006 -0.185731 -0.034188
vn -0.983535 -0.178140 -0.030426
vn -0.980472 0.096365 -0.171430
vn -0.887348 -0.451810 0.092097
vn -0.893972 -0.435984 0.103593
vn -0.721585 -0.662539 0.200892
vn -0.725890 -0.650157 0.224454
vn -0.473126 -0.816697 0.330391
vn -0.485626 -0.777804 0.398984
vn -0.729893 -0.618151 0.291798
vn -0.124045 -0.874830 0.468279
vn -0.140927 -0.844051 0.517414
vn -0.492340 -0.742174 0.454730
vn 0.206380 -0.855693 0.474550
vn 0.195238 -0.840337 0.505684
vn 0.425913 -0.783178 0.453024
vn 0.417461 -0.783303 0.460611
vn 0.672878 -0.628874 0.389556
vn 0.666221 -0.642784 0.378125
vn 0.905646 -0.344923 0.246646
vn 0.898161 -0.372582 0.233429
vn 0.995958 -0.046903 0.076606
vn 0.993676 -0.086196 0.071953
vn 0.986127 0.161532 -0.038223
vn 0.988246 0.142332 -0.055781
vn 0.929360 0.354029 -0.104662
vn 0.917535 0.366552 -0.154176
vn 0.768495 0.615808 -0.173772
vn 0.738701 0.627539 -0.246000
vn 0.488219 0.835767 -0.251268
vn 0.469385 0.823560 -0.318476
vn 0.208250 0.926407 -0.313691
vn 0.212143 0.904689 -0.369505
vn -0.064457 0.928236 -0.366365
vn -0.041821 0.911224 -0.409783
vn -0.370851 0.838000 -0.400283
vn -0.353898 0.837263 -0.416830
vn -0.680351 0.631855 -0.371324
vn -0.679317 0.644711 -0.350538
vn -0.699693 0.625554 -0.345126
vn -0.885505 0.366555 -0.285515
vn -0.881544 0.378041 -0.282782
vn -0.984774 0.099745 -0.142374
vn -0.988640 0.116416 -0.095066
vn -0.880619 0.405245 -0.245533
vn -0.987161 -0.159368 0.010712
vn -0.988247 -0.141079 0.058867
vn -0.902948 -0.400572 0.155651
vn -0.908109 -0.366059 0.203319
vn -0.730571 -0.587002 0.348848
vn -0.727360 -0.563884 0.391129
vn -0.908759 -0.342107 0.238998
vn -0.493336 -0.713746 0.497179
vn -0.488021 -0.705799 0.513501
vn -0.719472 -0.562871 0.406862
vn -0.153111 -0.818369 0.553921
vn -0.165812 -0.808252 0.565009
vn 0.175256 -0.830833 0.528207
vn 0.140803 -0.835284 0.531484
vn 0.398714 -0.789541 0.466532
vn 0.371599 -0.805883 0.460941
vn 0.660246 -0.654985 0.367520
vn 0.654141 -0.668598 0.353663
vn 0.893740 -0.392256 0.217631
vn 0.890649 -0.406371 0.203977
vn 0.991466 -0.112722 0.065487
vn 0.990595 -0.123662 0.058559
vn 0.989219 0.133537 -0.060113
vn 0.988706 0.136529 -0.061812
vn 0.909610 0.380481 -0.166865
vn 0.902460 0.396885 -0.167476
vn 0.717362 0.643763 -0.266385
vn 0.700602 0.663810 -0.261750
vn 0.451502 0.828386 -0.331545
vn 0.430616 0.846936 -0.311881
vn 0.208221 0.908826 -0.361496
vn 0.196596 0.925293 -0.324318
vn -0.034879 0.925816 -0.376362
vn -0.030616 0.943960 -0.328637
vn -0.351360 0.862834 -0.363406
vn -0.339616 0.886465 -0.314389
vn -0.678699 0.674214 -0.291208
vn -0.668007 0.701412 -0.248572
vn -0.876834 0.441560 -0.190230
vn -0.872278 0.465078 -0.151110
vn -0.988572 0.144597 -0.042628
vn -0.985417 0.169345 -0.016578
vn -0.987398 -0.122248 0.100506
vn -0.987839 -0.107677 0.112158
vn -0.905592 -0.341562 0.251472
vn -0.900398 -0.372884 0.224144
vn -0.990679 -0.112818 0.076337
vn -0.709510 -0.596040 0.375941
vn -0.700062 -0.653530 0.287771
vn -0.893793 -0.420810 0.155092
vn -0.479609 -0.734777 0.479665
vn -0.476034 -0.795230 0.375501
vn -0.187926 -0.830432 0.524468
vn -0.216152 -0.884274 0.413930
vn 0.093331 -0.864860 0.493261
vn 0.053238 -0.913758 0.402755
vn 0.345272 -0.834724 0.428980
vn 0.336554 -0.866781 0.367998
vn 0.650304 -0.684817 0.328831
vn 0.656982 -0.692300 0.298487
vn 0.889468 -0.416217 0.188707
vn 0.891460 -0.414227 0.183617
vn 0.990739 -0.126360 0.049700
vn 0.990566 -0.127141 0.051138
vn 0.987476 0.141855 -0.069059
vn 0.986675 0.142104 -0.079237
vn 0.894618 0.410709 -0.176006
vn 0.887115 0.414678 -0.202657
vn 0.681426 0.680710 -0.268872
vn 0.663577 0.680291 -0.311239
vn 0.405845 0.857919 -0.315064
vn 0.386743 0.843828 -0.372000
vn 0.185962 0.927042 -0.325595
vn 0.179295 0.902224 -0.392232
vn -0.021812 0.943419 -0.330885
vn -0.019135 0.917871 -0.396417
vn -0.325121 0.890759 -0.317561
vn -0.315940 0.870576 -0.377200
vn -0.655661 0.710818 -0.254649
vn -0.642840 0.698704 -0.313957
vn -0.866929 0.470265 -0.165183
vn -0.858051 0.461527 -0.225257
vn -0.982448 0.179538 -0.050612
vn -0.976762 0.180044 -0.116280
vn -0.991505 -0.129480 0.012337
vn -0.990383 -0.132376 -0.040214
vn -0.970567 0.180784 -0.159113
vn -0.891476 -0.446632 0.076096
vn -0.900266 -0.434350 0.029355
vn -0.991238 -0.118115 -0.059130
vn -0.699314 -0.695734 0.164057
vn -0.723071 -0.687568 0.066473
vn -0.480318 -0.850950 0.212555
vn -0.501480 -0.862470 0.068281
vn -0.229776 -0.942009 0.244586
vn -0.223494 -0.970414 0.091364
vn 0.047760 -0.961977 0.268923
vn 0.079143 -0.986737 0.141728
vn 0.355792 -0.891896 0.279166
vn 0.393236 -0.900942 0.183493
vn 0.682827 -0.687261 0.247829
vn 0.714652 -0.677049 0.175720
vn 0.898315 -0.405833 0.168314
vn 0.907347 -0.402498 0.121312
vn 0.988593 -0.141267 0.052220
vn 0.985123 -0.169334 0.029321
vn 0.987776 0.124516 -0.093781
vn 0.989034 0.091578 -0.115867
vn 0.882036 0.402365 -0.245184
vn 0.878606 0.385220 -0.282237
vn 0.649832 0.660912 -0.375384
vn 0.638976 0.648015 -0.414471
vn 0.376990 0.810797 -0.447757
vn 0.368644 0.798300 -0.476255
vn 0.169902 0.866201 -0.469924
vn 0.155040 0.859557 -0.486955
vn -0.032764 0.884592 -0.465214
vn -0.052635 0.879222 -0.473496
vn -0.315963 0.843145 -0.435057
vn -0.320836 0.838540 -0.440359
vn -0.631910 0.683564 -0.365280
vn -0.628621 0.683835 -0.370411
vn -0.851652 0.450365 -0.268070
vn -0.851759 0.449002 -0.270008
vn -0.968409 0.187197 -0.164748
vn -0.968690 0.193383 -0.155701
vn -0.855188 0.449880 -0.257413
vn -0.993656 -0.099650 -0.052132
vn -0.996838 -0.077363 -0.018160
vn -0.971777 0.191748 -0.137415
vn -0.913699 -0.404756 0.036434
vn -0.925048 -0.369098 0.089732
vn -0.763449 -0.642109 0.069585
vn -0.794489 -0.589354 0.146453
vn -0.543456 -0.836222 0.073405
vn -0.577593 -0.792388 0.196233
vn -0.224709 -0.968973 0.102945
vn -0.237951 -0.938282 0.251011
vn 0.108176 -0.982452 0.151938
vn 0.111348 -0.953708 0.279363
vn 0.423353 -0.887543 0.181770
vn 0.434343 -0.859727 0.268729
vn 0.732544 -0.662389 0.156908
vn 0.739210 -0.643321 0.199264
vn 0.914317 -0.394384 0.092121
vn 0.919171 -0.381020 0.099745
vn 0.981910 -0.189096 0.009776
vn 0.981235 -0.192268 0.014545
vn 0.989522 0.065266 -0.128785
vn 0.991606 0.057103 -0.116005
vn 0.875754 0.384217 -0.292287
vn 0.872694 0.405123 -0.272545
vn 0.624496 0.669281 -0.402576
vn 0.600925 0.716569 -0.354143
vn 0.351641 0.830778 -0.431458
vn 0.320474 0.883216 -0.342383
vn 0.136965 0.897803 -0.418558
vn 0.115066 0.944475 -0.307778
vn -0.063348 0.911946 -0.405392
vn -0.060686 0.949032 -0.309283
vn -0.318881 0.862125 -0.393770
vn -0.297754 0.893323 -0.336626
vn -0.625322 0.698406 -0.348140
vn -0.613712 0.716870 -0.330839
vn -0.860885 0.443239 -0.249834
vn -0.871712 0.428784 -0.237196
vn -0.596039 0.731822 -0.330414
vn -0.978234 0.179003 -0.104959
vn -0.984170 0.162899 -0.069807
vn -0.883728 0.417763 -0.210948
vn -0.998229 -0.054836 0.023080
vn -0.997887 -0.038618 0.052248
vn -0.934372 -0.325626 0.144627
vn -0.940672 -0.282719 0.187634
vn -0.812743 -0.536533 0.227115
vn -0.819356 -0.486741 0.302885
vn -0.594115 -0.739455 0.316598
vn -0.599518 -0.686216 0.411929
vn -0.253422 -0.887683 0.384442
vn -0.274708 -0.838169 0.471177
vn 0.099358 -0.916955 0.386422
vn 0.080322 -0.885818 0.457027
vn 0.435163 -0.833887 0.339507
vn 0.431458 -0.813691 0.389553
vn 0.739718 -0.628121 0.241416
vn 0.738808 -0.615473 0.274511
vn 0.922564 -0.366778 0.119787
vn 0.924636 -0.353001 0.142966
vn 0.982739 -0.181658 0.034981
vn 0.985821 -0.156247 0.061190
vn 0.994601 0.065463 -0.080518
vn 0.994738 0.096933 -0.033160
vn 0.868321 0.438454 -0.231898
vn 0.856238 0.484936 -0.178030
vn 0.558140 0.770946 -0.306792
vn 0.496582 0.822939 -0.276004
vn 0.268017 0.922615 -0.277394
vn 0.208224 0.939924 -0.270528
vn 0.094876 0.965161 -0.243850
vn 0.084901 0.962431 -0.257912
vn -0.037550 0.964690 -0.260698
vn -0.003216 0.960341 -0.278811
vn -0.254835 0.914017 -0.315646
vn -0.201912 0.923069 -0.327375
vn -0.572972 0.749901 -0.330683
vn -0.530175 0.781021 -0.330031
vn -0.156287 0.925972 -0.343730
vn -0.880960 0.433240 -0.190296
vn -0.859807 0.486052 -0.156481
vn -0.463097 0.828436 -0.315015
vn -0.987361 0.154584 -0.034964
vn -0.985817 0.166535 0.020770
vn -0.996535 -0.016309 0.081554
vn -0.990757 0.012236 0.135099
vn -0.941554 -0.236444 0.239939
vn -0.936311 -0.178721 0.302293
vn -0.813550 -0.432646 0.388528
vn -0.798410 -0.368565 0.476132
vn -0.602707 -0.616055 0.507169
vn -0.588444 -0.520954 0.618338
vn -0.287544 -0.764130 0.577429
vn -0.267390 -0.634774 0.724958
vn 0.071627 -0.815069 0.574919
vn 0.075727 -0.672675 0.736053
vn 0.415488 -0.763970 0.493679
vn 0.380353 -0.658645 0.649245
vn 0.730977 -0.595152 0.333864
vn 0.708765 -0.547300 0.445101
vn 0.926405 -0.336449 0.169043
vn 0.928539 -0.303113 0.214331
vn 0.990079 -0.114187 0.081878
vn 0.994639 -0.042229 0.094392
vn 0.987070 0.160056 0.008606
vn 0.966544 0.255171 0.026106
vn 0.827071 0.548639 -0.122270
vn 0.786328 0.610635 -0.093876
vn 0.440455 0.861356 -0.253113
vn 0.407617 0.878739 -0.248325
vn 0.173052 0.941314 -0.289796
vn 0.165008 0.935351 -0.312875
vn 0.085564 0.950069 -0.300079
vn 0.089614 0.939857 -0.329603
vn 0.018279 0.948056 -0.317577
vn 0.025304 0.940998 -0.337463
vn -0.120366 0.931154 -0.344187
vn 0.082108 0.940397 -0.330019
vn 0.047717 0.963690 -0.262726
vn 0.141121 0.947971 -0.285371
vn 0.161718 0.931352 -0.326236
vn -0.014803 0.998847 -0.045668
vn -0.073846 0.942240 0.326695
vn -0.246093 0.904149 0.349216
vn -0.548055 0.798379 0.249453
vn -0.409028 0.616803 0.672496
vn -0.120644 0.706626 0.697227
vn -0.762232 0.452928 0.462449
vn -0.787938 0.615709 -0.007467
vn -0.949872 0.260263 0.173225
vn -0.810856 0.178888 0.557236
vn -0.484116 0.298625 0.822469
vn -0.960142 0.068817 0.270908
vn -0.176070 0.399207 0.899796
vn -0.230194 0.139623 0.963077
vn -0.005908 0.180339 0.983587
vn 0.040373 0.468179 0.882711
vn -0.239980 -0.149266 0.959234
vn 0.015972 -0.193451 0.980980
vn -0.230650 -0.435502 0.870137
vn 0.065762 -0.487344 0.870730
vn 0.330625 -0.514104 0.791445
vn 0.260780 -0.240041 0.935080
vn 0.658600 -0.459605 0.595827
vn 0.930344 -0.214610 0.297325
vn 0.987563 0.094834 0.125403
vn 0.927901 0.368552 0.056291
vn 0.851298 0.475751 0.221254
vn 0.752936 0.654740 -0.066360
vn 0.717873 0.694594 0.046878
vn 0.397359 0.883686 -0.247397
vn 0.388722 0.901314 -0.191125
vn 0.611140 0.544468 0.574511
vn 0.269661 0.515745 0.813198
vn 0.209416 0.194698 0.958247
s 1
g mano_z_remeser:ZBrush_defualt_group2
usemtl initialShadingGroup
f 1/1/1 25/4/2 24/3/3 23/2/4
f 1/1/1 27/6/5 26/5/6 25/4/2
f 1/1/1 29/8/7 28/7/8 27/6/5
f 1/1/1 31/10/9 30/9/10 29/8/7
f 1/1/1 23/2/4 32/11/11 31/10/9
f 2/12/12 35/15/13 34/14/14 33/13/15
f 2/12/12 33/13/15 37/17/16 36/16/17
f 2/12/12 36/16/17 38/18/18 35/15/13
f 3/19/19 41/22/20 40/21/21 39/20/22
f 3/19/19 39/20/22 43/24/23 42/23/24
f 3/19/19 42/23/24 45/26/25 44/25/26
f 3/19/19 44/25/26 47/28/27 46/27/28
f 3/19/19 46/27/28 48/29/29 41/22/20
f 4/30/30 49/31/31 39/20/22 40/21/21
f 4/30/30 40/21/21 51/33/32 50/32/33
f 4/30/30 50/32/33 52/34/34 49/31/31
f 5/35/35 55/38/36 54/37/37 53/36/38
f 5/39/35 57/42/39 56/41/40 55/40/36
f 5/39/35 53/44/38 58/43/41 57/42/39
f 6/45/42 61/48/43 60/47/44 59/46/45
f 6/45/42 63/50/46 62/49/47 61/48/43
f 6/45/42 59/46/45 65/52/48 64/51/49
f 7/53/50 64/51/49 65/52/48 66/54/51
f 7/53/50 68/56/52 67/55/53 64/51/49
f 7/53/50 66/54/51 70/58/54 69/57/55
f 8/59/56 73/62/57 72/61/58 71/60/59
f 8/59/56 71/60/59 75/64/60 74/63/61
f 8/59/56 74/63/61 76/65/62 73/62/57
f 9/66/63 79/69/64 78/68/65 77/67/66
f 9/66/63 81/71/67 80/70/68 79/69/64
f 9/66/63 77/67/66 82/72/69 81/71/67
f 10/73/70 85/76/71 84/75/72 83/74/73
f 10/73/70 83/74/73 87/78/74 86/77/75
f 10/73/70 86/77/75 88/79/76 85/76/71
f 11/80/77 91/83/78 90/82/79 89/81/80
f 11/80/77 93/85/81 92/84/82 91/83/78
f 11/80/77 89/81/80 94/86/83 93/85/81
f 12/87/84 97/90/85 96/89/86 95/88/87
f 12/87/84 99/92/88 98/91/89 97/90/85
f 12/87/84 95/88/87 100/93/90 99/92/88
f 13/94/91 103/97/92 102/96/93 101/95/94
f 13/94/91 105/99/95 104/98/96 103/97/92
f 13/94/91 101/95/94 106/100/97 105/99/95
f 14/101/98 108/104/99 15/103/100 107/102/101
f 14/101/98 107/102/101 110/106/102 109/105/103
f 14/101/98 109/105/103 26/5/6 108/104/99
f 15/103/100 101/95/94 102/96/93 107/102/101
f 15/103/100 108/104/99 106/100/97 101/95/94
f 16/107/104 113/110/105 112/109/106 111/108/107
f 16/107/104 115/112/108 114/111/109 113/110/105
f 16/107/104 117/114/110 116/113/111 115/112/108
f 17/115/112 120/118/113 119/117/114 118/116/115
f 122/119/116 17/115/112 118/116/115 123/120/117
f 17/115/112 122/119/116 121/121/118 120/118/113
f 18/122/119 126/125/120 125/124/121 124/123/122
f 18/126/119 124/129/122 128/128/123 127/127/124
f 18/126/119 127/127/124 129/131/125 126/130/120
f 19/132/126 132/135/127 131/134/128 130/133/129
f 19/132/126 134/137/130 133/136/131 132/135/127
f 19/132/126 130/133/129 135/138/132 134/137/130
f 20/139/133 138/142/134 137/141/135 136/140/136
f 20/139/133 136/140/136 140/144/137 139/143/138
f 20/139/133 139/143/138 141/145/139 138/142/134
f 21/146/140 22/149/141 143/148/142 142/147/143
f 145/150/144 21/146/140 142/147/143 146/151/145
f 21/146/140 145/150/144 144/152/146 22/149/141
f 22/149/141 144/152/146 148/154/147 147/153/148
f 148/155/147 151/158/149 150/157/150 149/156/151
f 148/155/147 144/160/146 152/159/152 151/158/149
f 148/154/147 149/162/151 153/161/153 147/153/148
f 153/161/153 149/162/151 155/164/154 154/163/155
f 153/161/153 157/166/156 156/165/157 147/153/148
f 153/161/153 154/163/155 158/167/158 157/166/156
f 158/167/158 154/163/155 160/169/159 159/168/160
f 158/167/158 162/171/161 161/170/162 157/166/156
f 158/167/158 159/168/160 163/172/163 162/171/161
f 163/172/163 159/168/160 165/174/164 164/173/165
f 163/172/163 167/176/166 166/175/167 162/171/161
f 163/172/163 164/173/165 168/177/168 167/176/166
f 168/177/168 164/173/165 170/179/169 169/178/170
f 168/177/168 172/181/171 171/180/172 167/176/166
f 168/177/168 169/178/170 173/182/173 172/181/171
f 173/182/173 169/178/170 175/184/174 174/183/175
f 173/182/173 177/186/176 176/185/177 172/181/171
f 173/182/173 174/183/175 178/187/178 177/186/176
f 178/187/178 174/183/175 180/189/179 179/188/180
f 178/187/178 182/191/181 181/190/182 177/186/176
f 178/187/178 179/188/180 183/192/183 182/191/181
f 183/192/183 179/188/180 185/194/184 184/193/185
f 183/192/183 187/196/186 186/195/187 182/191/181
f 183/192/183 184/193/185 188/197/188 187/196/186
f 188/197/188 184/193/185 190/199/189 189/198/190
f 188/197/188 192/201/191 191/200/192 187/196/186
f 188/197/188 189/198/190 193/202/193 192/201/191
f 193/202/193 189/198/190 195/204/194 194/203/195
f 193/202/193 197/206/196 196/205/197 192/201/191
f 193/202/193 194/203/195 198/207/198 197/206/196
f 198/207/198 194/203/195 200/209/199 199/208/200
f 198/207/198 202/211/201 201/210/202 197/206/196
f 198/207/198 199/208/200 203/212/203 202/211/201
f 203/212/203 199/208/200 205/214/204 204/213/205
f 203/212/203 207/216/206 206/215/207 202/211/201
f 203/212/203 204/213/205 208/217/208 207/216/206
f 208/217/208 204/213/205 210/219/209 209/218/210
f 208/217/208 212/221/211 211/220/212 207/216/206
f 208/217/208 209/218/210 213/222/213 212/221/211
f 213/222/213 209/218/210 215/224/214 214/223/215
f 213/222/213 217/226/216 216/225/217 212/221/211
f 213/222/213 214/223/215 218/227/218 217/226/216
f 218/227/218 214/223/215 220/229/219 219/228/220
f 218/227/218 222/231/221 221/230/222 217/226/216
f 218/227/218 219/228/220 223/232/223 222/231/221
f 223/232/223 219/228/220 225/234/224 224/233/225
f 223/232/223 227/236/226 226/235/227 222/231/221
f 223/232/223 224/233/225 228/237/228 227/236/226
f 228/237/228 224/233/225 230/239/229 229/238/230
f 228/237/228 232/241/231 231/240/232 227/236/226
f 228/237/228 229/238/230 233/242/233 232/241/231
f 233/242/233 229/238/230 235/244/234 234/243/235
f 233/242/233 237/246/236 236/245/237 232/241/231
f 233/242/233 234/243/235 238/247/238 237/246/236
f 238/247/238 234/243/235 240/249/239 239/248/240
f 238/247/238 242/251/241 241/250/242 237/246/236
f 238/247/238 239/248/240 243/252/243 242/251/241
f 243/252/243 239/248/240 245/254/244 244/253/245
f 243/252/243 247/256/246 246/255/247 242/251/241
f 243/252/243 244/253/245 248/257/248 247/256/246
f 248/257/248 244/253/245 250/259/249 249/258/250
f 248/257/248 252/261/251 251/260/252 247/256/246
f 248/257/248 249/258/250 253/262/253 252/261/251
f 253/262/253 249/258/250 255/264/254 254/263/255
f 253/262/253 257/266/256 256/265/257 252/261/251
f 253/262/253 254/263/255 258/267/258 257/266/256
f 258/267/258 260/269/259 259/268/260 257/266/256
f 258/267/258 262/271/261 261/270/262 260/269/259
f 258/267/258 254/263/255 263/272/263 262/271/261
f 263/272/263 265/274/264 264/273/265 262/271/261
f 263/272/263 267/276/266 266/275/267 265/274/264
f 263/272/263 254/263/255 255/264/254 267/276/266
f 267/276/266 269/278/268 268/277/269 266/275/267
f 267/276/266 255/264/254 270/279/270 269/278/268
f 270/279/270 255/264/254 249/258/250 250/259/249
f 270/279/270 272/281/271 271/280/272 269/278/268
f 270/279/270 250/259/249 273/282/273 272/281/271
f 273/282/273 275/284/274 274/283/275 272/281/271
f 273/282/273 245/254/244 276/285/276 275/284/274
f 273/282/273 250/259/249 244/253/245 245/254/244
f 276/285/276 278/287/277 277/286/278 275/284/274
f 276/285/276 240/249/239 279/288/279 278/287/277
f 276/285/276 245/254/244 239/248/240 240/249/239
f 279/288/279 281/290/280 280/289/281 278/287/277
f 279/288/279 235/244/234 282/291/282 281/290/280
f 279/288/279 240/249/239 234/243/235 235/244/234
f 282/291/282 284/293/283 283/292/284 281/290/280
f 282/291/282 230/239/229 285/294/285 284/293/283
f 282/291/282 235/244/234 229/238/230 230/239/229
f 285/294/285 287/296/286 286/295/287 284/293/283
f 285/294/285 225/234/224 288/297/288 287/296/286
f 285/294/285 230/239/229 224/233/225 225/234/224
f 288/297/288 290/299/289 289/298/290 287/296/286
f 288/297/288 220/229/219 291/300/291 290/299/289
f 288/297/288 225/234/224 219/228/220 220/229/219
f 291/300/291 293/302/292 292/301/293 290/299/289
f 291/300/291 215/224/214 294/303/294 293/302/292
f 291/300/291 220/229/219 214/223/215 215/224/214
f 294/303/294 296/305/295 295/304/296 293/302/292
f 294/303/294 210/219/209 297/306/297 296/305/295
f 294/303/294 215/224/214 209/218/210 210/219/209
f 297/306/297 299/308/298 298/307/299 296/305/295
f 297/306/297 205/214/204 300/309/300 299/308/298
f 297/306/297 210/219/209 204/213/205 205/214/204
f 300/309/300 302/311/301 301/310/302 299/308/298
f 300/309/300 200/209/199 303/312/303 302/311/301
f 300/309/300 205/214/204 199/208/200 200/209/199
f 303/312/303 305/314/304 304/313/305 302/311/301
f 303/312/303 195/204/194 306/315/306 305/314/304
f 303/312/303 200/209/199 194/203/195 195/204/194
f 306/315/306 308/317/307 307/316/308 305/314/304
f 306/315/306 190/199/189 309/318/309 308/317/307
f 306/315/306 195/204/194 189/198/190 190/199/189
f 309/318/309 311/320/310 310/319/311 308/317/307
f 309/318/309 185/194/184 312/321/312 311/320/310
f 309/318/309 190/199/189 184/193/185 185/194/184
f 312/321/312 314/323/313 313/322/314 311/320/310
f 312/321/312 180/189/179 315/324/315 314/323/313
f 312/321/312 185/194/184 179/188/180 180/189/179
f 315/324/315 317/326/316 316/325/317 314/323/313
f 315/324/315 175/184/174 318/327/318 317/326/316
f 315/324/315 180/189/179 174/183/175 175/184/174
f 318/327/318 320/329/319 319/328/320 317/326/316
f 318/327/318 170/179/169 321/330/321 320/329/319
f 318/327/318 175/184/174 169/178/170 170/179/169
f 321/330/321 323/332/322 322/331/323 320/329/319
f 321/330/321 165/174/164 324/333/324 323/332/322
f 321/330/321 170/179/169 164/173/165 165/174/164
f 324/333/324 133/335/131 134/334/130 323/332/322
f 324/333/324 160/169/159 325/336/325 133/335/131
f 324/333/324 165/174/164 159/168/160 160/169/159
f 325/337/325 326/338/326 132/135/127 133/136/131
f 325/337/325 155/340/154 327/339/327 326/338/326
f 325/336/325 160/169/159 154/163/155 155/164/154
f 327/339/327 150/157/150 329/342/328 328/341/329
f 327/339/327 155/340/154 149/156/151 150/157/150
f 327/339/327 328/341/329 330/343/330 326/338/326
f 330/343/330 328/341/329 332/345/331 331/344/332
f 330/343/330 131/134/128 132/135/127 326/338/326
f 330/343/330 331/344/332 333/346/333 131/134/128
f 333/346/333 331/344/332 335/348/334 334/347/335
f 333/346/333 336/349/336 130/133/129 131/134/128
f 333/346/333 334/347/335 337/350/337 336/349/336
f 337/350/337 334/347/335 339/352/338 338/351/339
f 337/350/337 341/354/340 340/353/341 336/349/336
f 337/350/337 338/351/339 342/355/342 341/354/340
f 342/355/342 338/351/339 344/357/343 343/356/344
f 342/355/342 346/359/345 345/358/346 341/354/340
f 342/355/342 343/356/344 347/360/347 346/359/345
f 347/360/347 343/356/344 349/362/348 348/361/349
f 347/360/347 351/364/350 350/363/351 346/359/345
f 347/360/347 348/361/349 352/365/352 351/364/350
f 352/365/352 348/361/349 354/367/353 353/366/354
f 352/365/352 356/369/355 355/368/356 351/364/350
f 352/365/352 353/366/354 357/370/357 356/369/355
f 357/370/357 353/366/354 359/372/358 358/371/359
f 357/370/357 361/374/360 360/373/361 356/369/355
f 357/370/357 358/371/359 362/375/362 361/374/360
f 362/375/362 358/371/359 364/377/363 363/376/364
f 362/375/362 366/379/365 365/378/366 361/374/360
f 362/375/362 363/376/364 367/380/367 366/379/365
f 367/380/367 363/376/364 369/382/368 368/381/369
f 367/380/367 371/384/370 370/383/371 366/379/365
f 367/380/367 368/381/369 372/385/372 371/384/370
f 372/385/372 368/381/369 374/387/373 373/386/374
f 372/385/372 376/389/375 375/388/376 371/384/370
f 372/385/372 373/386/374 377/390/377 376/389/375
f 377/390/377 373/386/374 379/392/378 378/391/379
f 377/390/377 381/394/380 380/393/381 376/389/375
f 377/390/377 378/391/379 382/395/382 381/394/380
f 382/395/382 378/391/379 384/397/383 383/396/384
f 382/395/382 386/399/385 385/398/386 381/394/380
f 382/395/382 383/396/384 387/400/387 386/399/385
f 387/400/387 383/396/384 389/402/388 388/401/389
f 387/400/387 391/404/390 390/403/391 386/399/385
f 387/400/387 388/401/389 392/405/392 391/404/390
f 392/405/392 388/401/389 394/407/393 393/406/394
f 392/405/392 396/409/395 395/408/396 391/404/390
f 392/405/392 393/406/394 397/410/397 396/409/395
f 397/410/397 393/406/394 399/412/398 398/411/399
f 397/410/397 401/414/400 400/413/401 396/409/395
f 397/410/397 398/411/399 402/415/402 401/414/400
f 402/415/402 398/411/399 404/417/403 403/416/404
f 402/415/402 406/419/405 405/418/406 401/414/400
f 402/415/402 403/416/404 407/420/407 406/419/405
f 407/420/407 403/416/404 409/422/408 408/421/409
f 407/420/407 411/424/410 410/423/411 406/419/405
f 407/420/407 408/421/409 412/425/412 411/424/410
f 412/425/412 414/427/413 413/426/414 411/424/410
f 412/425/412 416/429/415 415/428/416 414/427/413
f 412/425/412 408/421/409 417/430/417 416/429/415
f 417/430/417 419/432/418 418/431/419 416/429/415
f 417/430/417 421/434/420 420/433/421 419/432/418
f 417/430/417 408/421/409 409/422/408 421/434/420
f 421/434/420 423/436/422 422/435/423 420/433/421
f 421/434/420 409/422/408 424/437/424 423/436/422
f 424/437/424 425/438/425 88/79/76 423/436/422
f 424/437/424 404/417/403 426/439/426 425/438/425
f 424/437/424 409/422/408 403/416/404 404/417/403
f 426/439/426 428/441/427 427/440/428 425/438/425
f 426/439/426 399/412/398 429/442/429 428/441/427
f 426/439/426 404/417/403 398/411/399 399/412/398
f 429/442/429 431/444/430 430/443/431 428/441/427
f 429/442/429 394/407/393 432/445/432 431/444/430
f 429/442/429 399/412/398 393/406/394 394/407/393
f 432/445/432 434/447/433 433/446/434 431/444/430
f 432/445/432 389/402/388 435/448/435 434/447/433
f 432/445/432 394/407/393 388/401/389 389/402/388
f 435/448/435 437/450/436 436/449/437 434/447/433
f 435/448/435 384/397/383 438/451/438 437/450/436
f 435/448/435 389/402/388 383/396/384 384/397/383
f 438/451/438 440/453/439 439/452/440 437/450/436
f 438/451/438 379/392/378 441/454/441 440/453/439
f 438/451/438 384/397/383 378/391/379 379/392/378
f 441/454/441 443/456/442 442/455/443 440/453/439
f 441/454/441 374/387/373 444/457/444 443/456/442
f 441/454/441 379/392/378 373/386/374 374/387/373
f 444/457/444 446/459/445 445/458/446 443/456/442
f 444/457/444 369/382/368 447/460/447 446/459/445
f 444/457/444 374/387/373 368/381/369 369/382/368
f 447/460/447 449/462/448 448/461/449 446/459/445
f 447/460/447 364/377/363 450/463/450 449/462/448
f 447/460/447 369/382/368 363/376/364 364/377/363
f 450/463/450 452/465/451 451/464/452 449/462/448
f 450/463/450 359/372/358 453/466/453 452/465/451
f 450/463/450 364/377/363 358/371/359 359/372/358
f 453/466/453 455/468/454 454/467/455 452/465/451
f 453/466/453 354/367/353 456/469/456 455/468/454
f 453/466/453 359/372/358 353/366/354 354/367/353
f 456/469/456 458/471/457 457/470/458 455/468/454
f 456/469/456 349/362/348 459/472/459 458/471/457
f 456/469/456 354/367/353 348/361/349 349/362/348
f 459/472/459 461/474/460 460/473/461 458/471/457
f 459/472/459 344/357/343 462/475/462 461/474/460
f 459/472/459 349/362/348 343/356/344 344/357/343
f 462/475/462 464/477/463 463/476/464 461/474/460
f 462/475/462 339/352/338 465/478/465 464/477/463
f 462/475/462 344/357/343 338/351/339 339/352/338
f 465/478/465 467/480/466 466/479/467 464/477/463
f 465/478/465 335/348/334 468/481/468 467/480/466
f 465/478/465 339/352/338 334/347/335 335/348/334
f 468/481/468 470/483/469 469/482/470 467/480/466
f 468/481/468 332/345/331 471/484/471 470/483/469
f 468/481/468 335/348/334 331/344/332 332/345/331
f 471/484/471 473/486/472 472/485/473 470/483/469
f 471/484/471 329/342/328 474/487/474 473/486/472
f 471/484/471 332/345/331 328/341/329 329/342/328
f 474/487/474 476/489/475 475/488/476 473/486/472
f 474/487/474 151/158/149 152/159/152 476/489/475
f 474/487/474 329/342/328 150/157/150 151/158/149
f 476/489/475 478/491/477 477/490/478 475/488/476
f 476/489/475 152/159/152 479/492/479 478/491/477
f 479/492/479 481/494/480 480/493/481 478/491/477
f 479/492/479 145/496/144 482/495/482 481/494/480
f 479/492/479 152/159/152 144/160/146 145/496/144
f 482/495/482 484/498/483 483/497/484 481/494/480
f 482/499/482 486/502/485 485/501/486 484/500/483
f 482/499/482 145/150/144 146/151/145 486/502/485
f 486/502/485 146/151/145 488/504/487 487/503/488
f 486/502/485 487/503/488 489/505/489 485/501/486
f 489/505/489 487/503/488 491/507/490 490/506/491
f 489/505/489 493/509/492 492/508/493 485/501/486
f 489/505/489 490/506/491 494/510/494 493/509/492
f 494/510/494 490/506/491 496/512/495 495/511/496
f 494/510/494 498/514/497 497/513/498 493/509/492
f 494/510/494 495/511/496 499/515/499 498/514/497
f 499/515/499 495/511/496 501/517/500 500/516/501
f 499/515/499 503/519/502 502/518/503 498/514/497
f 499/515/499 500/516/501 504/520/504 503/519/502
f 504/520/504 500/516/501 506/522/505 505/521/506
f 504/520/504 507/523/507 116/113/111 503/519/502
f 504/520/504 505/521/506 508/524/508 507/523/507
f 508/524/508 505/521/506 510/526/509 509/525/510
f 508/524/508 512/528/511 511/527/512 507/523/507
f 508/524/508 509/525/510 513/529/513 512/528/511
f 513/529/513 509/525/510 515/531/514 514/530/515
f 513/529/513 517/533/516 516/532/517 512/528/511
f 513/529/513 514/530/515 518/534/518 517/533/516
f 518/534/518 514/530/515 520/536/519 519/535/520
f 518/534/518 522/538/521 521/537/522 517/533/516
f 518/534/518 519/535/520 523/539/523 522/538/521
f 523/539/523 519/535/520 525/541/524 524/540/525
f 523/539/523 527/543/526 526/542/527 522/538/521
f 523/539/523 524/540/525 528/544/528 527/543/526
f 528/544/528 524/540/525 530/546/529 529/545/530
f 528/544/528 532/548/531 531/547/532 527/543/526
f 528/544/528 529/545/530 533/549/533 532/548/531
f 533/549/533 529/545/530 535/551/534 534/550/535
f 533/549/533 537/553/536 536/552/537 532/548/531
f 533/549/533 534/550/535 538/554/538 537/553/536
f 538/554/538 534/550/535 540/556/539 539/555/540
f 538/554/538 542/558/541 541/557/542 537/553/536
f 538/554/538 539/555/540 543/559/543 542/558/541
f 543/559/543 539/555/540 545/561/544 544/560/545
f 543/559/543 547/563/546 546/562/547 542/558/541
f 543/559/543 544/560/545 548/564/548 547/563/546
f 548/564/548 544/560/545 550/566/549 549/565/550
f 548/564/548 552/568/551 551/567/552 547/563/546
f 548/564/548 549/565/550 553/569/553 552/568/551
f 553/569/553 549/565/550 555/571/554 554/570/555
f 553/569/553 557/573/556 556/572/557 552/568/551
f 553/569/553 554/570/555 558/574/558 557/573/556
f 558/574/558 554/570/555 560/576/559 559/575/560
f 558/574/558 562/578/561 561/577/562 557/573/556
f 558/574/558 559/575/560 563/579/563 562/578/561
f 563/579/563 559/575/560 565/581/564 564/580/565
f 563/579/563 567/583/566 566/582/567 562/578/561
f 563/579/563 564/580/565 568/584/568 567/583/566
f 568/584/568 564/580/565 570/586/569 569/585/570
f 568/584/568 572/588/571 571/587/572 567/583/566
f 568/584/568 569/585/570 573/589/573 572/588/571
f 573/589/573 569/585/570 575/591/574 574/590/575
f 573/589/573 577/593/576 576/592/577 572/588/571
f 573/589/573 574/590/575 578/594/578 577/593/576
f 578/594/578 574/590/575 580/596/579 579/595/580
f 578/594/578 582/598/581 581/597/582 577/593/576
f 578/594/578 579/595/580 583/599/583 582/598/581
f 583/599/583 579/595/580 585/601/584 584/600/585
f 583/599/583 587/603/586 586/602/587 582/598/581
f 583/599/583 584/600/585 588/604/588 587/603/586
f 588/604/588 584/600/585 590/606/589 589/605/590
f 588/604/588 592/608/591 591/607/592 587/603/586
f 588/604/588 589/605/590 593/609/593 592/608/591
f 593/609/593 589/605/590 595/611/594 594/610/595
f 593/609/593 597/613/596 596/612/597 592/608/591
f 593/609/593 594/610/595 598/614/598 597/613/596
f 598/614/598 594/610/595 600/616/599 599/615/600
f 598/614/598 602/618/601 601/617/602 597/613/596
f 598/614/598 599/615/600 603/619/603 602/618/601
f 603/619/603 599/615/600 605/621/604 604/620/605
f 603/619/603 607/623/606 606/622/607 602/618/601
f 603/619/603 604/620/605 608/624/608 607/623/606
f 608/624/608 604/620/605 610/626/609 609/625/610
f 608/624/608 612/628/611 611/627/612 607/623/606
f 608/624/608 609/625/610 613/629/613 612/628/611
f 613/629/613 609/625/610 615/631/614 614/630/615
f 613/629/613 617/633/616 616/632/617 612/628/611
f 613/629/613 614/630/615 618/634/618 617/633/616
f 618/634/618 614/630/615 620/636/619 619/635/620
f 618/634/618 622/638/621 621/637/622 617/633/616
f 618/634/618 619/635/620 623/639/623 622/638/621
f 623/639/623 619/635/620 625/641/624 624/640/625
f 623/639/623 627/643/626 626/642/627 622/638/621
f 623/639/623 624/640/625 628/644/628 627/643/626
f 628/644/628 624/640/625 630/646/629 629/645/630
f 628/644/628 632/648/631 631/647/632 627/643/626
f 628/644/628 629/645/630 633/649/633 632/648/631
f 633/649/633 37/17/16 33/13/15 632/648/631
f 633/649/633 635/651/634 634/650/635 37/17/16
f 633/649/633 629/645/630 636/652/636 635/651/634
f 636/652/636 629/645/630 630/646/629 637/653/637
f 636/652/636 639/655/638 638/654/639 635/651/634
f 636/652/636 637/653/637 640/656/640 639/655/638
f 640/656/640 637/653/637 642/658/641 641/657/642
f 640/656/640 644/660/643 643/659/644 639/655/638
f 640/656/640 641/657/642 645/661/645 644/660/643
f 645/661/645 641/657/642 647/663/646 646/662/647
f 645/661/645 649/665/648 648/664/649 644/660/643
f 645/661/645 646/662/647 650/666/650 649/665/648
f 650/666/650 646/662/647 652/668/651 651/667/652
f 650/666/650 654/670/653 653/669/654 649/665/648
f 650/666/650 651/667/652 655/671/655 654/670/653
f 655/671/655 651/667/652 657/673/656 656/672/657
f 655/671/655 659/675/658 658/674/659 654/670/653
f 655/671/655 656/672/657 660/676/660 659/675/658
f 660/676/660 656/672/657 662/678/661 661/677/662
f 660/676/660 664/680/663 663/679/664 659/675/658
f 660/676/660 661/677/662 665/681/665 664/680/663
f 665/681/665 661/677/662 667/683/666 666/682/667
f 665/681/665 669/685/668 668/684/669 664/680/663
f 665/681/665 666/682/667 670/686/670 669/685/668
f 670/686/670 666/682/667 672/688/671 671/687/672
f 670/686/670 674/690/673 673/689/674 669/685/668
f 670/686/670 671/687/672 264/273/265 674/690/673
f 674/690/673 676/692/675 675/691/676 673/689/674
f 674/690/673 264/273/265 265/274/264 676/692/675
f 676/692/675 678/694/677 677/693/678 675/691/676
f 676/692/675 265/274/264 266/275/267 678/694/677
f 678/694/677 680/696/679 679/695/680 677/693/678
f 678/694/677 266/275/267 268/277/269 680/696/679
f 680/696/679 682/698/681 681/697/682 679/695/680
f 680/696/679 268/277/269 683/699/683 682/698/681
f 683/699/683 268/277/269 269/278/268 271/280/272
f 683/699/683 685/701/684 684/700/685 682/698/681
f 683/699/683 271/280/272 686/702/686 685/701/684
f 686/702/686 271/280/272 272/281/271 274/283/275
f 686/702/686 688/704/687 687/703/688 685/701/684
f 686/702/686 274/283/275 689/705/689 688/704/687
f 689/705/689 413/426/414 414/427/413 688/704/687
f 689/705/689 277/286/278 690/706/690 413/426/414
f 689/705/689 274/283/275 275/284/274 277/286/278
f 690/706/690 410/423/411 411/424/410 413/426/414
f 690/706/690 280/289/281 691/707/691 410/423/411
f 690/706/690 277/286/278 278/287/277 280/289/281
f 691/707/691 405/418/406 406/419/405 410/423/411
f 691/707/691 283/292/284 692/708/692 405/418/406
f 691/707/691 280/289/281 281/290/280 283/292/284
f 692/708/692 400/413/401 401/414/400 405/418/406
f 692/708/692 286/295/287 693/709/693 400/413/401
f 692/708/692 283/292/284 284/293/283 286/295/287
f 693/709/693 395/408/396 396/409/395 400/413/401
f 693/709/693 289/298/290 694/710/694 395/408/396
f 693/709/693 286/295/287 287/296/286 289/298/290
f 694/710/694 390/403/391 391/404/390 395/408/396
f 694/710/694 292/301/293 695/711/695 390/403/391
f 694/710/694 289/298/290 290/299/289 292/301/293
f 695/711/695 385/398/386 386/399/385 390/403/391
f 695/711/695 295/304/296 696/712/696 385/398/386
f 695/711/695 292/301/293 293/302/292 295/304/296
f 696/712/696 380/393/381 381/394/380 385/398/386
f 696/712/696 298/307/299 697/713/697 380/393/381
f 696/712/696 295/304/296 296/305/295 298/307/299
f 697/713/697 375/388/376 376/389/375 380/393/381
f 697/713/697 301/310/302 698/714/698 375/388/376
f 697/713/697 298/307/299 299/308/298 301/310/302
f 698/714/698 370/383/371 371/384/370 375/388/376
f 698/714/698 304/313/305 699/715/699 370/383/371
f 698/714/698 301/310/302 302/311/301 304/313/305
f 699/715/699 365/378/366 366/379/365 370/383/371
f 699/715/699 307/316/308 700/716/700 365/378/366
f 699/715/699 304/313/305 305/314/304 307/316/308
f 700/716/700 360/373/361 361/374/360 365/378/366
f 700/716/700 310/319/311 701/717/701 360/373/361
f 700/716/700 307/316/308 308/317/307 310/319/311
f 701/717/701 355/368/356 356/369/355 360/373/361
f 701/717/701 313/322/314 702/718/702 355/368/356
f 701/717/701 310/319/311 311/320/310 313/322/314
f 702/718/702 350/363/351 351/364/350 355/368/356
f 702/718/702 316/325/317 703/719/703 350/363/351
f 702/718/702 313/322/314 314/323/313 316/325/317
f 703/719/703 345/358/346 346/359/345 350/363/351
f 703/719/703 319/328/320 704/720/704 345/358/346
f 703/719/703 316/325/317 317/326/316 319/328/320
f 704/720/704 340/353/341 341/354/340 345/358/346
f 704/720/704 322/331/323 135/138/132 340/353/341
f 704/720/704 319/328/320 320/329/319 322/331/323
f 688/704/687 414/427/413 415/428/416 687/703/688
f 687/703/688 705/721/705 684/700/685 685/701/684
f 687/703/688 415/428/416 706/722/706 705/721/705
f 706/722/706 708/724/707 707/723/708 705/721/705
f 706/722/706 418/431/419 709/725/709 708/724/707
f 706/722/706 415/428/416 416/429/415 418/431/419
f 709/725/709 711/727/710 710/726/711 708/724/707
f 709/725/709 713/729/712 712/728/713 711/727/710
f 709/725/709 418/431/419 419/432/418 713/729/712
f 713/729/712 715/731/714 714/730/715 712/728/713
f 713/729/712 419/432/418 420/433/421 715/731/714
f 715/731/714 717/733/716 716/732/717 714/730/715
f 715/731/714 420/433/421 422/435/423 717/733/716
f 717/733/716 87/78/74 718/734/718 716/732/717
f 717/733/716 422/435/423 86/77/75 87/78/74
f 718/734/718 720/736/719 719/735/720 716/732/717
f 718/734/718 722/738/721 721/737/722 720/736/719
f 718/734/718 87/78/74 83/74/73 722/738/721
f 722/738/721 724/740/723 723/739/724 721/737/722
f 722/738/721 83/74/73 84/75/72 724/740/723
f 724/740/723 726/742/725 725/741/726 723/739/724
f 724/740/723 84/75/72 727/743/727 726/742/725
f 727/743/727 430/443/431 728/744/728 726/742/725
f 727/743/727 427/440/428 428/441/427 430/443/431
f 727/743/727 84/75/72 85/76/71 427/440/428
f 728/744/728 729/745/729 725/741/726 726/742/725
f 728/744/728 433/446/434 730/746/730 729/745/729
f 728/744/728 430/443/431 431/444/430 433/446/434
f 730/746/730 732/748/731 731/747/732 729/745/729
f 730/746/730 436/449/437 733/749/733 732/748/731
f 730/746/730 433/446/434 434/447/433 436/449/437
f 733/749/733 735/751/734 734/750/735 732/748/731
f 733/749/733 439/452/440 736/752/736 735/751/734
f 733/749/733 436/449/437 437/450/436 439/452/440
f 736/752/736 738/754/737 737/753/738 735/751/734
f 736/752/736 442/455/443 739/755/739 738/754/737
f 736/752/736 439/452/440 440/453/439 442/455/443
f 739/755/739 741/757/740 740/756/741 738/754/737
f 739/755/739 445/458/446 742/758/742 741/757/740
f 739/755/739 442/455/443 443/456/442 445/458/446
f 742/758/742 744/760/743 743/759/744 741/757/740
f 742/758/742 448/461/449 745/761/745 744/760/743
f 742/758/742 445/458/446 446/459/445 448/461/449
f 745/761/745 747/763/746 746/762/747 744/760/743
f 745/761/745 451/464/452 748/764/748 747/763/746
f 745/761/745 448/461/449 449/462/448 451/464/452
f 748/764/748 750/766/749 749/765/750 747/763/746
f 748/764/748 454/467/455 751/767/751 750/766/749
f 748/764/748 451/464/452 452/465/451 454/467/455
f 751/767/751 753/769/752 752/768/753 750/766/749
f 751/767/751 457/470/458 754/770/754 753/769/752
f 751/767/751 454/467/455 455/468/454 457/470/458
f 754/770/754 756/772/755 755/771/756 753/769/752
f 754/770/754 460/473/461 757/773/757 756/772/755
f 754/770/754 457/470/458 458/471/457 460/473/461
f 757/773/757 759/775/758 758/774/759 756/772/755
f 757/773/757 463/476/464 760/776/760 759/775/758
f 757/773/757 460/473/461 461/474/460 463/476/464
f 760/776/760 762/778/761 761/777/762 759/775/758
f 760/776/760 466/479/467 763/779/763 762/778/761
f 760/776/760 463/476/464 464/477/463 466/479/467
f 763/779/763 765/781/764 764/780/765 762/778/761
f 763/779/763 469/482/470 766/782/766 765/781/764
f 763/779/763 466/479/467 467/480/466 469/482/470
f 766/782/766 768/784/767 767/783/768 765/781/764
f 766/782/766 472/485/473 769/785/769 768/784/767
f 766/782/766 469/482/470 470/483/469 472/485/473
f 769/785/769 771/787/770 770/786/771 768/784/767
f 769/785/769 475/488/476 477/490/478 771/787/770
f 769/785/769 472/485/473 473/486/472 475/488/476
f 771/787/770 773/789/772 772/788/773 770/786/771
f 771/787/770 477/490/478 774/790/774 773/789/772
f 774/790/774 776/792/775 775/791/776 773/789/772
f 774/790/774 480/493/481 777/793/777 776/792/775
f 774/790/774 477/490/478 478/491/477 480/493/481
f 777/793/777 779/795/778 778/794/779 776/792/775
f 777/793/777 483/497/484 780/796/780 779/795/778
f 777/793/777 480/493/481 481/494/480 483/497/484
f 780/796/780 782/798/781 781/797/782 779/795/778
f 780/796/780 784/800/783 783/799/784 782/798/781
f 780/796/780 483/497/484 484/498/483 784/800/783
f 784/801/783 492/508/493 785/803/785 783/802/784
f 784/801/783 484/500/483 485/501/486 492/508/493
f 785/803/785 787/805/786 786/804/787 783/802/784
f 785/803/785 497/513/498 788/806/788 787/805/786
f 785/803/785 492/508/493 493/509/492 497/513/498
f 788/806/788 497/513/498 498/514/497 502/518/503
f 788/806/788 790/808/789 789/807/790 787/805/786
f 788/806/788 502/518/503 117/114/110 790/808/789
f 790/808/789 792/810/791 791/809/792 789/807/790
f 790/808/789 117/114/110 16/107/104 792/810/791
f 792/810/791 794/812/793 793/811/794 791/809/792
f 792/810/791 16/107/104 111/108/107 794/812/793
f 794/812/793 796/814/795 795/813/796 793/811/794
f 794/812/793 111/108/107 110/106/102 796/814/795
f 796/814/795 102/96/93 103/97/92 795/813/796
f 796/814/795 110/106/102 107/102/101 102/96/93
f 795/813/796 103/97/92 104/98/96 797/815/797
f 795/813/796 797/815/797 798/816/798 793/811/794
f 798/817/798 797/820/797 800/819/799 799/818/800
f 798/816/798 801/821/801 791/809/792 793/811/794
f 798/817/798 799/818/800 802/823/802 801/822/801
f 802/823/802 799/818/800 62/49/47 803/824/803
f 802/823/802 805/826/804 804/825/805 801/822/801
f 802/823/802 803/824/803 806/827/806 805/826/804
f 806/827/806 803/824/803 808/829/807 807/828/808
f 806/827/806 810/831/809 809/830/810 805/826/804
f 806/827/806 807/828/808 811/832/811 810/831/809
f 811/832/811 807/828/808 813/834/812 812/833/813
f 811/832/811 814/835/814 781/797/782 810/831/809
f 811/832/811 812/833/813 815/836/815 814/835/814
f 815/836/815 812/833/813 817/838/816 816/837/817
f 815/836/815 818/839/818 778/794/779 814/835/814
f 815/836/815 816/837/817 819/840/819 818/839/818
f 819/840/819 816/837/817 821/842/820 820/841/821
f 819/840/819 822/843/822 775/791/776 818/839/818
f 819/840/819 820/841/821 823/844/823 822/843/822
f 823/844/823 820/841/821 825/846/824 824/845/825
f 823/844/823 826/847/826 772/788/773 822/843/822
f 823/844/823 824/845/825 827/848/827 826/847/826
f 827/848/827 824/845/825 829/850/828 828/849/829
f 827/848/827 831/852/830 830/851/831 826/847/826
f 827/848/827 828/849/829 832/853/832 831/852/830
f 832/853/832 828/849/829 834/855/833 833/854/834
f 832/853/832 836/857/835 835/856/836 831/852/830
f 832/853/832 833/854/834 837/858/837 836/857/835
f 837/858/837 833/854/834 839/860/838 838/859/839
f 837/858/837 841/862/840 840/861/841 836/857/835
f 837/858/837 838/859/839 842/863/842 841/862/840
f 842/863/842 838/859/839 844/865/843 843/864/844
f 842/863/842 846/867/845 845/866/846 841/862/840
f 842/863/842 843/864/844 847/868/847 846/867/845
f 847/868/847 843/864/844 849/870/848 848/869/849
f 847/868/847 851/872/850 850/871/851 846/867/845
f 847/868/847 848/869/849 852/873/852 851/872/850
f 852/873/852 848/869/849 854/875/853 853/874/854
f 852/873/852 856/877/855 855/876/856 851/872/850
f 852/873/852 853/874/854 857/878/857 856/877/855
f 857/878/857 853/874/854 859/880/858 858/879/859
f 857/878/857 861/882/860 860/881/861 856/877/855
f 857/878/857 858/879/859 862/883/862 861/882/860
f 862/883/862 858/879/859 864/885/863 863/884/864
f 862/883/862 866/887/865 865/886/866 861/882/860
f 862/883/862 863/884/864 867/888/867 866/887/865
f 867/888/867 863/884/864 869/890/868 868/889/869
f 867/888/867 871/892/870 870/891/871 866/887/865
f 867/888/867 868/889/869 872/893/872 871/892/870
f 872/893/872 868/889/869 874/895/873 873/894/874
f 872/893/872 876/897/875 875/896/876 871/892/870
f 872/893/872 873/894/874 877/898/877 876/897/875
f 877/898/877 873/894/874 879/900/878 878/899/879
f 877/898/877 881/902/880 880/901/881 876/897/875
f 877/898/877 878/899/879 882/903/882 881/902/880
f 882/903/882 878/899/879 884/905/883 883/904/884
f 882/903/882 886/907/885 885/906/886 881/902/880
f 882/903/882 883/904/884 887/908/887 886/907/885
f 887/908/887 883/904/884 889/910/888 888/909/889
f 887/908/887 891/912/890 890/911/891 886/907/885
f 887/908/887 888/909/889 892/913/892 891/912/890
f 892/913/892 895/916/893 894/915/894 893/914/895
f 892/913/892 888/909/889 896/917/896 895/916/893
f 892/913/892 893/914/895 897/918/897 891/912/890
f 897/918/897 731/747/732 890/911/891 891/912/890
f 897/918/897 725/741/726 729/745/729 731/747/732
f 897/918/897 893/914/895 723/739/724 725/741/726
f 896/917/896 899/920/898 898/919/899 895/916/893
f 896/917/896 901/922/900 900/921/901 899/920/898
f 896/917/896 888/909/889 889/910/888 901/922/900
f 901/922/900 903/924/902 902/923/903 900/921/901
f 901/922/900 889/910/888 904/925/904 903/924/902
f 904/925/904 906/927/905 905/926/906 903/924/902
f 904/925/904 884/905/883 907/928/907 906/927/905
f 904/925/904 889/910/888 883/904/884 884/905/883
f 907/928/907 909/930/908 908/929/909 906/927/905
f 907/928/907 879/900/878 910/931/910 909/930/908
f 907/928/907 884/905/883 878/899/879 879/900/878
f 910/931/910 912/933/911 911/932/912 909/930/908
f 910/931/910 874/895/873 913/934/913 912/933/911
f 910/931/910 879/900/878 873/894/874 874/895/873
f 913/934/913 915/936/914 914/935/915 912/933/911
f 913/934/913 869/890/868 916/937/916 915/936/914
f 913/934/913 874/895/873 868/889/869 869/890/868
f 916/937/916 918/939/917 917/938/918 915/936/914
f 916/937/916 864/885/863 919/940/919 918/939/917
f 916/937/916 869/890/868 863/884/864 864/885/863
f 919/940/919 921/942/920 920/941/921 918/939/917
f 919/940/919 859/880/858 922/943/922 921/942/920
f 919/940/919 864/885/863 858/879/859 859/880/858
f 922/943/922 924/945/923 923/944/924 921/942/920
f 922/943/922 854/875/853 925/946/925 924/945/923
f 922/943/922 859/880/858 853/874/854 854/875/853
f 925/946/925 927/948/926 926/947/927 924/945/923
f 925/946/925 849/870/848 928/949/928 927/948/926
f 925/946/925 854/875/853 848/869/849 849/870/848
f 928/949/928 930/951/929 929/950/930 927/948/926
f 928/949/928 844/865/843 931/952/931 930/951/929
f 928/949/928 849/870/848 843/864/844 844/865/843
f 931/952/931 933/954/932 932/953/933 930/951/929
f 931/952/931 839/860/838 934/955/934 933/954/932
f 931/952/931 844/865/843 838/859/839 839/860/838
f 934/955/934 936/957/935 935/956/936 933/954/932
f 934/955/934 834/855/833 937/958/937 936/957/935
f 934/955/934 839/860/838 833/854/834 834/855/833
f 937/958/937 939/960/938 938/959/939 936/957/935
f 937/958/937 829/850/828 940/961/940 939/960/938
f 937/958/937 834/855/833 828/849/829 829/850/828
f 940/961/940 942/963/941 941/962/942 939/960/938
f 940/961/940 825/846/824 943/964/943 942/963/941
f 940/961/940 829/850/828 824/845/825 825/846/824
f 943/964/943 945/966/944 944/965/945 942/963/941
f 943/964/943 821/842/820 946/967/946 945/966/944
f 943/964/943 825/846/824 820/841/821 821/842/820
f 946/967/946 948/969/947 947/968/948 945/966/944
f 946/967/946 817/838/816 949/970/949 948/969/947
f 946/967/946 821/842/820 816/837/817 817/838/816
f 949/970/949 951/972/950 950/971/951 948/969/947
f 949/970/949 813/834/812 952/973/952 951/972/950
f 949/970/949 817/838/816 812/833/813 813/834/812
f 952/973/952 954/975/953 953/974/954 951/972/950
f 952/973/952 808/829/807 63/50/46 954/975/953
f 952/973/952 813/834/812 807/828/808 808/829/807
f 954/975/953 956/977/955 955/976/956 953/974/954
f 954/975/953 63/50/46 6/45/42 956/977/955
f 956/977/955 67/55/53 957/978/957 955/976/956
f 956/977/955 6/45/42 64/51/49 67/55/53
f 957/978/957 960/981/958 959/980/959 958/979/960
f 957/978/957 67/55/53 68/56/52 960/981/958
f 957/978/957 958/979/960 961/982/961 955/976/956
f 961/982/961 958/979/960 963/984/962 962/983/963
f 961/982/961 964/985/964 953/974/954 955/976/956
f 961/982/961 962/983/963 965/986/965 964/985/964
f 965/986/965 962/983/963 967/988/966 966/987/967
f 965/986/965 968/989/968 950/971/951 964/985/964
f 965/986/965 966/987/967 969/990/969 968/989/968
f 969/990/969 966/987/967 971/992/970 970/991/971
f 969/990/969 972/993/972 947/968/948 968/989/968
f 969/990/969 970/991/971 973/994/973 972/993/972
f 973/994/973 970/991/971 975/996/974 974/995/975
f 973/994/973 976/997/976 944/965/945 972/993/972
f 973/994/973 974/995/975 977/998/977 976/997/976
f 977/998/977 974/995/975 979/1000/978 978/999/979
f 977/998/977 980/1001/980 941/962/942 976/997/976
f 977/998/977 978/999/979 981/1002/981 980/1001/980
f 981/1002/981 978/999/979 983/1004/982 982/1003/983
f 981/1002/981 984/1005/984 938/959/939 980/1001/980
f 981/1002/981 982/1003/983 985/1006/985 984/1005/984
f 985/1006/985 982/1003/983 987/1008/986 986/1007/987
f 985/1006/985 988/1009/988 935/956/936 984/1005/984
f 985/1006/985 986/1007/987 989/1010/989 988/1009/988
f 989/1010/989 986/1007/987 991/1012/990 990/1011/991
f 989/1010/989 992/1013/992 932/953/933 988/1009/988
f 989/1010/989 990/1011/991 993/1014/993 992/1013/992
f 993/1014/993 990/1011/991 995/1016/994 994/1015/995
f 993/1014/993 996/1017/996 929/950/930 992/1013/992
f 993/1014/993 994/1015/995 997/1018/997 996/1017/996
f 997/1018/997 994/1015/995 999/1020/998 998/1019/999
f 997/1018/997 1000/1021/1000 926/947/927 996/1017/996
f 997/1018/997 998/1019/999 1001/1022/1001 1000/1021/1000
f 1001/1022/1001 998/1019/999 1003/1024/1002 1002/1023/1003
f 1001/1022/1001 1004/1025/1004 923/944/924 1000/1021/1000
f 1001/1022/1001 1002/1023/1003 1005/1026/1005 1004/1025/1004
f 1005/1026/1005 1002/1023/1003 1007/1028/1006 1006/1027/1007
f 1005/1026/1005 1008/1029/1008 920/941/921 1004/1025/1004
f 1005/1026/1005 1006/1027/1007 1009/1030/1009 1008/1029/1008
f 1009/1030/1009 1006/1027/1007 1011/1032/1010 1010/1031/1011
f 1009/1030/1009 1012/1033/1012 917/938/918 1008/1029/1008
f 1009/1030/1009 1010/1031/1011 1013/1034/1013 1012/1033/1012
f 1013/1034/1013 1010/1031/1011 1015/1036/1014 1014/1035/1015
f 1013/1034/1013 1016/1037/1016 914/935/915 1012/1033/1012
f 1013/1034/1013 1014/1035/1015 1017/1038/1017 1016/1037/1016
f 1017/1038/1017 1014/1035/1015 1019/1040/1018 1018/1039/1019
f 1017/1038/1017 1020/1041/1020 911/932/912 1016/1037/1016
f 1017/1038/1017 1018/1039/1019 1021/1042/1021 1020/1041/1020
f 1021/1042/1021 1024/1045/1022 1023/1044/1023 1022/1043/1024
f 1021/1042/1021 1018/1039/1019 1025/1046/1025 1024/1045/1022
f 1021/1042/1021 1022/1043/1024 908/929/909 1020/1041/1020
f 1025/1046/1025 1027/1048/1026 1026/1047/1027 1024/1045/1022
f 1025/1046/1025 1029/1050/1028 1028/1049/1029 1027/1048/1026
f 1025/1046/1025 1018/1039/1019 1019/1040/1018 1029/1050/1028
f 1029/1050/1028 1031/1052/1030 1030/1051/1031 1028/1049/1029
f 1029/1050/1028 1019/1040/1018 1032/1053/1032 1031/1052/1030
f 1032/1053/1032 1034/1055/1033 1033/1054/1034 1031/1052/1030
f 1032/1053/1032 1015/1036/1014 1035/1056/1035 1034/1055/1033
f 1032/1053/1032 1019/1040/1018 1014/1035/1015 1015/1036/1014
f 1035/1056/1035 1037/1058/1036 1036/1057/1037 1034/1055/1033
f 1035/1056/1035 1011/1032/1010 1038/1059/1038 1037/1058/1036
f 1035/1056/1035 1015/1036/1014 1010/1031/1011 1011/1032/1010
f 1038/1059/1038 1040/1061/1039 1039/1060/1040 1037/1058/1036
f 1038/1059/1038 1007/1028/1006 1041/1062/1041 1040/1061/1039
f 1038/1059/1038 1011/1032/1010 1006/1027/1007 1007/1028/1006
f 1041/1062/1041 1043/1064/1042 1042/1063/1043 1040/1061/1039
f 1041/1062/1041 1003/1024/1002 1044/1065/1044 1043/1064/1042
f 1041/1062/1041 1007/1028/1006 1002/1023/1003 1003/1024/1002
f 1044/1065/1044 1046/1067/1045 1045/1066/1046 1043/1064/1042
f 1044/1065/1044 999/1020/998 1047/1068/1047 1046/1067/1045
f 1044/1065/1044 1003/1024/1002 998/1019/999 999/1020/998
f 1047/1068/1047 1049/1070/1048 1048/1069/1049 1046/1067/1045
f 1047/1068/1047 995/1016/994 1050/1071/1050 1049/1070/1048
f 1047/1068/1047 999/1020/998 994/1015/995 995/1016/994
f 1050/1071/1050 1052/1073/1051 1051/1072/1052 1049/1070/1048
f 1050/1071/1050 991/1012/990 1053/1074/1053 1052/1073/1051
f 1050/1071/1050 995/1016/994 990/1011/991 991/1012/990
f 1053/1074/1053 1055/1076/1054 1054/1075/1055 1052/1073/1051
f 1053/1074/1053 987/1008/986 1056/1077/1056 1055/1076/1054
f 1053/1074/1053 991/1012/990 986/1007/987 987/1008/986
f 1056/1077/1056 1058/1079/1057 1057/1078/1058 1055/1076/1054
f 1056/1077/1056 983/1004/982 1059/1080/1059 1058/1079/1057
f 1056/1077/1056 987/1008/986 982/1003/983 983/1004/982
f 1059/1080/1059 1061/1082/1060 1060/1081/1061 1058/1079/1057
f 1059/1080/1059 979/1000/978 1062/1083/1062 1061/1082/1060
f 1059/1080/1059 983/1004/982 978/999/979 979/1000/978
f 1062/1083/1062 1064/1085/1063 1063/1084/1064 1061/1082/1060
f 1062/1083/1062 975/996/974 1065/1086/1065 1064/1085/1063
f 1062/1083/1062 979/1000/978 974/995/975 975/996/974
f 1065/1086/1065 1067/1088/1066 1066/1087/1067 1064/1085/1063
f 1065/1086/1065 971/992/970 1068/1089/1068 1067/1088/1066
f 1065/1086/1065 975/996/974 970/991/971 971/992/970
f 1068/1089/1068 1070/1091/1069 1069/1090/1070 1067/1088/1066
f 1068/1089/1068 967/988/966 1071/1092/1071 1070/1091/1069
f 1068/1089/1068 971/992/970 966/987/967 967/988/966
f 1071/1092/1071 1073/1094/1072 1072/1093/1073 1070/1091/1069
f 1071/1092/1071 963/984/962 1074/1095/1074 1073/1094/1072
f 1071/1092/1071 967/988/966 962/983/963 963/984/962
f 1074/1095/1074 1076/1097/1075 1075/1096/1076 1073/1094/1072
f 1074/1095/1074 959/980/959 1077/1098/1077 1076/1097/1075
f 1074/1095/1074 963/984/962 958/979/960 959/980/959
f 1077/1098/1077 1079/1100/1078 1078/1099/1079 1076/1097/1075
f 1077/1098/1077 1081/1102/1080 1080/1101/1081 1079/1100/1078
f 1077/1098/1077 959/980/959 960/981/958 1081/1102/1080
f 1081/1102/1080 1083/1104/1082 1082/1103/1083 1080/1101/1081
f 1081/1102/1080 960/981/958 68/56/52 1083/1104/1082
f 1083/1104/1082 1085/1106/1084 1084/1105/1085 1082/1103/1083
f 1083/1104/1082 68/56/52 7/53/50 1085/1106/1084
f 1085/1106/1084 1087/1108/1086 1086/1107/1087 1084/1105/1085
f 1085/1106/1084 7/53/50 69/57/55 1087/1108/1086
f 1087/1108/1086 1089/1110/1088 1088/1109/1089 1086/1107/1087
f 1087/1108/1086 69/57/55 1090/1111/1090 1089/1110/1088
f 1090/1111/1090 93/85/81 94/86/83 1089/1110/1088
f 1090/1111/1090 1091/1112/1091 92/84/82 93/85/81
f 1090/1111/1090 69/57/55 70/58/54 1091/1112/1091
f 1091/1113/1091 43/24/23 1092/1115/1092 92/1114/82
f 1091/1113/1091 70/1116/54 42/23/24 43/24/23
f 1092/1115/1092 1093/1118/1093 91/1117/78 92/1114/82
f 1092/1115/1092 49/31/31 52/34/34 1093/1118/1093
f 1092/1115/1092 43/24/23 39/20/22 49/31/31
f 1093/1118/1093 1094/1120/1094 90/1119/79 91/1117/78
f 1093/1118/1093 52/34/34 1095/1121/1095 1094/1120/1094
f 1095/1121/1095 52/34/34 50/32/33 1096/1122/1096
f 1095/1121/1095 1098/1124/1097 1097/1123/1098 1094/1120/1094
f 1095/1121/1095 1096/1122/1096 1099/1125/1099 1098/1124/1097
f 1099/1125/1099 1096/1122/1096 1101/1127/1100 1100/1126/1101
f 1099/1125/1099 1103/1129/1102 1102/1128/1103 1098/1124/1097
f 1099/1125/1099 1100/1126/1101 1104/1130/1104 1103/1129/1102
f 1104/1130/1104 1100/1126/1101 1106/1132/1105 1105/1131/1106
f 1104/1130/1104 1108/1134/1107 1107/1133/1108 1103/1129/1102
f 1104/1130/1104 1105/1131/1106 1109/1135/1109 1108/1134/1107
f 1109/1135/1109 1105/1131/1106 1111/1137/1110 1110/1136/1111
f 1109/1135/1109 1113/1139/1112 1112/1138/1113 1108/1134/1107
f 1109/1135/1109 1110/1136/1111 1114/1140/1114 1113/1139/1112
f 1114/1140/1114 1110/1136/1111 1116/1142/1115 1115/1141/1116
f 1114/1140/1114 1118/1144/1117 1117/1143/1118 1113/1139/1112
f 1114/1140/1114 1115/1141/1116 1119/1145/1119 1118/1144/1117
f 1119/1145/1119 1115/1141/1116 1121/1147/1120 1120/1146/1121
f 1119/1145/1119 1123/1149/1122 1122/1148/1123 1118/1144/1117
f 1119/1145/1119 1120/1146/1121 1124/1150/1124 1123/1149/1122
f 1124/1150/1124 1120/1146/1121 1126/1152/1125 1125/1151/1126
f 1124/1150/1124 1128/1154/1127 1127/1153/1128 1123/1149/1122
f 1124/1150/1124 1125/1151/1126 1129/1155/1129 1128/1154/1127
f 1129/1155/1129 1125/1151/1126 1131/1157/1130 1130/1156/1131
f 1129/1155/1129 1133/1159/1132 1132/1158/1133 1128/1154/1127
f 1129/1155/1129 1130/1156/1131 1134/1160/1134 1133/1159/1132
f 1134/1160/1134 1130/1156/1131 1136/1162/1135 1135/1161/1136
f 1134/1160/1134 1138/1164/1137 1137/1163/1138 1133/1159/1132
f 1134/1160/1134 1135/1161/1136 1139/1165/1139 1138/1164/1137
f 1139/1165/1139 1135/1161/1136 1141/1167/1140 1140/1166/1141
f 1139/1165/1139 1143/1169/1142 1142/1168/1143 1138/1164/1137
f 1139/1165/1139 1140/1166/1141 1144/1170/1144 1143/1169/1142
f 1144/1170/1144 1140/1166/1141 1146/1172/1145 1145/1171/1146
f 1144/1170/1144 1148/1174/1147 1147/1173/1148 1143/1169/1142
f 1144/1170/1144 1145/1171/1146 1149/1175/1149 1148/1174/1147
f 1149/1175/1149 1145/1171/1146 1151/1177/1150 1150/1176/1151
f 1149/1175/1149 1153/1179/1152 1152/1178/1153 1148/1174/1147
f 1149/1175/1149 1150/1176/1151 1154/1180/1154 1153/1179/1152
f 1154/1180/1154 1150/1176/1151 1156/1182/1155 1155/1181/1156
f 1154/1180/1154 1158/1184/1157 1157/1183/1158 1153/1179/1152
f 1154/1180/1154 1155/1181/1156 1159/1185/1159 1158/1184/1157
f 1159/1185/1159 1155/1181/1156 1161/1187/1160 1160/1186/1161
f 1159/1185/1159 1163/1189/1162 1162/1188/1163 1158/1184/1157
f 1159/1185/1159 1160/1186/1161 1164/1190/1164 1163/1189/1162
f 1164/1190/1164 1160/1186/1161 1166/1192/1165 1165/1191/1166
f 1164/1190/1164 1168/1194/1167 1167/1193/1168 1163/1189/1162
f 1164/1190/1164 1165/1191/1166 1169/1195/1169 1168/1194/1167
f 1169/1195/1169 1165/1191/1166 1171/1197/1170 1170/1196/1171
f 1169/1195/1169 1173/1199/1172 1172/1198/1173 1168/1194/1167
f 1169/1195/1169 1170/1196/1171 1174/1200/1174 1173/1199/1172
f 1174/1200/1174 1170/1196/1171 1176/1202/1175 1175/1201/1176
f 1174/1200/1174 1178/1204/1177 1177/1203/1178 1173/1199/1172
f 1174/1200/1174 1175/1201/1176 1179/1205/1179 1178/1204/1177
f 1179/1205/1179 1175/1201/1176 1181/1207/1180 1180/1206/1181
f 1179/1205/1179 1183/1209/1182 1182/1208/1183 1178/1204/1177
f 1179/1205/1179 1180/1206/1181 1184/1210/1184 1183/1209/1182
f 1184/1210/1184 1180/1206/1181 1186/1212/1185 1185/1211/1186
f 1184/1210/1184 1188/1214/1187 1187/1213/1188 1183/1209/1182
f 1184/1210/1184 1185/1211/1186 1189/1215/1189 1188/1214/1187
f 1189/1215/1189 1185/1211/1186 1191/1217/1190 1190/1216/1191
f 1189/1215/1189 1193/1219/1192 1192/1218/1193 1188/1214/1187
f 1189/1215/1189 1190/1216/1191 1194/1220/1194 1193/1219/1192
f 1194/1220/1194 1190/1216/1191 1196/1222/1195 1195/1221/1196
f 1194/1220/1194 1198/1224/1197 1197/1223/1198 1193/1219/1192
f 1194/1220/1194 1195/1221/1196 1199/1225/1199 1198/1224/1197
f 1199/1225/1199 1195/1221/1196 1201/1227/1200 1200/1226/1201
f 1199/1225/1199 1203/1229/1202 1202/1228/1203 1198/1224/1197
f 1199/1225/1199 1200/1226/1201 1204/1230/1204 1203/1229/1202
f 1204/1230/1204 1200/1226/1201 1206/1232/1205 1205/1231/1206
f 1204/1230/1204 1208/1234/1207 1207/1233/1208 1203/1229/1202
f 1204/1230/1204 1205/1231/1206 1209/1235/1209 1208/1234/1207
f 1209/1235/1209 1205/1231/1206 1211/1237/1210 1210/1236/1211
f 1209/1235/1209 1213/1239/1212 1212/1238/1213 1208/1234/1207
f 1209/1235/1209 1210/1236/1211 1214/1240/1214 1213/1239/1212
f 1214/1240/1214 1210/1236/1211 1216/1242/1215 1215/1241/1216
f 1214/1240/1214 1218/1244/1217 1217/1243/1218 1213/1239/1212
f 1214/1240/1214 1215/1241/1216 1219/1245/1219 1218/1244/1217
f 1219/1245/1219 1215/1241/1216 1221/1247/1220 1220/1246/1221
f 1219/1245/1219 1223/1249/1222 1222/1248/1223 1218/1244/1217
f 1219/1245/1219 1220/1246/1221 1224/1250/1224 1223/1249/1222
f 1224/1250/1224 1220/1246/1221 1226/1252/1225 1225/1251/1226
f 1224/1250/1224 1228/1254/1227 1227/1253/1228 1223/1249/1222
f 1224/1250/1224 1225/1251/1226 1229/1255/1229 1228/1254/1227
f 1229/1255/1229 1225/1251/1226 1231/1257/1230 1230/1256/1231
f 1229/1255/1229 1233/1259/1232 1232/1258/1233 1228/1254/1227
f 1229/1255/1229 1230/1256/1231 1234/1260/1234 1233/1259/1232
f 1234/1260/1234 1230/1256/1231 1236/1262/1235 1235/1261/1236
f 1234/1260/1234 1238/1264/1237 1237/1263/1238 1233/1259/1232
f 1234/1260/1234 1235/1261/1236 1239/1265/1239 1238/1264/1237
f 1239/1265/1239 1235/1261/1236 1241/1267/1240 1240/1266/1241
f 1239/1265/1239 1243/1269/1242 1242/1268/1243 1238/1264/1237
f 1239/1265/1239 1240/1266/1241 1244/1270/1244 1243/1269/1242
f 1244/1270/1244 1240/1266/1241 1246/1272/1245 1245/1271/1246
f 1244/1270/1244 1248/1274/1247 1247/1273/1248 1243/1269/1242
f 1244/1270/1244 1245/1271/1246 1249/1275/1249 1248/1274/1247
f 1249/1275/1249 1245/1271/1246 1251/1277/1250 1250/1276/1251
f 1249/1275/1249 1253/1279/1252 1252/1278/1253 1248/1274/1247
f 1249/1275/1249 1250/1276/1251 1254/1280/1254 1253/1279/1252
f 1254/1280/1254 1250/1276/1251 1256/1282/1255 1255/1281/1256
f 1254/1280/1254 1258/1284/1257 1257/1283/1258 1253/1279/1252
f 1254/1280/1254 1255/1281/1256 1259/1285/1259 1258/1284/1257
f 1259/1285/1259 1255/1281/1256 1261/1287/1260 1260/1286/1261
f 1259/1285/1259 1263/1289/1262 1262/1288/1263 1258/1284/1257
f 1259/1285/1259 1260/1286/1261 1264/1290/1264 1263/1289/1262
f 1264/1290/1264 1260/1286/1261 1266/1292/1265 1265/1291/1266
f 1264/1290/1264 1268/1294/1267 1267/1293/1268 1263/1289/1262
f 1264/1290/1264 1265/1291/1266 1269/1295/1269 1268/1294/1267
f 1269/1295/1269 1265/1291/1266 1271/1297/1270 1270/1296/1271
f 1269/1295/1269 1273/1299/1272 1272/1298/1273 1268/1294/1267
f 1269/1295/1269 1270/1296/1271 1274/1300/1274 1273/1299/1272
f 1274/1300/1274 1270/1296/1271 1276/1302/1275 1275/1301/1276
f 1274/1300/1274 1278/1304/1277 1277/1303/1278 1273/1299/1272
f 1274/1300/1274 1275/1301/1276 1279/1305/1279 1278/1304/1277
f 1279/1305/1279 1275/1301/1276 1280/1306/1280 719/735/720
f 1279/1305/1279 1281/1307/1281 898/919/899 1278/1304/1277
f 1279/1305/1279 719/735/720 720/736/719 1281/1307/1281
f 1281/1307/1281 894/915/894 895/916/893 898/919/899
f 1281/1307/1281 720/736/719 721/737/722 894/915/894
f 1280/1306/1280 1282/1308/1282 712/728/713 714/730/715
f 1280/1306/1280 1275/1301/1276 1276/1302/1275 1282/1308/1282
f 1280/1306/1280 714/730/715 716/732/717 719/735/720
f 1282/1308/1282 1283/1309/1283 711/727/710 712/728/713
f 1282/1308/1282 1276/1302/1275 1284/1310/1284 1283/1309/1283
f 1284/1310/1284 1286/1312/1285 1285/1311/1286 1283/1309/1283
f 1284/1310/1284 1271/1297/1270 1287/1313/1287 1286/1312/1285
f 1284/1310/1284 1276/1302/1275 1270/1296/1271 1271/1297/1270
f 1287/1313/1287 1289/1315/1288 1288/1314/1289 1286/1312/1285
f 1287/1313/1287 1266/1292/1265 1290/1316/1290 1289/1315/1288
f 1287/1313/1287 1271/1297/1270 1265/1291/1266 1266/1292/1265
f 1290/1316/1290 1292/1318/1291 1291/1317/1292 1289/1315/1288
f 1290/1316/1290 1261/1287/1260 1293/1319/1293 1292/1318/1291
f 1290/1316/1290 1266/1292/1265 1260/1286/1261 1261/1287/1260
f 1293/1319/1293 1295/1321/1294 1294/1320/1295 1292/1318/1291
f 1293/1319/1293 1256/1282/1255 1296/1322/1296 1295/1321/1294
f 1293/1319/1293 1261/1287/1260 1255/1281/1256 1256/1282/1255
f 1296/1322/1296 1298/1324/1297 1297/1323/1298 1295/1321/1294
f 1296/1322/1296 1251/1277/1250 1299/1325/1299 1298/1324/1297
f 1296/1322/1296 1256/1282/1255 1250/1276/1251 1251/1277/1250
f 1299/1325/1299 1301/1327/1300 1300/1326/1301 1298/1324/1297
f 1299/1325/1299 1246/1272/1245 1302/1328/1302 1301/1327/1300
f 1299/1325/1299 1251/1277/1250 1245/1271/1246 1246/1272/1245
f 1302/1328/1302 1304/1330/1303 1303/1329/1304 1301/1327/1300
f 1302/1328/1302 1241/1267/1240 1305/1331/1305 1304/1330/1303
f 1302/1328/1302 1246/1272/1245 1240/1266/1241 1241/1267/1240
f 1305/1331/1305 1307/1333/1306 1306/1332/1307 1304/1330/1303
f 1305/1331/1305 1236/1262/1235 1308/1334/1308 1307/1333/1306
f 1305/1331/1305 1241/1267/1240 1235/1261/1236 1236/1262/1235
f 1308/1334/1308 1310/1336/1309 1309/1335/1310 1307/1333/1306
f 1308/1334/1308 1231/1257/1230 1311/1337/1311 1310/1336/1309
f 1308/1334/1308 1236/1262/1235 1230/1256/1231 1231/1257/1230
f 1311/1337/1311 1313/1339/1312 1312/1338/1313 1310/1336/1309
f 1311/1337/1311 1226/1252/1225 1314/1340/1314 1313/1339/1312
f 1311/1337/1311 1231/1257/1230 1225/1251/1226 1226/1252/1225
f 1314/1340/1314 1316/1342/1315 1315/1341/1316 1313/1339/1312
f 1314/1340/1314 1221/1247/1220 1317/1343/1317 1316/1342/1315
f 1314/1340/1314 1226/1252/1225 1220/1246/1221 1221/1247/1220
f 1317/1343/1317 1319/1345/1318 1318/1344/1319 1316/1342/1315
f 1317/1343/1317 1216/1242/1215 1320/1346/1320 1319/1345/1318
f 1317/1343/1317 1221/1247/1220 1215/1241/1216 1216/1242/1215
f 1320/1346/1320 1322/1348/1321 1321/1347/1322 1319/1345/1318
f 1320/1346/1320 1211/1237/1210 1323/1349/1323 1322/1348/1321
f 1320/1346/1320 1216/1242/1215 1210/1236/1211 1211/1237/1210
f 1323/1349/1323 1325/1351/1324 1324/1350/1325 1322/1348/1321
f 1323/1349/1323 1206/1232/1205 1326/1352/1326 1325/1351/1324
f 1323/1349/1323 1211/1237/1210 1205/1231/1206 1206/1232/1205
f 1326/1352/1326 1328/1354/1327 1327/1353/1328 1325/1351/1324
f 1326/1352/1326 1201/1227/1200 1329/1355/1329 1328/1354/1327
f 1326/1352/1326 1206/1232/1205 1200/1226/1201 1201/1227/1200
f 1329/1355/1329 1331/1357/1330 1330/1356/1331 1328/1354/1327
f 1329/1355/1329 1196/1222/1195 1332/1358/1332 1331/1357/1330
f 1329/1355/1329 1201/1227/1200 1195/1221/1196 1196/1222/1195
f 1332/1358/1332 1334/1360/1333 1333/1359/1334 1331/1357/1330
f 1332/1358/1332 1191/1217/1190 1335/1361/1335 1334/1360/1333
f 1332/1358/1332 1196/1222/1195 1190/1216/1191 1191/1217/1190
f 1335/1361/1335 1337/1363/1336 1336/1362/1337 1334/1360/1333
f 1335/1361/1335 1186/1212/1185 1338/1364/1338 1337/1363/1336
f 1335/1361/1335 1191/1217/1190 1185/1211/1186 1186/1212/1185
f 1338/1364/1338 1340/1366/1339 1339/1365/1340 1337/1363/1336
f 1338/1364/1338 1181/1207/1180 1341/1367/1341 1340/1366/1339
f 1338/1364/1338 1186/1212/1185 1180/1206/1181 1181/1207/1180
f 1341/1367/1341 1343/1369/1342 1342/1368/1343 1340/1366/1339
f 1341/1367/1341 1176/1202/1175 1344/1370/1344 1343/1369/1342
f 1341/1367/1341 1181/1207/1180 1175/1201/1176 1176/1202/1175
f 1344/1370/1344 1346/1372/1345 1345/1371/1346 1343/1369/1342
f 1344/1370/1344 1171/1197/1170 1347/1373/1347 1346/1372/1345
f 1344/1370/1344 1176/1202/1175 1170/1196/1171 1171/1197/1170
f 1347/1373/1347 1349/1375/1348 1348/1374/1349 1346/1372/1345
f 1347/1373/1347 1166/1192/1165 1350/1376/1350 1349/1375/1348
f 1347/1373/1347 1171/1197/1170 1165/1191/1166 1166/1192/1165
f 1350/1376/1350 1352/1378/1351 1351/1377/1352 1349/1375/1348
f 1350/1376/1350 1161/1187/1160 1353/1379/1353 1352/1378/1351
f 1350/1376/1350 1166/1192/1165 1160/1186/1161 1161/1187/1160
f 1353/1379/1353 1355/1381/1354 1354/1380/1355 1352/1378/1351
f 1353/1379/1353 1156/1182/1155 1356/1382/1356 1355/1381/1354
f 1353/1379/1353 1161/1187/1160 1155/1181/1156 1156/1182/1155
f 1356/1382/1356 1358/1384/1357 1357/1383/1358 1355/1381/1354
f 1356/1382/1356 1151/1177/1150 1359/1385/1359 1358/1384/1357
f 1356/1382/1356 1156/1182/1155 1150/1176/1151 1151/1177/1150
f 1359/1385/1359 1361/1387/1360 1360/1386/1361 1358/1384/1357
f 1359/1385/1359 1146/1172/1145 1362/1388/1362 1361/1387/1360
f 1359/1385/1359 1151/1177/1150 1145/1171/1146 1146/1172/1145
f 1362/1388/1362 1364/1390/1363 1363/1389/1364 1361/1387/1360
f 1362/1388/1362 1141/1167/1140 1365/1391/1365 1364/1390/1363
f 1362/1388/1362 1146/1172/1145 1140/1166/1141 1141/1167/1140
f 1365/1391/1365 1367/1393/1366 1366/1392/1367 1364/1390/1363
f 1365/1391/1365 1136/1162/1135 1368/1394/1368 1367/1393/1366
f 1365/1391/1365 1141/1167/1140 1135/1161/1136 1136/1162/1135
f 1368/1394/1368 1370/1396/1369 1369/1395/1370 1367/1393/1366
f 1368/1394/1368 1131/1157/1130 1371/1397/1371 1370/1396/1369
f 1368/1394/1368 1136/1162/1135 1130/1156/1131 1131/1157/1130
f 1371/1397/1371 1373/1399/1372 1372/1398/1373 1370/1396/1369
f 1371/1397/1371 1126/1152/1125 1374/1400/1374 1373/1399/1372
f 1371/1397/1371 1131/1157/1130 1125/1151/1126 1126/1152/1125
f 1374/1400/1374 1376/1402/1375 1375/1401/1376 1373/1399/1372
f 1374/1400/1374 1121/1147/1120 1377/1403/1377 1376/1402/1375
f 1374/1400/1374 1126/1152/1125 1120/1146/1121 1121/1147/1120
f 1377/1403/1377 1379/1405/1378 1378/1404/1379 1376/1402/1375
f 1377/1403/1377 1116/1142/1115 1380/1406/1380 1379/1405/1378
f 1377/1403/1377 1121/1147/1120 1115/1141/1116 1116/1142/1115
f 1380/1406/1380 1382/1408/1381 1381/1407/1382 1379/1405/1378
f 1380/1406/1380 1111/1137/1110 1383/1409/1383 1382/1408/1381
f 1380/1406/1380 1116/1142/1115 1110/1136/1111 1111/1137/1110
f 1383/1409/1383 1385/1411/1384 1384/1410/1385 1382/1408/1381
f 1383/1409/1383 1106/1132/1105 1386/1412/1386 1385/1411/1384
f 1383/1409/1383 1111/1137/1110 1105/1131/1106 1106/1132/1105
f 1386/1412/1386 1388/1414/1387 1387/1413/1388 1385/1411/1384
f 1386/1412/1386 1101/1127/1100 51/33/32 1388/1414/1387
f 1386/1412/1386 1106/1132/1105 1100/1126/1101 1101/1127/1100
f 1388/1414/1387 41/22/20 48/29/29 1387/1413/1388
f 1388/1414/1387 51/33/32 40/21/21 41/22/20
f 1387/1413/1388 48/29/29 1390/1416/1389 1389/1415/1390
f 1387/1413/1388 1389/1415/1390 1384/1410/1385 1385/1411/1384
f 1390/1416/1389 1393/1419/1391 1392/1418/1392 1391/1417/1393
f 1390/1416/1389 48/29/29 46/27/28 1393/1419/1391
f 1390/1416/1389 1391/1417/1393 1394/1420/1394 1389/1415/1390
f 1394/1420/1394 1391/1417/1393 1396/1422/1395 1395/1421/1396
f 1394/1420/1394 1397/1423/1397 1384/1410/1385 1389/1415/1390
f 1394/1420/1394 1395/1421/1396 1398/1424/1398 1397/1423/1397
f 1398/1424/1398 1395/1421/1396 1400/1426/1399 1399/1425/1400
f 1398/1424/1398 1401/1427/1401 1381/1407/1382 1397/1423/1397
f 1398/1424/1398 1399/1425/1400 1402/1428/1402 1401/1427/1401
f 1402/1428/1402 1399/1425/1400 1404/1430/1403 1403/1429/1404
f 1402/1428/1402 1405/1431/1405 1378/1404/1379 1401/1427/1401
f 1402/1428/1402 1403/1429/1404 1406/1432/1406 1405/1431/1405
f 1406/1432/1406 1403/1429/1404 1408/1434/1407 1407/1433/1408
f 1406/1432/1406 1409/1435/1409 1375/1401/1376 1405/1431/1405
f 1406/1432/1406 1407/1433/1408 1410/1436/1410 1409/1435/1409
f 1410/1436/1410 1407/1433/1408 1412/1438/1411 1411/1437/1412
f 1410/1436/1410 1413/1439/1413 1372/1398/1373 1409/1435/1409
f 1410/1436/1410 1411/1437/1412 1414/1440/1414 1413/1439/1413
f 1414/1440/1414 1411/1437/1412 1416/1442/1415 1415/1441/1416
f 1414/1440/1414 1417/1443/1417 1369/1395/1370 1413/1439/1413
f 1414/1440/1414 1415/1441/1416 1418/1444/1418 1417/1443/1417
f 1418/1444/1418 1415/1441/1416 1420/1446/1419 1419/1445/1420
f 1418/1444/1418 1421/1447/1421 1366/1392/1367 1417/1443/1417
f 1418/1444/1418 1419/1445/1420 1422/1448/1422 1421/1447/1421
f 1422/1448/1422 1419/1445/1420 1424/1450/1423 1423/1449/1424
f 1422/1448/1422 1425/1451/1425 1363/1389/1364 1421/1447/1421
f 1422/1448/1422 1423/1449/1424 1426/1452/1426 1425/1451/1425
f 1426/1452/1426 1423/1449/1424 1428/1454/1427 1427/1453/1428
f 1426/1452/1426 1429/1455/1429 1360/1386/1361 1425/1451/1425
f 1426/1452/1426 1427/1453/1428 1430/1456/1430 1429/1455/1429
f 1430/1456/1430 1427/1453/1428 1432/1458/1431 1431/1457/1432
f 1430/1456/1430 1433/1459/1433 1357/1383/1358 1429/1455/1429
f 1430/1456/1430 1431/1457/1432 1434/1460/1434 1433/1459/1433
f 1434/1460/1434 1431/1457/1432 1436/1462/1435 1435/1461/1436
f 1434/1460/1434 1437/1463/1437 1354/1380/1355 1433/1459/1433
f 1434/1460/1434 1435/1461/1436 1438/1464/1438 1437/1463/1437
f 1438/1464/1438 1435/1461/1436 1440/1466/1439 1439/1465/1440
f 1438/1464/1438 1441/1467/1441 1351/1377/1352 1437/1463/1437
f 1438/1464/1438 1439/1465/1440 1442/1468/1442 1441/1467/1441
f 1442/1468/1442 1439/1465/1440 1444/1470/1443 1443/1469/1444
f 1442/1468/1442 1445/1471/1445 1348/1374/1349 1441/1467/1441
f 1442/1468/1442 1443/1469/1444 1446/1472/1446 1445/1471/1445
f 1446/1472/1446 1443/1469/1444 1448/1474/1447 1447/1473/1448
f 1446/1472/1446 1449/1475/1449 1345/1371/1346 1445/1471/1445
f 1446/1472/1446 1447/1473/1448 1450/1476/1450 1449/1475/1449
f 1450/1476/1450 1447/1473/1448 1452/1478/1451 1451/1477/1452
f 1450/1476/1450 1453/1479/1453 1342/1368/1343 1449/1475/1449
f 1450/1476/1450 1451/1477/1452 1454/1480/1454 1453/1479/1453
f 1454/1480/1454 1451/1477/1452 1456/1482/1455 1455/1481/1456
f 1454/1480/1454 1457/1483/1457 1339/1365/1340 1453/1479/1453
f 1454/1480/1454 1455/1481/1456 1458/1484/1458 1457/1483/1457
f 1458/1484/1458 1455/1481/1456 1460/1486/1459 1459/1485/1460
f 1458/1484/1458 1461/1487/1461 1336/1362/1337 1457/1483/1457
f 1458/1484/1458 1459/1485/1460 1462/1488/1462 1461/1487/1461
f 1462/1488/1462 1459/1485/1460 1464/1490/1463 1463/1489/1464
f 1462/1488/1462 1465/1491/1465 1333/1359/1334 1461/1487/1461
f 1462/1488/1462 1463/1489/1464 1466/1492/1466 1465/1491/1465
f 1466/1492/1466 1463/1489/1464 1468/1494/1467 1467/1493/1468
f 1466/1492/1466 1469/1495/1469 1330/1356/1331 1465/1491/1465
f 1466/1492/1466 1467/1493/1468 1470/1496/1470 1469/1495/1469
f 1470/1496/1470 1467/1493/1468 1472/1498/1471 1471/1497/1472
f 1470/1496/1470 1473/1499/1473 1327/1353/1328 1469/1495/1469
f 1470/1496/1470 1471/1497/1472 1474/1500/1474 1473/1499/1473
f 1474/1500/1474 1471/1497/1472 1476/1502/1475 1475/1501/1476
f 1474/1500/1474 1477/1503/1477 1324/1350/1325 1473/1499/1473
f 1474/1500/1474 1475/1501/1476 1478/1504/1478 1477/1503/1477
f 1478/1504/1478 1475/1501/1476 1480/1506/1479 1479/1505/1480
f 1478/1504/1478 1481/1507/1481 1321/1347/1322 1477/1503/1477
f 1478/1504/1478 1479/1505/1480 1482/1508/1482 1481/1507/1481
f 1482/1508/1482 1479/1505/1480 1484/1510/1483 1483/1509/1484
f 1482/1508/1482 1485/1511/1485 1318/1344/1319 1481/1507/1481
f 1482/1508/1482 1483/1509/1484 1486/1512/1486 1485/1511/1485
f 1486/1512/1486 1483/1509/1484 1488/1514/1487 1487/1513/1488
f 1486/1512/1486 1489/1515/1489 1315/1341/1316 1485/1511/1485
f 1486/1512/1486 1487/1513/1488 1490/1516/1490 1489/1515/1489
f 1490/1516/1490 1487/1513/1488 1492/1518/1491 1491/1517/1492
f 1490/1516/1490 1493/1519/1493 1312/1338/1313 1489/1515/1489
f 1490/1516/1490 1491/1517/1492 1494/1520/1494 1493/1519/1493
f 1494/1520/1494 1491/1517/1492 1496/1522/1495 1495/1521/1496
f 1494/1520/1494 1497/1523/1497 1309/1335/1310 1493/1519/1493
f 1494/1520/1494 1495/1521/1496 1498/1524/1498 1497/1523/1497
f 1498/1524/1498 1495/1521/1496 1500/1526/1499 1499/1525/1500
f 1498/1524/1498 1501/1527/1501 1306/1332/1307 1497/1523/1497
f 1498/1524/1498 1499/1525/1500 1502/1528/1502 1501/1527/1501
f 1502/1528/1502 1499/1525/1500 1504/1530/1503 1503/1529/1504
f 1502/1528/1502 1505/1531/1505 1303/1329/1304 1501/1527/1501
f 1502/1528/1502 1503/1529/1504 1506/1532/1506 1505/1531/1505
f 1506/1532/1506 1503/1529/1504 1508/1534/1507 1507/1533/1508
f 1506/1532/1506 1509/1535/1509 1300/1326/1301 1505/1531/1505
f 1506/1532/1506 1507/1533/1508 1510/1536/1510 1509/1535/1509
f 1510/1536/1510 1507/1533/1508 1512/1538/1511 1511/1537/1512
f 1510/1536/1510 1513/1539/1513 1297/1323/1298 1509/1535/1509
f 1510/1536/1510 1511/1537/1512 1514/1540/1514 1513/1539/1513
f 1514/1540/1514 1511/1537/1512 1516/1542/1515 1515/1541/1516
f 1514/1540/1514 1517/1543/1517 1294/1320/1295 1513/1539/1513
f 1514/1540/1514 1515/1541/1516 1518/1544/1518 1517/1543/1517
f 1518/1544/1518 1515/1541/1516 1520/1546/1519 1519/1545/1520
f 1518/1544/1518 1521/1547/1521 1291/1317/1292 1517/1543/1517
f 1518/1544/1518 1519/1545/1520 1522/1548/1522 1521/1547/1521
f 1522/1548/1522 1519/1545/1520 1524/1550/1523 1523/1549/1524
f 1522/1548/1522 1525/1551/1525 1288/1314/1289 1521/1547/1521
f 1522/1548/1522 1523/1549/1524 1526/1552/1526 1525/1551/1525
f 1526/1552/1526 1523/1549/1524 1527/1553/1527 707/723/708
f 1526/1552/1526 710/726/711 1285/1311/1286 1525/1551/1525
f 1526/1552/1526 707/723/708 708/724/707 710/726/711
f 1527/1553/1527 681/697/682 682/698/681 684/700/685
f 1527/1553/1527 1523/1549/1524 1524/1550/1523 681/697/682
f 1527/1553/1527 684/700/685 705/721/705 707/723/708
f 1525/1551/1525 1285/1311/1286 1286/1312/1285 1288/1314/1289
f 1524/1550/1523 1528/1554/1528 679/695/680 681/697/682
f 1524/1550/1523 1519/1545/1520 1520/1546/1519 1528/1554/1528
f 1528/1554/1528 1529/1555/1529 677/693/678 679/695/680
f 1528/1554/1528 1520/1546/1519 1530/1556/1530 1529/1555/1529
f 1530/1556/1530 1532/1558/1531 1531/1557/1532 1529/1555/1529
f 1530/1556/1530 1516/1542/1515 1533/1559/1533 1532/1558/1531
f 1530/1556/1530 1520/1546/1519 1515/1541/1516 1516/1542/1515
f 1533/1559/1533 1535/1561/1534 1534/1560/1535 1532/1558/1531
f 1533/1559/1533 1512/1538/1511 1536/1562/1536 1535/1561/1534
f 1533/1559/1533 1516/1542/1515 1511/1537/1512 1512/1538/1511
f 1536/1562/1536 1538/1564/1537 1537/1563/1538 1535/1561/1534
f 1536/1562/1536 1508/1534/1507 1539/1565/1539 1538/1564/1537
f 1536/1562/1536 1512/1538/1511 1507/1533/1508 1508/1534/1507
f 1539/1565/1539 1541/1567/1540 1540/1566/1541 1538/1564/1537
f 1539/1565/1539 1504/1530/1503 1542/1568/1542 1541/1567/1540
f 1539/1565/1539 1508/1534/1507 1503/1529/1504 1504/1530/1503
f 1542/1568/1542 1544/1570/1543 1543/1569/1544 1541/1567/1540
f 1542/1568/1542 1500/1526/1499 1545/1571/1545 1544/1570/1543
f 1542/1568/1542 1504/1530/1503 1499/1525/1500 1500/1526/1499
f 1545/1571/1545 1547/1573/1546 1546/1572/1547 1544/1570/1543
f 1545/1571/1545 1496/1522/1495 1548/1574/1548 1547/1573/1546
f 1545/1571/1545 1500/1526/1499 1495/1521/1496 1496/1522/1495
f 1548/1574/1548 1550/1576/1549 1549/1575/1550 1547/1573/1546
f 1548/1574/1548 1492/1518/1491 1551/1577/1551 1550/1576/1549
f 1548/1574/1548 1496/1522/1495 1491/1517/1492 1492/1518/1491
f 1551/1577/1551 1553/1579/1552 1552/1578/1553 1550/1576/1549
f 1551/1577/1551 1488/1514/1487 1554/1580/1554 1553/1579/1552
f 1551/1577/1551 1492/1518/1491 1487/1513/1488 1488/1514/1487
f 1554/1580/1554 1556/1582/1555 1555/1581/1556 1553/1579/1552
f 1554/1580/1554 1484/1510/1483 1557/1583/1557 1556/1582/1555
f 1554/1580/1554 1488/1514/1487 1483/1509/1484 1484/1510/1483
f 1557/1583/1557 1559/1585/1558 1558/1584/1559 1556/1582/1555
f 1557/1583/1557 1480/1506/1479 1560/1586/1560 1559/1585/1558
f 1557/1583/1557 1484/1510/1483 1479/1505/1480 1480/1506/1479
f 1560/1586/1560 1562/1588/1561 1561/1587/1562 1559/1585/1558
f 1560/1586/1560 1476/1502/1475 1563/1589/1563 1562/1588/1561
f 1560/1586/1560 1480/1506/1479 1475/1501/1476 1476/1502/1475
f 1563/1589/1563 1565/1591/1564 1564/1590/1565 1562/1588/1561
f 1563/1589/1563 1472/1498/1471 1566/1592/1566 1565/1591/1564
f 1563/1589/1563 1476/1502/1475 1471/1497/1472 1472/1498/1471
f 1566/1592/1566 1568/1594/1567 1567/1593/1568 1565/1591/1564
f 1566/1592/1566 1468/1494/1467 1569/1595/1569 1568/1594/1567
f 1566/1592/1566 1472/1498/1471 1467/1493/1468 1468/1494/1467
f 1569/1595/1569 1571/1597/1570 1570/1596/1571 1568/1594/1567
f 1569/1595/1569 1464/1490/1463 1572/1598/1572 1571/1597/1570
f 1569/1595/1569 1468/1494/1467 1463/1489/1464 1464/1490/1463
f 1572/1598/1572 1574/1600/1573 1573/1599/1574 1571/1597/1570
f 1572/1598/1572 1460/1486/1459 1575/1601/1575 1574/1600/1573
f 1572/1598/1572 1464/1490/1463 1459/1485/1460 1460/1486/1459
f 1575/1601/1575 1577/1603/1576 1576/1602/1577 1574/1600/1573
f 1575/1601/1575 1456/1482/1455 1578/1604/1578 1577/1603/1576
f 1575/1601/1575 1460/1486/1459 1455/1481/1456 1456/1482/1455
f 1578/1604/1578 1580/1606/1579 1579/1605/1580 1577/1603/1576
f 1578/1604/1578 1452/1478/1451 1581/1607/1581 1580/1606/1579
f 1578/1604/1578 1456/1482/1455 1451/1477/1452 1452/1478/1451
f 1581/1607/1581 1583/1609/1582 1582/1608/1583 1580/1606/1579
f 1581/1607/1581 1448/1474/1447 1584/1610/1584 1583/1609/1582
f 1581/1607/1581 1452/1478/1451 1447/1473/1448 1448/1474/1447
f 1584/1610/1584 1586/1612/1585 1585/1611/1586 1583/1609/1582
f 1584/1610/1584 1444/1470/1443 1587/1613/1587 1586/1612/1585
f 1584/1610/1584 1448/1474/1447 1443/1469/1444 1444/1470/1443
f 1587/1613/1587 1589/1615/1588 1588/1614/1589 1586/1612/1585
f 1587/1613/1587 1440/1466/1439 1590/1616/1590 1589/1615/1588
f 1587/1613/1587 1444/1470/1443 1439/1465/1440 1440/1466/1439
f 1590/1616/1590 1592/1618/1591 1591/1617/1592 1589/1615/1588
f 1590/1616/1590 1436/1462/1435 1593/1619/1593 1592/1618/1591
f 1590/1616/1590 1440/1466/1439 1435/1461/1436 1436/1462/1435
f 1593/1619/1593 1595/1621/1594 1594/1620/1595 1592/1618/1591
f 1593/1619/1593 1432/1458/1431 1596/1622/1596 1595/1621/1594
f 1593/1619/1593 1436/1462/1435 1431/1457/1432 1432/1458/1431
f 1596/1622/1596 1598/1624/1597 1597/1623/1598 1595/1621/1594
f 1596/1622/1596 1428/1454/1427 1599/1625/1599 1598/1624/1597
f 1596/1622/1596 1432/1458/1431 1427/1453/1428 1428/1454/1427
f 1599/1625/1599 1601/1627/1600 1600/1626/1601 1598/1624/1597
f 1599/1625/1599 1424/1450/1423 1602/1628/1602 1601/1627/1600
f 1599/1625/1599 1428/1454/1427 1423/1449/1424 1424/1450/1423
f 1602/1628/1602 1604/1630/1603 1603/1629/1604 1601/1627/1600
f 1602/1628/1602 1420/1446/1419 1605/1631/1605 1604/1630/1603
f 1602/1628/1602 1424/1450/1423 1419/1445/1420 1420/1446/1419
f 1605/1631/1605 1607/1633/1606 1606/1632/1607 1604/1630/1603
f 1605/1631/1605 1416/1442/1415 1608/1634/1608 1607/1633/1606
f 1605/1631/1605 1420/1446/1419 1415/1441/1416 1416/1442/1415
f 1608/1634/1608 1610/1636/1609 1609/1635/1610 1607/1633/1606
f 1608/1634/1608 1412/1438/1411 1611/1637/1611 1610/1636/1609
f 1608/1634/1608 1416/1442/1415 1411/1437/1412 1412/1438/1411
f 1611/1637/1611 1613/1639/1612 1612/1638/1613 1610/1636/1609
f 1611/1637/1611 1408/1434/1407 1614/1640/1614 1613/1639/1612
f 1611/1637/1611 1412/1438/1411 1407/1433/1408 1408/1434/1407
f 1614/1640/1614 1616/1642/1615 1615/1641/1616 1613/1639/1612
f 1614/1640/1614 1404/1430/1403 1617/1643/1617 1616/1642/1615
f 1614/1640/1614 1408/1434/1407 1403/1429/1404 1404/1430/1403
f 1617/1643/1617 1619/1645/1618 1618/1644/1619 1616/1642/1615
f 1617/1643/1617 1400/1426/1399 1620/1646/1620 1619/1645/1618
f 1617/1643/1617 1404/1430/1403 1399/1425/1400 1400/1426/1399
f 1620/1646/1620 1622/1648/1621 1621/1647/1622 1619/1645/1618
f 1620/1646/1620 1396/1422/1395 1623/1649/1623 1622/1648/1621
f 1620/1646/1620 1400/1426/1399 1395/1421/1396 1396/1422/1395
f 1623/1649/1623 1625/1651/1624 1624/1650/1625 1622/1648/1621
f 1623/1649/1623 1392/1418/1392 1626/1652/1626 1625/1651/1624
f 1623/1649/1623 1396/1422/1395 1391/1417/1393 1392/1418/1392
f 1626/1652/1626 1628/1654/1627 1627/1653/1628 1625/1651/1624
f 1626/1652/1626 1630/1656/1629 1629/1655/1630 1628/1654/1627
f 1626/1652/1626 1392/1418/1392 1393/1419/1391 1630/1656/1629
f 1630/1656/1629 47/28/27 1631/1657/1631 1629/1655/1630
f 1630/1656/1629 1393/1419/1391 46/27/28 47/28/27
f 1631/1657/1631 32/11/11 1632/1658/1632 1629/1655/1630
f 1631/1657/1631 1633/1659/1633 31/10/9 32/11/11
f 1631/1657/1631 47/28/27 44/25/26 1633/1659/1633
f 1633/1659/1633 1634/1660/1634 30/9/10 31/10/9
f 1633/1659/1633 44/25/26 45/26/25 1634/1660/1634
f 1634/1660/1634 65/1662/48 59/1661/45 30/9/10
f 1634/1660/1634 45/26/25 66/1663/51 65/1662/48
f 1632/1658/1632 1637/1666/1635 1636/1665/1636 1635/1664/1637
f 1632/1658/1632 32/11/11 23/2/4 1637/1666/1635
f 1632/1658/1632 1635/1664/1637 1628/1654/1627 1629/1655/1630
f 1637/1666/1635 1639/1668/1638 1638/1667/1639 1636/1665/1636
f 1637/1666/1635 23/2/4 24/3/3 1639/1668/1638
f 1639/1668/1638 114/111/109 1640/1669/1640 1638/1667/1639
f 1639/1668/1638 24/3/3 113/110/105 114/111/109
f 1640/1669/1640 511/527/512 512/528/511 516/532/517
f 1640/1669/1640 114/111/109 115/112/108 511/527/512
f 1640/1669/1640 516/532/517 1641/1670/1641 1638/1667/1639
f 1641/1670/1641 516/532/517 517/533/516 521/537/522
f 1641/1670/1641 1642/1671/1642 1636/1665/1636 1638/1667/1639
f 1641/1670/1641 521/537/522 1643/1672/1643 1642/1671/1642
f 1643/1672/1643 521/537/522 522/538/521 526/542/527
f 1643/1672/1643 1645/1674/1644 1644/1673/1645 1642/1671/1642
f 1643/1672/1643 526/542/527 1646/1675/1646 1645/1674/1644
f 1646/1675/1646 526/542/527 527/543/526 531/547/532
f 1646/1675/1646 1648/1677/1647 1647/1676/1648 1645/1674/1644
f 1646/1675/1646 531/547/532 1649/1678/1649 1648/1677/1647
f 1649/1678/1649 531/547/532 532/548/531 536/552/537
f 1649/1678/1649 1651/1680/1650 1650/1679/1651 1648/1677/1647
f 1649/1678/1649 536/552/537 1652/1681/1652 1651/1680/1650
f 1652/1681/1652 536/552/537 537/553/536 541/557/542
f 1652/1681/1652 1654/1683/1653 1653/1682/1654 1651/1680/1650
f 1652/1681/1652 541/557/542 1655/1684/1655 1654/1683/1653
f 1655/1684/1655 541/557/542 542/558/541 546/562/547
f 1655/1684/1655 1657/1686/1656 1656/1685/1657 1654/1683/1653
f 1655/1684/1655 546/562/547 1658/1687/1658 1657/1686/1656
f 1658/1687/1658 546/562/547 547/563/546 551/567/552
f 1658/1687/1658 1660/1689/1659 1659/1688/1660 1657/1686/1656
f 1658/1687/1658 551/567/552 1661/1690/1661 1660/1689/1659
f 1661/1690/1661 551/567/552 552/568/551 556/572/557
f 1661/1690/1661 1663/1692/1662 1662/1691/1663 1660/1689/1659
f 1661/1690/1661 556/572/557 1664/1693/1664 1663/1692/1662
f 1664/1693/1664 556/572/557 557/573/556 561/577/562
f 1664/1693/1664 1666/1695/1665 1665/1694/1666 1663/1692/1662
f 1664/1693/1664 561/577/562 1667/1696/1667 1666/1695/1665
f 1667/1696/1667 561/577/562 562/578/561 566/582/567
f 1667/1696/1667 1669/1698/1668 1668/1697/1669 1666/1695/1665
f 1667/1696/1667 566/582/567 1670/1699/1670 1669/1698/1668
f 1670/1699/1670 566/582/567 567/583/566 571/587/572
f 1670/1699/1670 1672/1701/1671 1671/1700/1672 1669/1698/1668
f 1670/1699/1670 571/587/572 1673/1702/1673 1672/1701/1671
f 1673/1702/1673 571/587/572 572/588/571 576/592/577
f 1673/1702/1673 1675/1704/1674 1674/1703/1675 1672/1701/1671
f 1673/1702/1673 576/592/577 1676/1705/1676 1675/1704/1674
f 1676/1705/1676 576/592/577 577/593/576 581/597/582
f 1676/1705/1676 1678/1707/1677 1677/1706/1678 1675/1704/1674
f 1676/1705/1676 581/597/582 1679/1708/1679 1678/1707/1677
f 1679/1708/1679 581/597/582 582/598/581 586/602/587
f 1679/1708/1679 1681/1710/1680 1680/1709/1681 1678/1707/1677
f 1679/1708/1679 586/602/587 1682/1711/1682 1681/1710/1680
f 1682/1711/1682 586/602/587 587/603/586 591/607/592
f 1682/1711/1682 1684/1713/1683 1683/1712/1684 1681/1710/1680
f 1682/1711/1682 591/607/592 1685/1714/1685 1684/1713/1683
f 1685/1714/1685 591/607/592 592/608/591 596/612/597
f 1685/1714/1685 1687/1716/1686 1686/1715/1687 1684/1713/1683
f 1685/1714/1685 596/612/597 1688/1717/1688 1687/1716/1686
f 1688/1717/1688 596/612/597 597/613/596 601/617/602
f 1688/1717/1688 1690/1719/1689 1689/1718/1690 1687/1716/1686
f 1688/1717/1688 601/617/602 1691/1720/1691 1690/1719/1689
f 1691/1720/1691 601/617/602 602/618/601 606/622/607
f 1691/1720/1691 1693/1722/1692 1692/1721/1693 1690/1719/1689
f 1691/1720/1691 606/622/607 1694/1723/1694 1693/1722/1692
f 1694/1723/1694 606/622/607 607/623/606 611/627/612
f 1694/1723/1694 1696/1725/1695 1695/1724/1696 1693/1722/1692
f 1694/1723/1694 611/627/612 1697/1726/1697 1696/1725/1695
f 1697/1726/1697 611/627/612 612/628/611 616/632/617
f 1697/1726/1697 1699/1728/1698 1698/1727/1699 1696/1725/1695
f 1697/1726/1697 616/632/617 1700/1729/1700 1699/1728/1698
f 1700/1729/1700 616/632/617 617/633/616 621/637/622
f 1700/1729/1700 1702/1731/1701 1701/1730/1702 1699/1728/1698
f 1700/1729/1700 621/637/622 1703/1732/1703 1702/1731/1701
f 1703/1732/1703 621/637/622 622/638/621 626/642/627
f 1703/1732/1703 1705/1734/1704 1704/1733/1705 1702/1731/1701
f 1703/1732/1703 626/642/627 1706/1735/1706 1705/1734/1704
f 1706/1735/1706 626/642/627 627/643/626 631/647/632
f 1706/1735/1706 1708/1737/1707 1707/1736/1708 1705/1734/1704
f 1706/1735/1706 631/647/632 34/14/14 1708/1737/1707
f 1708/1737/1707 1709/1738/1709 1564/1590/1565 1707/1736/1708
f 1708/1737/1707 34/14/14 35/15/13 1709/1738/1709
f 1709/1738/1709 1561/1587/1562 1562/1588/1561 1564/1590/1565
f 1709/1738/1709 35/15/13 38/18/18 1561/1587/1562
f 1707/1736/1708 1567/1593/1568 1704/1733/1705 1705/1734/1704
f 1707/1736/1708 1564/1590/1565 1565/1591/1564 1567/1593/1568
f 1704/1733/1705 1570/1596/1571 1701/1730/1702 1702/1731/1701
f 1704/1733/1705 1567/1593/1568 1568/1594/1567 1570/1596/1571
f 1701/1730/1702 1573/1599/1574 1698/1727/1699 1699/1728/1698
f 1701/1730/1702 1570/1596/1571 1571/1597/1570 1573/1599/1574
f 1698/1727/1699 1576/1602/1577 1695/1724/1696 1696/1725/1695
f 1698/1727/1699 1573/1599/1574 1574/1600/1573 1576/1602/1577
f 1695/1724/1696 1579/1605/1580 1692/1721/1693 1693/1722/1692
f 1695/1724/1696 1576/1602/1577 1577/1603/1576 1579/1605/1580
f 1692/1721/1693 1582/1608/1583 1689/1718/1690 1690/1719/1689
f 1692/1721/1693 1579/1605/1580 1580/1606/1579 1582/1608/1583
f 1689/1718/1690 1585/1611/1586 1686/1715/1687 1687/1716/1686
f 1689/1718/1690 1582/1608/1583 1583/1609/1582 1585/1611/1586
f 1686/1715/1687 1588/1614/1589 1683/1712/1684 1684/1713/1683
f 1686/1715/1687 1585/1611/1586 1586/1612/1585 1588/1614/1589
f 1683/1712/1684 1591/1617/1592 1680/1709/1681 1681/1710/1680
f 1683/1712/1684 1588/1614/1589 1589/1615/1588 1591/1617/1592
f 1680/1709/1681 1594/1620/1595 1677/1706/1678 1678/1707/1677
f 1680/1709/1681 1591/1617/1592 1592/1618/1591 1594/1620/1595
f 1677/1706/1678 1597/1623/1598 1674/1703/1675 1675/1704/1674
f 1677/1706/1678 1594/1620/1595 1595/1621/1594 1597/1623/1598
f 1674/1703/1675 1600/1626/1601 1671/1700/1672 1672/1701/1671
f 1674/1703/1675 1597/1623/1598 1598/1624/1597 1600/1626/1601
f 1671/1700/1672 1603/1629/1604 1668/1697/1669 1669/1698/1668
f 1671/1700/1672 1600/1626/1601 1601/1627/1600 1603/1629/1604
f 1668/1697/1669 1606/1632/1607 1665/1694/1666 1666/1695/1665
f 1668/1697/1669 1603/1629/1604 1604/1630/1603 1606/1632/1607
f 1665/1694/1666 1609/1635/1610 1662/1691/1663 1663/1692/1662
f 1665/1694/1666 1606/1632/1607 1607/1633/1606 1609/1635/1610
f 1662/1691/1663 1612/1638/1613 1659/1688/1660 1660/1689/1659
f 1662/1691/1663 1609/1635/1610 1610/1636/1609 1612/1638/1613
f 1659/1688/1660 1615/1641/1616 1656/1685/1657 1657/1686/1656
f 1659/1688/1660 1612/1638/1613 1613/1639/1612 1615/1641/1616
f 1656/1685/1657 1618/1644/1619 1653/1682/1654 1654/1683/1653
f 1656/1685/1657 1615/1641/1616 1616/1642/1615 1618/1644/1619
f 1653/1682/1654 1621/1647/1622 1650/1679/1651 1651/1680/1650
f 1653/1682/1654 1618/1644/1619 1619/1645/1618 1621/1647/1622
f 1650/1679/1651 1624/1650/1625 1647/1676/1648 1648/1677/1647
f 1650/1679/1651 1621/1647/1622 1622/1648/1621 1624/1650/1625
f 1647/1676/1648 1627/1653/1628 1644/1673/1645 1645/1674/1644
f 1647/1676/1648 1624/1650/1625 1625/1651/1624 1627/1653/1628
f 1644/1673/1645 1635/1664/1637 1636/1665/1636 1642/1671/1642
f 1644/1673/1645 1627/1653/1628 1628/1654/1627 1635/1664/1637
f 1561/1587/1562 38/18/18 1558/1584/1559 1559/1585/1558
f 1558/1584/1559 38/18/18 36/16/17 1710/1739/1710
f 1558/1584/1559 1710/1739/1710 1555/1581/1556 1556/1582/1555
f 1710/1739/1710 36/16/17 37/17/16 634/650/635
f 1710/1739/1710 634/650/635 1711/1740/1711 1555/1581/1556
f 1711/1740/1711 634/650/635 635/651/634 638/654/639
f 1711/1740/1711 1552/1578/1553 1553/1579/1552 1555/1581/1556
f 1711/1740/1711 638/654/639 1712/1741/1712 1552/1578/1553
f 1712/1741/1712 638/654/639 639/655/638 643/659/644
f 1712/1741/1712 1549/1575/1550 1550/1576/1549 1552/1578/1553
f 1712/1741/1712 643/659/644 1713/1742/1713 1549/1575/1550
f 1713/1742/1713 643/659/644 644/660/643 648/664/649
f 1713/1742/1713 1546/1572/1547 1547/1573/1546 1549/1575/1550
f 1713/1742/1713 648/664/649 1714/1743/1714 1546/1572/1547
f 1714/1743/1714 648/664/649 649/665/648 653/669/654
f 1714/1743/1714 1543/1569/1544 1544/1570/1543 1546/1572/1547
f 1714/1743/1714 653/669/654 1715/1744/1715 1543/1569/1544
f 1715/1744/1715 653/669/654 654/670/653 658/674/659
f 1715/1744/1715 1540/1566/1541 1541/1567/1540 1543/1569/1544
f 1715/1744/1715 658/674/659 1716/1745/1716 1540/1566/1541
f 1716/1745/1716 658/674/659 659/675/658 663/679/664
f 1716/1745/1716 1537/1563/1538 1538/1564/1537 1540/1566/1541
f 1716/1745/1716 663/679/664 1717/1746/1717 1537/1563/1538
f 1717/1746/1717 663/679/664 664/680/663 668/684/669
f 1717/1746/1717 1534/1560/1535 1535/1561/1534 1537/1563/1538
f 1717/1746/1717 668/684/669 1718/1747/1718 1534/1560/1535
f 1718/1747/1718 668/684/669 669/685/668 673/689/674
f 1718/1747/1718 1531/1557/1532 1532/1558/1531 1534/1560/1535
f 1718/1747/1718 673/689/674 675/691/676 1531/1557/1532
f 1531/1557/1532 675/691/676 677/693/678 1529/1555/1529
f 1521/1547/1521 1288/1314/1289 1289/1315/1288 1291/1317/1292
f 1517/1543/1517 1291/1317/1292 1292/1318/1291 1294/1320/1295
f 1513/1539/1513 1294/1320/1295 1295/1321/1294 1297/1323/1298
f 1509/1535/1509 1297/1323/1298 1298/1324/1297 1300/1326/1301
f 1505/1531/1505 1300/1326/1301 1301/1327/1300 1303/1329/1304
f 1501/1527/1501 1303/1329/1304 1304/1330/1303 1306/1332/1307
f 1497/1523/1497 1306/1332/1307 1307/1333/1306 1309/1335/1310
f 1493/1519/1493 1309/1335/1310 1310/1336/1309 1312/1338/1313
f 1489/1515/1489 1312/1338/1313 1313/1339/1312 1315/1341/1316
f 1485/1511/1485 1315/1341/1316 1316/1342/1315 1318/1344/1319
f 1481/1507/1481 1318/1344/1319 1319/1345/1318 1321/1347/1322
f 1477/1503/1477 1321/1347/1322 1322/1348/1321 1324/1350/1325
f 1473/1499/1473 1324/1350/1325 1325/1351/1324 1327/1353/1328
f 1469/1495/1469 1327/1353/1328 1328/1354/1327 1330/1356/1331
f 1465/1491/1465 1330/1356/1331 1331/1357/1330 1333/1359/1334
f 1461/1487/1461 1333/1359/1334 1334/1360/1333 1336/1362/1337
f 1457/1483/1457 1336/1362/1337 1337/1363/1336 1339/1365/1340
f 1453/1479/1453 1339/1365/1340 1340/1366/1339 1342/1368/1343
f 1449/1475/1449 1342/1368/1343 1343/1369/1342 1345/1371/1346
f 1445/1471/1445 1345/1371/1346 1346/1372/1345 1348/1374/1349
f 1441/1467/1441 1348/1374/1349 1349/1375/1348 1351/1377/1352
f 1437/1463/1437 1351/1377/1352 1352/1378/1351 1354/1380/1355
f 1433/1459/1433 1354/1380/1355 1355/1381/1354 1357/1383/1358
f 1429/1455/1429 1357/1383/1358 1358/1384/1357 1360/1386/1361
f 1425/1451/1425 1360/1386/1361 1361/1387/1360 1363/1389/1364
f 1421/1447/1421 1363/1389/1364 1364/1390/1363 1366/1392/1367
f 1417/1443/1417 1366/1392/1367 1367/1393/1366 1369/1395/1370
f 1413/1439/1413 1369/1395/1370 1370/1396/1369 1372/1398/1373
f 1409/1435/1409 1372/1398/1373 1373/1399/1372 1375/1401/1376
f 1405/1431/1405 1375/1401/1376 1376/1402/1375 1378/1404/1379
f 1401/1427/1401 1378/1404/1379 1379/1405/1378 1381/1407/1382
f 1397/1423/1397 1381/1407/1382 1382/1408/1381 1384/1410/1385
f 1285/1311/1286 710/726/711 711/727/710 1283/1309/1283
f 1278/1304/1277 898/919/899 899/920/898 1277/1303/1278
f 1277/1303/1278 1719/1748/1719 1272/1298/1273 1273/1299/1272
f 1277/1303/1278 899/920/898 900/921/901 1719/1748/1719
f 1719/1748/1719 1721/1750/1720 1720/1749/1721 1272/1298/1273
f 1719/1748/1719 900/921/901 902/923/903 1721/1750/1720
f 1721/1750/1720 1723/1752/1722 1722/1751/1723 1720/1749/1721
f 1721/1750/1720 902/923/903 1724/1753/1724 1723/1752/1722
f 1724/1753/1724 1023/1044/1023 1725/1754/1725 1723/1752/1722
f 1724/1753/1724 905/926/906 1022/1043/1024 1023/1044/1023
f 1724/1753/1724 902/923/903 903/924/902 905/926/906
f 1725/1754/1725 1726/1755/1726 1722/1751/1723 1723/1752/1722
f 1725/1754/1725 1026/1047/1027 1727/1756/1727 1726/1755/1726
f 1725/1754/1725 1023/1044/1023 1024/1045/1022 1026/1047/1027
f 1727/1756/1727 1729/1758/1728 1728/1757/1729 1726/1755/1726
f 1727/1756/1727 1731/1760/1730 1730/1759/1731 1729/1758/1728
f 1727/1756/1727 1026/1047/1027 1027/1048/1026 1731/1760/1730
f 1731/1760/1730 1733/1762/1732 1732/1761/1733 1730/1759/1731
f 1731/1760/1730 1027/1048/1026 1028/1049/1029 1733/1762/1732
f 1733/1762/1732 1735/1764/1734 1734/1763/1735 1732/1761/1733
f 1733/1762/1732 1028/1049/1029 1030/1051/1031 1735/1764/1734
f 1735/1764/1734 1737/1766/1736 1736/1765/1737 1734/1763/1735
f 1735/1764/1734 1030/1051/1031 1738/1767/1738 1737/1766/1736
f 1738/1767/1738 72/61/58 73/62/57 1737/1766/1736
f 1738/1767/1738 1033/1054/1034 1739/1768/1739 72/61/58
f 1738/1767/1738 1030/1051/1031 1031/1052/1030 1033/1054/1034
f 1739/1768/1739 1740/1769/1740 71/60/59 72/61/58
f 1739/1768/1739 1036/1057/1037 1741/1770/1741 1740/1769/1740
f 1739/1768/1739 1033/1054/1034 1034/1055/1033 1036/1057/1037
f 1741/1770/1741 1743/1772/1742 1742/1771/1743 1740/1769/1740
f 1741/1770/1741 1039/1060/1040 1744/1773/1744 1743/1772/1742
f 1741/1770/1741 1036/1057/1037 1037/1058/1036 1039/1060/1040
f 1744/1773/1744 1746/1775/1745 1745/1774/1746 1743/1772/1742
f 1744/1773/1744 1042/1063/1043 1747/1776/1747 1746/1775/1745
f 1744/1773/1744 1039/1060/1040 1040/1061/1039 1042/1063/1043
f 1747/1776/1747 1749/1778/1748 1748/1777/1749 1746/1775/1745
f 1747/1776/1747 1045/1066/1046 1750/1779/1750 1749/1778/1748
f 1747/1776/1747 1042/1063/1043 1043/1064/1042 1045/1066/1046
f 1750/1779/1750 1752/1781/1751 1751/1780/1752 1749/1778/1748
f 1750/1779/1750 1048/1069/1049 1753/1782/1753 1752/1781/1751
f 1750/1779/1750 1045/1066/1046 1046/1067/1045 1048/1069/1049
f 1753/1782/1753 1755/1784/1754 1754/1783/1755 1752/1781/1751
f 1753/1782/1753 1051/1072/1052 1756/1785/1756 1755/1784/1754
f 1753/1782/1753 1048/1069/1049 1049/1070/1048 1051/1072/1052
f 1756/1785/1756 1758/1787/1757 1757/1786/1758 1755/1784/1754
f 1756/1785/1756 1054/1075/1055 1759/1788/1759 1758/1787/1757
f 1756/1785/1756 1051/1072/1052 1052/1073/1051 1054/1075/1055
f 1759/1788/1759 1761/1790/1760 1760/1789/1761 1758/1787/1757
f 1759/1788/1759 1057/1078/1058 1762/1791/1762 1761/1790/1760
f 1759/1788/1759 1054/1075/1055 1055/1076/1054 1057/1078/1058
f 1762/1791/1762 1764/1793/1763 1763/1792/1764 1761/1790/1760
f 1762/1791/1762 1060/1081/1061 1765/1794/1765 1764/1793/1763
f 1762/1791/1762 1057/1078/1058 1058/1079/1057 1060/1081/1061
f 1765/1794/1765 1767/1796/1766 1766/1795/1767 1764/1793/1763
f 1765/1794/1765 1063/1084/1064 1768/1797/1768 1767/1796/1766
f 1765/1794/1765 1060/1081/1061 1061/1082/1060 1063/1084/1064
f 1768/1797/1768 1770/1799/1769 1769/1798/1770 1767/1796/1766
f 1768/1797/1768 1066/1087/1067 1771/1800/1771 1770/1799/1769
f 1768/1797/1768 1063/1084/1064 1064/1085/1063 1066/1087/1067
f 1771/1800/1771 1773/1802/1772 1772/1801/1773 1770/1799/1769
f 1771/1800/1771 1069/1090/1070 1774/1803/1774 1773/1802/1772
f 1771/1800/1771 1066/1087/1067 1067/1088/1066 1069/1090/1070
f 1774/1803/1774 1776/1805/1775 1775/1804/1776 1773/1802/1772
f 1774/1803/1774 1072/1093/1073 1777/1806/1777 1776/1805/1775
f 1774/1803/1774 1069/1090/1070 1070/1091/1069 1072/1093/1073
f 1777/1806/1777 1779/1808/1778 1778/1807/1779 1776/1805/1775
f 1777/1806/1777 1075/1096/1076 1780/1809/1780 1779/1808/1778
f 1777/1806/1777 1072/1093/1073 1073/1094/1072 1075/1096/1076
f 1780/1809/1780 1782/1811/1781 1781/1810/1782 1779/1808/1778
f 1780/1809/1780 1078/1099/1079 1783/1812/1783 1782/1811/1781
f 1780/1809/1780 1075/1096/1076 1076/1097/1075 1078/1099/1079
f 1783/1812/1783 1785/1814/1784 1784/1813/1785 1782/1811/1781
f 1783/1812/1783 1787/1816/1786 1786/1815/1787 1785/1814/1784
f 1783/1812/1783 1078/1099/1079 1079/1100/1078 1787/1816/1786
f 1787/1816/1786 1789/1818/1788 1788/1817/1789 1786/1815/1787
f 1787/1816/1786 1079/1100/1078 1080/1101/1081 1789/1818/1788
f 1789/1818/1788 1791/1820/1790 1790/1819/1791 1788/1817/1789
f 1789/1818/1788 1080/1101/1081 1082/1103/1083 1791/1820/1790
f 1791/1820/1790 1793/1822/1792 1792/1821/1793 1790/1819/1791
f 1791/1820/1790 1082/1103/1083 1084/1105/1085 1793/1822/1792
f 1793/1822/1792 1795/1824/1794 1794/1823/1795 1792/1821/1793
f 1793/1822/1792 1084/1105/1085 1086/1107/1087 1795/1824/1794
f 1795/1824/1794 1797/1826/1796 1796/1825/1797 1794/1823/1795
f 1795/1824/1794 1086/1107/1087 1088/1109/1089 1797/1826/1796
f 1797/1826/1796 1799/1828/1798 1798/1827/1799 1796/1825/1797
f 1797/1826/1796 1088/1109/1089 1800/1829/1800 1799/1828/1798
f 1800/1829/1800 1802/1831/1801 1801/1830/1802 1799/1828/1798
f 1800/1829/1800 94/86/83 89/81/80 1802/1831/1801
f 1800/1829/1800 1088/1109/1089 1089/1110/1088 94/86/83
f 1802/1831/1801 89/81/80 90/82/79 1803/1832/1803
f 1802/1831/1801 1803/1832/1803 1804/1833/1804 1801/1830/1802
f 1804/1834/1804 1803/1836/1803 1097/1123/1098 1805/1835/1805
f 1804/1833/1804 1807/1838/1806 1806/1837/1807 1801/1830/1802
f 1804/1834/1804 1805/1835/1805 1808/1840/1808 1807/1839/1806
f 1808/1840/1808 1805/1835/1805 1102/1128/1103 1809/1841/1809
f 1808/1840/1808 1811/1843/1810 1810/1842/1811 1807/1839/1806
f 1808/1840/1808 1809/1841/1809 1812/1844/1812 1811/1843/1810
f 1812/1844/1812 1809/1841/1809 1107/1133/1108 1813/1845/1813
f 1812/1844/1812 1815/1847/1814 1814/1846/1815 1811/1843/1810
f 1812/1844/1812 1813/1845/1813 1816/1848/1816 1815/1847/1814
f 1816/1848/1816 1813/1845/1813 1112/1138/1113 1817/1849/1817
f 1816/1848/1816 1819/1851/1818 1818/1850/1819 1815/1847/1814
f 1816/1848/1816 1817/1849/1817 1820/1852/1820 1819/1851/1818
f 1820/1852/1820 1817/1849/1817 1117/1143/1118 1821/1853/1821
f 1820/1852/1820 127/127/124 128/128/123 1819/1851/1818
f 1820/1852/1820 1821/1853/1821 129/131/125 127/127/124
f 1821/1853/1821 1117/1143/1118 1118/1144/1117 1122/1148/1123
f 1821/1853/1821 1122/1148/1123 1822/1854/1822 129/131/125
f 1822/1854/1822 1122/1148/1123 1123/1149/1122 1127/1153/1128
f 1822/1854/1822 1823/1855/1823 126/130/120 129/131/125
f 1822/1854/1822 1127/1153/1128 1824/1856/1824 1823/1855/1823
f 1824/1856/1824 1127/1153/1128 1128/1154/1127 1132/1158/1133
f 1824/1857/1824 122/119/116 1825/1859/1825 1823/1858/1823
f 1824/1857/1824 1132/1158/1133 121/121/118 122/119/116
f 1825/1859/1825 125/124/121 126/125/120 1823/1858/1823
f 1825/1859/1825 1826/1860/1826 58/43/41 125/124/121
f 1825/1859/1825 122/119/116 123/120/117 1826/1860/1826
f 1826/1860/1826 1827/1861/1827 57/42/39 58/43/41
f 1826/1860/1826 123/120/117 1828/1862/1828 1827/1861/1827
f 1828/1862/1828 123/120/117 118/116/115 1829/1863/1829
f 1828/1862/1828 1831/1865/1830 1830/1864/1831 1827/1861/1827
f 1828/1862/1828 1829/1863/1829 1832/1866/1832 1831/1865/1830
f 1832/1866/1832 1829/1863/1829 1834/1868/1833 1833/1867/1834
f 1832/1866/1832 1836/1870/1835 1835/1869/1836 1831/1865/1830
f 1832/1866/1832 1833/1867/1834 1837/1871/1837 1836/1870/1835
f 1837/1871/1837 1833/1867/1834 1839/1873/1838 1838/1872/1839
f 1837/1871/1837 1841/1875/1840 1840/1874/1841 1836/1870/1835
f 1837/1871/1837 1838/1872/1839 1842/1876/1842 1841/1875/1840
f 1842/1876/1842 1838/1872/1839 1844/1878/1843 1843/1877/1844
f 1842/1876/1842 1846/1880/1845 1845/1879/1846 1841/1875/1840
f 1842/1876/1842 1843/1877/1844 1847/1881/1847 1846/1880/1845
f 1847/1881/1847 1843/1877/1844 1849/1883/1848 1848/1882/1849
f 1847/1881/1847 1790/1819/1791 1792/1821/1793 1846/1880/1845
f 1847/1881/1847 1848/1882/1849 1788/1817/1789 1790/1819/1791
f 1849/1883/1848 1852/1886/1850 1851/1885/1851 1850/1884/1852
f 1849/1883/1848 1843/1877/1844 1844/1878/1843 1852/1886/1850
f 1849/1883/1848 1850/1884/1852 1853/1887/1853 1848/1882/1849
f 1853/1887/1853 1850/1884/1852 1855/1889/1854 1854/1888/1855
f 1853/1887/1853 1786/1815/1787 1788/1817/1789 1848/1882/1849
f 1853/1887/1853 1854/1888/1855 1785/1814/1784 1786/1815/1787
f 1855/1889/1854 1858/1892/1856 1857/1891/1857 1856/1890/1858
f 1855/1889/1854 1850/1884/1852 1851/1885/1851 1858/1892/1856
f 1855/1889/1854 1856/1890/1858 1859/1893/1859 1854/1888/1855
f 1859/1893/1859 1856/1890/1858 1861/1895/1860 1860/1894/1861
f 1859/1893/1859 1784/1813/1785 1785/1814/1784 1854/1888/1855
f 1859/1893/1859 1860/1894/1861 1862/1896/1862 1784/1813/1785
f 1862/1896/1862 1860/1894/1861 1864/1898/1863 1863/1897/1864
f 1862/1896/1862 1781/1810/1782 1782/1811/1781 1784/1813/1785
f 1862/1896/1862 1863/1897/1864 1865/1899/1865 1781/1810/1782
f 1865/1899/1865 1863/1897/1864 1867/1901/1866 1866/1900/1867
f 1865/1899/1865 1778/1807/1779 1779/1808/1778 1781/1810/1782
f 1865/1899/1865 1866/1900/1867 1868/1902/1868 1778/1807/1779
f 1868/1902/1868 1866/1900/1867 1870/1904/1869 1869/1903/1870
f 1868/1902/1868 1775/1804/1776 1776/1805/1775 1778/1807/1779
f 1868/1902/1868 1869/1903/1870 1871/1905/1871 1775/1804/1776
f 1871/1905/1871 1869/1903/1870 1873/1907/1872 1872/1906/1873
f 1871/1905/1871 1772/1801/1773 1773/1802/1772 1775/1804/1776
f 1871/1905/1871 1872/1906/1873 1874/1908/1874 1772/1801/1773
f 1874/1908/1874 1872/1906/1873 1876/1910/1875 1875/1909/1876
f 1874/1908/1874 1769/1798/1770 1770/1799/1769 1772/1801/1773
f 1874/1908/1874 1875/1909/1876 1877/1911/1877 1769/1798/1770
f 1877/1911/1877 1875/1909/1876 1879/1913/1878 1878/1912/1879
f 1877/1911/1877 1766/1795/1767 1767/1796/1766 1769/1798/1770
f 1877/1911/1877 1878/1912/1879 1880/1914/1880 1766/1795/1767
f 1880/1914/1880 1878/1912/1879 1882/1916/1881 1881/1915/1882
f 1880/1914/1880 1763/1792/1764 1764/1793/1763 1766/1795/1767
f 1880/1914/1880 1881/1915/1882 1883/1917/1883 1763/1792/1764
f 1883/1917/1883 1881/1915/1882 1885/1919/1884 1884/1918/1885
f 1883/1917/1883 1760/1789/1761 1761/1790/1760 1763/1792/1764
f 1883/1917/1883 1884/1918/1885 1886/1920/1886 1760/1789/1761
f 1886/1920/1886 1884/1918/1885 1888/1922/1887 1887/1921/1888
f 1886/1920/1886 1757/1786/1758 1758/1787/1757 1760/1789/1761
f 1886/1920/1886 1887/1921/1888 1889/1923/1889 1757/1786/1758
f 1889/1923/1889 1887/1921/1888 1891/1925/1890 1890/1924/1891
f 1889/1923/1889 1754/1783/1755 1755/1784/1754 1757/1786/1758
f 1889/1923/1889 1890/1924/1891 1892/1926/1892 1754/1783/1755
f 1892/1926/1892 1890/1924/1891 1894/1928/1893 1893/1927/1894
f 1892/1926/1892 1751/1780/1752 1752/1781/1751 1754/1783/1755
f 1892/1926/1892 1893/1927/1894 1895/1929/1895 1751/1780/1752
f 1895/1929/1895 1893/1927/1894 1897/1931/1896 1896/1930/1897
f 1895/1929/1895 1748/1777/1749 1749/1778/1748 1751/1780/1752
f 1895/1929/1895 1896/1930/1897 1898/1932/1898 1748/1777/1749
f 1898/1932/1898 1896/1930/1897 1900/1934/1899 1899/1933/1900
f 1898/1932/1898 1745/1774/1746 1746/1775/1745 1748/1777/1749
f 1898/1932/1898 1899/1933/1900 1901/1935/1901 1745/1774/1746
f 1901/1935/1901 1899/1933/1900 1903/1937/1902 1902/1936/1903
f 1901/1935/1901 1742/1771/1743 1743/1772/1742 1745/1774/1746
f 1901/1935/1901 1902/1936/1903 75/64/60 1742/1771/1743
f 1903/1937/1902 1906/1940/1904 1905/1939/1905 1904/1938/1906
f 1903/1937/1902 1899/1933/1900 1900/1934/1899 1906/1940/1904
f 1903/1937/1902 1904/1938/1906 1907/1941/1907 1902/1936/1903
f 1907/1941/1907 1904/1938/1906 1909/1943/1908 1908/1942/1909
f 1907/1941/1907 74/63/61 75/64/60 1902/1936/1903
f 1907/1941/1907 1908/1942/1909 76/65/62 74/63/61
f 1909/1943/1908 1912/1946/1910 1911/1945/1911 1910/1944/1912
f 1909/1943/1908 1904/1938/1906 1905/1939/1905 1912/1946/1910
f 1909/1943/1908 1910/1944/1912 1913/1947/1913 1908/1942/1909
f 1913/1947/1913 1910/1944/1912 1915/1949/1914 1914/1948/1915
f 1913/1947/1913 1736/1765/1737 76/65/62 1908/1942/1909
f 1913/1947/1913 1914/1948/1915 1734/1763/1735 1736/1765/1737
f 1915/1949/1914 1918/1952/1916 1917/1951/1917 1916/1950/1918
f 1915/1949/1914 1910/1944/1912 1911/1945/1911 1918/1952/1916
f 1915/1949/1914 1916/1950/1918 1919/1953/1919 1914/1948/1915
f 1919/1953/1919 1916/1950/1918 1921/1955/1920 1920/1954/1921
f 1919/1953/1919 1732/1761/1733 1734/1763/1735 1914/1948/1915
f 1919/1953/1919 1920/1954/1921 1730/1759/1731 1732/1761/1733
f 1921/1955/1920 1923/1957/1922 1252/1278/1253 1922/1956/1923
f 1921/1955/1920 1916/1950/1918 1917/1951/1917 1923/1957/1922
f 1921/1955/1920 1922/1956/1923 1924/1958/1924 1920/1954/1921
f 1924/1958/1924 1922/1956/1923 1257/1283/1258 1925/1959/1925
f 1924/1958/1924 1729/1758/1728 1730/1759/1731 1920/1954/1921
f 1924/1958/1924 1925/1959/1925 1728/1757/1729 1729/1758/1728
f 1925/1959/1925 1257/1283/1258 1258/1284/1257 1262/1288/1263
f 1925/1959/1925 1262/1288/1263 1926/1960/1926 1728/1757/1729
f 1926/1960/1926 1262/1288/1263 1263/1289/1262 1267/1293/1268
f 1926/1960/1926 1722/1751/1723 1726/1755/1726 1728/1757/1729
f 1926/1960/1926 1267/1293/1268 1720/1749/1721 1722/1751/1723
f 1923/1957/1922 1247/1273/1248 1248/1274/1247 1252/1278/1253
f 1923/1957/1922 1917/1951/1917 1927/1961/1927 1247/1273/1248
f 1927/1961/1927 1242/1268/1243 1243/1269/1242 1247/1273/1248
f 1927/1961/1927 1929/1963/1928 1928/1962/1929 1242/1268/1243
f 1927/1961/1927 1917/1951/1917 1918/1952/1916 1929/1963/1928
f 1929/1963/1928 1931/1965/1930 1930/1964/1931 1928/1962/1929
f 1929/1963/1928 1918/1952/1916 1911/1945/1911 1931/1965/1930
f 1931/1965/1930 1933/1967/1932 1932/1966/1933 1930/1964/1931
f 1931/1965/1930 1911/1945/1911 1912/1946/1910 1933/1967/1932
f 1933/1967/1932 1935/1969/1934 1934/1968/1935 1932/1966/1933
f 1933/1967/1932 1912/1946/1910 1905/1939/1905 1935/1969/1934
f 1935/1969/1934 1937/1971/1936 1936/1970/1937 1934/1968/1935
f 1935/1969/1934 1905/1939/1905 1906/1940/1904 1937/1971/1936
f 1937/1971/1936 1939/1973/1938 1938/1972/1939 1936/1970/1937
f 1937/1971/1936 1906/1940/1904 1900/1934/1899 1939/1973/1938
f 1939/1973/1938 1897/1931/1896 1940/1974/1940 1938/1972/1939
f 1939/1973/1938 1900/1934/1899 1896/1930/1897 1897/1931/1896
f 1940/1974/1940 1942/1976/1941 1941/1975/1942 1938/1972/1939
f 1940/1974/1940 1894/1928/1893 1943/1977/1943 1942/1976/1941
f 1940/1974/1940 1897/1931/1896 1893/1927/1894 1894/1928/1893
f 1943/1977/1943 1945/1979/1944 1944/1978/1945 1942/1976/1941
f 1943/1977/1943 1891/1925/1890 1946/1980/1946 1945/1979/1944
f 1943/1977/1943 1894/1928/1893 1890/1924/1891 1891/1925/1890
f 1946/1980/1946 1948/1982/1947 1947/1981/1948 1945/1979/1944
f 1946/1980/1946 1888/1922/1887 1949/1983/1949 1948/1982/1947
f 1946/1980/1946 1891/1925/1890 1887/1921/1888 1888/1922/1887
f 1949/1983/1949 1951/1985/1950 1950/1984/1951 1948/1982/1947
f 1949/1983/1949 1885/1919/1884 1952/1986/1952 1951/1985/1950
f 1949/1983/1949 1888/1922/1887 1884/1918/1885 1885/1919/1884
f 1952/1986/1952 1954/1988/1953 1953/1987/1954 1951/1985/1950
f 1952/1986/1952 1882/1916/1881 1955/1989/1955 1954/1988/1953
f 1952/1986/1952 1885/1919/1884 1881/1915/1882 1882/1916/1881
f 1955/1989/1955 1957/1991/1956 1956/1990/1957 1954/1988/1953
f 1955/1989/1955 1879/1913/1878 1958/1992/1958 1957/1991/1956
f 1955/1989/1955 1882/1916/1881 1878/1912/1879 1879/1913/1878
f 1958/1992/1958 1960/1994/1959 1959/1993/1960 1957/1991/1956
f 1958/1992/1958 1876/1910/1875 1961/1995/1961 1960/1994/1959
f 1958/1992/1958 1879/1913/1878 1875/1909/1876 1876/1910/1875
f 1961/1995/1961 1963/1997/1962 1962/1996/1963 1960/1994/1959
f 1961/1995/1961 1873/1907/1872 1964/1998/1964 1963/1997/1962
f 1961/1995/1961 1876/1910/1875 1872/1906/1873 1873/1907/1872
f 1964/1998/1964 1966/2000/1965 1965/1999/1966 1963/1997/1962
f 1964/1998/1964 1870/1904/1869 1967/2001/1967 1966/2000/1965
f 1964/1998/1964 1873/1907/1872 1869/1903/1870 1870/1904/1869
f 1967/2001/1967 1969/2003/1968 1968/2002/1969 1966/2000/1965
f 1967/2001/1967 1867/1901/1866 1970/2004/1970 1969/2003/1968
f 1967/2001/1967 1870/1904/1869 1866/1900/1867 1867/1901/1866
f 1970/2004/1970 1972/2006/1971 1971/2005/1972 1969/2003/1968
f 1970/2004/1970 1864/1898/1863 1973/2007/1973 1972/2006/1971
f 1970/2004/1970 1867/1901/1866 1863/1897/1864 1864/1898/1863
f 1973/2007/1973 1975/2009/1974 1974/2008/1975 1972/2006/1971
f 1973/2007/1973 1861/1895/1860 1976/2010/1976 1975/2009/1974
f 1973/2007/1973 1864/1898/1863 1860/1894/1861 1861/1895/1860
f 1976/2010/1976 1978/2012/1977 1977/2011/1978 1975/2009/1974
f 1976/2010/1976 1857/1891/1857 1979/2013/1979 1978/2012/1977
f 1976/2010/1976 1861/1895/1860 1856/1890/1858 1857/1891/1857
f 1979/2013/1979 1981/2015/1980 1980/2014/1981 1978/2012/1977
f 1979/2013/1979 1983/2017/1982 1982/2016/1983 1981/2015/1980
f 1979/2013/1979 1857/1891/1857 1858/1892/1856 1983/2017/1982
f 1983/2017/1982 1985/2019/1984 1984/2018/1985 1982/2016/1983
f 1983/2017/1982 1858/1892/1856 1851/1885/1851 1985/2019/1984
f 1985/2019/1984 1987/2021/1986 1986/2020/1987 1984/2018/1985
f 1985/2019/1984 1851/1885/1851 1852/1886/1850 1987/2021/1986
f 1987/2021/1986 1989/2023/1988 1988/2022/1989 1986/2020/1987
f 1987/2021/1986 1852/1886/1850 1844/1878/1843 1989/2023/1988
f 1989/2023/1988 1839/1873/1838 1990/2024/1990 1988/2022/1989
f 1989/2023/1988 1844/1878/1843 1838/1872/1839 1839/1873/1838
f 1990/2024/1990 1992/2026/1991 1991/2025/1992 1988/2022/1989
f 1990/2024/1990 1834/1868/1833 119/117/114 1992/2026/1991
f 1990/2024/1990 1839/1873/1838 1833/1867/1834 1834/1868/1833
f 1992/2026/1991 1994/2028/1993 1993/2027/1994 1991/2025/1992
f 1992/2026/1991 119/117/114 120/118/113 1994/2028/1993
f 1994/2028/1993 1996/2030/1995 1995/2029/1996 1993/2027/1994
f 1994/2028/1993 120/118/113 1997/2031/1997 1996/2030/1995
f 1997/2031/1997 1137/1163/1138 1138/1164/1137 1142/1168/1143
f 1997/2031/1997 120/118/113 121/121/118 1137/1163/1138
f 1997/2031/1997 1142/1168/1143 1998/2032/1998 1996/2030/1995
f 1998/2032/1998 1142/1168/1143 1143/1169/1142 1147/1173/1148
f 1998/2032/1998 1999/2033/1999 1995/2029/1996 1996/2030/1995
f 1998/2032/1998 1147/1173/1148 2000/2034/2000 1999/2033/1999
f 2000/2034/2000 1147/1173/1148 1148/1174/1147 1152/1178/1153
f 2000/2034/2000 2002/2036/2001 2001/2035/2002 1999/2033/1999
f 2000/2034/2000 1152/1178/1153 2003/2037/2003 2002/2036/2001
f 2003/2037/2003 1152/1178/1153 1153/1179/1152 1157/1183/1158
f 2003/2037/2003 2005/2039/2004 2004/2038/2005 2002/2036/2001
f 2003/2037/2003 1157/1183/1158 2006/2040/2006 2005/2039/2004
f 2006/2040/2006 1157/1183/1158 1158/1184/1157 1162/1188/1163
f 2006/2040/2006 2008/2042/2007 2007/2041/2008 2005/2039/2004
f 2006/2040/2006 1162/1188/1163 2009/2043/2009 2008/2042/2007
f 2009/2043/2009 1162/1188/1163 1163/1189/1162 1167/1193/1168
f 2009/2043/2009 2011/2045/2010 2010/2044/2011 2008/2042/2007
f 2009/2043/2009 1167/1193/1168 2012/2046/2012 2011/2045/2010
f 2012/2046/2012 1167/1193/1168 1168/1194/1167 1172/1198/1173
f 2012/2046/2012 2014/2048/2013 2013/2047/2014 2011/2045/2010
f 2012/2046/2012 1172/1198/1173 2015/2049/2015 2014/2048/2013
f 2015/2049/2015 1172/1198/1173 1173/1199/1172 1177/1203/1178
f 2015/2049/2015 2017/2051/2016 2016/2050/2017 2014/2048/2013
f 2015/2049/2015 1177/1203/1178 2018/2052/2018 2017/2051/2016
f 2018/2052/2018 1177/1203/1178 1178/1204/1177 1182/1208/1183
f 2018/2052/2018 2020/2054/2019 2019/2053/2020 2017/2051/2016
f 2018/2052/2018 1182/1208/1183 2021/2055/2021 2020/2054/2019
f 2021/2055/2021 1182/1208/1183 1183/1209/1182 1187/1213/1188
f 2021/2055/2021 2023/2057/2022 2022/2056/2023 2020/2054/2019
f 2021/2055/2021 1187/1213/1188 2024/2058/2024 2023/2057/2022
f 2024/2058/2024 1187/1213/1188 1188/1214/1187 1192/1218/1193
f 2024/2058/2024 2026/2060/2025 2025/2059/2026 2023/2057/2022
f 2024/2058/2024 1192/1218/1193 2027/2061/2027 2026/2060/2025
f 2027/2061/2027 1192/1218/1193 1193/1219/1192 1197/1223/1198
f 2027/2061/2027 2029/2063/2028 2028/2062/2029 2026/2060/2025
f 2027/2061/2027 1197/1223/1198 2030/2064/2030 2029/2063/2028
f 2030/2064/2030 1197/1223/1198 1198/1224/1197 1202/1228/1203
f 2030/2064/2030 2032/2066/2031 2031/2065/2032 2029/2063/2028
f 2030/2064/2030 1202/1228/1203 2033/2067/2033 2032/2066/2031
f 2033/2067/2033 1202/1228/1203 1203/1229/1202 1207/1233/1208
f 2033/2067/2033 2035/2069/2034 2034/2068/2035 2032/2066/2031
f 2033/2067/2033 1207/1233/1208 2036/2070/2036 2035/2069/2034
f 2036/2070/2036 1207/1233/1208 1208/1234/1207 1212/1238/1213
f 2036/2070/2036 2038/2072/2037 2037/2071/2038 2035/2069/2034
f 2036/2070/2036 1212/1238/1213 2039/2073/2039 2038/2072/2037
f 2039/2073/2039 1212/1238/1213 1213/1239/1212 1217/1243/1218
f 2039/2073/2039 2041/2075/2040 2040/2074/2041 2038/2072/2037
f 2039/2073/2039 1217/1243/1218 2042/2076/2042 2041/2075/2040
f 2042/2076/2042 1217/1243/1218 1218/1244/1217 1222/1248/1223
f 2042/2076/2042 2044/2078/2043 2043/2077/2044 2041/2075/2040
f 2042/2076/2042 1222/1248/1223 2045/2079/2045 2044/2078/2043
f 2045/2079/2045 1222/1248/1223 1223/1249/1222 1227/1253/1228
f 2045/2079/2045 2047/2081/2046 2046/2080/2047 2044/2078/2043
f 2045/2079/2045 1227/1253/1228 2048/2082/2048 2047/2081/2046
f 2048/2082/2048 1227/1253/1228 1228/1254/1227 1232/1258/1233
f 2048/2082/2048 2050/2084/2049 2049/2083/2050 2047/2081/2046
f 2048/2082/2048 1232/1258/1233 2051/2085/2051 2050/2084/2049
f 2051/2085/2051 1232/1258/1233 1233/1259/1232 1237/1263/1238
f 2051/2085/2051 1930/1964/1931 1932/1966/1933 2050/2084/2049
f 2051/2085/2051 1237/1263/1238 1928/1962/1929 1930/1964/1931
f 2050/2084/2049 1932/1966/1933 1934/1968/1935 2049/2083/2050
f 2049/2083/2050 2052/2086/2052 2046/2080/2047 2047/2081/2046
f 2049/2083/2050 1934/1968/1935 1936/1970/1937 2052/2086/2052
f 2052/2086/2052 1941/1975/1942 2053/2087/2053 2046/2080/2047
f 2052/2086/2052 1936/1970/1937 1938/1972/1939 1941/1975/1942
f 2053/2087/2053 2043/2077/2044 2044/2078/2043 2046/2080/2047
f 2053/2087/2053 1944/1978/1945 2054/2088/2054 2043/2077/2044
f 2053/2087/2053 1941/1975/1942 1942/1976/1941 1944/1978/1945
f 2054/2088/2054 2040/2074/2041 2041/2075/2040 2043/2077/2044
f 2054/2088/2054 1947/1981/1948 2055/2089/2055 2040/2074/2041
f 2054/2088/2054 1944/1978/1945 1945/1979/1944 1947/1981/1948
f 2055/2089/2055 2037/2071/2038 2038/2072/2037 2040/2074/2041
f 2055/2089/2055 1950/1984/1951 2056/2090/2056 2037/2071/2038
f 2055/2089/2055 1947/1981/1948 1948/1982/1947 1950/1984/1951
f 2056/2090/2056 2034/2068/2035 2035/2069/2034 2037/2071/2038
f 2056/2090/2056 1953/1987/1954 2057/2091/2057 2034/2068/2035
f 2056/2090/2056 1950/1984/1951 1951/1985/1950 1953/1987/1954
f 2057/2091/2057 2031/2065/2032 2032/2066/2031 2034/2068/2035
f 2057/2091/2057 1956/1990/1957 2058/2092/2058 2031/2065/2032
f 2057/2091/2057 1953/1987/1954 1954/1988/1953 1956/1990/1957
f 2058/2092/2058 2028/2062/2029 2029/2063/2028 2031/2065/2032
f 2058/2092/2058 1959/1993/1960 2059/2093/2059 2028/2062/2029
f 2058/2092/2058 1956/1990/1957 1957/1991/1956 1959/1993/1960
f 2059/2093/2059 2025/2059/2026 2026/2060/2025 2028/2062/2029
f 2059/2093/2059 1962/1996/1963 2060/2094/2060 2025/2059/2026
f 2059/2093/2059 1959/1993/1960 1960/1994/1959 1962/1996/1963
f 2060/2094/2060 2022/2056/2023 2023/2057/2022 2025/2059/2026
f 2060/2094/2060 1965/1999/1966 2061/2095/2061 2022/2056/2023
f 2060/2094/2060 1962/1996/1963 1963/1997/1962 1965/1999/1966
f 2061/2095/2061 2019/2053/2020 2020/2054/2019 2022/2056/2023
f 2061/2095/2061 1968/2002/1969 2062/2096/2062 2019/2053/2020
f 2061/2095/2061 1965/1999/1966 1966/2000/1965 1968/2002/1969
f 2062/2096/2062 2016/2050/2017 2017/2051/2016 2019/2053/2020
f 2062/2096/2062 1971/2005/1972 2063/2097/2063 2016/2050/2017
f 2062/2096/2062 1968/2002/1969 1969/2003/1968 1971/2005/1972
f 2063/2097/2063 2013/2047/2014 2014/2048/2013 2016/2050/2017
f 2063/2097/2063 1974/2008/1975 2064/2098/2064 2013/2047/2014
f 2063/2097/2063 1971/2005/1972 1972/2006/1971 1974/2008/1975
f 2064/2098/2064 2010/2044/2011 2011/2045/2010 2013/2047/2014
f 2064/2098/2064 1977/2011/1978 2065/2099/2065 2010/2044/2011
f 2064/2098/2064 1974/2008/1975 1975/2009/1974 1977/2011/1978
f 2065/2099/2065 2007/2041/2008 2008/2042/2007 2010/2044/2011
f 2065/2099/2065 1980/2014/1981 2066/2100/2066 2007/2041/2008
f 2065/2099/2065 1977/2011/1978 1978/2012/1977 1980/2014/1981
f 2066/2100/2066 2004/2038/2005 2005/2039/2004 2007/2041/2008
f 2066/2100/2066 2068/2102/2067 2067/2101/2068 2004/2038/2005
f 2066/2100/2066 1980/2014/1981 1981/2015/1980 2068/2102/2067
f 2068/2102/2067 100/93/90 95/88/87 2067/2101/2068
f 2068/2102/2067 1981/2015/1980 1982/2016/1983 100/93/90
f 2067/2101/2068 2001/2035/2002 2002/2036/2001 2004/2038/2005
f 2067/2101/2068 95/88/87 96/89/86 2001/2035/2002
f 2001/2035/2002 96/89/86 1995/2029/1996 1999/2033/1999
f 1995/2029/1996 96/89/86 97/90/85 1993/2027/1994
f 1993/2027/1994 97/90/85 98/91/89 1991/2025/1992
f 1991/2025/1992 98/91/89 1986/2020/1987 1988/2022/1989
f 1986/2020/1987 98/91/89 99/92/88 1984/2018/1985
f 1984/2018/1985 99/92/88 100/93/90 1982/2016/1983
f 1928/1962/1929 1237/1263/1238 1238/1264/1237 1242/1268/1243
f 1922/1956/1923 1252/1278/1253 1253/1279/1252 1257/1283/1258
f 1846/1880/1845 1792/1821/1793 1794/1823/1795 1845/1879/1846
f 1845/1879/1846 2069/2103/2069 1840/1874/1841 1841/1875/1840
f 1845/1879/1846 1794/1823/1795 1796/1825/1797 2069/2103/2069
f 2069/2103/2069 2071/2105/2070 2070/2104/2071 1840/1874/1841
f 2069/2103/2069 1796/1825/1797 1798/1827/1799 2071/2105/2070
f 2071/2105/2070 1798/1827/1799 1806/1837/1807 2072/2106/2072
f 2071/2105/2070 2072/2106/2072 2073/2107/2073 2070/2104/2071
f 2073/2107/2073 2072/2106/2072 1810/2109/1811 2074/2108/2074
f 2073/2107/2073 2075/2110/2075 1835/1869/1836 2070/2104/2071
f 2073/2107/2073 2074/2108/2074 2076/2111/2076 2075/2110/2075
f 2076/2112/2076 2074/2114/2074 1814/1846/1815 2077/2113/2077
f 2076/2111/2076 56/41/40 1830/1864/1831 2075/2110/2075
f 2076/2111/2076 2077/2115/2077 55/40/36 56/41/40
f 2077/2113/2077 1814/1846/1815 1815/1847/1814 1818/1850/1819
f 2077/2113/2077 1818/1850/1819 54/37/37 55/38/36
f 2075/2110/2075 1830/1864/1831 1831/1865/1830 1835/1869/1836
f 2074/2114/2074 1810/1842/1811 1811/1843/1810 1814/1846/1815
f 2072/2106/2072 1806/1837/1807 1807/1838/1806 1810/2109/1811
f 2070/2104/2071 1835/1869/1836 1836/1870/1835 1840/1874/1841
f 1834/1868/1833 1829/1863/1829 118/116/115 119/117/114
f 1830/1864/1831 56/41/40 57/42/39 1827/1861/1827
f 1819/1851/1818 128/128/123 54/37/37 1818/1850/1819
f 1817/1849/1817 1112/1138/1113 1113/1139/1112 1117/1143/1118
f 1813/1845/1813 1107/1133/1108 1108/1134/1107 1112/1138/1113
f 1809/1841/1809 1102/1128/1103 1103/1129/1102 1107/1133/1108
f 1806/1837/1807 1798/1827/1799 1799/1828/1798 1801/1830/1802
f 1805/1835/1805 1097/1123/1098 1098/1124/1097 1102/1128/1103
f 1803/1836/1803 90/1119/79 1094/1120/1094 1097/1123/1098
f 1742/1771/1743 75/64/60 71/60/59 1740/1769/1740
f 1737/1766/1736 73/62/57 76/65/62 1736/1765/1737
f 1720/1749/1721 1267/1293/1268 1268/1294/1267 1272/1298/1273
f 1137/1163/1138 121/121/118 1132/1158/1133 1133/1159/1132
f 1101/1127/1100 1096/1122/1096 50/32/33 51/33/32
f 1022/1043/1024 905/926/906 906/927/905 908/929/909
f 1020/1041/1020 908/929/909 909/930/908 911/932/912
f 1016/1037/1016 911/932/912 912/933/911 914/935/915
f 1012/1033/1012 914/935/915 915/936/914 917/938/918
f 1008/1029/1008 917/938/918 918/939/917 920/941/921
f 1004/1025/1004 920/941/921 921/942/920 923/944/924
f 1000/1021/1000 923/944/924 924/945/923 926/947/927
f 996/1017/996 926/947/927 927/948/926 929/950/930
f 992/1013/992 929/950/930 930/951/929 932/953/933
f 988/1009/988 932/953/933 933/954/932 935/956/936
f 984/1005/984 935/956/936 936/957/935 938/959/939
f 980/1001/980 938/959/939 939/960/938 941/962/942
f 976/997/976 941/962/942 942/963/941 944/965/945
f 972/993/972 944/965/945 945/966/944 947/968/948
f 968/989/968 947/968/948 948/969/947 950/971/951
f 964/985/964 950/971/951 951/972/950 953/974/954
f 894/915/894 721/737/722 723/739/724 893/914/895
f 890/911/891 734/750/735 885/906/886 886/907/885
f 890/911/891 731/747/732 732/748/731 734/750/735
f 885/906/886 737/753/738 880/901/881 881/902/880
f 885/906/886 734/750/735 735/751/734 737/753/738
f 880/901/881 740/756/741 875/896/876 876/897/875
f 880/901/881 737/753/738 738/754/737 740/756/741
f 875/896/876 743/759/744 870/891/871 871/892/870
f 875/896/876 740/756/741 741/757/740 743/759/744
f 870/891/871 746/762/747 865/886/866 866/887/865
f 870/891/871 743/759/744 744/760/743 746/762/747
f 865/886/866 749/765/750 860/881/861 861/882/860
f 865/886/866 746/762/747 747/763/746 749/765/750
f 860/881/861 752/768/753 855/876/856 856/877/855
f 860/881/861 749/765/750 750/766/749 752/768/753
f 855/876/856 755/771/756 850/871/851 851/872/850
f 855/876/856 752/768/753 753/769/752 755/771/756
f 850/871/851 758/774/759 845/866/846 846/867/845
f 850/871/851 755/771/756 756/772/755 758/774/759
f 845/866/846 761/777/762 840/861/841 841/862/840
f 845/866/846 758/774/759 759/775/758 761/777/762
f 840/861/841 764/780/765 835/856/836 836/857/835
f 840/861/841 761/777/762 762/778/761 764/780/765
f 835/856/836 767/783/768 830/851/831 831/852/830
f 835/856/836 764/780/765 765/781/764 767/783/768
f 830/851/831 770/786/771 772/788/773 826/847/826
f 830/851/831 767/783/768 768/784/767 770/786/771
f 822/843/822 772/788/773 773/789/772 775/791/776
f 818/839/818 775/791/776 776/792/775 778/794/779
f 814/835/814 778/794/779 779/795/778 781/797/782
f 810/831/809 781/797/782 782/798/781 809/830/810
f 809/830/810 786/2116/787 804/825/805 805/826/804
f 809/830/810 782/798/781 783/799/784 786/2116/787
f 808/829/807 803/824/803 62/49/47 63/50/46
f 804/2117/805 789/807/790 791/809/792 801/821/801
f 804/2117/805 786/804/787 787/805/786 789/807/790
f 800/819/799 2078/2118/2078 60/47/44 61/48/43
f 800/819/799 797/820/797 104/2119/96 2078/2118/2078
f 800/819/799 61/48/43 62/49/47 799/818/800
f 2078/2120/2078 28/7/8 29/8/7 60/2121/44
f 2078/2120/2078 104/98/96 105/99/95 28/7/8
f 672/688/671 2081/2124/2079 2080/2123/2080 2079/2122/2081
f 672/688/671 666/682/667 667/683/666 2081/2124/2079
f 672/688/671 2079/2122/2081 261/270/262 671/687/672
f 2081/2124/2079 2083/2126/2082 2082/2125/2083 2080/2123/2080
f 2081/2124/2079 667/683/666 2084/2127/2084 2083/2126/2082
f 2084/2127/2084 2086/2129/2085 2085/2128/2086 2083/2126/2082
f 2084/2127/2084 662/678/661 2087/2130/2087 2086/2129/2085
f 2084/2127/2084 667/683/666 661/677/662 662/678/661
f 2087/2130/2087 2089/2132/2088 2088/2131/2089 2086/2129/2085
f 2087/2130/2087 657/673/656 2090/2133/2090 2089/2132/2088
f 2087/2130/2087 662/678/661 656/672/657 657/673/656
f 2090/2133/2090 2092/2135/2091 2091/2134/2092 2089/2132/2088
f 2090/2133/2090 652/668/651 2093/2136/2093 2092/2135/2091
f 2090/2133/2090 657/673/656 651/667/652 652/668/651
f 2093/2136/2093 2095/2138/2094 2094/2137/2095 2092/2135/2091
f 2093/2136/2093 647/663/646 2096/2139/2096 2095/2138/2094
f 2093/2136/2093 652/668/651 646/662/647 647/663/646
f 2096/2139/2096 2098/2141/2097 2097/2140/2098 2095/2138/2094
f 2096/2139/2096 642/658/641 2099/2142/2099 2098/2141/2097
f 2096/2139/2096 647/663/646 641/657/642 642/658/641
f 2099/2142/2099 625/641/624 2100/2143/2100 2098/2141/2097
f 2099/2142/2099 630/646/629 624/640/625 625/641/624
f 2099/2142/2099 642/658/641 637/653/637 630/646/629
f 2100/2143/2100 2101/2144/2101 2097/2140/2098 2098/2141/2097
f 2100/2143/2100 620/636/619 2102/2145/2102 2101/2144/2101
f 2100/2143/2100 625/641/624 619/635/620 620/636/619
f 2102/2145/2102 78/68/65 79/69/64 2101/2144/2101
f 2102/2145/2102 615/631/614 2103/2146/2103 78/68/65
f 2102/2145/2102 620/636/619 614/630/615 615/631/614
f 2103/2146/2103 2104/2147/2104 77/67/66 78/68/65
f 2103/2146/2103 610/626/609 2105/2148/2105 2104/2147/2104
f 2103/2146/2103 615/631/614 609/625/610 610/626/609
f 2105/2148/2105 2107/2150/2106 2106/2149/2107 2104/2147/2104
f 2105/2148/2105 605/621/604 2108/2151/2108 2107/2150/2106
f 2105/2148/2105 610/626/609 604/620/605 605/621/604
f 2108/2151/2108 2110/2153/2109 2109/2152/2110 2107/2150/2106
f 2108/2151/2108 600/616/599 2111/2154/2111 2110/2153/2109
f 2108/2151/2108 605/621/604 599/615/600 600/616/599
f 2111/2154/2111 2113/2156/2112 2112/2155/2113 2110/2153/2109
f 2111/2154/2111 595/611/594 2114/2157/2114 2113/2156/2112
f 2111/2154/2111 600/616/599 594/610/595 595/611/594
f 2114/2157/2114 2116/2159/2115 2115/2158/2116 2113/2156/2112
f 2114/2157/2114 590/606/589 2117/2160/2117 2116/2159/2115
f 2114/2157/2114 595/611/594 589/605/590 590/606/589
f 2117/2160/2117 2119/2162/2118 2118/2161/2119 2116/2159/2115
f 2117/2160/2117 585/601/584 2120/2163/2120 2119/2162/2118
f 2117/2160/2117 590/606/589 584/600/585 585/601/584
f 2120/2163/2120 2122/2165/2121 2121/2164/2122 2119/2162/2118
f 2120/2163/2120 580/596/579 2123/2166/2123 2122/2165/2121
f 2120/2163/2120 585/601/584 579/595/580 580/596/579
f 2123/2166/2123 2125/2168/2124 2124/2167/2125 2122/2165/2121
f 2123/2166/2123 575/591/574 2126/2169/2126 2125/2168/2124
f 2123/2166/2123 580/596/579 574/590/575 575/591/574
f 2126/2169/2126 2128/2171/2127 2127/2170/2128 2125/2168/2124
f 2126/2169/2126 570/586/569 2129/2172/2129 2128/2171/2127
f 2126/2169/2126 575/591/574 569/585/570 570/586/569
f 2129/2172/2129 2131/2174/2130 2130/2173/2131 2128/2171/2127
f 2129/2172/2129 565/581/564 2132/2175/2132 2131/2174/2130
f 2129/2172/2129 570/586/569 564/580/565 565/581/564
f 2132/2175/2132 2134/2177/2133 2133/2176/2134 2131/2174/2130
f 2132/2175/2132 560/576/559 2135/2178/2135 2134/2177/2133
f 2132/2175/2132 565/581/564 559/575/560 560/576/559
f 2135/2178/2135 2137/2180/2136 2136/2179/2137 2134/2177/2133
f 2135/2178/2135 555/571/554 2138/2181/2138 2137/2180/2136
f 2135/2178/2135 560/576/559 554/570/555 555/571/554
f 2138/2181/2138 2140/2183/2139 2139/2182/2140 2137/2180/2136
f 2138/2181/2138 550/566/549 2141/2184/2141 2140/2183/2139
f 2138/2181/2138 555/571/554 549/565/550 550/566/549
f 2141/2184/2141 2143/2186/2142 2142/2185/2143 2140/2183/2139
f 2141/2184/2141 545/561/544 2144/2187/2144 2143/2186/2142
f 2141/2184/2141 550/566/549 544/560/545 545/561/544
f 2144/2187/2144 2146/2189/2145 2145/2188/2146 2143/2186/2142
f 2144/2187/2144 540/556/539 2147/2190/2147 2146/2189/2145
f 2144/2187/2144 545/561/544 539/555/540 540/556/539
f 2147/2190/2147 2149/2192/2148 2148/2191/2149 2146/2189/2145
f 2147/2190/2147 535/551/534 2150/2193/2150 2149/2192/2148
f 2147/2190/2147 540/556/539 534/550/535 535/551/534
f 2150/2193/2150 2152/2195/2151 2151/2194/2152 2149/2192/2148
f 2150/2193/2150 530/546/529 2153/2196/2153 2152/2195/2151
f 2150/2193/2150 535/551/534 529/545/530 530/546/529
f 2153/2196/2153 2155/2198/2154 2154/2197/2155 2152/2195/2151
f 2153/2196/2153 525/541/524 2156/2199/2156 2155/2198/2154
f 2153/2196/2153 530/546/529 524/540/525 525/541/524
f 2156/2199/2156 2158/2201/2157 2157/2200/2158 2155/2198/2154
f 2156/2199/2156 520/536/519 2159/2202/2159 2158/2201/2157
f 2156/2199/2156 525/541/524 519/535/520 520/536/519
f 2159/2202/2159 2161/2204/2160 2160/2203/2161 2158/2201/2157
f 2159/2202/2159 515/531/514 2162/2205/2162 2161/2204/2160
f 2159/2202/2159 520/536/519 514/530/515 515/531/514
f 2162/2205/2162 2164/2207/2163 2163/2206/2164 2161/2204/2160
f 2162/2205/2162 510/526/509 2165/2208/2165 2164/2207/2163
f 2162/2205/2162 515/531/514 509/525/510 510/526/509
f 2165/2208/2165 2167/2210/2166 2166/2209/2167 2164/2207/2163
f 2165/2208/2165 506/522/505 2168/2211/2168 2167/2210/2166
f 2165/2208/2165 510/526/509 505/521/506 506/522/505
f 2168/2211/2168 2170/2213/2169 2169/2212/2170 2167/2210/2166
f 2168/2211/2168 501/517/500 2171/2214/2171 2170/2213/2169
f 2168/2211/2168 506/522/505 500/516/501 501/517/500
f 2171/2214/2171 2173/2216/2172 2172/2215/2173 2170/2213/2169
f 2171/2214/2171 496/512/495 2174/2217/2174 2173/2216/2172
f 2171/2214/2171 501/517/500 495/511/496 496/512/495
f 2174/2217/2174 2176/2219/2175 2175/2218/2176 2173/2216/2172
f 2174/2217/2174 491/507/490 2177/2220/2177 2176/2219/2175
f 2174/2217/2174 496/512/495 490/506/491 491/507/490
f 2177/2220/2177 2179/2222/2178 2178/2221/2179 2176/2219/2175
f 2177/2220/2177 488/504/487 2180/2223/2180 2179/2222/2178
f 2177/2220/2177 491/507/490 487/503/488 488/504/487
f 2180/2223/2180 2181/2224/2181 137/141/135 2179/2222/2178
f 2180/2223/2180 142/147/143 143/148/142 2181/2224/2181
f 2180/2223/2180 488/504/487 146/151/145 142/147/143
f 2181/2224/2181 143/148/142 156/165/157 2182/2225/2182
f 2181/2224/2181 2182/2225/2182 136/140/136 137/141/135
f 2182/2225/2182 156/165/157 157/166/156 161/170/162
f 2182/2225/2182 161/170/162 140/144/137 136/140/136
f 2179/2222/2178 137/141/135 138/142/134 2178/2221/2179
f 2178/2221/2179 138/142/134 141/145/139 2183/2226/2183
f 2178/2221/2179 2183/2226/2183 2175/2218/2176 2176/2219/2175
f 2183/2226/2183 141/145/139 2185/2228/2184 2184/2227/2185
f 2183/2226/2183 2184/2227/2185 2186/2229/2186 2175/2218/2176
f 2186/2229/2186 2184/2227/2185 2188/2231/2187 2187/2230/2188
f 2186/2229/2186 2172/2215/2173 2173/2216/2172 2175/2218/2176
f 2186/2229/2186 2187/2230/2188 2189/2232/2189 2172/2215/2173
f 2189/2232/2189 2187/2230/2188 2191/2234/2190 2190/2233/2191
f 2189/2232/2189 2169/2212/2170 2170/2213/2169 2172/2215/2173
f 2189/2232/2189 2190/2233/2191 2192/2235/2192 2169/2212/2170
f 2192/2235/2192 2190/2233/2191 2194/2237/2193 2193/2236/2194
f 2192/2235/2192 2166/2209/2167 2167/2210/2166 2169/2212/2170
f 2192/2235/2192 2193/2236/2194 2195/2238/2195 2166/2209/2167
f 2195/2238/2195 2193/2236/2194 2197/2240/2196 2196/2239/2197
f 2195/2238/2195 2163/2206/2164 2164/2207/2163 2166/2209/2167
f 2195/2238/2195 2196/2239/2197 2198/2241/2198 2163/2206/2164
f 2198/2241/2198 2196/2239/2197 2200/2243/2199 2199/2242/2200
f 2198/2241/2198 2160/2203/2161 2161/2204/2160 2163/2206/2164
f 2198/2241/2198 2199/2242/2200 2201/2244/2201 2160/2203/2161
f 2201/2244/2201 2199/2242/2200 2203/2246/2202 2202/2245/2203
f 2201/2244/2201 2157/2200/2158 2158/2201/2157 2160/2203/2161
f 2201/2244/2201 2202/2245/2203 2204/2247/2204 2157/2200/2158
f 2204/2247/2204 2202/2245/2203 2206/2249/2205 2205/2248/2206
f 2204/2247/2204 2154/2197/2155 2155/2198/2154 2157/2200/2158
f 2204/2247/2204 2205/2248/2206 2207/2250/2207 2154/2197/2155
f 2207/2250/2207 2205/2248/2206 2209/2252/2208 2208/2251/2209
f 2207/2250/2207 2151/2194/2152 2152/2195/2151 2154/2197/2155
f 2207/2250/2207 2208/2251/2209 2210/2253/2210 2151/2194/2152
f 2210/2253/2210 2208/2251/2209 2212/2255/2211 2211/2254/2212
f 2210/2253/2210 2148/2191/2149 2149/2192/2148 2151/2194/2152
f 2210/2253/2210 2211/2254/2212 2213/2256/2213 2148/2191/2149
f 2213/2256/2213 2211/2254/2212 2215/2258/2214 2214/2257/2215
f 2213/2256/2213 2145/2188/2146 2146/2189/2145 2148/2191/2149
f 2213/2256/2213 2214/2257/2215 2216/2259/2216 2145/2188/2146
f 2216/2259/2216 2214/2257/2215 2218/2261/2217 2217/2260/2218
f 2216/2259/2216 2142/2185/2143 2143/2186/2142 2145/2188/2146
f 2216/2259/2216 2217/2260/2218 2219/2262/2219 2142/2185/2143
f 2219/2262/2219 2217/2260/2218 2221/2264/2220 2220/2263/2221
f 2219/2262/2219 2139/2182/2140 2140/2183/2139 2142/2185/2143
f 2219/2262/2219 2220/2263/2221 2222/2265/2222 2139/2182/2140
f 2222/2265/2222 2220/2263/2221 2224/2267/2223 2223/2266/2224
f 2222/2265/2222 2136/2179/2137 2137/2180/2136 2139/2182/2140
f 2222/2265/2222 2223/2266/2224 2225/2268/2225 2136/2179/2137
f 2225/2268/2225 2223/2266/2224 2227/2270/2226 2226/2269/2227
f 2225/2268/2225 2133/2176/2134 2134/2177/2133 2136/2179/2137
f 2225/2268/2225 2226/2269/2227 2228/2271/2228 2133/2176/2134
f 2228/2271/2228 2226/2269/2227 2230/2273/2229 2229/2272/2230
f 2228/2271/2228 2130/2173/2131 2131/2174/2130 2133/2176/2134
f 2228/2271/2228 2229/2272/2230 2231/2274/2231 2130/2173/2131
f 2231/2274/2231 2229/2272/2230 2233/2276/2232 2232/2275/2233
f 2231/2274/2231 2127/2170/2128 2128/2171/2127 2130/2173/2131
f 2231/2274/2231 2232/2275/2233 2234/2277/2234 2127/2170/2128
f 2234/2277/2234 2232/2275/2233 2236/2279/2235 2235/2278/2236
f 2234/2277/2234 2124/2167/2125 2125/2168/2124 2127/2170/2128
f 2234/2277/2234 2235/2278/2236 2237/2280/2237 2124/2167/2125
f 2237/2280/2237 2235/2278/2236 2239/2282/2238 2238/2281/2239
f 2237/2280/2237 2121/2164/2122 2122/2165/2121 2124/2167/2125
f 2237/2280/2237 2238/2281/2239 2240/2283/2240 2121/2164/2122
f 2240/2283/2240 2238/2281/2239 2242/2285/2241 2241/2284/2242
f 2240/2283/2240 2118/2161/2119 2119/2162/2118 2121/2164/2122
f 2240/2283/2240 2241/2284/2242 2243/2286/2243 2118/2161/2119
f 2243/2286/2243 2241/2284/2242 2245/2288/2244 2244/2287/2245
f 2243/2286/2243 2115/2158/2116 2116/2159/2115 2118/2161/2119
f 2243/2286/2243 2244/2287/2245 2246/2289/2246 2115/2158/2116
f 2246/2289/2246 2244/2287/2245 2248/2291/2247 2247/2290/2248
f 2246/2289/2246 2112/2155/2113 2113/2156/2112 2115/2158/2116
f 2246/2289/2246 2247/2290/2248 2249/2292/2249 2112/2155/2113
f 2249/2292/2249 2247/2290/2248 2251/2294/2250 2250/2293/2251
f 2249/2292/2249 2109/2152/2110 2110/2153/2109 2112/2155/2113
f 2249/2292/2249 2250/2293/2251 2252/2295/2252 2109/2152/2110
f 2252/2295/2252 2250/2293/2251 2254/2297/2253 2253/2296/2254
f 2252/2295/2252 2106/2149/2107 2107/2150/2106 2109/2152/2110
f 2252/2295/2252 2253/2296/2254 82/72/69 2106/2149/2107
f 2254/2297/2253 2091/2134/2092 2255/2298/2255 2253/2296/2254
f 2254/2297/2253 2088/2131/2089 2089/2132/2088 2091/2134/2092
f 2254/2297/2253 2250/2293/2251 2251/2294/2250 2088/2131/2089
f 2255/2298/2255 81/71/67 82/72/69 2253/2296/2254
f 2255/2298/2255 2094/2137/2095 80/70/68 81/71/67
f 2255/2298/2255 2091/2134/2092 2092/2135/2091 2094/2137/2095
f 2251/2294/2250 2085/2128/2086 2086/2129/2085 2088/2131/2089
f 2251/2294/2250 2247/2290/2248 2248/2291/2247 2085/2128/2086
f 2248/2291/2247 2082/2125/2083 2083/2126/2082 2085/2128/2086
f 2248/2291/2247 2244/2287/2245 2245/2288/2244 2082/2125/2083
f 2245/2288/2244 2256/2299/2256 2080/2123/2080 2082/2125/2083
f 2245/2288/2244 2241/2284/2242 2242/2285/2241 2256/2299/2256
f 2256/2299/2256 2257/2300/2257 2079/2122/2081 2080/2123/2080
f 2256/2299/2256 2242/2285/2241 2258/2301/2258 2257/2300/2257
f 2258/2301/2258 259/268/260 260/269/259 2257/2300/2257
f 2258/2301/2258 2239/2282/2238 2259/2302/2259 259/268/260
f 2258/2301/2258 2242/2285/2241 2238/2281/2239 2239/2282/2238
f 2259/2302/2259 256/265/257 257/266/256 259/268/260
f 2259/2302/2259 2236/2279/2235 2260/2303/2260 256/265/257
f 2259/2302/2259 2239/2282/2238 2235/2278/2236 2236/2279/2235
f 2260/2303/2260 251/260/252 252/261/251 256/265/257
f 2260/2303/2260 2233/2276/2232 2261/2304/2261 251/260/252
f 2260/2303/2260 2236/2279/2235 2232/2275/2233 2233/2276/2232
f 2261/2304/2261 246/255/247 247/256/246 251/260/252
f 2261/2304/2261 2230/2273/2229 2262/2305/2262 246/255/247
f 2261/2304/2261 2233/2276/2232 2229/2272/2230 2230/2273/2229
f 2262/2305/2262 241/250/242 242/251/241 246/255/247
f 2262/2305/2262 2227/2270/2226 2263/2306/2263 241/250/242
f 2262/2305/2262 2230/2273/2229 2226/2269/2227 2227/2270/2226
f 2263/2306/2263 236/245/237 237/246/236 241/250/242
f 2263/2306/2263 2224/2267/2223 2264/2307/2264 236/245/237
f 2263/2306/2263 2227/2270/2226 2223/2266/2224 2224/2267/2223
f 2264/2307/2264 231/240/232 232/241/231 236/245/237
f 2264/2307/2264 2221/2264/2220 2265/2308/2265 231/240/232
f 2264/2307/2264 2224/2267/2223 2220/2263/2221 2221/2264/2220
f 2265/2308/2265 226/235/227 227/236/226 231/240/232
f 2265/2308/2265 2218/2261/2217 2266/2309/2266 226/235/227
f 2265/2308/2265 2221/2264/2220 2217/2260/2218 2218/2261/2217
f 2266/2309/2266 221/230/222 222/231/221 226/235/227
f 2266/2309/2266 2215/2258/2214 2267/2310/2267 221/230/222
f 2266/2309/2266 2218/2261/2217 2214/2257/2215 2215/2258/2214
f 2267/2310/2267 216/225/217 217/226/216 221/230/222
f 2267/2310/2267 2212/2255/2211 2268/2311/2268 216/225/217
f 2267/2310/2267 2215/2258/2214 2211/2254/2212 2212/2255/2211
f 2268/2311/2268 211/220/212 212/221/211 216/225/217
f 2268/2311/2268 2209/2252/2208 2269/2312/2269 211/220/212
f 2268/2311/2268 2212/2255/2211 2208/2251/2209 2209/2252/2208
f 2269/2312/2269 206/215/207 207/216/206 211/220/212
f 2269/2312/2269 2206/2249/2205 2270/2313/2270 206/215/207
f 2269/2312/2269 2209/2252/2208 2205/2248/2206 2206/2249/2205
f 2270/2313/2270 201/210/202 202/211/201 206/215/207
f 2270/2313/2270 2203/2246/2202 2271/2314/2271 201/210/202
f 2270/2313/2270 2206/2249/2205 2202/2245/2203 2203/2246/2202
f 2271/2314/2271 196/205/197 197/206/196 201/210/202
f 2271/2314/2271 2200/2243/2199 2272/2315/2272 196/205/197
f 2271/2314/2271 2203/2246/2202 2199/2242/2200 2200/2243/2199
f 2272/2315/2272 191/200/192 192/201/191 196/205/197
f 2272/2315/2272 2197/2240/2196 2273/2316/2273 191/200/192
f 2272/2315/2272 2200/2243/2199 2196/2239/2197 2197/2240/2196
f 2273/2316/2273 186/195/187 187/196/186 191/200/192
f 2273/2316/2273 2194/2237/2193 2274/2317/2274 186/195/187
f 2273/2316/2273 2197/2240/2196 2193/2236/2194 2194/2237/2193
f 2274/2317/2274 181/190/182 182/191/181 186/195/187
f 2274/2317/2274 2191/2234/2190 2275/2318/2275 181/190/182
f 2274/2317/2274 2194/2237/2193 2190/2233/2191 2191/2234/2190
f 2275/2318/2275 176/185/177 177/186/176 181/190/182
f 2275/2318/2275 2188/2231/2187 2276/2319/2276 176/185/177
f 2275/2318/2275 2191/2234/2190 2187/2230/2188 2188/2231/2187
f 2276/2319/2276 171/180/172 172/181/171 176/185/177
f 2276/2319/2276 2185/2228/2184 2277/2320/2277 171/180/172
f 2276/2319/2276 2188/2231/2187 2184/2227/2185 2185/2228/2184
f 2277/2320/2277 166/175/167 167/176/166 171/180/172
f 2277/2320/2277 139/143/138 140/144/137 166/175/167
f 2277/2320/2277 2185/2228/2184 141/145/139 139/143/138
f 2257/2300/2257 260/269/259 261/270/262 2079/2122/2081
f 2106/2149/2107 82/72/69 77/67/66 2104/2147/2104
f 2101/2144/2101 79/69/64 80/70/68 2097/2140/2098
f 2097/2140/2098 80/70/68 2094/2137/2095 2095/2138/2094
f 671/687/672 261/270/262 262/271/261 264/273/265
f 632/648/631 33/13/15 34/14/14 631/647/632
f 511/527/512 115/112/108 116/113/111 507/523/507
f 503/519/502 116/113/111 117/114/110 502/518/503
f 427/440/428 85/76/71 88/79/76 425/438/425
f 423/436/422 88/79/76 86/77/75 422/435/423
f 340/353/341 135/138/132 130/133/129 336/349/336
f 323/332/322 134/334/130 135/138/132 322/331/323
f 166/175/167 140/144/137 161/170/162 162/171/161
f 156/165/157 143/148/142 22/149/141 147/153/148
f 128/128/123 124/129/122 53/36/38 54/37/37
f 125/124/121 58/43/41 53/44/38 124/123/122
f 113/110/105 24/3/3 25/4/2 112/109/106
f 112/109/106 109/105/103 110/106/102 111/108/107
f 112/109/106 25/4/2 26/5/6 109/105/103
f 108/104/99 26/5/6 27/6/5 106/100/97
f 106/100/97 27/6/5 28/7/8 105/99/95
f 70/1116/54 66/1663/51 45/26/25 42/23/24
f 60/2121/44 29/8/7 30/9/10 59/1661/45
s 19
f 2278/2321/2278 2287/2324/2279 2286/2323/2280 2285/2322/2281
f 2278/2321/2278 2285/2322/2281 2289/2326/2282 2288/2325/2283
f 2278/2321/2278 2288/2325/2283 2290/2327/2284 2287/2324/2279
f 2291/2328/2285 2294/2331/2286 2293/2330/2287 2292/2329/2288
f 2279/2332/2289 2297/2335/2290 2296/2334/2291 2295/2333/2292
f 2279/2332/2289 2295/2333/2292 2299/2337/2293 2298/2336/2294
f 2279/2332/2289 2298/2336/2294 2300/2338/2295 2297/2335/2290
f 2280/2339/2296 2303/2342/2297 2302/2341/2298 2301/2340/2299
f 2280/2339/2296 2305/2344/2300 2304/2343/2301 2303/2342/2297
f 2280/2339/2296 2301/2340/2299 2306/2345/2302 2305/2344/2300
f 2281/2346/2303 2309/2349/2304 2308/2348/2305 2307/2347/2306
f 2281/2346/2303 2311/2351/2307 2310/2350/2308 2309/2349/2304
f 2281/2346/2303 2307/2347/2306 2312/2352/2309 2311/2351/2307
f 2282/2353/2310 2315/2356/2311 2314/2355/2312 2313/2354/2313
f 2282/2353/2310 2317/2358/2314 2316/2357/2315 2315/2356/2311
f 2282/2353/2310 2313/2354/2313 2318/2359/2316 2317/2358/2314
f 2283/2360/2317 2321/2363/2318 2320/2362/2319 2319/2361/2320
f 2283/2360/2317 2323/2365/2321 2322/2364/2322 2321/2363/2318
f 2283/2360/2317 2319/2361/2320 2324/2366/2323 2323/2365/2321
f 2284/2367/2324 2327/2370/2325 2326/2369/2326 2325/2368/2327
f 2284/2367/2324 2329/2372/2328 2328/2371/2329 2327/2370/2325
f 2284/2367/2324 2325/2368/2327 2330/2373/2330 2329/2372/2328
f 2330/2373/2330 2332/2375/2331 2331/2374/2332 2329/2372/2328
f 2330/2373/2330 2334/2377/2333 2333/2376/2334 2332/2375/2331
f 2330/2373/2330 2325/2368/2327 2335/2378/2335 2334/2377/2333
f 2335/2378/2335 2325/2368/2327 2326/2369/2326 2336/2379/2336
f 2335/2378/2335 2338/2381/2337 2337/2380/2338 2334/2377/2333
f 2335/2378/2335 2336/2379/2336 2339/2382/2339 2338/2381/2337
f 2339/2382/2339 2336/2379/2336 2341/2384/2340 2340/2383/2341
f 2339/2382/2339 2343/2386/2342 2342/2385/2343 2338/2381/2337
f 2339/2382/2339 2340/2383/2341 2344/2387/2344 2343/2386/2342
f 2344/2387/2344 2340/2383/2341 2346/2389/2345 2345/2388/2346
f 2344/2387/2344 2348/2391/2347 2347/2390/2348 2343/2386/2342
f 2344/2387/2344 2345/2388/2346 2349/2392/2349 2348/2391/2347
f 2349/2392/2349 2345/2388/2346 2351/2394/2350 2350/2393/2351
f 2349/2392/2349 2353/2396/2352 2352/2395/2353 2348/2391/2347
f 2349/2392/2349 2350/2393/2351 2354/2397/2354 2353/2396/2352
f 2354/2397/2354 2350/2393/2351 2356/2399/2355 2355/2398/2356
f 2354/2397/2354 2358/2401/2357 2357/2400/2358 2353/2396/2352
f 2354/2397/2354 2355/2398/2356 2359/2402/2359 2358/2401/2357
f 2359/2402/2359 2355/2398/2356 2361/2404/2360 2360/2403/2361
f 2359/2402/2359 2363/2406/2362 2362/2405/2363 2358/2401/2357
f 2359/2402/2359 2360/2403/2361 2364/2407/2364 2363/2406/2362
f 2364/2407/2364 2360/2403/2361 2366/2409/2365 2365/2408/2366
f 2364/2407/2364 2368/2411/2367 2367/2410/2368 2363/2406/2362
f 2364/2407/2364 2365/2408/2366 2369/2412/2369 2368/2411/2367
f 2369/2412/2369 2365/2408/2366 2371/2414/2370 2370/2413/2371
f 2369/2412/2369 2373/2416/2372 2372/2415/2373 2368/2411/2367
f 2369/2412/2369 2370/2413/2371 2374/2417/2374 2373/2416/2372
f 2374/2417/2374 2370/2413/2371 2376/2419/2375 2375/2418/2376
f 2374/2417/2374 2378/2421/2377 2377/2420/2378 2373/2416/2372
f 2374/2417/2374 2375/2418/2376 2379/2422/2379 2378/2421/2377
f 2379/2422/2379 2375/2418/2376 2381/2424/2380 2380/2423/2381
f 2379/2422/2379 2383/2426/2382 2382/2425/2383 2378/2421/2377
f 2379/2422/2379 2380/2423/2381 2384/2427/2384 2383/2426/2382
f 2384/2427/2384 2380/2423/2381 2386/2429/2385 2385/2428/2386
f 2384/2427/2384 2388/2431/2387 2387/2430/2388 2383/2426/2382
f 2384/2427/2384 2385/2428/2386 2389/2432/2389 2388/2431/2387
f 2389/2432/2389 2385/2428/2386 2391/2434/2390 2390/2433/2391
f 2389/2432/2389 2393/2436/2392 2392/2435/2393 2388/2431/2387
f 2389/2432/2389 2390/2433/2391 2394/2437/2394 2393/2436/2392
f 2394/2437/2394 2390/2433/2391 2396/2439/2395 2395/2438/2396
f 2394/2437/2394 2398/2441/2397 2397/2440/2398 2393/2436/2392
f 2394/2437/2394 2395/2438/2396 2399/2442/2399 2398/2441/2397
f 2399/2442/2399 2395/2438/2396 2401/2444/2400 2400/2443/2401
f 2399/2442/2399 2403/2446/2402 2402/2445/2403 2398/2441/2397
f 2399/2442/2399 2400/2443/2401 2404/2447/2404 2403/2446/2402
f 2404/2447/2404 2400/2443/2401 2406/2449/2405 2405/2448/2406
f 2404/2447/2404 2408/2451/2407 2407/2450/2408 2403/2446/2402
f 2404/2447/2404 2405/2448/2406 2409/2452/2409 2408/2451/2407
f 2409/2452/2409 2405/2448/2406 2411/2454/2410 2410/2453/2411
f 2409/2452/2409 2413/2456/2412 2412/2455/2413 2408/2451/2407
f 2409/2452/2409 2410/2453/2411 2414/2457/2414 2413/2456/2412
f 2414/2457/2414 2410/2453/2411 2416/2459/2415 2415/2458/2416
f 2414/2457/2414 2418/2461/2417 2417/2460/2418 2413/2456/2412
f 2414/2457/2414 2415/2458/2416 2419/2462/2419 2418/2461/2417
f 2419/2462/2419 2415/2458/2416 2421/2464/2420 2420/2463/2421
f 2419/2462/2419 2423/2466/2422 2422/2465/2423 2418/2461/2417
f 2419/2462/2419 2420/2463/2421 2424/2467/2424 2423/2466/2422
f 2424/2467/2424 2420/2463/2421 2426/2469/2425 2425/2468/2426
f 2424/2467/2424 2428/2471/2427 2427/2470/2428 2423/2466/2422
f 2424/2467/2424 2425/2468/2426 2429/2472/2429 2428/2471/2427
f 2429/2472/2429 2425/2468/2426 2430/2473/2430 2300/2338/2295
f 2429/2472/2429 2432/2475/2431 2431/2474/2432 2428/2471/2427
f 2429/2472/2429 2300/2338/2295 2298/2336/2294 2432/2475/2431
f 2432/2475/2431 2434/2477/2433 2433/2476/2434 2431/2474/2432
f 2432/2475/2431 2298/2336/2294 2299/2337/2293 2434/2477/2433
f 2434/2477/2433 2436/2479/2435 2435/2478/2436 2433/2476/2434
f 2434/2477/2433 2299/2337/2293 2437/2480/2437 2436/2479/2435
f 2437/2480/2437 2299/2337/2293 2295/2333/2292 2438/2481/2438
f 2437/2480/2437 2440/2483/2439 2439/2482/2440 2436/2479/2435
f 2437/2484/2437 2438/2486/2438 2289/2326/2282 2440/2485/2439
f 2440/2483/2439 2442/2488/2441 2441/2487/2442 2439/2482/2440
f 2440/2485/2439 2289/2326/2282 2285/2322/2281 2442/2489/2441
f 2442/2489/2441 2444/2492/2443 2443/2491/2444 2441/2490/2442
f 2442/2489/2441 2285/2322/2281 2286/2323/2280 2444/2492/2443
f 2444/2492/2443 2446/2494/2445 2445/2493/2446 2443/2491/2444
f 2444/2492/2443 2286/2323/2280 2447/2495/2447 2446/2494/2445
f 2447/2495/2447 2286/2323/2280 2287/2324/2279 2448/2496/2448
f 2447/2495/2447 2450/2498/2449 2449/2497/2450 2446/2494/2445
f 2447/2495/2447 2448/2496/2448 2451/2499/2451 2450/2498/2449
f 2451/2499/2451 2453/2501/2452 2452/2500/2453 2450/2498/2449
f 2451/2499/2451 2455/2503/2454 2454/2502/2455 2453/2501/2452
f 2451/2499/2451 2448/2496/2448 2456/2504/2456 2455/2503/2454
f 2456/2504/2456 2458/2506/2457 2457/2505/2458 2455/2503/2454
f 2456/2504/2456 2290/2327/2284 2459/2507/2459 2458/2506/2457
f 2456/2504/2456 2448/2496/2448 2287/2324/2279 2290/2327/2284
f 2459/2508/2459 2461/2511/2460 2460/2510/2461 2458/2509/2457
f 2459/2508/2459 2462/2512/2462 2296/2334/2291 2461/2511/2460
f 2459/2507/2459 2290/2327/2284 2288/2325/2283 2462/2513/2462
f 2462/2512/2462 2438/2481/2438 2295/2333/2292 2296/2334/2291
f 2462/2513/2462 2288/2325/2283 2289/2326/2282 2438/2486/2438
f 2461/2511/2460 2464/2515/2463 2463/2514/2464 2460/2510/2461
f 2461/2511/2460 2296/2334/2291 2297/2335/2290 2464/2515/2463
f 2464/2515/2463 2430/2473/2430 2465/2516/2465 2463/2514/2464
f 2464/2515/2463 2297/2335/2290 2300/2338/2295 2430/2473/2430
f 2465/2516/2465 2467/2518/2466 2466/2517/2467 2463/2514/2464
f 2465/2516/2465 2426/2469/2425 2468/2519/2468 2467/2518/2466
f 2465/2516/2465 2430/2473/2430 2425/2468/2426 2426/2469/2425
f 2468/2519/2468 2470/2521/2469 2469/2520/2470 2467/2518/2466
f 2468/2519/2468 2421/2464/2420 2471/2522/2471 2470/2521/2469
f 2468/2519/2468 2426/2469/2425 2420/2463/2421 2421/2464/2420
f 2471/2522/2471 2473/2524/2472 2472/2523/2473 2470/2521/2469
f 2471/2522/2471 2416/2459/2415 2474/2525/2474 2473/2524/2472
f 2471/2522/2471 2421/2464/2420 2415/2458/2416 2416/2459/2415
f 2474/2525/2474 2476/2527/2475 2475/2526/2476 2473/2524/2472
f 2474/2525/2474 2411/2454/2410 2477/2528/2477 2476/2527/2475
f 2474/2525/2474 2416/2459/2415 2410/2453/2411 2411/2454/2410
f 2477/2528/2477 2479/2530/2478 2478/2529/2479 2476/2527/2475
f 2477/2528/2477 2406/2449/2405 2480/2531/2480 2479/2530/2478
f 2477/2528/2477 2411/2454/2410 2405/2448/2406 2406/2449/2405
f 2480/2531/2480 2482/2533/2481 2481/2532/2482 2479/2530/2478
f 2480/2531/2480 2401/2444/2400 2483/2534/2483 2482/2533/2481
f 2480/2531/2480 2406/2449/2405 2400/2443/2401 2401/2444/2400
f 2483/2534/2483 2485/2536/2484 2484/2535/2485 2482/2533/2481
f 2483/2534/2483 2396/2439/2395 2486/2537/2486 2485/2536/2484
f 2483/2534/2483 2401/2444/2400 2395/2438/2396 2396/2439/2395
f 2486/2537/2486 2488/2539/2487 2487/2538/2488 2485/2536/2484
f 2486/2537/2486 2391/2434/2390 2489/2540/2489 2488/2539/2487
f 2486/2537/2486 2396/2439/2395 2390/2433/2391 2391/2434/2390
f 2489/2540/2489 2491/2542/2490 2490/2541/2491 2488/2539/2487
f 2489/2540/2489 2386/2429/2385 2492/2543/2492 2491/2542/2490
f 2489/2540/2489 2391/2434/2390 2385/2428/2386 2386/2429/2385
f 2492/2543/2492 2494/2545/2493 2493/2544/2494 2491/2542/2490
f 2492/2543/2492 2381/2424/2380 2495/2546/2495 2494/2545/2493
f 2492/2543/2492 2386/2429/2385 2380/2423/2381 2381/2424/2380
f 2495/2546/2495 2497/2548/2496 2496/2547/2497 2494/2545/2493
f 2495/2546/2495 2376/2419/2375 2498/2549/2498 2497/2548/2496
f 2495/2546/2495 2381/2424/2380 2375/2418/2376 2376/2419/2375
f 2498/2549/2498 2500/2551/2499 2499/2550/2500 2497/2548/2496
f 2498/2549/2498 2371/2414/2370 2501/2552/2501 2500/2551/2499
f 2498/2549/2498 2376/2419/2375 2370/2413/2371 2371/2414/2370
f 2501/2552/2501 2503/2554/2502 2502/2553/2503 2500/2551/2499
f 2501/2552/2501 2366/2409/2365 2504/2555/2504 2503/2554/2502
f 2501/2552/2501 2371/2414/2370 2365/2408/2366 2366/2409/2365
f 2504/2555/2504 2506/2557/2505 2505/2556/2506 2503/2554/2502
f 2504/2555/2504 2361/2404/2360 2507/2558/2507 2506/2557/2505
f 2504/2555/2504 2366/2409/2365 2360/2403/2361 2361/2404/2360
f 2507/2558/2507 2509/2560/2508 2508/2559/2509 2506/2557/2505
f 2507/2558/2507 2356/2399/2355 2510/2561/2510 2509/2560/2508
f 2507/2558/2507 2361/2404/2360 2355/2398/2356 2356/2399/2355
f 2510/2561/2510 2512/2563/2511 2511/2562/2512 2509/2560/2508
f 2510/2561/2510 2351/2394/2350 2513/2564/2513 2512/2563/2511
f 2510/2561/2510 2356/2399/2355 2350/2393/2351 2351/2394/2350
f 2513/2564/2513 2515/2566/2514 2514/2565/2515 2512/2563/2511
f 2513/2564/2513 2346/2389/2345 2516/2567/2516 2515/2566/2514
f 2513/2564/2513 2351/2394/2350 2345/2388/2346 2346/2389/2345
f 2516/2567/2516 2518/2569/2517 2517/2568/2518 2515/2566/2514
f 2516/2567/2516 2341/2384/2340 2519/2570/2519 2518/2569/2517
f 2516/2567/2516 2346/2389/2345 2340/2383/2341 2341/2384/2340
f 2519/2571/2519 2521/2574/2520 2520/2573/2521 2518/2572/2517
f 2519/2571/2519 2326/2576/2326 2327/2575/2325 2521/2574/2520
f 2519/2570/2519 2341/2384/2340 2336/2379/2336 2326/2369/2326
f 2521/2574/2520 2523/2578/2522 2522/2577/2523 2520/2573/2521
f 2521/2574/2520 2327/2575/2325 2328/2579/2329 2523/2578/2522
f 2523/2578/2522 2525/2581/2524 2524/2580/2525 2522/2577/2523
f 2523/2578/2522 2328/2579/2329 2526/2582/2526 2525/2581/2524
f 2526/2582/2526 2528/2584/2527 2527/2583/2528 2525/2581/2524
f 2526/2585/2526 2331/2374/2332 2529/2587/2529 2528/2586/2527
f 2526/2585/2526 2328/2371/2329 2329/2372/2328 2331/2374/2332
f 2529/2587/2529 2531/2589/2530 2530/2588/2531 2528/2586/2527
f 2529/2587/2529 2533/2591/2532 2532/2590/2533 2531/2589/2530
f 2529/2587/2529 2331/2374/2332 2332/2375/2331 2533/2591/2532
f 2533/2591/2532 2535/2593/2534 2534/2592/2535 2532/2590/2533
f 2533/2591/2532 2332/2375/2331 2333/2376/2334 2535/2593/2534
f 2535/2593/2534 2537/2595/2536 2536/2594/2537 2534/2592/2535
f 2535/2593/2534 2333/2376/2334 2538/2596/2538 2537/2595/2536
f 2538/2596/2538 2333/2376/2334 2334/2377/2333 2337/2380/2338
f 2538/2596/2538 2540/2598/2539 2539/2597/2540 2537/2595/2536
f 2538/2596/2538 2337/2380/2338 2541/2599/2541 2540/2598/2539
f 2541/2599/2541 2337/2380/2338 2338/2381/2337 2342/2385/2343
f 2541/2599/2541 2543/2601/2542 2542/2600/2543 2540/2598/2539
f 2541/2599/2541 2342/2385/2343 2544/2602/2544 2543/2601/2542
f 2544/2602/2544 2342/2385/2343 2343/2386/2342 2347/2390/2348
f 2544/2602/2544 2546/2604/2545 2545/2603/2546 2543/2601/2542
f 2544/2602/2544 2347/2390/2348 2547/2605/2547 2546/2604/2545
f 2547/2605/2547 2347/2390/2348 2348/2391/2347 2352/2395/2353
f 2547/2605/2547 2548/2606/2548 2308/2348/2305 2546/2604/2545
f 2547/2605/2547 2352/2395/2353 2549/2607/2549 2548/2606/2548
f 2549/2607/2549 2352/2395/2353 2353/2396/2352 2357/2400/2358
f 2549/2607/2549 2551/2609/2550 2550/2608/2551 2548/2606/2548
f 2549/2607/2549 2357/2400/2358 2552/2610/2552 2551/2609/2550
f 2552/2610/2552 2357/2400/2358 2358/2401/2357 2362/2405/2363
f 2552/2610/2552 2554/2612/2553 2553/2611/2554 2551/2609/2550
f 2552/2610/2552 2362/2405/2363 2555/2613/2555 2554/2612/2553
f 2555/2613/2555 2362/2405/2363 2363/2406/2362 2367/2410/2368
f 2555/2613/2555 2557/2615/2556 2556/2614/2557 2554/2612/2553
f 2555/2613/2555 2367/2410/2368 2558/2616/2558 2557/2615/2556
f 2558/2616/2558 2367/2410/2368 2368/2411/2367 2372/2415/2373
f 2558/2616/2558 2560/2618/2559 2559/2617/2560 2557/2615/2556
f 2558/2616/2558 2372/2415/2373 2561/2619/2561 2560/2618/2559
f 2561/2619/2561 2372/2415/2373 2373/2416/2372 2377/2420/2378
f 2561/2619/2561 2563/2621/2562 2562/2620/2563 2560/2618/2559
f 2561/2619/2561 2377/2420/2378 2564/2622/2564 2563/2621/2562
f 2564/2622/2564 2377/2420/2378 2378/2421/2377 2382/2425/2383
f 2564/2622/2564 2566/2624/2565 2565/2623/2566 2563/2621/2562
f 2564/2622/2564 2382/2425/2383 2567/2625/2567 2566/2624/2565
f 2567/2625/2567 2382/2425/2383 2383/2426/2382 2387/2430/2388
f 2567/2625/2567 2569/2627/2568 2568/2626/2569 2566/2624/2565
f 2567/2625/2567 2387/2430/2388 2570/2628/2570 2569/2627/2568
f 2570/2628/2570 2387/2430/2388 2388/2431/2387 2392/2435/2393
f 2570/2628/2570 2572/2630/2571 2571/2629/2572 2569/2627/2568
f 2570/2628/2570 2392/2435/2393 2573/2631/2573 2572/2630/2571
f 2573/2631/2573 2392/2435/2393 2393/2436/2392 2397/2440/2398
f 2573/2631/2573 2575/2633/2574 2574/2632/2575 2572/2630/2571
f 2573/2631/2573 2397/2440/2398 2576/2634/2576 2575/2633/2574
f 2576/2634/2576 2397/2440/2398 2398/2441/2397 2402/2445/2403
f 2576/2634/2576 2578/2636/2577 2577/2635/2578 2575/2633/2574
f 2576/2634/2576 2402/2445/2403 2579/2637/2579 2578/2636/2577
f 2579/2637/2579 2402/2445/2403 2403/2446/2402 2407/2450/2408
f 2579/2637/2579 2581/2639/2580 2580/2638/2581 2578/2636/2577
f 2579/2637/2579 2407/2450/2408 2582/2640/2582 2581/2639/2580
f 2582/2640/2582 2407/2450/2408 2408/2451/2407 2412/2455/2413
f 2582/2640/2582 2584/2642/2583 2583/2641/2584 2581/2639/2580
f 2582/2640/2582 2412/2455/2413 2585/2643/2585 2584/2642/2583
f 2585/2643/2585 2412/2455/2413 2413/2456/2412 2417/2460/2418
f 2585/2643/2585 2587/2645/2586 2586/2644/2587 2584/2642/2583
f 2585/2643/2585 2417/2460/2418 2588/2646/2588 2587/2645/2586
f 2588/2646/2588 2417/2460/2418 2418/2461/2417 2422/2465/2423
f 2588/2646/2588 2590/2648/2589 2589/2647/2590 2587/2645/2586
f 2588/2646/2588 2422/2465/2423 2591/2649/2591 2590/2648/2589
f 2591/2649/2591 2422/2465/2423 2423/2466/2422 2427/2470/2428
f 2591/2649/2591 2593/2651/2592 2592/2650/2593 2590/2648/2589
f 2591/2649/2591 2427/2470/2428 2594/2652/2594 2593/2651/2592
f 2594/2652/2594 2427/2470/2428 2428/2471/2427 2431/2474/2432
f 2594/2652/2594 2596/2654/2595 2595/2653/2596 2593/2651/2592
f 2594/2652/2594 2431/2474/2432 2433/2476/2434 2596/2654/2595
f 2596/2654/2595 2598/2656/2597 2597/2655/2598 2595/2653/2596
f 2596/2654/2595 2433/2476/2434 2435/2478/2436 2598/2656/2597
f 2598/2656/2597 2600/2658/2599 2599/2657/2600 2597/2655/2598
f 2598/2656/2597 2435/2478/2436 2601/2659/2601 2600/2658/2599
f 2601/2659/2601 2435/2478/2436 2436/2479/2435 2439/2482/2440
f 2601/2659/2601 2603/2661/2602 2602/2660/2603 2600/2658/2599
f 2601/2659/2601 2439/2482/2440 2441/2487/2442 2603/2661/2602
f 2603/2662/2602 2605/2665/2604 2604/2664/2605 2602/2663/2603
f 2603/2662/2602 2441/2490/2442 2443/2491/2444 2605/2665/2604
f 2605/2665/2604 2607/2667/2606 2606/2666/2607 2604/2664/2605
f 2605/2665/2604 2443/2491/2444 2445/2493/2446 2607/2667/2606
f 2607/2667/2606 2609/2669/2608 2608/2668/2609 2606/2666/2607
f 2607/2667/2606 2445/2493/2446 2610/2670/2610 2609/2669/2608
f 2610/2670/2610 2445/2493/2446 2446/2494/2445 2449/2497/2450
f 2610/2670/2610 2612/2672/2611 2611/2671/2612 2609/2669/2608
f 2610/2670/2610 2449/2497/2450 2613/2673/2613 2612/2672/2611
f 2613/2673/2613 2449/2497/2450 2450/2498/2449 2452/2500/2453
f 2613/2673/2613 2615/2675/2614 2614/2674/2615 2612/2672/2611
f 2613/2673/2613 2452/2500/2453 2616/2676/2616 2615/2675/2614
f 2616/2676/2616 2304/2343/2301 2305/2344/2300 2615/2675/2614
f 2616/2676/2616 2618/2678/2617 2617/2677/2618 2304/2343/2301
f 2616/2676/2616 2452/2500/2453 2453/2501/2452 2618/2678/2617
f 2618/2678/2617 2620/2680/2619 2619/2679/2620 2617/2677/2618
f 2618/2678/2617 2453/2501/2452 2454/2502/2455 2620/2680/2619
f 2620/2680/2619 2622/2682/2621 2621/2681/2622 2619/2679/2620
f 2620/2680/2619 2454/2502/2455 2623/2683/2623 2622/2682/2621
f 2623/2684/2623 2625/2687/2624 2624/2686/2625 2622/2685/2621
f 2623/2684/2623 2457/2689/2458 2626/2688/2626 2625/2687/2624
f 2623/2683/2623 2454/2502/2455 2455/2503/2454 2457/2505/2458
f 2626/2688/2626 2466/2517/2467 2627/2690/2627 2625/2687/2624
f 2626/2688/2626 2460/2510/2461 2463/2514/2464 2466/2517/2467
f 2626/2688/2626 2457/2689/2458 2458/2509/2457 2460/2510/2461
f 2627/2690/2627 2628/2691/2628 2624/2686/2625 2625/2687/2624
f 2627/2690/2627 2469/2520/2470 2629/2692/2629 2628/2691/2628
f 2627/2690/2627 2466/2517/2467 2467/2518/2466 2469/2520/2470
f 2629/2692/2629 2294/2331/2286 2291/2328/2285 2628/2691/2628
f 2629/2692/2629 2472/2523/2473 2630/2693/2630 2294/2331/2286
f 2629/2692/2629 2469/2520/2470 2470/2521/2469 2472/2523/2473
f 2630/2693/2630 2631/2694/2631 2293/2330/2287 2294/2331/2286
f 2630/2693/2630 2475/2526/2476 2632/2695/2632 2631/2694/2631
f 2630/2693/2630 2472/2523/2473 2473/2524/2472 2475/2526/2476
f 2632/2695/2632 2634/2697/2633 2633/2696/2634 2631/2694/2631
f 2632/2695/2632 2478/2529/2479 2635/2698/2635 2634/2697/2633
f 2632/2695/2632 2475/2526/2476 2476/2527/2475 2478/2529/2479
f 2635/2698/2635 2637/2700/2636 2636/2699/2637 2634/2697/2633
f 2635/2698/2635 2481/2532/2482 2638/2701/2638 2637/2700/2636
f 2635/2698/2635 2478/2529/2479 2479/2530/2478 2481/2532/2482
f 2638/2701/2638 2640/2703/2639 2639/2702/2640 2637/2700/2636
f 2638/2701/2638 2484/2535/2485 2641/2704/2641 2640/2703/2639
f 2638/2701/2638 2481/2532/2482 2482/2533/2481 2484/2535/2485
f 2641/2704/2641 2643/2706/2642 2642/2705/2643 2640/2703/2639
f 2641/2704/2641 2487/2538/2488 2644/2707/2644 2643/2706/2642
f 2641/2704/2641 2484/2535/2485 2485/2536/2484 2487/2538/2488
f 2644/2707/2644 2646/2709/2645 2645/2708/2646 2643/2706/2642
f 2644/2707/2644 2490/2541/2491 2647/2710/2647 2646/2709/2645
f 2644/2707/2644 2487/2538/2488 2488/2539/2487 2490/2541/2491
f 2647/2710/2647 2649/2712/2648 2648/2711/2649 2646/2709/2645
f 2647/2710/2647 2493/2544/2494 2650/2713/2650 2649/2712/2648
f 2647/2710/2647 2490/2541/2491 2491/2542/2490 2493/2544/2494
f 2650/2713/2650 2652/2715/2651 2651/2714/2652 2649/2712/2648
f 2650/2713/2650 2496/2547/2497 2653/2716/2653 2652/2715/2651
f 2650/2713/2650 2493/2544/2494 2494/2545/2493 2496/2547/2497
f 2653/2716/2653 2655/2718/2654 2654/2717/2655 2652/2715/2651
f 2653/2716/2653 2499/2550/2500 2656/2719/2656 2655/2718/2654
f 2653/2716/2653 2496/2547/2497 2497/2548/2496 2499/2550/2500
f 2656/2719/2656 2658/2721/2657 2657/2720/2658 2655/2718/2654
f 2656/2719/2656 2502/2553/2503 2659/2722/2659 2658/2721/2657
f 2656/2719/2656 2499/2550/2500 2500/2551/2499 2502/2553/2503
f 2659/2722/2659 2661/2724/2660 2660/2723/2661 2658/2721/2657
f 2659/2722/2659 2505/2556/2506 2662/2725/2662 2661/2724/2660
f 2659/2722/2659 2502/2553/2503 2503/2554/2502 2505/2556/2506
f 2662/2725/2662 2664/2727/2663 2663/2726/2664 2661/2724/2660
f 2662/2725/2662 2508/2559/2509 2665/2728/2665 2664/2727/2663
f 2662/2725/2662 2505/2556/2506 2506/2557/2505 2508/2559/2509
f 2665/2728/2665 2667/2730/2666 2666/2729/2667 2664/2727/2663
f 2665/2728/2665 2511/2562/2512 2668/2731/2668 2667/2730/2666
f 2665/2728/2665 2508/2559/2509 2509/2560/2508 2511/2562/2512
f 2668/2732/2668 2670/2735/2669 2669/2734/2670 2667/2733/2666
f 2668/2732/2668 2514/2737/2515 2671/2736/2671 2670/2735/2669
f 2668/2731/2668 2511/2562/2512 2512/2563/2511 2514/2565/2515
f 2671/2736/2671 2673/2739/2672 2672/2738/2673 2670/2735/2669
f 2671/2736/2671 2517/2741/2518 2674/2740/2674 2673/2739/2672
f 2671/2736/2671 2514/2737/2515 2515/2742/2514 2517/2741/2518
f 2674/2740/2674 2676/2744/2675 2675/2743/2676 2673/2739/2672
f 2674/2740/2674 2520/2573/2521 2522/2577/2523 2676/2744/2675
f 2674/2740/2674 2517/2741/2518 2518/2572/2517 2520/2573/2521
f 2676/2744/2675 2678/2746/2677 2677/2745/2678 2675/2743/2676
f 2676/2744/2675 2522/2577/2523 2524/2580/2525 2678/2746/2677
f 2678/2746/2677 2680/2748/2679 2679/2747/2680 2677/2745/2678
f 2678/2746/2677 2524/2580/2525 2681/2749/2681 2680/2748/2679
f 2681/2749/2681 2683/2751/2682 2682/2750/2683 2680/2748/2679
f 2681/2749/2681 2527/2583/2528 2684/2752/2684 2683/2751/2682
f 2681/2749/2681 2524/2580/2525 2525/2581/2524 2527/2583/2528
f 2684/2752/2684 2686/2754/2685 2685/2753/2686 2683/2751/2682
f 2684/2752/2684 2530/2588/2531 2687/2755/2687 2686/2754/2685
f 2684/2752/2684 2527/2583/2528 2528/2584/2527 2530/2588/2531
f 2687/2755/2687 2324/2366/2323 2688/2756/2688 2686/2754/2685
f 2687/2755/2687 2689/2757/2689 2323/2365/2321 2324/2366/2323
f 2687/2755/2687 2530/2588/2531 2531/2589/2530 2689/2757/2689
f 2689/2757/2689 2690/2758/2690 2322/2364/2322 2323/2365/2321
f 2689/2757/2689 2531/2589/2530 2532/2590/2533 2690/2758/2690
f 2690/2758/2690 2692/2760/2691 2691/2759/2692 2322/2364/2322
f 2690/2758/2690 2532/2590/2533 2534/2592/2535 2692/2760/2691
f 2692/2760/2691 2694/2762/2693 2693/2761/2694 2691/2759/2692
f 2692/2760/2691 2534/2592/2535 2536/2594/2537 2694/2762/2693
f 2694/2762/2693 2696/2764/2695 2695/2763/2696 2693/2761/2694
f 2694/2762/2693 2536/2594/2537 2697/2765/2697 2696/2764/2695
f 2697/2765/2697 2536/2594/2537 2537/2595/2536 2539/2597/2540
f 2697/2765/2697 2315/2356/2311 2316/2357/2315 2696/2764/2695
f 2697/2765/2697 2539/2597/2540 2314/2355/2312 2315/2356/2311
f 2696/2764/2695 2316/2357/2315 2698/2766/2698 2695/2763/2696
f 2698/2766/2698 2701/2769/2699 2700/2768/2700 2699/2767/2701
f 2698/2766/2698 2316/2357/2315 2317/2358/2314 2701/2769/2699
f 2698/2766/2698 2699/2767/2701 2702/2770/2702 2695/2763/2696
f 2702/2770/2702 2699/2767/2701 2704/2772/2703 2703/2771/2704
f 2702/2770/2702 2705/2773/2705 2693/2761/2694 2695/2763/2696
f 2702/2770/2702 2703/2771/2704 2706/2774/2706 2705/2773/2705
f 2706/2774/2706 2703/2771/2704 2708/2776/2707 2707/2775/2708
f 2706/2774/2706 2710/2778/2709 2709/2777/2710 2705/2773/2705
f 2706/2774/2706 2707/2775/2708 2711/2779/2711 2710/2778/2709
f 2711/2779/2711 2707/2775/2708 2713/2781/2712 2712/2780/2713
f 2711/2779/2711 2714/2782/2714 2320/2362/2319 2710/2778/2709
f 2711/2779/2711 2712/2780/2713 2715/2783/2715 2714/2782/2714
f 2715/2783/2715 2712/2780/2713 2717/2785/2716 2716/2784/2717
f 2715/2783/2715 2719/2787/2718 2718/2786/2719 2714/2782/2714
f 2715/2783/2715 2716/2784/2717 2720/2788/2720 2719/2787/2718
f 2720/2788/2720 2716/2784/2717 2722/2790/2721 2721/2789/2722
f 2720/2788/2720 2724/2792/2723 2723/2791/2724 2719/2787/2718
f 2720/2788/2720 2721/2789/2722 2725/2793/2725 2724/2792/2723
f 2725/2793/2725 2721/2789/2722 2727/2795/2726 2726/2794/2727
f 2725/2793/2725 2729/2797/2728 2728/2796/2729 2724/2792/2723
f 2725/2793/2725 2726/2794/2727 2730/2798/2730 2729/2797/2728
f 2730/2798/2730 2726/2794/2727 2732/2800/2731 2731/2799/2732
f 2730/2798/2730 2734/2802/2733 2733/2801/2734 2729/2797/2728
f 2730/2798/2730 2731/2799/2732 2735/2803/2735 2734/2802/2733
f 2735/2803/2735 2731/2799/2732 2737/2805/2736 2736/2804/2737
f 2735/2803/2735 2739/2807/2738 2738/2806/2739 2734/2802/2733
f 2735/2803/2735 2736/2804/2737 2740/2808/2740 2739/2807/2738
f 2740/2808/2740 2736/2804/2737 2742/2810/2741 2741/2809/2742
f 2740/2808/2740 2744/2812/2743 2743/2811/2744 2739/2807/2738
f 2740/2808/2740 2741/2809/2742 2745/2813/2745 2744/2812/2743
f 2745/2813/2745 2741/2809/2742 2747/2815/2746 2746/2814/2747
f 2745/2813/2745 2749/2817/2748 2748/2816/2749 2744/2812/2743
f 2745/2813/2745 2746/2814/2747 2750/2818/2750 2749/2817/2748
f 2750/2818/2750 2746/2814/2747 2752/2820/2751 2751/2819/2752
f 2750/2818/2750 2754/2822/2753 2753/2821/2754 2749/2817/2748
f 2750/2818/2750 2751/2819/2752 2755/2823/2755 2754/2822/2753
f 2755/2823/2755 2751/2819/2752 2757/2825/2756 2756/2824/2757
f 2755/2823/2755 2759/2827/2758 2758/2826/2759 2754/2822/2753
f 2755/2823/2755 2756/2824/2757 2760/2828/2760 2759/2827/2758
f 2760/2828/2760 2756/2824/2757 2762/2830/2761 2761/2829/2762
f 2760/2828/2760 2764/2832/2763 2763/2831/2764 2759/2827/2758
f 2760/2828/2760 2761/2829/2762 2765/2833/2765 2764/2832/2763
f 2765/2833/2765 2761/2829/2762 2767/2835/2766 2766/2834/2767
f 2765/2836/2765 2769/2839/2768 2768/2838/2769 2764/2837/2763
f 2765/2836/2765 2766/2841/2767 2770/2840/2770 2769/2839/2768
f 2770/2840/2770 2766/2841/2767 2772/2843/2771 2771/2842/2772
f 2770/2840/2770 2774/2845/2773 2773/2844/2774 2769/2839/2768
f 2770/2840/2770 2771/2842/2772 2775/2846/2775 2774/2845/2773
f 2775/2846/2775 2771/2842/2772 2777/2848/2776 2776/2847/2777
f 2775/2846/2775 2779/2850/2778 2778/2849/2779 2774/2845/2773
f 2775/2846/2775 2776/2847/2777 2780/2851/2780 2779/2850/2778
f 2780/2851/2780 2776/2847/2777 2606/2666/2607 2608/2668/2609
f 2780/2851/2780 2782/2853/2781 2781/2852/2782 2779/2850/2778
f 2780/2851/2780 2608/2668/2609 2783/2854/2783 2782/2853/2781
f 2783/2854/2783 2608/2668/2609 2609/2669/2608 2611/2671/2612
f 2783/2854/2783 2785/2856/2784 2784/2855/2785 2782/2853/2781
f 2783/2854/2783 2611/2671/2612 2786/2857/2786 2785/2856/2784
f 2786/2857/2786 2611/2671/2612 2612/2672/2611 2614/2674/2615
f 2786/2857/2786 2788/2859/2787 2787/2858/2788 2785/2856/2784
f 2786/2857/2786 2614/2674/2615 2306/2345/2302 2788/2859/2787
f 2788/2859/2787 2790/2861/2789 2789/2860/2790 2787/2858/2788
f 2788/2859/2787 2306/2345/2302 2301/2340/2299 2790/2861/2789
f 2790/2861/2789 2792/2863/2791 2791/2862/2792 2789/2860/2790
f 2790/2861/2789 2301/2340/2299 2302/2341/2298 2792/2863/2791
f 2792/2863/2791 2793/2864/2793 2639/2702/2640 2791/2862/2792
f 2792/2863/2791 2302/2341/2298 2794/2865/2794 2793/2864/2793
f 2794/2865/2794 2302/2341/2298 2303/2342/2297 2795/2866/2795
f 2794/2865/2794 2796/2867/2796 2636/2699/2637 2793/2864/2793
f 2794/2865/2794 2795/2866/2795 2797/2868/2797 2796/2867/2796
f 2797/2868/2797 2798/2869/2798 2633/2696/2634 2796/2867/2796
f 2797/2868/2797 2619/2679/2620 2621/2681/2622 2798/2869/2798
f 2797/2868/2797 2795/2866/2795 2617/2677/2618 2619/2679/2620
f 2798/2869/2798 2293/2330/2287 2631/2694/2631 2633/2696/2634
f 2798/2869/2798 2621/2681/2622 2292/2870/2288 2293/2330/2287
f 2796/2867/2796 2633/2696/2634 2634/2697/2633 2636/2699/2637
f 2795/2866/2795 2303/2342/2297 2304/2343/2301 2617/2677/2618
f 2793/2864/2793 2636/2699/2637 2637/2700/2636 2639/2702/2640
f 2791/2862/2792 2642/2705/2643 2799/2871/2799 2789/2860/2790
f 2791/2862/2792 2639/2702/2640 2640/2703/2639 2642/2705/2643
f 2799/2871/2799 2800/2872/2800 2787/2858/2788 2789/2860/2790
f 2799/2871/2799 2645/2708/2646 2801/2873/2801 2800/2872/2800
f 2799/2871/2799 2642/2705/2643 2643/2706/2642 2645/2708/2646
f 2801/2873/2801 2802/2874/2802 2784/2855/2785 2800/2872/2800
f 2801/2873/2801 2648/2711/2649 2803/2875/2803 2802/2874/2802
f 2801/2873/2801 2645/2708/2646 2646/2709/2645 2648/2711/2649
f 2803/2875/2803 2804/2876/2804 2781/2852/2782 2802/2874/2802
f 2803/2875/2803 2651/2714/2652 2805/2877/2805 2804/2876/2804
f 2803/2875/2803 2648/2711/2649 2649/2712/2648 2651/2714/2652
f 2805/2877/2805 2806/2878/2806 2778/2849/2779 2804/2876/2804
f 2805/2877/2805 2654/2717/2655 2807/2879/2807 2806/2878/2806
f 2805/2877/2805 2651/2714/2652 2652/2715/2651 2654/2717/2655
f 2807/2879/2807 2808/2880/2808 2773/2844/2774 2806/2878/2806
f 2807/2879/2807 2657/2720/2658 2809/2881/2809 2808/2880/2808
f 2807/2879/2807 2654/2717/2655 2655/2718/2654 2657/2720/2658
f 2809/2881/2809 2810/2882/2810 2768/2838/2769 2808/2880/2808
f 2809/2881/2809 2660/2723/2661 2811/2883/2811 2810/2882/2810
f 2809/2881/2809 2657/2720/2658 2658/2721/2657 2660/2723/2661
f 2811/2883/2811 2812/2885/2812 2763/2884/2764 2810/2882/2810
f 2811/2883/2811 2663/2726/2664 2813/2886/2813 2812/2885/2812
f 2811/2883/2811 2660/2723/2661 2661/2724/2660 2663/2726/2664
f 2813/2887/2813 2814/2889/2814 2758/2826/2759 2812/2888/2812
f 2813/2887/2813 2666/2891/2667 2815/2890/2815 2814/2889/2814
f 2813/2886/2813 2663/2726/2664 2664/2727/2663 2666/2729/2667
f 2815/2890/2815 2816/2892/2816 2753/2821/2754 2814/2889/2814
f 2815/2890/2815 2669/2734/2670 2817/2893/2817 2816/2892/2816
f 2815/2890/2815 2666/2891/2667 2667/2733/2666 2669/2734/2670
f 2817/2893/2817 2818/2894/2818 2748/2816/2749 2816/2892/2816
f 2817/2893/2817 2672/2738/2673 2819/2895/2819 2818/2894/2818
f 2817/2893/2817 2669/2734/2670 2670/2735/2669 2672/2738/2673
f 2819/2895/2819 2820/2896/2820 2743/2811/2744 2818/2894/2818
f 2819/2895/2819 2675/2743/2676 2677/2745/2678 2820/2896/2820
f 2819/2895/2819 2672/2738/2673 2673/2739/2672 2675/2743/2676
f 2820/2896/2820 2738/2806/2739 2739/2807/2738 2743/2811/2744
f 2820/2896/2820 2677/2745/2678 2679/2747/2680 2738/2806/2739
f 2818/2894/2818 2743/2811/2744 2744/2812/2743 2748/2816/2749
f 2816/2892/2816 2748/2816/2749 2749/2817/2748 2753/2821/2754
f 2814/2889/2814 2753/2821/2754 2754/2822/2753 2758/2826/2759
f 2812/2888/2812 2758/2826/2759 2759/2827/2758 2763/2831/2764
f 2810/2882/2810 2763/2884/2764 2764/2837/2763 2768/2838/2769
f 2808/2880/2808 2768/2838/2769 2769/2839/2768 2773/2844/2774
f 2806/2878/2806 2773/2844/2774 2774/2845/2773 2778/2849/2779
f 2804/2876/2804 2778/2849/2779 2779/2850/2778 2781/2852/2782
f 2802/2874/2802 2781/2852/2782 2782/2853/2781 2784/2855/2785
f 2800/2872/2800 2784/2855/2785 2785/2856/2784 2787/2858/2788
f 2777/2848/2776 2821/2897/2821 2602/2663/2603 2604/2664/2605
f 2777/2848/2776 2771/2842/2772 2772/2843/2771 2821/2897/2821
f 2777/2848/2776 2604/2664/2605 2606/2666/2607 2776/2847/2777
f 2821/2898/2821 2599/2657/2600 2600/2658/2599 2602/2660/2603
f 2821/2898/2821 2772/2900/2771 2822/2899/2822 2599/2657/2600
f 2822/2899/2822 2823/2901/2823 2597/2655/2598 2599/2657/2600
f 2822/2899/2822 2767/2835/2766 2824/2902/2824 2823/2901/2823
f 2822/2899/2822 2772/2900/2771 2766/2834/2767 2767/2835/2766
f 2824/2902/2824 2826/2904/2825 2825/2903/2826 2823/2901/2823
f 2824/2902/2824 2762/2830/2761 2827/2905/2827 2826/2904/2825
f 2824/2902/2824 2767/2835/2766 2761/2829/2762 2762/2830/2761
f 2827/2905/2827 2829/2907/2828 2828/2906/2829 2826/2904/2825
f 2827/2905/2827 2757/2825/2756 2830/2908/2830 2829/2907/2828
f 2827/2905/2827 2762/2830/2761 2756/2824/2757 2757/2825/2756
f 2830/2908/2830 2832/2910/2831 2831/2909/2832 2829/2907/2828
f 2830/2908/2830 2752/2820/2751 2833/2911/2833 2832/2910/2831
f 2830/2908/2830 2757/2825/2756 2751/2819/2752 2752/2820/2751
f 2833/2911/2833 2835/2913/2834 2834/2912/2835 2832/2910/2831
f 2833/2911/2833 2747/2815/2746 2836/2914/2836 2835/2913/2834
f 2833/2911/2833 2752/2820/2751 2746/2814/2747 2747/2815/2746
f 2836/2914/2836 2838/2916/2837 2837/2915/2838 2835/2913/2834
f 2836/2914/2836 2742/2810/2741 2839/2917/2839 2838/2916/2837
f 2836/2914/2836 2747/2815/2746 2741/2809/2742 2742/2810/2741
f 2839/2917/2839 2841/2919/2840 2840/2918/2841 2838/2916/2837
f 2839/2917/2839 2737/2805/2736 2842/2920/2842 2841/2919/2840
f 2839/2917/2839 2742/2810/2741 2736/2804/2737 2737/2805/2736
f 2842/2920/2842 2844/2922/2843 2843/2921/2844 2841/2919/2840
f 2842/2920/2842 2732/2800/2731 2845/2923/2845 2844/2922/2843
f 2842/2920/2842 2737/2805/2736 2731/2799/2732 2732/2800/2731
f 2845/2923/2845 2847/2925/2846 2846/2924/2847 2844/2922/2843
f 2845/2923/2845 2727/2795/2726 2848/2926/2848 2847/2925/2846
f 2845/2923/2845 2732/2800/2731 2726/2794/2727 2727/2795/2726
f 2848/2926/2848 2850/2928/2849 2849/2927/2850 2847/2925/2846
f 2848/2926/2848 2722/2790/2721 2851/2929/2851 2850/2928/2849
f 2848/2926/2848 2727/2795/2726 2721/2789/2722 2722/2790/2721
f 2851/2929/2851 2853/2931/2852 2852/2930/2853 2850/2928/2849
f 2851/2929/2851 2717/2785/2716 2854/2932/2854 2853/2931/2852
f 2851/2929/2851 2722/2790/2721 2716/2784/2717 2717/2785/2716
f 2854/2932/2854 2856/2934/2855 2855/2933/2856 2853/2931/2852
f 2854/2932/2854 2713/2781/2712 2857/2935/2857 2856/2934/2855
f 2854/2932/2854 2717/2785/2716 2712/2780/2713 2713/2781/2712
f 2857/2935/2857 2859/2937/2858 2858/2936/2859 2856/2934/2855
f 2857/2935/2857 2708/2776/2707 2860/2938/2860 2859/2937/2858
f 2857/2935/2857 2713/2781/2712 2707/2775/2708 2708/2776/2707
f 2860/2938/2860 2862/2940/2861 2861/2939/2862 2859/2937/2858
f 2860/2938/2860 2704/2772/2703 2863/2941/2863 2862/2940/2861
f 2860/2938/2860 2708/2776/2707 2703/2771/2704 2704/2772/2703
f 2863/2941/2863 2865/2943/2864 2864/2942/2865 2862/2940/2861
f 2863/2941/2863 2700/2768/2700 2866/2944/2866 2865/2943/2864
f 2863/2941/2863 2704/2772/2703 2699/2767/2701 2700/2768/2700
f 2866/2944/2866 2312/2352/2309 2867/2945/2867 2865/2943/2864
f 2866/2944/2866 2868/2946/2868 2311/2351/2307 2312/2352/2309
f 2866/2944/2866 2700/2768/2700 2701/2769/2699 2868/2946/2868
f 2868/2946/2868 2318/2359/2316 2310/2350/2308 2311/2351/2307
f 2868/2946/2868 2701/2769/2699 2317/2358/2314 2318/2359/2316
f 2867/2945/2867 2550/2608/2551 2551/2609/2550 2553/2611/2554
f 2867/2945/2867 2312/2352/2309 2307/2347/2306 2550/2608/2551
f 2867/2945/2867 2553/2611/2554 2864/2942/2865 2865/2943/2864
f 2864/2942/2865 2553/2611/2554 2554/2612/2553 2556/2614/2557
f 2864/2942/2865 2556/2614/2557 2861/2939/2862 2862/2940/2861
f 2861/2939/2862 2556/2614/2557 2557/2615/2556 2559/2617/2560
f 2861/2939/2862 2559/2617/2560 2858/2936/2859 2859/2937/2858
f 2858/2936/2859 2559/2617/2560 2560/2618/2559 2562/2620/2563
f 2858/2936/2859 2562/2620/2563 2855/2933/2856 2856/2934/2855
f 2855/2933/2856 2562/2620/2563 2563/2621/2562 2565/2623/2566
f 2855/2933/2856 2565/2623/2566 2852/2930/2853 2853/2931/2852
f 2852/2930/2853 2565/2623/2566 2566/2624/2565 2568/2626/2569
f 2852/2930/2853 2568/2626/2569 2849/2927/2850 2850/2928/2849
f 2849/2927/2850 2568/2626/2569 2569/2627/2568 2571/2629/2572
f 2849/2927/2850 2571/2629/2572 2846/2924/2847 2847/2925/2846
f 2846/2924/2847 2571/2629/2572 2572/2630/2571 2574/2632/2575
f 2846/2924/2847 2574/2632/2575 2843/2921/2844 2844/2922/2843
f 2843/2921/2844 2574/2632/2575 2575/2633/2574 2577/2635/2578
f 2843/2921/2844 2577/2635/2578 2840/2918/2841 2841/2919/2840
f 2840/2918/2841 2577/2635/2578 2578/2636/2577 2580/2638/2581
f 2840/2918/2841 2580/2638/2581 2837/2915/2838 2838/2916/2837
f 2837/2915/2838 2580/2638/2581 2581/2639/2580 2583/2641/2584
f 2837/2915/2838 2583/2641/2584 2834/2912/2835 2835/2913/2834
f 2834/2912/2835 2583/2641/2584 2584/2642/2583 2586/2644/2587
f 2834/2912/2835 2586/2644/2587 2831/2909/2832 2832/2910/2831
f 2831/2909/2832 2586/2644/2587 2587/2645/2586 2589/2647/2590
f 2831/2909/2832 2589/2647/2590 2828/2906/2829 2829/2907/2828
f 2828/2906/2829 2589/2647/2590 2590/2648/2589 2592/2650/2593
f 2828/2906/2829 2592/2650/2593 2825/2903/2826 2826/2904/2825
f 2825/2903/2826 2592/2650/2593 2593/2651/2592 2595/2653/2596
f 2825/2903/2826 2595/2653/2596 2597/2655/2598 2823/2901/2823
f 2738/2806/2739 2679/2747/2680 2733/2801/2734 2734/2802/2733
f 2733/2801/2734 2682/2750/2683 2728/2796/2729 2729/2797/2728
f 2733/2801/2734 2679/2747/2680 2680/2748/2679 2682/2750/2683
f 2728/2796/2729 2685/2753/2686 2723/2791/2724 2724/2792/2723
f 2728/2796/2729 2682/2750/2683 2683/2751/2682 2685/2753/2686
f 2723/2791/2724 2688/2756/2688 2718/2786/2719 2719/2787/2718
f 2723/2791/2724 2685/2753/2686 2686/2754/2685 2688/2756/2688
f 2718/2786/2719 2319/2361/2320 2320/2362/2319 2714/2782/2714
f 2718/2786/2719 2688/2756/2688 2324/2366/2323 2319/2361/2320
f 2710/2778/2709 2320/2362/2319 2321/2363/2318 2709/2777/2710
f 2709/2777/2710 2691/2759/2692 2693/2761/2694 2705/2773/2705
f 2709/2777/2710 2321/2363/2318 2322/2364/2322 2691/2759/2692
f 2628/2691/2628 2291/2328/2285 2292/2329/2288 2624/2686/2625
f 2624/2686/2625 2292/2329/2288 2621/2947/2622 2622/2685/2621
f 2615/2675/2614 2305/2344/2300 2306/2345/2302 2614/2674/2615
f 2550/2608/2551 2307/2347/2306 2308/2348/2305 2548/2606/2548
f 2546/2604/2545 2308/2348/2305 2309/2349/2304 2545/2603/2546
f 2545/2603/2546 2869/2948/2869 2542/2600/2543 2543/2601/2542
f 2545/2603/2546 2309/2349/2304 2310/2350/2308 2869/2948/2869
f 2869/2948/2869 2313/2354/2313 2314/2355/2312 2542/2600/2543
f 2869/2948/2869 2310/2350/2308 2318/2359/2316 2313/2354/2313
f 2542/2600/2543 2314/2355/2312 2539/2597/2540 2540/2598/2539
s 27
f 2870/2949/2870 2880/2952/2871 2879/2951/2872 2878/2950/2873
f 2870/2949/2870 2882/2954/2874 2881/2953/2875 2880/2952/2871
f 2870/2949/2870 2878/2950/2873 2883/2955/2876 2882/2954/2874
f 2871/2956/2877 2886/2959/2878 2885/2958/2879 2884/2957/2880
f 2871/2956/2877 2888/2961/2881 2887/2960/2882 2886/2959/2878
f 2871/2956/2877 2884/2957/2880 2889/2962/2883 2888/2961/2881
f 2872/2963/2884 2892/2966/2885 2891/2965/2886 2890/2964/2887
f 2872/2963/2884 2890/2964/2887 2894/2968/2888 2893/2967/2889
f 2872/2963/2884 2893/2967/2889 2895/2969/2890 2892/2966/2885
f 2873/2970/2891 2898/2973/2892 2897/2972/2893 2896/2971/2894
f 2873/2970/2891 2900/2975/2895 2899/2974/2896 2898/2973/2892
f 2873/2976/2891 2896/2979/2894 2901/2978/2897 2900/2977/2895
f 2874/2980/2898 2904/2983/2899 2903/2982/2900 2902/2981/2901
f 2874/2980/2898 2906/2985/2902 2905/2984/2903 2904/2983/2899
f 2874/2980/2898 2902/2981/2901 2907/2986/2904 2906/2985/2902
f 2875/2987/2905 2910/2990/2906 2909/2989/2907 2908/2988/2908
f 2875/2987/2905 2912/2992/2909 2911/2991/2910 2910/2990/2906
f 2875/2987/2905 2908/2988/2908 2913/2993/2911 2912/2992/2909
f 2876/2994/2912 2916/2997/2913 2915/2996/2914 2914/2995/2915
f 2876/2994/2912 2918/2999/2916 2917/2998/2917 2916/2997/2913
f 2876/2994/2912 2914/2995/2915 2919/3000/2918 2918/2999/2916
f 2877/3001/2919 2922/3004/2920 2921/3003/2921 2920/3002/2922
f 2877/3001/2919 2924/3006/2923 2923/3005/2924 2922/3004/2920
f 2877/3001/2919 2920/3002/2922 2925/3007/2925 2924/3006/2923
f 2925/3007/2925 2920/3002/2922 2927/3009/2926 2926/3008/2927
f 2925/3010/2925 2929/3013/2928 2928/3012/2929 2924/3011/2923
f 2925/3007/2925 2926/3008/2927 2930/3015/2930 2929/3014/2928
f 2930/3015/2930 2926/3008/2927 2932/3017/2931 2931/3016/2932
f 2930/3015/2930 2884/2957/2880 2885/2958/2879 2929/3014/2928
f 2930/3015/2930 2931/3016/2932 2889/2962/2883 2884/2957/2880
f 2932/3017/2931 2935/3020/2933 2934/3019/2934 2933/3018/2935
f 2932/3017/2931 2926/3008/2927 2927/3009/2926 2935/3020/2933
f 2932/3017/2931 2933/3018/2935 2936/3021/2936 2931/3016/2932
f 2936/3021/2936 2933/3018/2935 2916/2997/2913 2917/2998/2917
f 2936/3021/2936 2937/3022/2937 2889/2962/2883 2931/3016/2932
f 2936/3021/2936 2917/2998/2917 2938/3023/2938 2937/3022/2937
f 2938/3023/2938 2940/3025/2939 2939/3024/2940 2937/3022/2937
f 2938/3023/2938 2942/3027/2941 2941/3026/2942 2940/3025/2939
f 2938/3023/2938 2917/2998/2917 2918/2999/2916 2942/3027/2941
f 2942/3027/2941 2944/3029/2943 2943/3028/2944 2941/3026/2942
f 2942/3027/2941 2918/2999/2916 2919/3000/2918 2944/3029/2943
f 2944/3029/2943 2946/3031/2945 2945/3030/2946 2943/3028/2944
f 2944/3029/2943 2919/3000/2918 2947/3032/2947 2946/3031/2945
f 2947/3032/2947 2949/3034/2948 2948/3033/2949 2946/3031/2945
f 2947/3032/2947 2951/3036/2950 2950/3035/2951 2949/3034/2948
f 2947/3032/2947 2919/3000/2918 2914/2995/2915 2951/3036/2950
f 2951/3036/2950 2953/3038/2952 2952/3037/2953 2950/3035/2951
f 2951/3036/2950 2914/2995/2915 2915/2996/2914 2953/3038/2952
f 2953/3038/2952 2955/3040/2954 2954/3039/2955 2952/3037/2953
f 2953/3038/2952 2915/2996/2914 2934/3019/2934 2955/3040/2954
f 2955/3040/2954 2957/3042/2956 2956/3041/2957 2954/3039/2955
f 2955/3040/2954 2934/3019/2934 2935/3020/2933 2957/3042/2956
f 2957/3042/2956 2959/3044/2958 2958/3043/2959 2956/3041/2957
f 2957/3042/2956 2935/3020/2933 2927/3009/2926 2959/3044/2958
f 2959/3044/2958 2921/3003/2921 2960/3045/2960 2958/3043/2959
f 2959/3044/2958 2927/3009/2926 2920/3002/2922 2921/3003/2921
f 2960/3045/2960 2962/3047/2961 2961/3046/2962 2958/3043/2959
f 2960/3045/2960 2964/3049/2963 2963/3048/2964 2962/3047/2961
f 2960/3045/2960 2921/3003/2921 2922/3004/2920 2964/3049/2963
f 2964/3049/2963 2966/3051/2965 2965/3050/2966 2963/3048/2964
f 2964/3049/2963 2922/3004/2920 2923/3005/2924 2966/3051/2965
f 2966/3052/2965 2968/3055/2967 2967/3054/2968 2965/3053/2966
f 2966/3052/2965 2923/3057/2924 2969/3056/2969 2968/3055/2967
f 2969/3056/2969 2971/3059/2970 2970/3058/2971 2968/3055/2967
f 2969/3056/2969 2928/3012/2929 2972/3060/2972 2971/3059/2970
f 2969/3056/2969 2923/3057/2924 2924/3011/2923 2928/3012/2929
f 2972/3060/2972 2974/3062/2973 2973/3061/2974 2971/3059/2970
f 2972/3060/2972 2885/3064/2879 2886/3063/2878 2974/3062/2973
f 2972/3060/2972 2928/3012/2929 2929/3013/2928 2885/3064/2879
f 2974/3062/2973 2976/3066/2975 2975/3065/2976 2973/3061/2974
f 2974/3062/2973 2886/3063/2878 2887/3067/2882 2976/3066/2975
f 2976/3066/2975 2978/3069/2977 2977/3068/2978 2975/3065/2976
f 2976/3066/2975 2887/3067/2882 2979/3070/2979 2978/3069/2977
f 2979/3070/2979 2981/3072/2980 2980/3071/2981 2978/3069/2977
f 2979/3073/2979 2939/3024/2940 2940/3025/2939 2981/3074/2980
f 2979/3073/2979 2887/2960/2882 2888/2961/2881 2939/3024/2940
f 2981/3074/2980 2899/2974/2896 2900/2975/2895 2980/3075/2981
f 2981/3074/2980 2940/3025/2939 2941/3026/2942 2899/2974/2896
f 2980/3071/2981 2982/3076/2982 2977/3068/2978 2978/3069/2977
f 2980/3071/2981 2900/2977/2895 2901/2978/2897 2982/3076/2982
f 2982/3076/2982 2984/3078/2983 2983/3077/2984 2977/3068/2978
f 2982/3076/2982 2901/2978/2897 2985/3079/2985 2984/3078/2983
f 2985/3079/2985 2987/3081/2986 2986/3080/2987 2984/3078/2983
f 2985/3079/2985 2989/3083/2988 2988/3082/2989 2987/3081/2986
f 2985/3079/2985 2901/2978/2897 2896/2979/2894 2989/3083/2988
f 2989/3084/2988 2991/3086/2990 2990/3085/2991 2988/3082/2989
f 2989/3084/2988 2896/2971/2894 2897/2972/2893 2991/3086/2990
f 2991/3086/2990 2993/3088/2992 2992/3087/2993 2990/3085/2991
f 2991/3086/2990 2897/2972/2893 2945/3030/2946 2993/3088/2992
f 2993/3088/2992 2948/3033/2949 2994/3089/2994 2992/3087/2993
f 2993/3088/2992 2945/3030/2946 2946/3031/2945 2948/3033/2949
f 2994/3089/2994 2996/3091/2995 2995/3090/2996 2992/3087/2993
f 2994/3089/2994 2998/3093/2997 2997/3092/2998 2996/3091/2995
f 2994/3089/2994 2948/3033/2949 2949/3034/2948 2998/3093/2997
f 2998/3093/2997 3000/3095/2999 2999/3094/3000 2997/3092/2998
f 2998/3093/2997 2949/3034/2948 2950/3035/2951 3000/3095/2999
f 3000/3095/2999 3002/3097/3001 3001/3096/3002 2999/3094/3000
f 3000/3095/2999 2950/3035/2951 2952/3037/2953 3002/3097/3001
f 3002/3097/3001 3004/3099/3003 3003/3098/3004 3001/3096/3002
f 3002/3097/3001 2952/3037/2953 2954/3039/2955 3004/3099/3003
f 3004/3099/3003 3006/3101/3005 3005/3100/3006 3003/3098/3004
f 3004/3099/3003 2954/3039/2955 2956/3041/2957 3006/3101/3005
f 3006/3101/3005 2961/3046/2962 3007/3102/3007 3005/3100/3006
f 3006/3101/3005 2956/3041/2957 2958/3043/2959 2961/3046/2962
f 3007/3102/3007 3009/3104/3008 3008/3103/3009 3005/3100/3006
f 3007/3102/3007 3011/3106/3010 3010/3105/3011 3009/3104/3008
f 3007/3102/3007 2961/3046/2962 2962/3047/2961 3011/3106/3010
f 3011/3106/3010 3013/3108/3012 3012/3107/3013 3010/3105/3011
f 3011/3106/3010 2962/3047/2961 2963/3048/2964 3013/3108/3012
f 3013/3108/3012 3015/3110/3014 3014/3109/3015 3012/3107/3013
f 3013/3108/3012 2963/3048/2964 2965/3050/2966 3015/3110/3014
f 3015/3111/3014 3017/3114/3016 3016/3113/3017 3014/3112/3015
f 3015/3111/3014 2965/3053/2966 2967/3054/2968 3017/3114/3016
f 3017/3114/3016 3019/3116/3018 3018/3115/3019 3016/3113/3017
f 3017/3114/3016 2967/3054/2968 3020/3117/3020 3019/3116/3018
f 3020/3117/3020 3022/3119/3021 3021/3118/3022 3019/3116/3018
f 3020/3117/3020 2970/3058/2971 3023/3120/3023 3022/3119/3021
f 3020/3117/3020 2967/3054/2968 2968/3055/2967 2970/3058/2971
f 3023/3120/3023 3025/3122/3024 3024/3121/3025 3022/3119/3021
f 3023/3120/3023 2973/3061/2974 2975/3065/2976 3025/3122/3024
f 3023/3120/3023 2970/3058/2971 2971/3059/2970 2973/3061/2974
f 3025/3122/3024 2983/3077/2984 3026/3123/3026 3024/3121/3025
f 3025/3122/3024 2975/3065/2976 2977/3068/2978 2983/3077/2984
f 3026/3123/3026 3028/3125/3027 3027/3124/3028 3024/3121/3025
f 3026/3123/3026 2986/3080/2987 3029/3126/3029 3028/3125/3027
f 3026/3123/3026 2983/3077/2984 2984/3078/2983 2986/3080/2987
f 3029/3126/3029 3031/3128/3030 3030/3127/3031 3028/3125/3027
f 3029/3126/3029 3033/3130/3032 3032/3129/3033 3031/3128/3030
f 3029/3126/3029 2986/3080/2987 2987/3081/2986 3033/3130/3032
f 3033/3130/3032 3035/3132/3034 3034/3131/3035 3032/3129/3033
f 3033/3130/3032 2987/3081/2986 2988/3082/2989 3035/3132/3034
f 3035/3132/3034 3037/3134/3036 3036/3133/3037 3034/3131/3035
f 3035/3132/3034 2988/3082/2989 2990/3085/2991 3037/3134/3036
f 3037/3134/3036 2995/3090/2996 3038/3135/3038 3036/3133/3037
f 3037/3134/3036 2990/3085/2991 2992/3087/2993 2995/3090/2996
f 3038/3135/3038 3040/3137/3039 3039/3136/3040 3036/3133/3037
f 3038/3135/3038 3042/3139/3041 3041/3138/3042 3040/3137/3039
f 3038/3135/3038 2995/3090/2996 2996/3091/2995 3042/3139/3041
f 3042/3139/3041 3044/3141/3043 3043/3140/3044 3041/3138/3042
f 3042/3139/3041 2996/3091/2995 2997/3092/2998 3044/3141/3043
f 3044/3141/3043 3046/3143/3045 3045/3142/3046 3043/3140/3044
f 3044/3141/3043 2997/3092/2998 2999/3094/3000 3046/3143/3045
f 3046/3143/3045 3048/3145/3047 3047/3144/3048 3045/3142/3046
f 3046/3143/3045 2999/3094/3000 3001/3096/3002 3048/3145/3047
f 3048/3145/3047 3050/3147/3049 3049/3146/3050 3047/3144/3048
f 3048/3145/3047 3001/3096/3002 3003/3098/3004 3050/3147/3049
f 3050/3147/3049 3008/3103/3009 3051/3148/3051 3049/3146/3050
f 3050/3147/3049 3003/3098/3004 3005/3100/3006 3008/3103/3009
f 3051/3148/3051 3053/3150/3052 3052/3149/3053 3049/3146/3050
f 3051/3148/3051 3055/3152/3054 3054/3151/3055 3053/3150/3052
f 3051/3148/3051 3008/3103/3009 3009/3104/3008 3055/3152/3054
f 3055/3152/3054 3057/3154/3056 3056/3153/3057 3054/3151/3055
f 3055/3152/3054 3009/3104/3008 3010/3105/3011 3057/3154/3056
f 3057/3154/3056 3059/3156/3058 3058/3155/3059 3056/3153/3057
f 3057/3154/3056 3010/3105/3011 3012/3107/3013 3059/3156/3058
f 3059/3156/3058 3061/3158/3060 3060/3157/3061 3058/3155/3059
f 3059/3156/3058 3012/3107/3013 3014/3109/3015 3061/3158/3060
f 3061/3159/3060 3063/3162/3062 3062/3161/3063 3060/3160/3061
f 3061/3159/3060 3014/3112/3015 3016/3113/3017 3063/3162/3062
f 3063/3162/3062 3065/3164/3064 3064/3163/3065 3062/3161/3063
f 3063/3162/3062 3016/3113/3017 3018/3115/3019 3065/3164/3064
f 3065/3164/3064 3067/3166/3066 3066/3165/3067 3064/3163/3065
f 3065/3164/3064 3018/3115/3019 3068/3167/3068 3067/3166/3066
f 3068/3167/3068 3070/3169/3069 3069/3168/3070 3067/3166/3066
f 3068/3167/3068 3021/3118/3022 3027/3124/3028 3070/3169/3069
f 3068/3167/3068 3018/3115/3019 3019/3116/3018 3021/3118/3022
f 3070/3169/3069 3030/3127/3031 3071/3170/3071 3069/3168/3070
f 3070/3169/3069 3027/3124/3028 3028/3125/3027 3030/3127/3031
f 3071/3170/3071 3073/3172/3072 3072/3171/3073 3069/3168/3070
f 3071/3170/3071 3075/3174/3074 3074/3173/3075 3073/3172/3072
f 3071/3170/3071 3030/3127/3031 3031/3128/3030 3075/3174/3074
f 3075/3174/3074 3077/3176/3076 3076/3175/3077 3074/3173/3075
f 3075/3174/3074 3031/3128/3030 3032/3129/3033 3077/3176/3076
f 3077/3176/3076 3079/3178/3078 3078/3177/3079 3076/3175/3077
f 3077/3176/3076 3032/3129/3033 3034/3131/3035 3079/3178/3078
f 3079/3178/3078 3039/3136/3040 3080/3179/3080 3078/3177/3079
f 3079/3178/3078 3034/3131/3035 3036/3133/3037 3039/3136/3040
f 3080/3179/3080 3082/3181/3081 3081/3180/3082 3078/3177/3079
f 3080/3179/3080 3084/3183/3083 3083/3182/3084 3082/3181/3081
f 3080/3179/3080 3039/3136/3040 3040/3137/3039 3084/3183/3083
f 3084/3183/3083 3086/3185/3085 3085/3184/3086 3083/3182/3084
f 3084/3183/3083 3040/3137/3039 3041/3138/3042 3086/3185/3085
f 3086/3185/3085 3088/3187/3087 3087/3186/3088 3085/3184/3086
f 3086/3185/3085 3041/3138/3042 3043/3140/3044 3088/3187/3087
f 3088/3187/3087 3090/3189/3089 3089/3188/3090 3087/3186/3088
f 3088/3187/3087 3043/3140/3044 3045/3142/3046 3090/3189/3089
f 3090/3189/3089 3092/3191/3091 3091/3190/3092 3089/3188/3090
f 3090/3189/3089 3045/3142/3046 3047/3144/3048 3092/3191/3091
f 3092/3191/3091 3052/3149/3053 3093/3192/3093 3091/3190/3092
f 3092/3191/3091 3047/3144/3048 3049/3146/3050 3052/3149/3053
f 3093/3192/3093 3095/3194/3094 3094/3193/3095 3091/3190/3092
f 3093/3192/3093 3097/3196/3096 3096/3195/3097 3095/3194/3094
f 3093/3192/3093 3052/3149/3053 3053/3150/3052 3097/3196/3096
f 3097/3196/3096 3099/3198/3098 3098/3197/3099 3096/3195/3097
f 3097/3196/3096 3053/3150/3052 3054/3151/3055 3099/3198/3098
f 3099/3198/3098 3101/3200/3100 3100/3199/3101 3098/3197/3099
f 3099/3198/3098 3054/3151/3055 3056/3153/3057 3101/3200/3100
f 3101/3200/3100 3103/3202/3102 3102/3201/3103 3100/3199/3101
f 3101/3200/3100 3056/3153/3057 3058/3155/3059 3103/3202/3102
f 3103/3202/3102 3105/3204/3104 3104/3203/3105 3102/3201/3103
f 3103/3202/3102 3058/3155/3059 3060/3157/3061 3105/3204/3104
f 3105/3205/3104 3107/3208/3106 3106/3207/3107 3104/3206/3105
f 3105/3205/3104 3060/3160/3061 3062/3161/3063 3107/3208/3106
f 3107/3208/3106 3109/3210/3108 3108/3209/3109 3106/3207/3107
f 3107/3208/3106 3062/3161/3063 3064/3163/3065 3109/3210/3108
f 3109/3210/3108 3111/3212/3110 3110/3211/3111 3108/3209/3109
f 3109/3210/3108 3064/3163/3065 3066/3165/3067 3111/3212/3110
f 3111/3212/3110 3113/3214/3112 3112/3213/3113 3110/3211/3111
f 3111/3212/3110 3066/3165/3067 3072/3171/3073 3113/3214/3112
f 3113/3214/3112 3115/3216/3114 3114/3215/3115 3112/3213/3113
f 3113/3214/3112 3072/3171/3073 3073/3172/3072 3115/3216/3114
f 3115/3216/3114 3117/3218/3116 3116/3217/3117 3114/3215/3115
f 3115/3216/3114 3073/3172/3072 3074/3173/3075 3117/3218/3116
f 3117/3218/3116 3119/3220/3118 3118/3219/3119 3116/3217/3117
f 3117/3218/3116 3074/3173/3075 3076/3175/3077 3119/3220/3118
f 3119/3220/3118 3081/3180/3082 3120/3221/3120 3118/3219/3119
f 3119/3220/3118 3076/3175/3077 3078/3177/3079 3081/3180/3082
f 3120/3221/3120 3122/3223/3121 3121/3222/3122 3118/3219/3119
f 3120/3221/3120 3124/3225/3123 3123/3224/3124 3122/3223/3121
f 3120/3221/3120 3081/3180/3082 3082/3181/3081 3124/3225/3123
f 3124/3225/3123 3126/3227/3125 3125/3226/3126 3123/3224/3124
f 3124/3225/3123 3082/3181/3081 3083/3182/3084 3126/3227/3125
f 3126/3227/3125 3128/3229/3127 3127/3228/3128 3125/3226/3126
f 3126/3227/3125 3083/3182/3084 3085/3184/3086 3128/3229/3127
f 3128/3229/3127 3130/3231/3129 3129/3230/3130 3127/3228/3128
f 3128/3229/3127 3085/3184/3086 3087/3186/3088 3130/3231/3129
f 3130/3231/3129 3132/3233/3131 3131/3232/3132 3129/3230/3130
f 3130/3231/3129 3087/3186/3088 3089/3188/3090 3132/3233/3131
f 3132/3233/3131 3094/3193/3095 3133/3234/3133 3131/3232/3132
f 3132/3233/3131 3089/3188/3090 3091/3190/3092 3094/3193/3095
f 3133/3234/3133 3135/3236/3134 3134/3235/3135 3131/3232/3132
f 3133/3234/3133 3137/3238/3136 3136/3237/3137 3135/3236/3134
f 3133/3234/3133 3094/3193/3095 3095/3194/3094 3137/3238/3136
f 3137/3238/3136 3139/3240/3138 3138/3239/3139 3136/3237/3137
f 3137/3238/3136 3095/3194/3094 3096/3195/3097 3139/3240/3138
f 3139/3240/3138 3141/3242/3140 3140/3241/3141 3138/3239/3139
f 3139/3240/3138 3096/3195/3097 3098/3197/3099 3141/3242/3140
f 3141/3242/3140 3143/3244/3142 3142/3243/3143 3140/3241/3141
f 3141/3242/3140 3098/3197/3099 3100/3199/3101 3143/3244/3142
f 3143/3244/3142 3145/3246/3144 3144/3245/3145 3142/3243/3143
f 3143/3244/3142 3100/3199/3101 3102/3201/3103 3145/3246/3144
f 3145/3246/3144 3147/3248/3146 3146/3247/3147 3144/3245/3145
f 3145/3246/3144 3102/3201/3103 3104/3203/3105 3147/3248/3146
f 3147/3249/3146 3149/3252/3148 3148/3251/3149 3146/3250/3147
f 3147/3249/3146 3104/3206/3105 3106/3207/3107 3149/3252/3148
f 3149/3252/3148 3151/3254/3150 3150/3253/3151 3148/3251/3149
f 3149/3252/3148 3106/3207/3107 3108/3209/3109 3151/3254/3150
f 3151/3254/3150 3153/3256/3152 3152/3255/3153 3150/3253/3151
f 3151/3254/3150 3108/3209/3109 3110/3211/3111 3153/3256/3152
f 3153/3256/3152 3155/3258/3154 3154/3257/3155 3152/3255/3153
f 3153/3256/3152 3110/3211/3111 3112/3213/3113 3155/3258/3154
f 3155/3258/3154 3157/3260/3156 3156/3259/3157 3154/3257/3155
f 3155/3258/3154 3112/3213/3113 3114/3215/3115 3157/3260/3156
f 3157/3260/3156 3159/3262/3158 3158/3261/3159 3156/3259/3157
f 3157/3260/3156 3114/3215/3115 3116/3217/3117 3159/3262/3158
f 3159/3262/3158 3121/3222/3122 3160/3263/3160 3158/3261/3159
f 3159/3262/3158 3116/3217/3117 3118/3219/3119 3121/3222/3122
f 3160/3263/3160 3162/3265/3161 3161/3264/3162 3158/3261/3159
f 3160/3263/3160 3164/3267/3163 3163/3266/3164 3162/3265/3161
f 3160/3263/3160 3121/3222/3122 3122/3223/3121 3164/3267/3163
f 3164/3267/3163 3166/3269/3165 3165/3268/3166 3163/3266/3164
f 3164/3267/3163 3122/3223/3121 3123/3224/3124 3166/3269/3165
f 3166/3269/3165 3168/3271/3167 3167/3270/3168 3165/3268/3166
f 3166/3269/3165 3123/3224/3124 3125/3226/3126 3168/3271/3167
f 3168/3271/3167 3170/3273/3169 3169/3272/3170 3167/3270/3168
f 3168/3271/3167 3125/3226/3126 3127/3228/3128 3170/3273/3169
f 3170/3273/3169 3172/3275/3171 3171/3274/3172 3169/3272/3170
f 3170/3273/3169 3127/3228/3128 3129/3230/3130 3172/3275/3171
f 3172/3275/3171 3134/3235/3135 3173/3276/3173 3171/3274/3172
f 3172/3275/3171 3129/3230/3130 3131/3232/3132 3134/3235/3135
f 3173/3276/3173 3175/3278/3174 3174/3277/3175 3171/3274/3172
f 3173/3276/3173 3177/3280/3176 3176/3279/3177 3175/3278/3174
f 3173/3276/3173 3134/3235/3135 3135/3236/3134 3177/3280/3176
f 3177/3280/3176 3179/3282/3178 3178/3281/3179 3176/3279/3177
f 3177/3280/3176 3135/3236/3134 3136/3237/3137 3179/3282/3178
f 3179/3282/3178 3181/3284/3180 3180/3283/3181 3178/3281/3179
f 3179/3282/3178 3136/3237/3137 3138/3239/3139 3181/3284/3180
f 3181/3284/3180 3183/3286/3182 3182/3285/3183 3180/3283/3181
f 3181/3284/3180 3138/3239/3139 3140/3241/3141 3183/3286/3182
f 3183/3286/3182 3185/3288/3184 3184/3287/3185 3182/3285/3183
f 3183/3286/3182 3140/3241/3141 3142/3243/3143 3185/3288/3184
f 3185/3288/3184 3187/3290/3186 3186/3289/3187 3184/3287/3185
f 3185/3288/3184 3142/3243/3143 3144/3245/3145 3187/3290/3186
f 3187/3290/3186 3189/3292/3188 3188/3291/3189 3186/3289/3187
f 3187/3290/3186 3144/3245/3145 3146/3247/3147 3189/3292/3188
f 3189/3293/3188 3191/3296/3190 3190/3295/3191 3188/3294/3189
f 3189/3293/3188 3146/3250/3147 3148/3251/3149 3191/3296/3190
f 3191/3296/3190 3193/3298/3192 3192/3297/3193 3190/3295/3191
f 3191/3296/3190 3148/3251/3149 3150/3253/3151 3193/3298/3192
f 3193/3298/3192 3195/3300/3194 3194/3299/3195 3192/3297/3193
f 3193/3298/3192 3150/3253/3151 3152/3255/3153 3195/3300/3194
f 3195/3300/3194 3197/3302/3196 3196/3301/3197 3194/3299/3195
f 3195/3300/3194 3152/3255/3153 3154/3257/3155 3197/3302/3196
f 3197/3302/3196 3199/3304/3198 3198/3303/3199 3196/3301/3197
f 3197/3302/3196 3154/3257/3155 3156/3259/3157 3199/3304/3198
f 3199/3304/3198 3161/3264/3162 3200/3305/3200 3198/3303/3199
f 3199/3304/3198 3156/3259/3157 3158/3261/3159 3161/3264/3162
f 3200/3305/3200 3202/3307/3201 3201/3306/3202 3198/3303/3199
f 3200/3305/3200 3204/3309/3203 3203/3308/3204 3202/3307/3201
f 3200/3305/3200 3161/3264/3162 3162/3265/3161 3204/3309/3203
f 3204/3309/3203 3206/3311/3205 3205/3310/3206 3203/3308/3204
f 3204/3309/3203 3162/3265/3161 3163/3266/3164 3206/3311/3205
f 3206/3311/3205 3208/3313/3207 3207/3312/3208 3205/3310/3206
f 3206/3311/3205 3163/3266/3164 3165/3268/3166 3208/3313/3207
f 3208/3313/3207 3210/3315/3209 3209/3314/3210 3207/3312/3208
f 3208/3313/3207 3165/3268/3166 3167/3270/3168 3210/3315/3209
f 3210/3315/3209 3212/3317/3211 3211/3316/3212 3209/3314/3210
f 3210/3315/3209 3167/3270/3168 3169/3272/3170 3212/3317/3211
f 3212/3317/3211 3174/3277/3175 3213/3318/3213 3211/3316/3212
f 3212/3317/3211 3169/3272/3170 3171/3274/3172 3174/3277/3175
f 3213/3318/3213 3215/3320/3214 3214/3319/3215 3211/3316/3212
f 3213/3318/3213 3217/3322/3216 3216/3321/3217 3215/3320/3214
f 3213/3318/3213 3174/3277/3175 3175/3278/3174 3217/3322/3216
f 3217/3322/3216 3219/3324/3218 3218/3323/3219 3216/3321/3217
f 3217/3322/3216 3175/3278/3174 3176/3279/3177 3219/3324/3218
f 3219/3324/3218 3221/3326/3220 3220/3325/3221 3218/3323/3219
f 3219/3324/3218 3176/3279/3177 3178/3281/3179 3221/3326/3220
f 3221/3326/3220 3223/3328/3222 3222/3327/3223 3220/3325/3221
f 3221/3326/3220 3178/3281/3179 3180/3283/3181 3223/3328/3222
f 3223/3328/3222 3225/3330/3224 3224/3329/3225 3222/3327/3223
f 3223/3328/3222 3180/3283/3181 3182/3285/3183 3225/3330/3224
f 3225/3330/3224 3227/3332/3226 3226/3331/3227 3224/3329/3225
f 3225/3330/3224 3182/3285/3183 3184/3287/3185 3227/3332/3226
f 3227/3332/3226 3229/3334/3228 3228/3333/3229 3226/3331/3227
f 3227/3332/3226 3184/3287/3185 3186/3289/3187 3229/3334/3228
f 3229/3334/3228 3231/3336/3230 3230/3335/3231 3228/3333/3229
f 3229/3334/3228 3186/3289/3187 3188/3291/3189 3231/3336/3230
f 3231/3337/3230 3233/3340/3232 3232/3339/3233 3230/3338/3231
f 3231/3337/3230 3188/3294/3189 3190/3295/3191 3233/3340/3232
f 3233/3340/3232 3235/3342/3234 3234/3341/3235 3232/3339/3233
f 3233/3340/3232 3190/3295/3191 3192/3297/3193 3235/3342/3234
f 3235/3342/3234 3237/3344/3236 3236/3343/3237 3234/3341/3235
f 3235/3342/3234 3192/3297/3193 3194/3299/3195 3237/3344/3236
f 3237/3344/3236 3239/3346/3238 3238/3345/3239 3236/3343/3237
f 3237/3344/3236 3194/3299/3195 3196/3301/3197 3239/3346/3238
f 3239/3346/3238 3201/3306/3202 3240/3347/3240 3238/3345/3239
f 3239/3346/3238 3196/3301/3197 3198/3303/3199 3201/3306/3202
f 3240/3347/3240 3242/3349/3241 3241/3348/3242 3238/3345/3239
f 3240/3347/3240 3244/3351/3243 3243/3350/3244 3242/3349/3241
f 3240/3347/3240 3201/3306/3202 3202/3307/3201 3244/3351/3243
f 3244/3351/3243 3246/3353/3245 3245/3352/3246 3243/3350/3244
f 3244/3351/3243 3202/3307/3201 3203/3308/3204 3246/3353/3245
f 3246/3353/3245 3248/3355/3247 3247/3354/3248 3245/3352/3246
f 3246/3353/3245 3203/3308/3204 3205/3310/3206 3248/3355/3247
f 3248/3355/3247 3250/3357/3249 3249/3356/3250 3247/3354/3248
f 3248/3355/3247 3205/3310/3206 3207/3312/3208 3250/3357/3249
f 3250/3357/3249 3252/3359/3251 3251/3358/3252 3249/3356/3250
f 3250/3357/3249 3207/3312/3208 3209/3314/3210 3252/3359/3251
f 3252/3359/3251 3214/3319/3215 3253/3360/3253 3251/3358/3252
f 3252/3359/3251 3209/3314/3210 3211/3316/3212 3214/3319/3215
f 3253/3360/3253 3255/3362/3254 3254/3361/3255 3251/3358/3252
f 3253/3360/3253 3257/3364/3256 3256/3363/3257 3255/3362/3254
f 3253/3360/3253 3214/3319/3215 3215/3320/3214 3257/3364/3256
f 3257/3364/3256 3259/3366/3258 3258/3365/3259 3256/3363/3257
f 3257/3364/3256 3215/3320/3214 3216/3321/3217 3259/3366/3258
f 3259/3366/3258 3261/3368/3260 3260/3367/3261 3258/3365/3259
f 3259/3366/3258 3216/3321/3217 3218/3323/3219 3261/3368/3260
f 3261/3368/3260 3263/3370/3262 3262/3369/3263 3260/3367/3261
f 3261/3368/3260 3218/3323/3219 3220/3325/3221 3263/3370/3262
f 3263/3370/3262 3265/3372/3264 3264/3371/3265 3262/3369/3263
f 3263/3370/3262 3220/3325/3221 3222/3327/3223 3265/3372/3264
f 3265/3372/3264 3267/3374/3266 3266/3373/3267 3264/3371/3265
f 3265/3372/3264 3222/3327/3223 3224/3329/3225 3267/3374/3266
f 3267/3374/3266 3269/3376/3268 3268/3375/3269 3266/3373/3267
f 3267/3374/3266 3224/3329/3225 3226/3331/3227 3269/3376/3268
f 3269/3376/3268 3271/3378/3270 3270/3377/3271 3268/3375/3269
f 3269/3376/3268 3226/3331/3227 3228/3333/3229 3271/3378/3270
f 3271/3378/3270 3273/3380/3272 3272/3379/3273 3270/3377/3271
f 3271/3378/3270 3228/3333/3229 3230/3335/3231 3273/3380/3272
f 3273/3381/3272 3275/3384/3274 3274/3383/3275 3272/3382/3273
f 3273/3381/3272 3230/3338/3231 3232/3339/3233 3275/3384/3274
f 3275/3384/3274 3277/3386/3276 3276/3385/3277 3274/3383/3275
f 3275/3384/3274 3232/3339/3233 3234/3341/3235 3277/3386/3276
f 3277/3386/3276 3279/3388/3278 3278/3387/3279 3276/3385/3277
f 3277/3386/3276 3234/3341/3235 3236/3343/3237 3279/3388/3278
f 3279/3388/3278 3241/3348/3242 3280/3389/3280 3278/3387/3279
f 3279/3388/3278 3236/3343/3237 3238/3345/3239 3241/3348/3242
f 3280/3389/3280 3282/3391/3281 3281/3390/3282 3278/3387/3279
f 3280/3389/3280 3284/3393/3283 3283/3392/3284 3282/3391/3281
f 3280/3389/3280 3241/3348/3242 3242/3349/3241 3284/3393/3283
f 3284/3393/3283 3286/3395/3285 3285/3394/3286 3283/3392/3284
f 3284/3393/3283 3242/3349/3241 3243/3350/3244 3286/3395/3285
f 3286/3395/3285 3288/3397/3287 3287/3396/3288 3285/3394/3286
f 3286/3395/3285 3243/3350/3244 3245/3352/3246 3288/3397/3287
f 3288/3397/3287 3290/3399/3289 3289/3398/3290 3287/3396/3288
f 3288/3397/3287 3245/3352/3246 3247/3354/3248 3290/3399/3289
f 3290/3399/3289 3292/3401/3291 3291/3400/3292 3289/3398/3290
f 3290/3399/3289 3247/3354/3248 3249/3356/3250 3292/3401/3291
f 3292/3401/3291 3254/3361/3255 3293/3402/3293 3291/3400/3292
f 3292/3401/3291 3249/3356/3250 3251/3358/3252 3254/3361/3255
f 3293/3402/3293 3295/3404/3294 3294/3403/3295 3291/3400/3292
f 3293/3402/3293 3297/3406/3296 3296/3405/3297 3295/3404/3294
f 3293/3402/3293 3254/3361/3255 3255/3362/3254 3297/3406/3296
f 3297/3406/3296 3298/3407/3298 2881/2953/2875 3296/3405/3297
f 3297/3406/3296 3255/3362/3254 3256/3363/3257 3298/3407/3298
f 3298/3407/3298 3299/3408/3299 2880/2952/2871 2881/2953/2875
f 3298/3407/3298 3256/3363/3257 3258/3365/3259 3299/3408/3299
f 3299/3408/3299 3300/3409/3300 2879/2951/2872 2880/2952/2871
f 3299/3408/3299 3258/3365/3259 3260/3367/3261 3300/3409/3300
f 3300/3409/3300 3302/3411/3301 3301/3410/3302 2879/2951/2872
f 3300/3409/3300 3260/3367/3261 3262/3369/3263 3302/3411/3301
f 3302/3411/3301 3304/3413/3303 3303/3412/3304 3301/3410/3302
f 3302/3411/3301 3262/3369/3263 3264/3371/3265 3304/3413/3303
f 3304/3413/3303 3306/3415/3305 3305/3414/3306 3303/3412/3304
f 3304/3413/3303 3264/3371/3265 3266/3373/3267 3306/3415/3305
f 3306/3415/3305 3307/3416/3307 2891/2965/2886 3305/3414/3306
f 3306/3415/3305 3266/3373/3267 3268/3375/3269 3307/3416/3307
f 3307/3416/3307 3308/3417/3308 2890/2964/2887 2891/2965/2886
f 3307/3416/3307 3268/3375/3269 3270/3377/3271 3308/3417/3308
f 3308/3417/3308 3309/3418/3309 2894/2968/2888 2890/2964/2887
f 3308/3417/3308 3270/3377/3271 3272/3379/3273 3309/3418/3309
f 3309/3419/3309 3311/3422/3310 3310/3421/3311 2894/3420/2888
f 3309/3419/3309 3272/3382/3273 3274/3383/3275 3311/3422/3310
f 3311/3422/3310 3313/3424/3312 3312/3423/3313 3310/3421/3311
f 3311/3422/3310 3274/3383/3275 3276/3385/3277 3313/3424/3312
f 3313/3424/3312 3281/3390/3282 2905/2984/2903 3312/3423/3313
f 3313/3424/3312 3276/3385/3277 3278/3387/3279 3281/3390/3282
f 3312/3423/3313 3315/3426/3314 3314/3425/3315 3310/3421/3311
f 3312/3423/3313 2905/2984/2903 2906/2985/2902 3315/3426/3314
f 3315/3427/3314 3317/3430/3316 3316/3429/3317 3314/3428/3315
f 3315/3426/3314 2906/2985/2902 2907/2986/2904 3317/3431/3316
f 3317/3430/3316 3319/3433/3318 3318/3432/3319 3316/3429/3317
f 3317/3431/3316 2907/2986/2904 3320/3435/3320 3319/3434/3318
f 3320/3435/3320 3322/3437/3321 3321/3436/3322 3319/3434/3318
f 3320/3435/3320 3324/3439/3323 3323/3438/3324 3322/3437/3321
f 3320/3435/3320 2907/2986/2904 2902/2981/2901 3324/3439/3323
f 3324/3439/3323 3326/3441/3325 3325/3440/3326 3323/3438/3324
f 3324/3439/3323 2902/2981/2901 2903/2982/2900 3326/3441/3325
f 3326/3441/3325 3285/3394/3286 3287/3396/3288 3325/3440/3326
f 3326/3441/3325 2903/2982/2900 3283/3392/3284 3285/3394/3286
f 3325/3440/3326 3327/3442/3327 2911/2991/2910 3323/3438/3324
f 3325/3440/3326 3287/3396/3288 3289/3398/3290 3327/3442/3327
f 3327/3442/3327 3294/3403/3295 2910/2990/2906 2911/2991/2910
f 3327/3442/3327 3289/3398/3290 3291/3400/3292 3294/3403/3295
f 3323/3438/3324 2911/2991/2910 2912/2992/2909 3322/3437/3321
f 3322/3437/3321 2912/2992/2909 2913/2993/2911 3321/3436/3322
f 3321/3443/3322 2913/2993/2911 3329/3445/3328 3328/3444/3329
f 3321/3443/3322 3328/3444/3329 3318/3432/3319 3319/3433/3318
f 3329/3445/3328 3331/3447/3330 2883/2955/2876 3330/3446/3331
f 3329/3445/3328 2913/2993/2911 2908/2988/2908 3331/3447/3330
f 3329/3445/3328 3330/3446/3331 3332/3448/3332 3328/3444/3329
f 3332/3448/3332 3330/3446/3331 3334/3450/3333 3333/3449/3334
f 3332/3448/3332 3335/3451/3335 3318/3432/3319 3328/3444/3329
f 3332/3448/3332 3333/3449/3334 3336/3452/3336 3335/3451/3335
f 3336/3452/3336 2892/2966/2885 2895/2969/2890 3335/3451/3335
f 3336/3452/3336 3305/3414/3306 2891/2965/2886 2892/2966/2885
f 3336/3452/3336 3333/3449/3334 3303/3412/3304 3305/3414/3306
f 3335/3451/3335 2895/2969/2890 3316/3429/3317 3318/3432/3319
f 3334/3450/3333 2878/2950/2873 2879/2951/2872 3301/3410/3302
f 3334/3450/3333 3330/3446/3331 2883/2955/2876 2878/2950/2873
f 3334/3450/3333 3301/3410/3302 3303/3412/3304 3333/3449/3334
f 3331/3447/3330 3337/3453/3337 2882/2954/2874 2883/2955/2876
f 3331/3447/3330 2908/2988/2908 2909/2989/2907 3337/3453/3337
f 3337/3453/3337 3296/3405/3297 2881/2953/2875 2882/2954/2874
f 3337/3453/3337 2909/2989/2907 3295/3404/3294 3296/3405/3297
f 3316/3429/3317 2895/2969/2890 2893/2967/2889 3314/3428/3315
f 3314/3425/3315 2893/3454/2889 2894/3420/2888 3310/3421/3311
f 3295/3404/3294 2909/2989/2907 2910/2990/2906 3294/3403/3295
f 3283/3392/3284 2903/2982/2900 2904/2983/2899 3282/3391/3281
f 3282/3391/3281 2904/2983/2899 2905/2984/2903 3281/3390/3282
f 3072/3171/3073 3066/3165/3067 3067/3166/3066 3069/3168/3070
f 3027/3124/3028 3021/3118/3022 3022/3119/3021 3024/3121/3025
f 2945/3030/2946 2897/2972/2893 2898/2973/2892 2943/3028/2944
f 2943/3028/2944 2898/2973/2892 2899/2974/2896 2941/3026/2942
f 2939/3024/2940 2888/2961/2881 2889/2962/2883 2937/3022/2937
f 2934/3019/2934 2915/2996/2914 2916/2997/2913 2933/3018/2935
s 35
f 3338/3455/3338 3348/3458/3339 3347/3457/3340 3346/3456/3341
f 3338/3455/3338 3346/3456/3341 3350/3460/3342 3349/3459/3343
f 3338/3455/3338 3349/3459/3343 3351/3461/3344 3348/3458/3339
f 3339/3462/3345 3354/3465/3346 3353/3464/3347 3352/3463/3348
f 3339/3462/3345 3356/3467/3349 3355/3466/3350 3354/3465/3346
f 3339/3462/3345 3352/3463/3348 3357/3468/3351 3356/3467/3349
f 3340/3469/3352 3360/3472/3353 3359/3471/3354 3358/3470/3355
f 3340/3469/3352 3358/3470/3355 3362/3474/3356 3361/3473/3357
f 3340/3469/3352 3361/3473/3357 3363/3475/3358 3360/3472/3353
f 3341/3476/3359 3366/3479/3360 3365/3478/3361 3364/3477/3362
f 3341/3480/3359 3364/3483/3362 3368/3482/3363 3367/3481/3364
f 3341/3476/3359 3367/3485/3364 3369/3484/3365 3366/3479/3360
f 3342/3486/3366 3372/3489/3367 3371/3488/3368 3370/3487/3369
f 3342/3486/3366 3370/3487/3369 3374/3491/3370 3373/3490/3371
f 3342/3486/3366 3373/3490/3371 3375/3492/3372 3372/3489/3367
f 3343/3493/3373 3378/3496/3374 3377/3495/3375 3376/3494/3376
f 3343/3497/3373 3380/3500/3377 3379/3499/3378 3378/3498/3374
f 3343/3493/3373 3376/3494/3376 3381/3502/3379 3380/3501/3377
f 3344/3503/3380 3384/3506/3381 3383/3505/3382 3382/3504/3383
f 3344/3503/3380 3386/3508/3384 3385/3507/3385 3384/3506/3381
f 3344/3503/3380 3382/3504/3383 3387/3509/3386 3386/3508/3384
f 3345/3510/3387 3390/3513/3388 3389/3512/3389 3388/3511/3390
f 3345/3510/3387 3392/3515/3391 3391/3514/3392 3390/3513/3388
f 3345/3510/3387 3388/3511/3390 3393/3516/3393 3392/3515/3391
f 3393/3516/3393 3395/3518/3394 3394/3517/3395 3392/3515/3391
f 3393/3516/3393 3397/3520/3396 3396/3519/3397 3395/3518/3394
f 3393/3516/3393 3388/3511/3390 3398/3521/3398 3397/3520/3396
f 3398/3521/3398 3400/3523/3399 3399/3522/3400 3362/3474/3356
f 3398/3521/3398 3388/3511/3390 3389/3512/3389 3400/3523/3399
f 3398/3521/3398 3362/3474/3356 3358/3470/3355 3397/3520/3396
f 3400/3523/3399 3402/3525/3401 3401/3524/3402 3399/3522/3400
f 3400/3523/3399 3389/3512/3389 3403/3526/3403 3402/3525/3401
f 3403/3526/3403 3405/3528/3404 3404/3527/3405 3402/3525/3401
f 3403/3526/3403 3407/3530/3406 3406/3529/3407 3405/3528/3404
f 3403/3526/3403 3389/3512/3389 3390/3513/3388 3407/3530/3406
f 3407/3530/3406 3409/3532/3408 3408/3531/3409 3406/3529/3407
f 3407/3530/3406 3390/3513/3388 3391/3514/3392 3409/3532/3408
f 3409/3532/3408 3411/3534/3410 3410/3533/3411 3408/3531/3409
f 3409/3532/3408 3391/3514/3392 3412/3535/3412 3411/3534/3410
f 3412/3535/3412 3414/3537/3413 3413/3536/3414 3411/3534/3410
f 3412/3535/3412 3394/3517/3395 3415/3538/3415 3414/3537/3413
f 3412/3535/3412 3391/3514/3392 3392/3515/3391 3394/3517/3395
f 3415/3538/3415 3417/3540/3416 3416/3539/3417 3414/3537/3413
f 3415/3538/3415 3419/3542/3418 3418/3541/3419 3417/3540/3416
f 3415/3538/3415 3394/3517/3395 3395/3518/3394 3419/3542/3418
f 3419/3542/3418 3421/3544/3420 3420/3543/3421 3418/3541/3419
f 3419/3542/3418 3395/3518/3394 3396/3519/3397 3421/3544/3420
f 3421/3544/3420 3423/3546/3422 3422/3545/3423 3420/3543/3421
f 3421/3544/3420 3396/3519/3397 3359/3471/3354 3423/3546/3422
f 3423/3546/3422 3424/3547/3424 3353/3464/3347 3422/3545/3423
f 3423/3546/3422 3359/3471/3354 3360/3472/3353 3424/3547/3424
f 3424/3547/3424 3425/3548/3425 3352/3463/3348 3353/3464/3347
f 3424/3547/3424 3360/3472/3353 3363/3475/3358 3425/3548/3425
f 3425/3548/3425 3426/3549/3426 3357/3468/3351 3352/3463/3348
f 3425/3548/3425 3363/3475/3358 3427/3550/3427 3426/3549/3426
f 3427/3550/3427 3429/3552/3428 3428/3551/3429 3426/3549/3426
f 3427/3550/3427 3431/3554/3430 3430/3553/3431 3429/3552/3428
f 3427/3550/3427 3363/3475/3358 3361/3473/3357 3431/3554/3430
f 3431/3554/3430 3399/3522/3400 3401/3524/3402 3430/3553/3431
f 3431/3554/3430 3361/3473/3357 3362/3474/3356 3399/3522/3400
f 3430/3553/3431 3433/3556/3432 3432/3555/3433 3429/3552/3428
f 3430/3553/3431 3401/3524/3402 3434/3557/3434 3433/3556/3432
f 3434/3557/3434 3436/3559/3435 3435/3558/3436 3433/3556/3432
f 3434/3557/3434 3404/3527/3405 3437/3560/3437 3436/3559/3435
f 3434/3557/3434 3401/3524/3402 3402/3525/3401 3404/3527/3405
f 3437/3560/3437 3439/3562/3438 3438/3561/3439 3436/3559/3435
f 3437/3560/3437 3441/3564/3440 3440/3563/3441 3439/3562/3438
f 3437/3560/3437 3404/3527/3405 3405/3528/3404 3441/3564/3440
f 3441/3564/3440 3443/3566/3442 3442/3565/3443 3440/3563/3441
f 3441/3564/3440 3405/3528/3404 3406/3529/3407 3443/3566/3442
f 3443/3566/3442 3445/3568/3444 3444/3567/3445 3442/3565/3443
f 3443/3566/3442 3406/3529/3407 3408/3531/3409 3445/3568/3444
f 3445/3568/3444 3447/3570/3446 3446/3569/3447 3444/3567/3445
f 3445/3568/3444 3408/3531/3409 3410/3533/3411 3447/3570/3446
f 3447/3570/3446 3449/3572/3448 3448/3571/3449 3446/3569/3447
f 3447/3570/3446 3410/3533/3411 3450/3573/3450 3449/3572/3448
f 3450/3573/3450 3452/3575/3451 3451/3574/3452 3449/3572/3448
f 3450/3573/3450 3413/3536/3414 3453/3576/3453 3452/3575/3451
f 3450/3573/3450 3410/3533/3411 3411/3534/3410 3413/3536/3414
f 3453/3576/3453 3347/3457/3340 3454/3577/3454 3452/3575/3451
f 3453/3576/3453 3416/3539/3417 3346/3456/3341 3347/3457/3340
f 3453/3576/3453 3413/3536/3414 3414/3537/3413 3416/3539/3417
f 3454/3577/3454 3455/3578/3455 3451/3574/3452 3452/3575/3451
f 3454/3577/3454 3457/3580/3456 3456/3579/3457 3455/3578/3455
f 3454/3577/3454 3347/3457/3340 3348/3458/3339 3457/3580/3456
f 3457/3580/3456 3459/3582/3458 3458/3581/3459 3456/3579/3457
f 3457/3580/3456 3348/3458/3339 3351/3461/3344 3459/3582/3458
f 3459/3583/3458 3461/3586/3460 3460/3585/3461 3458/3584/3459
f 3459/3582/3458 3351/3461/3344 3462/3588/3462 3461/3587/3460
f 3462/3588/3462 3464/3590/3463 3463/3589/3464 3461/3587/3460
f 3462/3588/3462 3466/3592/3465 3465/3591/3466 3464/3590/3463
f 3462/3588/3462 3351/3461/3344 3349/3459/3343 3466/3592/3465
f 3466/3592/3465 3468/3594/3467 3467/3593/3468 3465/3591/3466
f 3466/3592/3465 3349/3459/3343 3350/3460/3342 3468/3594/3467
f 3468/3594/3467 3418/3541/3419 3420/3543/3421 3467/3593/3468
f 3468/3594/3467 3350/3460/3342 3417/3540/3416 3418/3541/3419
f 3467/3593/3468 3470/3596/3469 3469/3595/3470 3465/3591/3466
f 3467/3593/3468 3420/3543/3421 3422/3545/3423 3470/3596/3469
f 3470/3596/3469 3354/3465/3346 3355/3466/3350 3469/3595/3470
f 3470/3596/3469 3422/3545/3423 3353/3464/3347 3354/3465/3346
f 3469/3595/3470 3471/3597/3471 3464/3590/3463 3465/3591/3466
f 3469/3595/3470 3355/3466/3350 3472/3598/3472 3471/3597/3471
f 3472/3598/3472 3474/3600/3473 3473/3599/3474 3471/3597/3471
f 3472/3598/3472 3476/3602/3475 3475/3601/3476 3474/3600/3473
f 3472/3598/3472 3355/3466/3350 3356/3467/3349 3476/3602/3475
f 3476/3602/3475 3478/3604/3477 3477/3603/3478 3475/3601/3476
f 3476/3602/3475 3356/3467/3349 3357/3468/3351 3478/3604/3477
f 3478/3604/3477 3428/3551/3429 3479/3605/3479 3477/3603/3478
f 3478/3604/3477 3357/3468/3351 3426/3549/3426 3428/3551/3429
f 3479/3605/3479 3481/3607/3480 3480/3606/3481 3477/3603/3478
f 3479/3605/3479 3432/3555/3433 3482/3608/3482 3481/3607/3480
f 3479/3605/3479 3428/3551/3429 3429/3552/3428 3432/3555/3433
f 3482/3608/3482 3484/3610/3483 3483/3609/3484 3481/3607/3480
f 3482/3608/3482 3435/3558/3436 3485/3611/3485 3484/3610/3483
f 3482/3608/3482 3432/3555/3433 3433/3556/3432 3435/3558/3436
f 3485/3611/3485 3487/3613/3486 3486/3612/3487 3484/3610/3483
f 3485/3611/3485 3438/3561/3439 3488/3614/3488 3487/3613/3486
f 3485/3611/3485 3435/3558/3436 3436/3559/3435 3438/3561/3439
f 3488/3614/3488 3490/3616/3489 3489/3615/3490 3487/3613/3486
f 3488/3614/3488 3492/3618/3491 3491/3617/3492 3490/3616/3489
f 3488/3614/3488 3438/3561/3439 3439/3562/3438 3492/3618/3491
f 3492/3618/3491 3494/3620/3493 3493/3619/3494 3491/3617/3492
f 3492/3618/3491 3439/3562/3438 3440/3563/3441 3494/3620/3493
f 3494/3620/3493 3496/3622/3495 3495/3621/3496 3493/3619/3494
f 3494/3620/3493 3440/3563/3441 3442/3565/3443 3496/3622/3495
f 3496/3622/3495 3498/3624/3497 3497/3623/3498 3495/3621/3496
f 3496/3622/3495 3442/3565/3443 3444/3567/3445 3498/3624/3497
f 3498/3624/3497 3500/3626/3499 3499/3625/3500 3497/3623/3498
f 3498/3624/3497 3444/3567/3445 3446/3569/3447 3500/3626/3499
f 3500/3626/3499 3502/3628/3501 3501/3627/3502 3499/3625/3500
f 3500/3626/3499 3446/3569/3447 3448/3571/3449 3502/3628/3501
f 3502/3628/3501 3504/3630/3503 3503/3629/3504 3501/3627/3502
f 3502/3628/3501 3448/3571/3449 3505/3631/3505 3504/3630/3503
f 3505/3631/3505 3507/3633/3506 3506/3632/3507 3504/3630/3503
f 3505/3631/3505 3451/3574/3452 3455/3634/3455 3507/3633/3506
f 3505/3631/3505 3448/3571/3449 3449/3572/3448 3451/3574/3452
f 3507/3635/3506 3509/3638/3508 3508/3637/3509 3506/3636/3507
f 3507/3635/3506 3455/3640/3455 3456/3639/3457 3509/3638/3508
f 3509/3638/3508 3511/3642/3510 3510/3641/3511 3508/3637/3509
f 3509/3638/3508 3456/3639/3457 3458/3584/3459 3511/3642/3510
f 3511/3642/3510 3513/3644/3512 3512/3643/3513 3510/3641/3511
f 3511/3642/3510 3458/3584/3459 3460/3585/3461 3513/3644/3512
f 3513/3644/3512 3515/3646/3514 3514/3645/3515 3512/3643/3513
f 3513/3644/3512 3460/3585/3461 3516/3647/3516 3515/3646/3514
f 3516/3647/3516 3518/3649/3517 3517/3648/3518 3515/3646/3514
f 3516/3647/3516 3463/3651/3464 3473/3650/3474 3518/3649/3517
f 3516/3647/3516 3460/3585/3461 3461/3586/3460 3463/3651/3464
f 3518/3649/3517 3520/3653/3519 3519/3652/3520 3517/3648/3518
f 3518/3649/3517 3473/3650/3474 3474/3654/3473 3520/3653/3519
f 3520/3653/3519 3522/3656/3521 3521/3655/3522 3519/3652/3520
f 3520/3653/3519 3474/3654/3473 3475/3601/3476 3522/3656/3521
f 3522/3656/3521 3480/3606/3481 3523/3657/3523 3521/3655/3522
f 3522/3656/3521 3475/3601/3476 3477/3603/3478 3480/3606/3481
f 3523/3657/3523 3525/3659/3524 3524/3658/3525 3521/3655/3522
f 3523/3657/3523 3483/3609/3484 3526/3660/3526 3525/3659/3524
f 3523/3657/3523 3480/3606/3481 3481/3607/3480 3483/3609/3484
f 3526/3660/3526 3528/3662/3527 3527/3661/3528 3525/3659/3524
f 3526/3660/3526 3486/3612/3487 3529/3663/3529 3528/3662/3527
f 3526/3660/3526 3483/3609/3484 3484/3610/3483 3486/3612/3487
f 3529/3663/3529 3531/3665/3530 3530/3664/3531 3528/3662/3527
f 3529/3663/3529 3489/3615/3490 3532/3666/3532 3531/3665/3530
f 3529/3663/3529 3486/3612/3487 3487/3613/3486 3489/3615/3490
f 3532/3666/3532 3534/3668/3533 3533/3667/3534 3531/3665/3530
f 3532/3666/3532 3536/3670/3535 3535/3669/3536 3534/3668/3533
f 3532/3666/3532 3489/3615/3490 3490/3616/3489 3536/3670/3535
f 3536/3670/3535 3538/3672/3537 3537/3671/3538 3535/3669/3536
f 3536/3670/3535 3490/3616/3489 3491/3617/3492 3538/3672/3537
f 3538/3672/3537 3540/3674/3539 3539/3673/3540 3537/3671/3538
f 3538/3672/3537 3491/3617/3492 3493/3619/3494 3540/3674/3539
f 3540/3674/3539 3542/3676/3541 3541/3675/3542 3539/3673/3540
f 3540/3674/3539 3493/3619/3494 3495/3621/3496 3542/3676/3541
f 3542/3676/3541 3544/3678/3543 3543/3677/3544 3541/3675/3542
f 3542/3676/3541 3495/3621/3496 3497/3623/3498 3544/3678/3543
f 3544/3678/3543 3546/3680/3545 3545/3679/3546 3543/3677/3544
f 3544/3678/3543 3497/3623/3498 3499/3625/3500 3546/3680/3545
f 3546/3680/3545 3548/3682/3547 3547/3681/3548 3545/3679/3546
f 3546/3680/3545 3499/3625/3500 3501/3627/3502 3548/3682/3547
f 3548/3682/3547 3550/3684/3549 3549/3683/3550 3547/3681/3548
f 3548/3682/3547 3501/3627/3502 3503/3629/3504 3550/3684/3549
f 3550/3684/3549 3552/3686/3551 3551/3685/3552 3549/3683/3550
f 3550/3684/3549 3503/3629/3504 3553/3687/3553 3552/3686/3551
f 3553/3688/3553 3555/3691/3554 3554/3690/3555 3552/3689/3551
f 3553/3688/3553 3506/3636/3507 3508/3637/3509 3555/3691/3554
f 3553/3687/3553 3503/3629/3504 3504/3630/3503 3506/3632/3507
f 3555/3691/3554 3557/3693/3556 3556/3692/3557 3554/3690/3555
f 3555/3691/3554 3508/3637/3509 3510/3641/3511 3557/3693/3556
f 3557/3693/3556 3559/3695/3558 3558/3694/3559 3556/3692/3557
f 3557/3693/3556 3510/3641/3511 3512/3643/3513 3559/3695/3558
f 3559/3695/3558 3561/3697/3560 3560/3696/3561 3558/3694/3559
f 3559/3695/3558 3512/3643/3513 3514/3645/3515 3561/3697/3560
f 3561/3697/3560 3563/3699/3562 3562/3698/3563 3560/3696/3561
f 3561/3697/3560 3514/3645/3515 3564/3700/3564 3563/3699/3562
f 3564/3700/3564 3566/3702/3565 3565/3701/3566 3563/3699/3562
f 3564/3700/3564 3517/3648/3518 3519/3652/3520 3566/3702/3565
f 3564/3700/3564 3514/3645/3515 3515/3646/3514 3517/3648/3518
f 3566/3702/3565 3524/3658/3525 3567/3703/3567 3565/3701/3566
f 3566/3702/3565 3519/3652/3520 3521/3655/3522 3524/3658/3525
f 3567/3703/3567 3569/3705/3568 3568/3704/3569 3565/3701/3566
f 3567/3703/3567 3527/3661/3528 3570/3706/3570 3569/3705/3568
f 3567/3703/3567 3524/3658/3525 3525/3659/3524 3527/3661/3528
f 3570/3706/3570 3572/3708/3571 3571/3707/3572 3569/3705/3568
f 3570/3706/3570 3530/3664/3531 3573/3709/3573 3572/3708/3571
f 3570/3706/3570 3527/3661/3528 3528/3662/3527 3530/3664/3531
f 3573/3709/3573 3575/3711/3574 3574/3710/3575 3572/3708/3571
f 3573/3709/3573 3533/3667/3534 3576/3712/3576 3575/3711/3574
f 3573/3709/3573 3530/3664/3531 3531/3665/3530 3533/3667/3534
f 3576/3712/3576 3578/3714/3577 3577/3713/3578 3575/3711/3574
f 3576/3712/3576 3580/3716/3579 3579/3715/3580 3578/3714/3577
f 3576/3712/3576 3533/3667/3534 3534/3668/3533 3580/3716/3579
f 3580/3716/3579 3582/3718/3581 3581/3717/3582 3579/3715/3580
f 3580/3716/3579 3534/3668/3533 3535/3669/3536 3582/3718/3581
f 3582/3718/3581 3584/3720/3583 3583/3719/3584 3581/3717/3582
f 3582/3718/3581 3535/3669/3536 3537/3671/3538 3584/3720/3583
f 3584/3720/3583 3586/3722/3585 3585/3721/3586 3583/3719/3584
f 3584/3720/3583 3537/3671/3538 3539/3673/3540 3586/3722/3585
f 3586/3722/3585 3588/3724/3587 3587/3723/3588 3585/3721/3586
f 3586/3722/3585 3539/3673/3540 3541/3675/3542 3588/3724/3587
f 3588/3724/3587 3590/3726/3589 3589/3725/3590 3587/3723/3588
f 3588/3724/3587 3541/3675/3542 3543/3677/3544 3590/3726/3589
f 3590/3726/3589 3592/3728/3591 3591/3727/3592 3589/3725/3590
f 3590/3726/3589 3543/3677/3544 3545/3679/3546 3592/3728/3591
f 3592/3728/3591 3594/3730/3593 3593/3729/3594 3591/3727/3592
f 3592/3728/3591 3545/3679/3546 3547/3681/3548 3594/3730/3593
f 3594/3730/3593 3596/3732/3595 3595/3731/3596 3593/3729/3594
f 3594/3730/3593 3547/3681/3548 3549/3683/3550 3596/3732/3595
f 3596/3732/3595 3598/3734/3597 3597/3733/3598 3595/3731/3596
f 3596/3732/3595 3549/3683/3550 3551/3685/3552 3598/3734/3597
f 3598/3734/3597 3600/3736/3599 3599/3735/3600 3597/3733/3598
f 3598/3737/3597 3551/3740/3552 3601/3739/3601 3600/3738/3599
f 3601/3739/3601 3603/3742/3602 3602/3741/3603 3600/3738/3599
f 3601/3739/3601 3554/3690/3555 3556/3692/3557 3603/3742/3602
f 3601/3739/3601 3551/3740/3552 3552/3689/3551 3554/3690/3555
f 3603/3742/3602 3605/3745/3604 3604/3744/3605 3602/3743/3603
f 3603/3742/3602 3556/3692/3557 3558/3694/3559 3605/3745/3604
f 3605/3745/3604 3607/3747/3606 3606/3746/3607 3604/3744/3605
f 3605/3745/3604 3558/3694/3559 3560/3696/3561 3607/3747/3606
f 3607/3747/3606 3609/3749/3608 3608/3748/3609 3606/3746/3607
f 3607/3747/3606 3560/3696/3561 3562/3698/3563 3609/3749/3608
f 3609/3749/3608 3611/3751/3610 3610/3750/3611 3608/3748/3609
f 3609/3749/3608 3562/3698/3563 3568/3704/3569 3611/3751/3610
f 3611/3751/3610 3571/3707/3572 3612/3752/3612 3610/3750/3611
f 3611/3751/3610 3568/3704/3569 3569/3705/3568 3571/3707/3572
f 3612/3752/3612 3614/3754/3613 3613/3753/3614 3610/3750/3611
f 3612/3752/3612 3574/3710/3575 3615/3755/3615 3614/3754/3613
f 3612/3752/3612 3571/3707/3572 3572/3708/3571 3574/3710/3575
f 3615/3755/3615 3617/3757/3616 3616/3756/3617 3614/3754/3613
f 3615/3755/3615 3577/3713/3578 3618/3758/3618 3617/3757/3616
f 3615/3755/3615 3574/3710/3575 3575/3711/3574 3577/3713/3578
f 3618/3758/3618 3620/3760/3619 3619/3759/3620 3617/3757/3616
f 3618/3758/3618 3622/3762/3621 3621/3761/3622 3620/3760/3619
f 3618/3758/3618 3577/3713/3578 3578/3714/3577 3622/3762/3621
f 3622/3762/3621 3624/3764/3623 3623/3763/3624 3621/3761/3622
f 3622/3762/3621 3578/3714/3577 3579/3715/3580 3624/3764/3623
f 3624/3764/3623 3626/3766/3625 3625/3765/3626 3623/3763/3624
f 3624/3764/3623 3579/3715/3580 3581/3717/3582 3626/3766/3625
f 3626/3766/3625 3628/3768/3627 3627/3767/3628 3625/3765/3626
f 3626/3766/3625 3581/3717/3582 3583/3719/3584 3628/3768/3627
f 3628/3768/3627 3630/3770/3629 3629/3769/3630 3627/3767/3628
f 3628/3768/3627 3583/3719/3584 3585/3721/3586 3630/3770/3629
f 3630/3770/3629 3632/3772/3631 3631/3771/3632 3629/3769/3630
f 3630/3770/3629 3585/3721/3586 3587/3723/3588 3632/3772/3631
f 3632/3772/3631 3634/3774/3633 3633/3773/3634 3631/3771/3632
f 3632/3772/3631 3587/3723/3588 3589/3725/3590 3634/3774/3633
f 3634/3774/3633 3636/3776/3635 3635/3775/3636 3633/3773/3634
f 3634/3774/3633 3589/3725/3590 3591/3727/3592 3636/3776/3635
f 3636/3776/3635 3638/3778/3637 3637/3777/3638 3635/3775/3636
f 3636/3776/3635 3591/3727/3592 3593/3729/3594 3638/3778/3637
f 3638/3778/3637 3640/3780/3639 3639/3779/3640 3637/3777/3638
f 3638/3778/3637 3593/3729/3594 3595/3731/3596 3640/3780/3639
f 3640/3780/3639 3642/3782/3641 3641/3781/3642 3639/3779/3640
f 3640/3780/3639 3595/3731/3596 3597/3733/3598 3642/3782/3641
f 3642/3782/3641 3644/3784/3643 3643/3783/3644 3641/3781/3642
f 3642/3782/3641 3597/3733/3598 3599/3735/3600 3644/3784/3643
f 3644/3784/3643 3646/3786/3645 3645/3785/3646 3643/3783/3644
f 3644/3784/3643 3599/3735/3600 3647/3787/3647 3646/3786/3645
f 3647/3788/3647 3649/3791/3648 3648/3790/3649 3646/3789/3645
f 3647/3788/3647 3602/3743/3603 3604/3744/3605 3649/3791/3648
f 3647/3787/3647 3599/3735/3600 3600/3736/3599 3602/3792/3603
f 3649/3791/3648 3651/3794/3650 3650/3793/3651 3648/3790/3649
f 3649/3791/3648 3604/3744/3605 3606/3746/3607 3651/3794/3650
f 3651/3794/3650 3653/3796/3652 3652/3795/3653 3650/3793/3651
f 3651/3794/3650 3606/3746/3607 3608/3748/3609 3653/3796/3652
f 3653/3796/3652 3613/3753/3614 3654/3797/3654 3652/3795/3653
f 3653/3796/3652 3608/3748/3609 3610/3750/3611 3613/3753/3614
f 3654/3797/3654 3656/3799/3655 3655/3798/3656 3652/3795/3653
f 3654/3797/3654 3616/3756/3617 3657/3800/3657 3656/3799/3655
f 3654/3797/3654 3613/3753/3614 3614/3754/3613 3616/3756/3617
f 3657/3800/3657 3659/3802/3658 3658/3801/3659 3656/3799/3655
f 3657/3800/3657 3619/3759/3620 3660/3803/3660 3659/3802/3658
f 3657/3800/3657 3616/3756/3617 3617/3757/3616 3619/3759/3620
f 3660/3803/3660 3662/3805/3661 3661/3804/3662 3659/3802/3658
f 3660/3803/3660 3664/3807/3663 3663/3806/3664 3662/3805/3661
f 3660/3803/3660 3619/3759/3620 3620/3760/3619 3664/3807/3663
f 3664/3807/3663 3666/3809/3665 3665/3808/3666 3663/3806/3664
f 3664/3807/3663 3620/3760/3619 3621/3761/3622 3666/3809/3665
f 3666/3809/3665 3668/3811/3667 3667/3810/3668 3665/3808/3666
f 3666/3809/3665 3621/3761/3622 3623/3763/3624 3668/3811/3667
f 3668/3811/3667 3670/3813/3669 3669/3812/3670 3667/3810/3668
f 3668/3811/3667 3623/3763/3624 3625/3765/3626 3670/3813/3669
f 3670/3813/3669 3672/3815/3671 3671/3814/3672 3669/3812/3670
f 3670/3813/3669 3625/3765/3626 3627/3767/3628 3672/3815/3671
f 3672/3815/3671 3674/3817/3673 3673/3816/3674 3671/3814/3672
f 3672/3815/3671 3627/3767/3628 3629/3769/3630 3674/3817/3673
f 3674/3817/3673 3676/3819/3675 3675/3818/3676 3673/3816/3674
f 3674/3817/3673 3629/3769/3630 3631/3771/3632 3676/3819/3675
f 3676/3819/3675 3678/3821/3677 3677/3820/3678 3675/3818/3676
f 3676/3819/3675 3631/3771/3632 3633/3773/3634 3678/3821/3677
f 3678/3821/3677 3680/3823/3679 3679/3822/3680 3677/3820/3678
f 3678/3821/3677 3633/3773/3634 3635/3775/3636 3680/3823/3679
f 3680/3823/3679 3682/3825/3681 3681/3824/3682 3679/3822/3680
f 3680/3823/3679 3635/3775/3636 3637/3777/3638 3682/3825/3681
f 3682/3825/3681 3684/3827/3683 3683/3826/3684 3681/3824/3682
f 3682/3825/3681 3637/3777/3638 3639/3779/3640 3684/3827/3683
f 3684/3827/3683 3686/3829/3685 3685/3828/3686 3683/3826/3684
f 3684/3827/3683 3639/3779/3640 3641/3781/3642 3686/3829/3685
f 3686/3829/3685 3688/3831/3687 3687/3830/3688 3685/3828/3686
f 3686/3829/3685 3641/3781/3642 3643/3783/3644 3688/3831/3687
f 3688/3831/3687 3690/3833/3689 3689/3832/3690 3687/3830/3688
f 3688/3831/3687 3643/3783/3644 3645/3785/3646 3690/3833/3689
f 3690/3834/3689 3692/3837/3691 3691/3836/3692 3689/3835/3690
f 3690/3834/3689 3645/3839/3646 3693/3838/3693 3692/3837/3691
f 3693/3838/3693 3695/3841/3694 3694/3840/3695 3692/3837/3691
f 3693/3838/3693 3648/3790/3649 3650/3793/3651 3695/3841/3694
f 3693/3838/3693 3645/3839/3646 3646/3789/3645 3648/3790/3649
f 3695/3841/3694 3655/3798/3656 3696/3842/3696 3694/3840/3695
f 3695/3841/3694 3650/3793/3651 3652/3795/3653 3655/3798/3656
f 3696/3842/3696 3698/3844/3697 3697/3843/3698 3694/3840/3695
f 3696/3842/3696 3658/3801/3659 3699/3845/3699 3698/3844/3697
f 3696/3842/3696 3655/3798/3656 3656/3799/3655 3658/3801/3659
f 3699/3845/3699 3701/3847/3700 3700/3846/3701 3698/3844/3697
f 3699/3845/3699 3661/3804/3662 3702/3848/3702 3701/3847/3700
f 3699/3845/3699 3658/3801/3659 3659/3802/3658 3661/3804/3662
f 3702/3848/3702 3704/3850/3703 3703/3849/3704 3701/3847/3700
f 3702/3848/3702 3706/3852/3705 3705/3851/3706 3704/3850/3703
f 3702/3848/3702 3661/3804/3662 3662/3805/3661 3706/3852/3705
f 3706/3852/3705 3708/3854/3707 3707/3853/3708 3705/3851/3706
f 3706/3852/3705 3662/3805/3661 3663/3806/3664 3708/3854/3707
f 3708/3854/3707 3710/3856/3709 3709/3855/3710 3707/3853/3708
f 3708/3854/3707 3663/3806/3664 3665/3808/3666 3710/3856/3709
f 3710/3856/3709 3712/3858/3711 3711/3857/3712 3709/3855/3710
f 3710/3856/3709 3665/3808/3666 3667/3810/3668 3712/3858/3711
f 3712/3858/3711 3714/3860/3713 3713/3859/3714 3711/3857/3712
f 3712/3858/3711 3667/3810/3668 3669/3812/3670 3714/3860/3713
f 3714/3860/3713 3716/3862/3715 3715/3861/3716 3713/3859/3714
f 3714/3860/3713 3669/3812/3670 3671/3814/3672 3716/3862/3715
f 3716/3862/3715 3718/3864/3717 3717/3863/3718 3715/3861/3716
f 3716/3862/3715 3671/3814/3672 3673/3816/3674 3718/3864/3717
f 3718/3864/3717 3720/3866/3719 3719/3865/3720 3717/3863/3718
f 3718/3864/3717 3673/3816/3674 3675/3818/3676 3720/3866/3719
f 3720/3866/3719 3722/3868/3721 3721/3867/3722 3719/3865/3720
f 3720/3866/3719 3675/3818/3676 3677/3820/3678 3722/3868/3721
f 3722/3868/3721 3724/3870/3723 3723/3869/3724 3721/3867/3722
f 3722/3868/3721 3677/3820/3678 3679/3822/3680 3724/3870/3723
f 3724/3870/3723 3726/3872/3725 3725/3871/3726 3723/3869/3724
f 3724/3870/3723 3679/3822/3680 3681/3824/3682 3726/3872/3725
f 3726/3872/3725 3728/3874/3727 3727/3873/3728 3725/3871/3726
f 3726/3872/3725 3681/3824/3682 3683/3826/3684 3728/3874/3727
f 3728/3874/3727 3730/3876/3729 3729/3875/3730 3727/3873/3728
f 3728/3874/3727 3683/3826/3684 3685/3828/3686 3730/3876/3729
f 3730/3876/3729 3732/3878/3731 3731/3877/3732 3729/3875/3730
f 3730/3876/3729 3685/3828/3686 3687/3830/3688 3732/3878/3731
f 3732/3878/3731 3734/3880/3733 3733/3879/3734 3731/3877/3732
f 3732/3878/3731 3687/3830/3688 3689/3832/3690 3734/3880/3733
f 3734/3881/3733 3736/3884/3735 3735/3883/3736 3733/3882/3734
f 3734/3881/3733 3689/3835/3690 3691/3836/3692 3736/3884/3735
f 3736/3884/3735 3738/3886/3737 3737/3885/3738 3735/3883/3736
f 3736/3884/3735 3691/3836/3692 3697/3843/3698 3738/3886/3737
f 3738/3886/3737 3700/3846/3701 3739/3887/3739 3737/3885/3738
f 3738/3886/3737 3697/3843/3698 3698/3844/3697 3700/3846/3701
f 3739/3887/3739 3741/3889/3740 3740/3888/3741 3737/3885/3738
f 3739/3887/3739 3703/3849/3704 3742/3890/3742 3741/3889/3740
f 3739/3887/3739 3700/3846/3701 3701/3847/3700 3703/3849/3704
f 3742/3890/3742 3744/3892/3743 3743/3891/3744 3741/3889/3740
f 3742/3890/3742 3746/3894/3745 3745/3893/3746 3744/3892/3743
f 3742/3890/3742 3703/3849/3704 3704/3850/3703 3746/3894/3745
f 3746/3894/3745 3748/3896/3747 3747/3895/3748 3745/3893/3746
f 3746/3894/3745 3704/3850/3703 3705/3851/3706 3748/3896/3747
f 3748/3896/3747 3750/3898/3749 3749/3897/3750 3747/3895/3748
f 3748/3896/3747 3705/3851/3706 3707/3853/3708 3750/3898/3749
f 3750/3898/3749 3752/3900/3751 3751/3899/3752 3749/3897/3750
f 3750/3898/3749 3707/3853/3708 3709/3855/3710 3752/3900/3751
f 3752/3900/3751 3754/3902/3753 3753/3901/3754 3751/3899/3752
f 3752/3900/3751 3709/3855/3710 3711/3857/3712 3754/3902/3753
f 3754/3902/3753 3756/3904/3755 3755/3903/3756 3753/3901/3754
f 3754/3902/3753 3711/3857/3712 3713/3859/3714 3756/3904/3755
f 3756/3904/3755 3758/3906/3757 3757/3905/3758 3755/3903/3756
f 3756/3904/3755 3713/3859/3714 3715/3861/3716 3758/3906/3757
f 3758/3906/3757 3760/3908/3759 3759/3907/3760 3757/3905/3758
f 3758/3906/3757 3715/3861/3716 3717/3863/3718 3760/3908/3759
f 3760/3908/3759 3762/3910/3761 3761/3909/3762 3759/3907/3760
f 3760/3908/3759 3717/3863/3718 3719/3865/3720 3762/3910/3761
f 3762/3911/3761 3764/3914/3763 3763/3913/3764 3761/3912/3762
f 3762/3910/3761 3719/3865/3720 3721/3867/3722 3764/3915/3763
f 3764/3914/3763 3766/3917/3765 3765/3916/3766 3763/3913/3764
f 3764/3915/3763 3721/3867/3722 3723/3869/3724 3766/3918/3765
f 3766/3917/3765 3768/3920/3767 3767/3919/3768 3765/3916/3766
f 3766/3917/3765 3723/3922/3724 3725/3921/3726 3768/3920/3767
f 3768/3920/3767 3770/3924/3769 3769/3923/3770 3767/3919/3768
f 3768/3920/3767 3725/3921/3726 3727/3925/3728 3770/3924/3769
f 3770/3924/3769 3772/3927/3771 3771/3926/3772 3769/3923/3770
f 3770/3924/3769 3727/3925/3728 3729/3928/3730 3772/3927/3771
f 3772/3927/3771 3774/3930/3773 3773/3929/3774 3771/3926/3772
f 3772/3927/3771 3729/3928/3730 3731/3931/3732 3774/3930/3773
f 3774/3930/3773 3776/3933/3775 3775/3932/3776 3773/3929/3774
f 3774/3930/3773 3731/3931/3732 3733/3882/3734 3776/3933/3775
f 3776/3933/3775 3778/3935/3777 3777/3934/3778 3775/3932/3776
f 3776/3933/3775 3733/3882/3734 3735/3883/3736 3778/3935/3777
f 3778/3935/3777 3740/3888/3741 3779/3936/3779 3777/3934/3778
f 3778/3935/3777 3735/3883/3736 3737/3885/3738 3740/3888/3741
f 3779/3936/3779 3781/3938/3780 3780/3937/3781 3777/3934/3778
f 3779/3936/3779 3743/3891/3744 3782/3939/3782 3781/3938/3780
f 3779/3936/3779 3740/3888/3741 3741/3889/3740 3743/3891/3744
f 3782/3939/3782 3784/3941/3783 3783/3940/3784 3781/3938/3780
f 3782/3939/3782 3786/3943/3785 3785/3942/3786 3784/3941/3783
f 3782/3939/3782 3743/3891/3744 3744/3892/3743 3786/3943/3785
f 3786/3943/3785 3788/3945/3787 3787/3944/3788 3785/3942/3786
f 3786/3943/3785 3744/3892/3743 3745/3893/3746 3788/3945/3787
f 3788/3945/3787 3790/3947/3789 3789/3946/3790 3787/3944/3788
f 3788/3945/3787 3745/3893/3746 3747/3895/3748 3790/3947/3789
f 3790/3947/3789 3792/3949/3791 3791/3948/3792 3789/3946/3790
f 3790/3947/3789 3747/3895/3748 3749/3897/3750 3792/3949/3791
f 3792/3949/3791 3794/3951/3793 3793/3950/3794 3791/3948/3792
f 3792/3949/3791 3749/3897/3750 3751/3899/3752 3794/3951/3793
f 3794/3951/3793 3796/3953/3795 3795/3952/3796 3793/3950/3794
f 3794/3951/3793 3751/3899/3752 3753/3901/3754 3796/3953/3795
f 3796/3953/3795 3798/3955/3797 3797/3954/3798 3795/3952/3796
f 3796/3953/3795 3753/3901/3754 3755/3903/3756 3798/3955/3797
f 3798/3955/3797 3800/3957/3799 3799/3956/3800 3797/3954/3798
f 3798/3955/3797 3755/3903/3756 3757/3905/3758 3800/3957/3799
f 3800/3957/3799 3802/3959/3801 3801/3958/3802 3799/3956/3800
f 3800/3957/3799 3757/3905/3758 3759/3907/3760 3802/3959/3801
f 3802/3959/3801 3804/3961/3803 3803/3960/3804 3801/3958/3802
f 3802/3959/3801 3759/3907/3760 3761/3909/3762 3804/3961/3803
f 3804/3962/3803 3806/3965/3805 3805/3964/3806 3803/3963/3804
f 3804/3962/3803 3761/3912/3762 3763/3913/3764 3806/3965/3805
f 3806/3965/3805 3808/3967/3807 3807/3966/3808 3805/3964/3806
f 3806/3965/3805 3763/3913/3764 3765/3916/3766 3808/3967/3807
f 3808/3967/3807 3810/3969/3809 3809/3968/3810 3807/3966/3808
f 3808/3967/3807 3765/3916/3766 3767/3919/3768 3810/3969/3809
f 3810/3969/3809 3812/3971/3811 3811/3970/3812 3809/3968/3810
f 3810/3969/3809 3767/3919/3768 3769/3923/3770 3812/3971/3811
f 3812/3971/3811 3814/3973/3813 3813/3972/3814 3811/3970/3812
f 3812/3971/3811 3769/3923/3770 3771/3926/3772 3814/3973/3813
f 3814/3973/3813 3816/3975/3815 3815/3974/3816 3813/3972/3814
f 3814/3973/3813 3771/3926/3772 3773/3929/3774 3816/3975/3815
f 3816/3975/3815 3818/3977/3817 3817/3976/3818 3815/3974/3816
f 3816/3975/3815 3773/3929/3774 3775/3932/3776 3818/3977/3817
f 3818/3977/3817 3780/3937/3781 3819/3978/3819 3817/3976/3818
f 3818/3977/3817 3775/3932/3776 3777/3934/3778 3780/3937/3781
f 3819/3978/3819 3821/3980/3820 3820/3979/3821 3817/3976/3818
f 3819/3978/3819 3783/3940/3784 3822/3981/3822 3821/3980/3820
f 3819/3978/3819 3780/3937/3781 3781/3938/3780 3783/3940/3784
f 3822/3981/3822 3824/3983/3823 3823/3982/3824 3821/3980/3820
f 3822/3981/3822 3826/3985/3825 3825/3984/3826 3824/3983/3823
f 3822/3981/3822 3783/3940/3784 3784/3941/3783 3826/3985/3825
f 3826/3985/3825 3828/3987/3827 3827/3986/3828 3825/3984/3826
f 3826/3985/3825 3784/3941/3783 3785/3942/3786 3828/3987/3827
f 3828/3987/3827 3830/3989/3829 3829/3988/3830 3827/3986/3828
f 3828/3987/3827 3785/3942/3786 3787/3944/3788 3830/3989/3829
f 3830/3989/3829 3832/3991/3831 3831/3990/3832 3829/3988/3830
f 3830/3989/3829 3787/3944/3788 3789/3946/3790 3832/3991/3831
f 3832/3991/3831 3834/3993/3833 3833/3992/3834 3831/3990/3832
f 3832/3991/3831 3789/3946/3790 3791/3948/3792 3834/3993/3833
f 3834/3993/3833 3836/3995/3835 3835/3994/3836 3833/3992/3834
f 3834/3993/3833 3791/3948/3792 3793/3950/3794 3836/3995/3835
f 3836/3995/3835 3838/3997/3837 3837/3996/3838 3835/3994/3836
f 3836/3995/3835 3793/3950/3794 3795/3952/3796 3838/3997/3837
f 3838/3997/3837 3840/3999/3839 3839/3998/3840 3837/3996/3838
f 3838/3997/3837 3795/3952/3796 3797/3954/3798 3840/3999/3839
f 3840/3999/3839 3842/4001/3841 3841/4000/3842 3839/3998/3840
f 3840/3999/3839 3797/3954/3798 3799/3956/3800 3842/4001/3841
f 3842/4001/3841 3844/4003/3843 3843/4002/3844 3841/4000/3842
f 3842/4001/3841 3799/3956/3800 3801/3958/3802 3844/4003/3843
f 3844/4003/3843 3846/4005/3845 3845/4004/3846 3843/4002/3844
f 3844/4003/3843 3801/3958/3802 3803/3960/3804 3846/4005/3845
f 3846/4006/3845 3848/4009/3847 3847/4008/3848 3845/4007/3846
f 3846/4006/3845 3803/3963/3804 3805/3964/3806 3848/4009/3847
f 3848/4009/3847 3850/4011/3849 3849/4010/3850 3847/4008/3848
f 3848/4009/3847 3805/3964/3806 3807/3966/3808 3850/4011/3849
f 3850/4011/3849 3852/4013/3851 3851/4012/3852 3849/4010/3850
f 3850/4011/3849 3807/3966/3808 3809/3968/3810 3852/4013/3851
f 3852/4013/3851 3854/4015/3853 3853/4014/3854 3851/4012/3852
f 3852/4013/3851 3809/3968/3810 3811/3970/3812 3854/4015/3853
f 3854/4015/3853 3856/4017/3855 3855/4016/3856 3853/4014/3854
f 3854/4015/3853 3811/3970/3812 3813/3972/3814 3856/4017/3855
f 3856/4017/3855 3858/4019/3857 3857/4018/3858 3855/4016/3856
f 3856/4017/3855 3813/3972/3814 3815/3974/3816 3858/4019/3857
f 3858/4019/3857 3820/3979/3821 3859/4020/3859 3857/4018/3858
f 3858/4019/3857 3815/3974/3816 3817/3976/3818 3820/3979/3821
f 3859/4020/3859 3861/4022/3860 3860/4021/3861 3857/4018/3858
f 3859/4020/3859 3823/3982/3824 3862/4023/3862 3861/4022/3860
f 3859/4020/3859 3820/3979/3821 3821/3980/3820 3823/3982/3824
f 3862/4023/3862 3864/4025/3863 3863/4024/3864 3861/4022/3860
f 3862/4023/3862 3866/4027/3865 3865/4026/3866 3864/4025/3863
f 3862/4023/3862 3823/3982/3824 3824/3983/3823 3866/4027/3865
f 3866/4027/3865 3867/4028/3867 3385/3507/3385 3865/4026/3866
f 3866/4027/3865 3824/3983/3823 3825/3984/3826 3867/4028/3867
f 3867/4028/3867 3868/4029/3868 3384/3506/3381 3385/3507/3385
f 3867/4028/3867 3825/3984/3826 3827/3986/3828 3868/4029/3868
f 3868/4029/3868 3869/4030/3869 3383/3505/3382 3384/3506/3381
f 3868/4029/3868 3827/3986/3828 3829/3988/3830 3869/4030/3869
f 3869/4030/3869 3871/4032/3870 3870/4031/3871 3383/3505/3382
f 3869/4030/3869 3829/3988/3830 3831/3990/3832 3871/4032/3870
f 3871/4032/3870 3873/4034/3872 3872/4033/3873 3870/4031/3871
f 3871/4032/3870 3831/3990/3832 3833/3992/3834 3873/4034/3872
f 3873/4034/3872 3875/4036/3874 3874/4035/3875 3872/4033/3873
f 3873/4034/3872 3833/3992/3834 3835/3994/3836 3875/4036/3874
f 3875/4036/3874 3877/4038/3876 3876/4037/3877 3874/4035/3875
f 3875/4036/3874 3835/3994/3836 3837/3996/3838 3877/4038/3876
f 3877/4038/3876 3878/4039/3878 3374/3491/3370 3876/4037/3877
f 3877/4038/3876 3837/3996/3838 3839/3998/3840 3878/4039/3878
f 3878/4039/3878 3879/4040/3879 3373/3490/3371 3374/3491/3370
f 3878/4039/3878 3839/3998/3840 3841/4000/3842 3879/4040/3879
f 3879/4040/3879 3880/4041/3880 3375/3492/3372 3373/3490/3371
f 3879/4040/3879 3841/4000/3842 3843/4002/3844 3880/4041/3880
f 3880/4041/3880 3882/4043/3881 3881/4042/3882 3375/3492/3372
f 3880/4041/3880 3843/4002/3844 3845/4004/3846 3882/4043/3881
f 3882/4044/3881 3884/4047/3883 3883/4046/3884 3881/4045/3882
f 3882/4044/3881 3845/4007/3846 3847/4008/3848 3884/4047/3883
f 3884/4047/3883 3886/4049/3885 3885/4048/3886 3883/4046/3884
f 3884/4047/3883 3847/4008/3848 3849/4010/3850 3886/4049/3885
f 3886/4049/3885 3888/4051/3887 3887/4050/3888 3885/4048/3886
f 3886/4049/3885 3849/4010/3850 3851/4012/3852 3888/4051/3887
f 3888/4051/3887 3889/4052/3889 3379/3499/3378 3887/4050/3888
f 3888/4051/3887 3851/4012/3852 3853/4014/3854 3889/4052/3889
f 3889/4052/3889 3890/4053/3890 3378/3498/3374 3379/3499/3378
f 3889/4052/3889 3853/4014/3854 3855/4016/3856 3890/4053/3890
f 3890/4053/3890 3860/4021/3861 3377/3495/3375 3378/3496/3374
f 3890/4053/3890 3855/4016/3856 3857/4018/3858 3860/4021/3861
f 3887/4050/3888 3892/4055/3891 3891/4054/3892 3885/4048/3886
f 3887/4050/3888 3379/3499/3378 3380/3500/3377 3892/4055/3891
f 3892/4055/3891 3894/4057/3893 3893/4056/3894 3891/4054/3892
f 3892/4055/3891 3380/3500/3377 3381/4058/3379 3894/4057/3893
f 3894/4057/3893 3895/4059/3895 3365/3478/3361 3893/4056/3894
f 3894/4057/3893 3381/4058/3379 3896/4060/3896 3895/4059/3895
f 3896/4060/3896 3898/4062/3897 3897/4061/3898 3895/4059/3895
f 3896/4063/3896 3900/4066/3899 3899/4065/3900 3898/4064/3897
f 3896/4063/3896 3381/3502/3379 3376/3494/3376 3900/4066/3899
f 3900/4066/3899 3863/4024/3864 3864/4025/3863 3899/4065/3900
f 3900/4066/3899 3376/3494/3376 3377/3495/3375 3863/4024/3864
f 3899/4065/3900 3902/4068/3901 3901/4067/3902 3898/4064/3897
f 3899/4065/3900 3864/4025/3863 3865/4026/3866 3902/4068/3901
f 3902/4068/3901 3386/3508/3384 3387/3509/3386 3901/4067/3902
f 3902/4068/3901 3865/4026/3866 3385/3507/3385 3386/3508/3384
f 3901/4067/3902 3903/4070/3903 3897/4069/3898 3898/4064/3897
f 3901/4067/3902 3387/3509/3386 3904/4071/3904 3903/4070/3903
f 3904/4071/3904 3905/4072/3905 3368/3482/3363 3903/4070/3903
f 3904/4071/3904 3907/4074/3906 3906/4073/3907 3905/4072/3905
f 3904/4071/3904 3387/3509/3386 3382/3504/3383 3907/4074/3906
f 3907/4074/3906 3870/4031/3871 3872/4033/3873 3906/4073/3907
f 3907/4074/3906 3382/3504/3383 3383/3505/3382 3870/4031/3871
f 3906/4073/3907 3909/4076/3908 3908/4075/3909 3905/4072/3905
f 3906/4073/3907 3872/4033/3873 3874/4035/3875 3909/4076/3908
f 3909/4076/3908 3911/4078/3910 3910/4077/3911 3908/4075/3909
f 3909/4076/3908 3874/4035/3875 3876/4037/3877 3911/4078/3910
f 3911/4078/3910 3370/3487/3369 3371/3488/3368 3910/4077/3911
f 3911/4078/3910 3876/4037/3877 3374/3491/3370 3370/3487/3369
f 3910/4077/3911 3369/4080/3365 3367/4079/3364 3908/4075/3909
f 3910/4077/3911 3371/3488/3368 3912/4081/3912 3369/4080/3365
f 3912/4082/3912 3913/4083/3913 3366/3479/3360 3369/3484/3365
f 3912/4082/3912 3915/4085/3914 3914/4084/3915 3913/4083/3913
f 3912/4081/3912 3371/3488/3368 3372/3489/3367 3915/4086/3914
f 3915/4085/3914 3881/4045/3882 3883/4046/3884 3914/4084/3915
f 3915/4086/3914 3372/3489/3367 3375/3492/3372 3881/4042/3882
f 3914/4084/3915 3891/4054/3892 3893/4056/3894 3913/4083/3913
f 3914/4084/3915 3883/4046/3884 3885/4048/3886 3891/4054/3892
f 3913/4083/3913 3893/4056/3894 3365/3478/3361 3366/3479/3360
f 3908/4075/3909 3367/3481/3364 3368/3482/3363 3905/4072/3905
f 3903/4070/3903 3368/3482/3363 3364/3483/3362 3897/4069/3898
f 3897/4061/3898 3364/3477/3362 3365/3478/3361 3895/4059/3895
f 3863/4024/3864 3377/3495/3375 3860/4021/3861 3861/4022/3860
f 3697/3843/3698 3691/3836/3692 3692/3837/3691 3694/3840/3695
f 3568/3704/3569 3562/3698/3563 3563/3699/3562 3565/3701/3566
f 3473/3599/3474 3463/3589/3464 3464/3590/3463 3471/3597/3471
f 3417/3540/3416 3350/3460/3342 3346/3456/3341 3416/3539/3417
f 3397/3520/3396 3358/3470/3355 3359/3471/3354 3396/3519/3397
s 43
f 5687/4087/3916 5690/4090/3917 5689/4089/3918 5688/4088/3919
f 5687/4087/3916 5688/4088/3919 5692/4092/3920 5691/4091/3921
f 5687/4087/3916 5691/4091/3921 5693/4093/3922 5690/4090/3917
f 5694/4094/3923 5697/4097/3924 5696/4096/3925 5695/4095/3926
f 5694/4094/3923 5699/4099/3927 5698/4098/3928 5697/4097/3924
f 5694/4094/3923 5695/4095/3926 5700/4100/3929 5699/4099/3927
f 5701/4101/3930 5704/4104/3931 5703/4103/3932 5702/4102/3933
f 5701/4101/3930 5702/4102/3933 5706/4106/3934 5705/4105/3935
f 5701/4101/3930 5705/4105/3935 5707/4107/3936 5704/4104/3931
f 5708/4108/3937 5711/4111/3938 5710/4110/3939 5709/4109/3940
f 5708/4108/3937 5709/4109/3940 5713/4113/3941 5712/4112/3942
f 5708/4114/3937 5712/4117/3942 5714/4116/3943 5711/4115/3938
f 5715/4118/3944 5718/4121/3945 5717/4120/3946 5716/4119/3947
f 5715/4118/3944 5720/4123/3948 5719/4122/3949 5718/4121/3945
f 5715/4118/3944 5716/4119/3947 5721/4124/3950 5720/4123/3948
f 5722/4125/3951 5725/4128/3952 5724/4127/3953 5723/4126/3954
f 5722/4125/3951 5723/4126/3954 5727/4130/3955 5726/4129/3956
f 5722/4125/3951 5726/4129/3956 5728/4131/3957 5725/4128/3952
f 5729/4132/3958 5732/4135/3959 5731/4134/3960 5730/4133/3961
f 5729/4132/3958 5734/4137/3962 5733/4136/3963 5732/4135/3959
f 5729/4132/3958 5730/4133/3961 5735/4138/3964 5734/4137/3962
f 5736/4139/3965 5739/4142/3966 5738/4141/3967 5737/4140/3968
f 5736/4139/3965 5741/4144/3969 5740/4143/3970 5739/4142/3966
f 5736/4139/3965 5737/4140/3968 5742/4145/3971 5741/4144/3969
f 5742/4145/3971 5744/4147/3972 5743/4146/3973 5741/4144/3969
f 5742/4145/3971 5746/4149/3974 5745/4148/3975 5744/4147/3972
f 5742/4145/3971 5737/4140/3968 5747/4150/3976 5746/4149/3974
f 5747/4150/3976 5749/4152/3977 5748/4151/3978 5746/4149/3974
f 5747/4150/3976 5751/4154/3979 5750/4153/3980 5749/4152/3977
f 5747/4150/3976 5737/4140/3968 5738/4141/3967 5751/4154/3979
f 5751/4154/3979 5753/4156/3981 5752/4155/3982 5750/4153/3980
f 5751/4154/3979 5738/4141/3967 5754/4157/3983 5753/4156/3981
f 5754/4157/3983 5738/4141/3967 5739/4142/3966 5755/4158/3984
f 5754/4157/3983 5757/4160/3985 5756/4159/3986 5753/4156/3981
f 5754/4157/3983 5755/4158/3984 5758/4161/3987 5757/4160/3985
f 5758/4161/3987 5755/4158/3984 5760/4163/3988 5759/4162/3989
f 5758/4161/3987 5762/4165/3990 5761/4164/3991 5757/4160/3985
f 5758/4161/3987 5759/4162/3989 5763/4166/3992 5762/4165/3990
f 5763/4166/3992 5759/4162/3989 5765/4168/3993 5764/4167/3994
f 5763/4166/3992 5767/4170/3995 5766/4169/3996 5762/4165/3990
f 5763/4166/3992 5764/4167/3994 5768/4171/3997 5767/4170/3995
f 5768/4171/3997 5764/4167/3994 5770/4173/3998 5769/4172/3999
f 5768/4171/3997 5772/4175/4000 5771/4174/4001 5767/4170/3995
f 5768/4171/3997 5769/4172/3999 5773/4176/4002 5772/4175/4000
f 5773/4176/4002 5769/4172/3999 5775/4178/4003 5774/4177/4004
f 5773/4176/4002 5777/4180/4005 5776/4179/4006 5772/4175/4000
f 5773/4176/4002 5774/4177/4004 5778/4181/4007 5777/4180/4005
f 5778/4181/4007 5774/4177/4004 5780/4183/4008 5779/4182/4009
f 5778/4181/4007 5782/4185/4010 5781/4184/4011 5777/4180/4005
f 5778/4181/4007 5779/4182/4009 5783/4186/4012 5782/4185/4010
f 5783/4186/4012 5779/4182/4009 5785/4188/4013 5784/4187/4014
f 5783/4186/4012 5787/4190/4015 5786/4189/4016 5782/4185/4010
f 5783/4186/4012 5784/4187/4014 5788/4191/4017 5787/4190/4015
f 5788/4191/4017 5784/4187/4014 5790/4193/4018 5789/4192/4019
f 5788/4191/4017 5792/4195/4020 5791/4194/4021 5787/4190/4015
f 5788/4191/4017 5789/4192/4019 5793/4196/4022 5792/4195/4020
f 5793/4196/4022 5789/4192/4019 5795/4198/4023 5794/4197/4024
f 5793/4196/4022 5797/4200/4025 5796/4199/4026 5792/4195/4020
f 5793/4196/4022 5794/4197/4024 5798/4201/4027 5797/4200/4025
f 5798/4201/4027 5794/4197/4024 5800/4203/4028 5799/4202/4029
f 5798/4201/4027 5802/4205/4030 5801/4204/4031 5797/4200/4025
f 5798/4201/4027 5799/4202/4029 5803/4206/4032 5802/4205/4030
f 5803/4206/4032 5799/4202/4029 5805/4208/4033 5804/4207/4034
f 5803/4206/4032 5807/4210/4035 5806/4209/4036 5802/4205/4030
f 5803/4206/4032 5804/4207/4034 5808/4211/4037 5807/4210/4035
f 5808/4211/4037 5804/4207/4034 5810/4213/4038 5809/4212/4039
f 5808/4211/4037 5812/4215/4040 5811/4214/4041 5807/4210/4035
f 5808/4211/4037 5809/4212/4039 5813/4216/4042 5812/4215/4040
f 5813/4216/4042 5809/4212/4039 5815/4218/4043 5814/4217/4044
f 5813/4216/4042 5817/4220/4045 5816/4219/4046 5812/4215/4040
f 5813/4216/4042 5814/4217/4044 5818/4221/4047 5817/4220/4045
f 5818/4221/4047 5814/4217/4044 5820/4223/4048 5819/4222/4049
f 5818/4221/4047 5822/4225/4050 5821/4224/4051 5817/4220/4045
f 5818/4221/4047 5819/4222/4049 5823/4226/4052 5822/4225/4050
f 5823/4226/4052 5819/4222/4049 5825/4228/4053 5824/4227/4054
f 5823/4226/4052 5827/4230/4055 5826/4229/4056 5822/4225/4050
f 5823/4226/4052 5824/4227/4054 5828/4231/4057 5827/4230/4055
f 5828/4231/4057 5824/4227/4054 5830/4233/4058 5829/4232/4059
f 5828/4231/4057 5832/4235/4060 5831/4234/4061 5827/4230/4055
f 5828/4231/4057 5829/4232/4059 5833/4236/4062 5832/4235/4060
f 5833/4236/4062 5829/4232/4059 5835/4238/4063 5834/4237/4064
f 5833/4236/4062 5837/4240/4065 5836/4239/4066 5832/4235/4060
f 5833/4236/4062 5834/4237/4064 5838/4241/4067 5837/4240/4065
f 5838/4241/4067 5834/4237/4064 5840/4243/4068 5839/4242/4069
f 5838/4241/4067 5842/4245/4070 5841/4244/4071 5837/4240/4065
f 5838/4241/4067 5839/4242/4069 5843/4246/4072 5842/4245/4070
f 5843/4246/4072 5839/4242/4069 5845/4248/4073 5844/4247/4074
f 5843/4246/4072 5847/4250/4075 5846/4249/4076 5842/4245/4070
f 5843/4246/4072 5844/4247/4074 5848/4251/4077 5847/4250/4075
f 5848/4251/4077 5844/4247/4074 5850/4253/4078 5849/4252/4079
f 5848/4251/4077 5852/4255/4080 5851/4254/4081 5847/4250/4075
f 5848/4251/4077 5849/4252/4079 5853/4256/4082 5852/4255/4080
f 5853/4256/4082 5849/4252/4079 5855/4258/4083 5854/4257/4084
f 5853/4256/4082 5857/4260/4085 5856/4259/4086 5852/4255/4080
f 5853/4256/4082 5854/4257/4084 5858/4261/4087 5857/4260/4085
f 5858/4261/4087 5854/4257/4084 5860/4263/4088 5859/4262/4089
f 5858/4261/4087 5693/4093/3922 5691/4091/3921 5857/4260/4085
f 5858/4261/4087 5859/4262/4089 5861/4264/4090 5693/4093/3922
f 5861/4265/4090 5859/4268/4089 5863/4267/4091 5862/4266/4092
f 5861/4264/4090 5864/4269/4093 5690/4090/3917 5693/4093/3922
f 5861/4265/4090 5862/4266/4092 5865/4271/4094 5864/4270/4093
f 5865/4271/4094 5862/4266/4092 5867/4273/4095 5866/4272/4096
f 5865/4271/4094 5869/4275/4097 5868/4274/4098 5864/4270/4093
f 5865/4271/4094 5866/4272/4096 5870/4276/4099 5869/4275/4097
f 5870/4276/4099 5866/4272/4096 5719/4122/3949 5720/4123/3948
f 5870/4276/4099 5872/4278/4100 5871/4277/4101 5869/4275/4097
f 5870/4276/4099 5720/4123/3948 5721/4124/3950 5872/4278/4100
f 5872/4278/4100 5874/4280/4102 5873/4279/4103 5871/4277/4101
f 5872/4278/4100 5721/4124/3950 5875/4281/4104 5874/4280/4102
f 5875/4281/4104 5721/4124/3950 5716/4119/3947 5876/4282/4105
f 5875/4281/4104 5734/4137/3962 5735/4138/3964 5874/4280/4102
f 5875/4281/4104 5876/4282/4105 5733/4136/3963 5734/4137/3962
f 5876/4282/4105 5878/4284/4106 5877/4283/4107 5733/4136/3963
f 5876/4282/4105 5716/4119/3947 5717/4120/3946 5878/4284/4106
f 5878/4284/4106 5880/4286/4108 5879/4285/4109 5877/4283/4107
f 5878/4284/4106 5717/4120/3946 5881/4287/4110 5880/4286/4108
f 5881/4287/4110 5883/4289/4111 5882/4288/4112 5880/4286/4108
f 5881/4287/4110 5885/4291/4113 5884/4290/4114 5883/4289/4111
f 5881/4287/4110 5717/4120/3946 5718/4121/3945 5885/4291/4113
f 5885/4291/4113 5887/4293/4115 5886/4292/4116 5884/4290/4114
f 5885/4291/4113 5718/4121/3945 5719/4122/3949 5887/4293/4115
f 5887/4293/4115 5867/4273/4095 5888/4294/4117 5886/4292/4116
f 5887/4293/4115 5719/4122/3949 5866/4272/4096 5867/4273/4095
f 5888/4294/4117 5890/4296/4118 5889/4295/4119 5886/4292/4116
f 5888/4294/4117 5863/4267/4091 5891/4297/4120 5890/4296/4118
f 5888/4294/4117 5867/4273/4095 5862/4266/4092 5863/4267/4091
f 5891/4297/4120 5893/4299/4121 5892/4298/4122 5890/4296/4118
f 5891/4297/4120 5860/4301/4088 5894/4300/4123 5893/4299/4121
f 5891/4297/4120 5863/4267/4091 5859/4268/4089 5860/4301/4088
f 5894/4300/4123 5896/4303/4124 5895/4302/4125 5893/4299/4121
f 5894/4304/4123 5855/4258/4083 5897/4306/4126 5896/4305/4124
f 5894/4304/4123 5860/4263/4088 5854/4257/4084 5855/4258/4083
f 5897/4307/4126 5899/4309/4127 5898/4308/4128 5896/4303/4124
f 5897/4307/4126 5850/4311/4078 5900/4310/4129 5899/4309/4127
f 5897/4306/4126 5855/4258/4083 5849/4252/4079 5850/4253/4078
f 5900/4310/4129 5902/4313/4130 5901/4312/4131 5899/4309/4127
f 5900/4314/4129 5845/4248/4073 5903/4316/4132 5902/4315/4130
f 5900/4314/4129 5850/4253/4078 5844/4247/4074 5845/4248/4073
f 5903/4316/4132 5905/4318/4133 5904/4317/4134 5902/4315/4130
f 5903/4316/4132 5840/4243/4068 5906/4319/4135 5905/4318/4133
f 5903/4316/4132 5845/4248/4073 5839/4242/4069 5840/4243/4068
f 5906/4319/4135 5908/4321/4136 5907/4320/4137 5905/4318/4133
f 5906/4319/4135 5835/4238/4063 5909/4322/4138 5908/4321/4136
f 5906/4319/4135 5840/4243/4068 5834/4237/4064 5835/4238/4063
f 5909/4323/4138 5911/4326/4139 5910/4325/4140 5908/4324/4136
f 5909/4322/4138 5830/4233/4058 5912/4328/4141 5911/4327/4139
f 5909/4322/4138 5835/4238/4063 5829/4232/4059 5830/4233/4058
f 5912/4328/4141 5914/4330/4142 5913/4329/4143 5911/4327/4139
f 5912/4328/4141 5825/4228/4053 5915/4331/4144 5914/4330/4142
f 5912/4328/4141 5830/4233/4058 5824/4227/4054 5825/4228/4053
f 5915/4331/4144 5917/4333/4145 5916/4332/4146 5914/4330/4142
f 5915/4331/4144 5820/4223/4048 5918/4334/4147 5917/4333/4145
f 5915/4331/4144 5825/4228/4053 5819/4222/4049 5820/4223/4048
f 5918/4334/4147 5920/4336/4148 5919/4335/4149 5917/4333/4145
f 5918/4334/4147 5815/4218/4043 5921/4337/4150 5920/4336/4148
f 5918/4334/4147 5820/4223/4048 5814/4217/4044 5815/4218/4043
f 5921/4337/4150 5923/4339/4151 5922/4338/4152 5920/4336/4148
f 5921/4337/4150 5810/4213/4038 5924/4340/4153 5923/4339/4151
f 5921/4337/4150 5815/4218/4043 5809/4212/4039 5810/4213/4038
f 5924/4340/4153 5926/4342/4154 5925/4341/4155 5923/4339/4151
f 5924/4340/4153 5805/4208/4033 5927/4343/4156 5926/4342/4154
f 5924/4340/4153 5810/4213/4038 5804/4207/4034 5805/4208/4033
f 5927/4343/4156 5929/4345/4157 5928/4344/4158 5926/4342/4154
f 5927/4343/4156 5800/4203/4028 5930/4346/4159 5929/4345/4157
f 5927/4343/4156 5805/4208/4033 5799/4202/4029 5800/4203/4028
f 5930/4346/4159 5932/4348/4160 5931/4347/4161 5929/4345/4157
f 5930/4346/4159 5795/4198/4023 5933/4349/4162 5932/4348/4160
f 5930/4346/4159 5800/4203/4028 5794/4197/4024 5795/4198/4023
f 5933/4349/4162 5935/4351/4163 5934/4350/4164 5932/4348/4160
f 5933/4349/4162 5790/4193/4018 5936/4352/4165 5935/4351/4163
f 5933/4349/4162 5795/4198/4023 5789/4192/4019 5790/4193/4018
f 5936/4352/4165 5938/4354/4166 5937/4353/4167 5935/4351/4163
f 5936/4352/4165 5785/4188/4013 5939/4355/4168 5938/4354/4166
f 5936/4352/4165 5790/4193/4018 5784/4187/4014 5785/4188/4013
f 5939/4355/4168 5941/4357/4169 5940/4356/4170 5938/4354/4166
f 5939/4355/4168 5780/4183/4008 5942/4358/4171 5941/4357/4169
f 5939/4355/4168 5785/4188/4013 5779/4182/4009 5780/4183/4008
f 5942/4358/4171 5944/4360/4172 5943/4359/4173 5941/4357/4169
f 5942/4358/4171 5775/4178/4003 5945/4361/4174 5944/4360/4172
f 5942/4358/4171 5780/4183/4008 5774/4177/4004 5775/4178/4003
f 5945/4361/4174 5947/4363/4175 5946/4362/4176 5944/4360/4172
f 5945/4361/4174 5770/4173/3998 5948/4364/4177 5947/4363/4175
f 5945/4361/4174 5775/4178/4003 5769/4172/3999 5770/4173/3998
f 5948/4364/4177 5950/4366/4178 5949/4365/4179 5947/4363/4175
f 5948/4364/4177 5765/4168/3993 5951/4367/4180 5950/4366/4178
f 5948/4364/4177 5770/4173/3998 5764/4167/3994 5765/4168/3993
f 5951/4367/4180 5953/4369/4181 5952/4368/4182 5950/4366/4178
f 5951/4367/4180 5760/4163/3988 5740/4143/3970 5953/4369/4181
f 5951/4367/4180 5765/4168/3993 5759/4162/3989 5760/4163/3988
f 5953/4369/4181 5743/4146/3973 5954/4370/4183 5952/4368/4182
f 5953/4369/4181 5740/4143/3970 5741/4144/3969 5743/4146/3973
f 5954/4370/4183 5955/4371/4184 5707/4107/3936 5705/4105/3935
f 5954/4370/4183 5743/4146/3973 5744/4147/3972 5955/4371/4184
f 5954/4370/4183 5705/4105/3935 5706/4106/3934 5952/4368/4182
f 5955/4371/4184 5957/4373/4185 5956/4372/4186 5707/4107/3936
f 5955/4371/4184 5744/4147/3972 5745/4148/3975 5957/4374/4185
f 5957/4373/4185 5959/4376/4187 5958/4375/4188 5956/4372/4186
f 5957/4374/4185 5745/4148/3975 5960/4378/4189 5959/4377/4187
f 5960/4378/4189 5961/4380/4190 5696/4379/3925 5959/4377/4187
f 5960/4378/4189 5748/4151/3978 5962/4381/4191 5961/4380/4190
f 5960/4378/4189 5745/4148/3975 5746/4149/3974 5748/4151/3978
f 5962/4381/4191 5710/4110/3939 5963/4382/4192 5961/4380/4190
f 5962/4381/4191 5964/4383/4193 5709/4109/3940 5710/4110/3939
f 5962/4381/4191 5748/4151/3978 5749/4152/3977 5964/4383/4193
f 5964/4383/4193 5965/4384/4194 5713/4113/3941 5709/4109/3940
f 5964/4383/4193 5749/4152/3977 5750/4153/3980 5965/4384/4194
f 5965/4384/4194 5967/4386/4195 5966/4385/4196 5713/4113/3941
f 5965/4384/4194 5750/4153/3980 5752/4155/3982 5967/4386/4195
f 5967/4386/4195 5969/4388/4197 5968/4387/4198 5966/4385/4196
f 5967/4386/4195 5752/4155/3982 5970/4389/4199 5969/4388/4197
f 5970/4389/4199 5752/4155/3982 5753/4156/3981 5756/4159/3986
f 5970/4389/4199 5972/4391/4200 5971/4390/4201 5969/4388/4197
f 5970/4389/4199 5756/4159/3986 5973/4392/4202 5972/4391/4200
f 5973/4392/4202 5756/4159/3986 5757/4160/3985 5761/4164/3991
f 5973/4392/4202 5975/4394/4203 5974/4393/4204 5972/4391/4200
f 5973/4392/4202 5761/4164/3991 5976/4395/4205 5975/4394/4203
f 5976/4395/4205 5761/4164/3991 5762/4165/3990 5766/4169/3996
f 5976/4395/4205 5978/4397/4206 5977/4396/4207 5975/4394/4203
f 5976/4395/4205 5766/4169/3996 5979/4398/4208 5978/4397/4206
f 5979/4398/4208 5766/4169/3996 5767/4170/3995 5771/4174/4001
f 5979/4398/4208 5981/4400/4209 5980/4399/4210 5978/4397/4206
f 5979/4398/4208 5771/4174/4001 5982/4401/4211 5981/4400/4209
f 5982/4401/4211 5771/4174/4001 5772/4175/4000 5776/4179/4006
f 5982/4401/4211 5984/4403/4212 5983/4402/4213 5981/4400/4209
f 5982/4401/4211 5776/4179/4006 5985/4404/4214 5984/4403/4212
f 5985/4404/4214 5776/4179/4006 5777/4180/4005 5781/4184/4011
f 5985/4404/4214 5987/4406/4215 5986/4405/4216 5984/4403/4212
f 5985/4404/4214 5781/4184/4011 5988/4407/4217 5987/4406/4215
f 5988/4407/4217 5781/4184/4011 5782/4185/4010 5786/4189/4016
f 5988/4407/4217 5990/4409/4218 5989/4408/4219 5987/4406/4215
f 5988/4407/4217 5786/4189/4016 5991/4410/4220 5990/4409/4218
f 5991/4410/4220 5786/4189/4016 5787/4190/4015 5791/4194/4021
f 5991/4410/4220 5993/4412/4221 5992/4411/4222 5990/4409/4218
f 5991/4410/4220 5791/4194/4021 5994/4413/4223 5993/4412/4221
f 5994/4413/4223 5791/4194/4021 5792/4195/4020 5796/4199/4026
f 5994/4413/4223 5996/4415/4224 5995/4414/4225 5993/4412/4221
f 5994/4413/4223 5796/4199/4026 5997/4416/4226 5996/4415/4224
f 5997/4416/4226 5796/4199/4026 5797/4200/4025 5801/4204/4031
f 5997/4416/4226 5999/4418/4227 5998/4417/4228 5996/4415/4224
f 5997/4416/4226 5801/4204/4031 6000/4419/4229 5999/4418/4227
f 6000/4419/4229 5801/4204/4031 5802/4205/4030 5806/4209/4036
f 6000/4419/4229 6002/4421/4230 6001/4420/4231 5999/4418/4227
f 6000/4419/4229 5806/4209/4036 6003/4422/4232 6002/4421/4230
f 6003/4422/4232 5806/4209/4036 5807/4210/4035 5811/4214/4041
f 6003/4422/4232 6005/4424/4233 6004/4423/4234 6002/4421/4230
f 6003/4422/4232 5811/4214/4041 6006/4425/4235 6005/4424/4233
f 6006/4425/4235 5811/4214/4041 5812/4215/4040 5816/4219/4046
f 6006/4425/4235 6008/4427/4236 6007/4426/4237 6005/4424/4233
f 6006/4425/4235 5816/4219/4046 6009/4428/4238 6008/4427/4236
f 6009/4428/4238 5816/4219/4046 5817/4220/4045 5821/4224/4051
f 6009/4428/4238 6011/4430/4239 6010/4429/4240 6008/4427/4236
f 6009/4428/4238 5821/4224/4051 6012/4431/4241 6011/4430/4239
f 6012/4431/4241 5821/4224/4051 5822/4225/4050 5826/4229/4056
f 6012/4431/4241 6014/4433/4242 6013/4432/4243 6011/4430/4239
f 6012/4431/4241 5826/4229/4056 6015/4434/4244 6014/4433/4242
f 6015/4434/4244 5826/4229/4056 5827/4230/4055 5831/4234/4061
f 6015/4434/4244 6017/4436/4245 6016/4435/4246 6014/4433/4242
f 6015/4434/4244 5831/4234/4061 6018/4437/4247 6017/4436/4245
f 6018/4437/4247 5831/4234/4061 5832/4235/4060 5836/4239/4066
f 6018/4437/4247 6020/4439/4248 6019/4438/4249 6017/4436/4245
f 6018/4437/4247 5836/4239/4066 6021/4440/4250 6020/4439/4248
f 6021/4440/4250 5836/4239/4066 5837/4240/4065 5841/4244/4071
f 6021/4440/4250 6023/4442/4251 6022/4441/4252 6020/4439/4248
f 6021/4440/4250 5841/4244/4071 6024/4443/4253 6023/4442/4251
f 6024/4443/4253 5841/4244/4071 5842/4245/4070 5846/4249/4076
f 6024/4443/4253 6026/4445/4254 6025/4444/4255 6023/4442/4251
f 6024/4443/4253 5846/4249/4076 6027/4446/4256 6026/4445/4254
f 6027/4446/4256 5846/4249/4076 5847/4250/4075 5851/4254/4081
f 6027/4446/4256 6029/4448/4257 6028/4447/4258 6026/4445/4254
f 6027/4446/4256 5851/4254/4081 6030/4449/4259 6029/4448/4257
f 6030/4449/4259 5851/4254/4081 5852/4255/4080 5856/4259/4086
f 6030/4449/4259 6032/4451/4260 6031/4450/4261 6029/4448/4257
f 6030/4449/4259 5856/4259/4086 5692/4092/3920 6032/4451/4260
f 6032/4451/4260 6034/4453/4262 6033/4452/4263 6031/4450/4261
f 6032/4451/4260 5692/4092/3920 5688/4088/3919 6034/4453/4262
f 6034/4453/4262 6036/4455/4264 6035/4454/4265 6033/4452/4263
f 6034/4453/4262 5688/4088/3919 5689/4089/3918 6036/4455/4264
f 6036/4455/4264 5689/4089/3918 5868/4457/4098 6037/4456/4266
f 6036/4455/4264 6037/4456/4266 6038/4458/4267 6035/4454/4265
f 6038/4459/4267 6037/4460/4266 5871/4277/4101 5873/4279/4103
f 6038/4458/4267 6040/4462/4268 6039/4461/4269 6035/4454/4265
f 6038/4459/4267 5873/4279/4103 6041/4464/4270 6040/4463/4268
f 6041/4464/4270 5873/4279/4103 5874/4280/4102 5735/4138/3964
f 6041/4464/4270 6042/4466/4271 5724/4465/3953 6040/4463/4268
f 6041/4464/4270 5735/4138/3964 5730/4133/3961 6042/4466/4271
f 6042/4467/4271 6043/4468/4272 5723/4126/3954 5724/4127/3953
f 6042/4467/4271 5730/4469/3961 5731/4134/3960 6043/4468/4272
f 6043/4468/4272 6044/4470/4273 5727/4130/3955 5723/4126/3954
f 6043/4468/4272 5731/4134/3960 6045/4471/4274 6044/4470/4273
f 6045/4471/4274 6047/4473/4275 6046/4472/4276 6044/4470/4273
f 6045/4471/4274 6049/4475/4277 6048/4474/4278 6047/4473/4275
f 6045/4471/4274 5731/4134/3960 5732/4135/3959 6049/4475/4277
f 6049/4475/4277 5877/4283/4107 5879/4285/4109 6048/4474/4278
f 6049/4475/4277 5732/4135/3959 5733/4136/3963 5877/4283/4107
f 6048/4474/4278 6051/4477/4279 6050/4476/4280 6047/4473/4275
f 6048/4474/4278 5879/4285/4109 6052/4478/4281 6051/4477/4279
f 6052/4478/4281 6054/4480/4282 6053/4479/4283 6051/4477/4279
f 6052/4478/4281 5882/4288/4112 6055/4481/4284 6054/4480/4282
f 6052/4478/4281 5879/4285/4109 5880/4286/4108 5882/4288/4112
f 6055/4481/4284 6057/4483/4285 6056/4482/4286 6054/4480/4282
f 6055/4481/4284 6059/4485/4287 6058/4484/4288 6057/4483/4285
f 6055/4481/4284 5882/4288/4112 5883/4289/4111 6059/4485/4287
f 6059/4485/4287 6061/4487/4289 6060/4486/4290 6058/4484/4288
f 6059/4485/4287 5883/4289/4111 5884/4290/4114 6061/4487/4289
f 6061/4487/4289 5889/4295/4119 6062/4488/4291 6060/4486/4290
f 6061/4487/4289 5884/4290/4114 5886/4292/4116 5889/4295/4119
f 6062/4488/4291 6064/4490/4292 6063/4489/4293 6060/4486/4290
f 6062/4488/4291 5892/4298/4122 6065/4491/4294 6064/4490/4292
f 6062/4488/4291 5889/4295/4119 5890/4296/4118 5892/4298/4122
f 6065/4491/4294 6067/4493/4295 6066/4492/4296 6064/4490/4292
f 6065/4491/4294 5895/4302/4125 6068/4494/4297 6067/4493/4295
f 6065/4491/4294 5892/4298/4122 5893/4299/4121 5895/4302/4125
f 6068/4494/4297 6070/4496/4298 6069/4495/4299 6067/4493/4295
f 6068/4494/4297 5898/4308/4128 6071/4497/4300 6070/4496/4298
f 6068/4494/4297 5895/4302/4125 5896/4303/4124 5898/4308/4128
f 6071/4497/4300 6073/4499/4301 6072/4498/4302 6070/4496/4298
f 6071/4497/4300 5901/4312/4131 6074/4500/4303 6073/4499/4301
f 6071/4497/4300 5898/4308/4128 5899/4309/4127 5901/4312/4131
f 6074/4500/4303 6076/4502/4304 6075/4501/4305 6073/4499/4301
f 6074/4500/4303 5904/4504/4134 6077/4503/4306 6076/4502/4304
f 6074/4500/4303 5901/4312/4131 5902/4313/4130 5904/4504/4134
f 6077/4503/4306 6079/4506/4307 6078/4505/4308 6076/4502/4304
f 6077/4503/4306 5907/4508/4137 6080/4507/4309 6079/4506/4307
f 6077/4509/4306 5904/4317/4134 5905/4318/4133 5907/4320/4137
f 6080/4507/4309 6082/4511/4310 6081/4510/4311 6079/4506/4307
f 6080/4507/4309 5910/4325/4140 6083/4512/4312 6082/4511/4310
f 6080/4507/4309 5907/4508/4137 5908/4324/4136 5910/4325/4140
f 6083/4512/4312 6085/4514/4313 6084/4513/4314 6082/4511/4310
f 6083/4512/4312 5913/4516/4143 6086/4515/4315 6085/4514/4313
f 6083/4512/4312 5910/4325/4140 5911/4326/4139 5913/4516/4143
f 6086/4515/4315 6088/4518/4316 6087/4517/4317 6085/4514/4313
f 6086/4519/4315 5916/4332/4146 6089/4521/4318 6088/4520/4316
f 6086/4519/4315 5913/4329/4143 5914/4330/4142 5916/4332/4146
f 6089/4521/4318 6091/4523/4319 6090/4522/4320 6088/4520/4316
f 6089/4521/4318 5919/4335/4149 6092/4524/4321 6091/4523/4319
f 6089/4521/4318 5916/4332/4146 5917/4333/4145 5919/4335/4149
f 6092/4524/4321 6094/4526/4322 6093/4525/4323 6091/4523/4319
f 6092/4524/4321 5922/4338/4152 6095/4527/4324 6094/4526/4322
f 6092/4524/4321 5919/4335/4149 5920/4336/4148 5922/4338/4152
f 6095/4527/4324 6097/4529/4325 6096/4528/4326 6094/4526/4322
f 6095/4527/4324 5925/4341/4155 6098/4530/4327 6097/4529/4325
f 6095/4527/4324 5922/4338/4152 5923/4339/4151 5925/4341/4155
f 6098/4530/4327 6100/4532/4328 6099/4531/4329 6097/4529/4325
f 6098/4530/4327 5928/4344/4158 6101/4533/4330 6100/4532/4328
f 6098/4530/4327 5925/4341/4155 5926/4342/4154 5928/4344/4158
f 6101/4533/4330 6103/4535/4331 6102/4534/4332 6100/4532/4328
f 6101/4533/4330 5931/4347/4161 6104/4536/4333 6103/4535/4331
f 6101/4533/4330 5928/4344/4158 5929/4345/4157 5931/4347/4161
f 6104/4536/4333 6106/4538/4334 6105/4537/4335 6103/4535/4331
f 6104/4536/4333 5934/4350/4164 6107/4539/4336 6106/4538/4334
f 6104/4536/4333 5931/4347/4161 5932/4348/4160 5934/4350/4164
f 6107/4539/4336 6109/4541/4337 6108/4540/4338 6106/4538/4334
f 6107/4539/4336 5937/4353/4167 6110/4542/4339 6109/4541/4337
f 6107/4539/4336 5934/4350/4164 5935/4351/4163 5937/4353/4167
f 6110/4542/4339 6112/4544/4340 6111/4543/4341 6109/4541/4337
f 6110/4542/4339 5940/4356/4170 6113/4545/4342 6112/4544/4340
f 6110/4542/4339 5937/4353/4167 5938/4354/4166 5940/4356/4170
f 6113/4545/4342 6115/4547/4343 6114/4546/4344 6112/4544/4340
f 6113/4545/4342 5943/4359/4173 6116/4548/4345 6115/4547/4343
f 6113/4545/4342 5940/4356/4170 5941/4357/4169 5943/4359/4173
f 6116/4548/4345 6118/4550/4346 6117/4549/4347 6115/4547/4343
f 6116/4548/4345 5946/4362/4176 6119/4551/4348 6118/4550/4346
f 6116/4548/4345 5943/4359/4173 5944/4360/4172 5946/4362/4176
f 6119/4551/4348 5702/4102/3933 5703/4103/3932 6118/4550/4346
f 6119/4551/4348 5949/4365/4179 5706/4106/3934 5702/4102/3933
f 6119/4551/4348 5946/4362/4176 5947/4363/4175 5949/4365/4179
f 6118/4550/4346 5703/4103/3932 6120/4552/4349 6117/4549/4347
f 6120/4552/4349 6123/4555/4350 6122/4554/4351 6121/4553/4352
f 6120/4552/4349 5703/4103/3932 5704/4104/3931 6123/4555/4350
f 6120/4552/4349 6121/4553/4352 6124/4556/4353 6117/4549/4347
f 6124/4556/4353 6121/4553/4352 6126/4558/4354 6125/4557/4355
f 6124/4556/4353 6114/4546/4344 6115/4547/4343 6117/4549/4347
f 6124/4556/4353 6125/4557/4355 6127/4559/4356 6114/4546/4344
f 6127/4559/4356 6125/4557/4355 6129/4561/4357 6128/4560/4358
f 6127/4559/4356 6111/4543/4341 6112/4544/4340 6114/4546/4344
f 6127/4559/4356 6128/4560/4358 6130/4562/4359 6111/4543/4341
f 6130/4562/4359 6128/4560/4358 6132/4564/4360 6131/4563/4361
f 6130/4562/4359 6108/4540/4338 6109/4541/4337 6111/4543/4341
f 6130/4562/4359 6131/4563/4361 6133/4565/4362 6108/4540/4338
f 6133/4565/4362 6131/4563/4361 6135/4567/4363 6134/4566/4364
f 6133/4565/4362 6105/4537/4335 6106/4538/4334 6108/4540/4338
f 6133/4565/4362 6134/4566/4364 6136/4568/4365 6105/4537/4335
f 6136/4568/4365 6134/4566/4364 6138/4570/4366 6137/4569/4367
f 6136/4568/4365 6102/4534/4332 6103/4535/4331 6105/4537/4335
f 6136/4568/4365 6137/4569/4367 6139/4571/4368 6102/4534/4332
f 6139/4571/4368 6137/4569/4367 6141/4573/4369 6140/4572/4370
f 6139/4571/4368 6099/4531/4329 6100/4532/4328 6102/4534/4332
f 6139/4571/4368 6140/4572/4370 6142/4574/4371 6099/4531/4329
f 6142/4575/4371 6140/4578/4370 6144/4577/4372 6143/4576/4373
f 6142/4574/4371 6096/4528/4326 6097/4529/4325 6099/4531/4329
f 6142/4574/4371 6143/4580/4373 6145/4579/4374 6096/4528/4326
f 6145/4579/4374 6143/4580/4373 6147/4582/4375 6146/4581/4376
f 6145/4579/4374 6093/4525/4323 6094/4526/4322 6096/4528/4326
f 6145/4579/4374 6146/4581/4376 6148/4583/4377 6093/4525/4323
f 6148/4584/4377 6146/4587/4376 6150/4586/4378 6149/4585/4379
f 6148/4583/4377 6090/4522/4320 6091/4523/4319 6093/4525/4323
f 6148/4584/4377 6149/4585/4379 6151/4589/4380 6090/4588/4320
f 6151/4589/4380 6149/4585/4379 6153/4591/4381 6152/4590/4382
f 6151/4589/4380 6087/4517/4317 6088/4518/4316 6090/4588/4320
f 6151/4589/4380 6152/4590/4382 6154/4592/4383 6087/4517/4317
f 6154/4592/4383 6152/4590/4382 6156/4594/4384 6155/4593/4385
f 6154/4592/4383 6084/4513/4314 6085/4514/4313 6087/4517/4317
f 6154/4592/4383 6155/4593/4385 6157/4595/4386 6084/4513/4314
f 6157/4595/4386 6155/4593/4385 6159/4597/4387 6158/4596/4388
f 6157/4595/4386 6081/4510/4311 6082/4511/4310 6084/4513/4314
f 6157/4595/4386 6158/4596/4388 6160/4598/4389 6081/4510/4311
f 6160/4598/4389 6158/4596/4388 6162/4600/4390 6161/4599/4391
f 6160/4598/4389 6078/4505/4308 6079/4506/4307 6081/4510/4311
f 6160/4598/4389 6161/4599/4391 6163/4601/4392 6078/4505/4308
f 6163/4601/4392 6161/4599/4391 6165/4603/4393 6164/4602/4394
f 6163/4601/4392 6075/4501/4305 6076/4502/4304 6078/4505/4308
f 6163/4601/4392 6164/4602/4394 6166/4604/4395 6075/4501/4305
f 6166/4604/4395 6164/4602/4394 6168/4606/4396 6167/4605/4397
f 6166/4604/4395 6072/4498/4302 6073/4499/4301 6075/4501/4305
f 6166/4604/4395 6167/4605/4397 6169/4607/4398 6072/4498/4302
f 6169/4607/4398 6167/4605/4397 6171/4609/4399 6170/4608/4400
f 6169/4607/4398 6069/4495/4299 6070/4496/4298 6072/4498/4302
f 6169/4607/4398 6170/4608/4400 6172/4610/4401 6069/4495/4299
f 6172/4610/4401 6170/4608/4400 6174/4612/4402 6173/4611/4403
f 6172/4610/4401 6066/4492/4296 6067/4493/4295 6069/4495/4299
f 6172/4610/4401 6173/4611/4403 6175/4613/4404 6066/4492/4296
f 6175/4613/4404 6173/4611/4403 6177/4615/4405 6176/4614/4406
f 6175/4613/4404 6063/4489/4293 6064/4490/4292 6066/4492/4296
f 6175/4613/4404 6176/4614/4406 6178/4616/4407 6063/4489/4293
f 6178/4616/4407 6176/4614/4406 6180/4618/4408 6179/4617/4409
f 6178/4616/4407 6058/4484/4288 6060/4486/4290 6063/4489/4293
f 6178/4616/4407 6179/4617/4409 6057/4483/4285 6058/4484/4288
f 6180/4618/4408 6183/4621/4410 6182/4620/4411 6181/4619/4412
f 6180/4618/4408 6176/4614/4406 6177/4615/4405 6183/4621/4410
f 6180/4618/4408 6181/4619/4412 6184/4622/4413 6179/4617/4409
f 6184/4622/4413 6181/4619/4412 6186/4624/4414 6185/4623/4415
f 6184/4622/4413 6056/4482/4286 6057/4483/4285 6179/4617/4409
f 6184/4622/4413 6185/4623/4415 6187/4625/4416 6056/4482/4286
f 6187/4625/4416 6185/4623/4415 6189/4627/4417 6188/4626/4418
f 6187/4625/4416 6053/4479/4283 6054/4480/4282 6056/4482/4286
f 6187/4625/4416 6188/4626/4418 6190/4628/4419 6053/4479/4283
f 6190/4628/4419 6188/4626/4418 6192/4630/4420 6191/4629/4421
f 6190/4628/4419 6050/4476/4280 6051/4477/4279 6053/4479/4283
f 6190/4628/4419 6191/4629/4421 6193/4631/4422 6050/4476/4280
f 6193/4631/4422 6191/4629/4421 6195/4633/4423 6194/4632/4424
f 6193/4631/4422 6046/4472/4276 6047/4473/4275 6050/4476/4280
f 6193/4631/4422 6194/4632/4424 6196/4634/4425 6046/4472/4276
f 6196/4634/4425 6194/4632/4424 6198/4636/4426 6197/4635/4427
f 6196/4634/4425 5727/4130/3955 6044/4470/4273 6046/4472/4276
f 6196/4634/4425 6197/4635/4427 5726/4129/3956 5727/4130/3955
f 6198/4636/4426 6200/4638/4428 6025/4444/4255 6199/4637/4429
f 6198/4636/4426 6194/4632/4424 6195/4633/4423 6200/4638/4428
f 6198/4636/4426 6199/4637/4429 6201/4639/4430 6197/4635/4427
f 6201/4639/4430 6199/4637/4429 6028/4447/4258 6202/4640/4431
f 6201/4639/4430 5728/4131/3957 5726/4129/3956 6197/4635/4427
f 6201/4639/4430 6202/4640/4431 6203/4641/4432 5728/4131/3957
f 6203/4641/4432 6202/4640/4431 6031/4450/4261 6033/4452/4263
f 6203/4641/4432 6039/4461/4269 5725/4128/3952 5728/4131/3957
f 6203/4641/4432 6033/4452/4263 6035/4454/4265 6039/4461/4269
f 6202/4640/4431 6028/4447/4258 6029/4448/4257 6031/4450/4261
f 6200/4638/4428 6022/4441/4252 6023/4442/4251 6025/4444/4255
f 6200/4638/4428 6195/4633/4423 6204/4642/4433 6022/4441/4252
f 6204/4642/4433 6019/4438/4249 6020/4439/4248 6022/4441/4252
f 6204/4642/4433 6192/4630/4420 6205/4643/4434 6019/4438/4249
f 6204/4642/4433 6195/4633/4423 6191/4629/4421 6192/4630/4420
f 6205/4643/4434 6016/4435/4246 6017/4436/4245 6019/4438/4249
f 6205/4643/4434 6189/4627/4417 6206/4644/4435 6016/4435/4246
f 6205/4643/4434 6192/4630/4420 6188/4626/4418 6189/4627/4417
f 6206/4644/4435 6013/4432/4243 6014/4433/4242 6016/4435/4246
f 6206/4644/4435 6186/4624/4414 6207/4645/4436 6013/4432/4243
f 6206/4644/4435 6189/4627/4417 6185/4623/4415 6186/4624/4414
f 6207/4645/4436 6010/4429/4240 6011/4430/4239 6013/4432/4243
f 6207/4645/4436 6182/4620/4411 6208/4646/4437 6010/4429/4240
f 6207/4645/4436 6186/4624/4414 6181/4619/4412 6182/4620/4411
f 6208/4646/4437 6007/4426/4237 6008/4427/4236 6010/4429/4240
f 6208/4646/4437 6210/4648/4438 6209/4647/4439 6007/4426/4237
f 6208/4646/4437 6182/4620/4411 6183/4621/4410 6210/4648/4438
f 6210/4648/4438 6212/4650/4440 6211/4649/4441 6209/4647/4439
f 6210/4648/4438 6183/4621/4410 6177/4615/4405 6212/4650/4440
f 6212/4650/4440 6174/4612/4402 6213/4651/4442 6211/4649/4441
f 6212/4650/4440 6177/4615/4405 6173/4611/4403 6174/4612/4402
f 6213/4651/4442 6215/4653/4443 6214/4652/4444 6211/4649/4441
f 6213/4651/4442 6171/4609/4399 6216/4654/4445 6215/4653/4443
f 6213/4651/4442 6174/4612/4402 6170/4608/4400 6171/4609/4399
f 6216/4654/4445 6218/4656/4446 6217/4655/4447 6215/4653/4443
f 6216/4654/4445 6168/4606/4396 6219/4657/4448 6218/4656/4446
f 6216/4654/4445 6171/4609/4399 6167/4605/4397 6168/4606/4396
f 6219/4657/4448 6221/4659/4449 6220/4658/4450 6218/4656/4446
f 6219/4657/4448 6165/4603/4393 6222/4660/4451 6221/4659/4449
f 6219/4657/4448 6168/4606/4396 6164/4602/4394 6165/4603/4393
f 6222/4660/4451 6224/4662/4452 6223/4661/4453 6221/4659/4449
f 6222/4660/4451 6162/4600/4390 6225/4663/4454 6224/4662/4452
f 6222/4660/4451 6165/4603/4393 6161/4599/4391 6162/4600/4390
f 6225/4663/4454 6227/4665/4455 6226/4664/4456 6224/4662/4452
f 6225/4663/4454 6159/4597/4387 6228/4666/4457 6227/4665/4455
f 6225/4663/4454 6162/4600/4390 6158/4596/4388 6159/4597/4387
f 6228/4666/4457 6230/4668/4458 6229/4667/4459 6227/4665/4455
f 6228/4666/4457 6156/4594/4384 6231/4669/4460 6230/4668/4458
f 6228/4666/4457 6159/4597/4387 6155/4593/4385 6156/4594/4384
f 6231/4669/4460 6233/4671/4461 6232/4670/4462 6230/4668/4458
f 6231/4669/4460 6153/4591/4381 6234/4672/4463 6233/4671/4461
f 6231/4669/4460 6156/4594/4384 6152/4590/4382 6153/4591/4381
f 6234/4672/4463 6236/4674/4464 6235/4673/4465 6233/4671/4461
f 6234/4672/4463 6150/4586/4378 6237/4675/4466 6236/4674/4464
f 6234/4672/4463 6153/4591/4381 6149/4585/4379 6150/4586/4378
f 6237/4675/4466 6239/4677/4467 6238/4676/4468 6236/4674/4464
f 6237/4675/4466 6147/4679/4375 6240/4678/4469 6239/4677/4467
f 6237/4675/4466 6150/4586/4378 6146/4587/4376 6147/4679/4375
f 6240/4678/4469 6242/4681/4470 6241/4680/4471 6239/4677/4467
f 6240/4678/4469 6144/4577/4372 6243/4682/4472 6242/4681/4470
f 6240/4678/4469 6147/4679/4375 6143/4576/4373 6144/4577/4372
f 6243/4682/4472 6245/4684/4473 6244/4683/4474 6242/4681/4470
f 6243/4682/4472 6141/4686/4369 6246/4685/4475 6245/4684/4473
f 6243/4682/4472 6144/4577/4372 6140/4578/4370 6141/4686/4369
f 6246/4685/4475 6248/4688/4476 6247/4687/4477 6245/4684/4473
f 6246/4689/4475 6138/4570/4366 6249/4691/4478 6248/4690/4476
f 6246/4689/4475 6141/4573/4369 6137/4569/4367 6138/4570/4366
f 6249/4691/4478 6251/4693/4479 6250/4692/4480 6248/4690/4476
f 6249/4691/4478 6135/4567/4363 6252/4694/4481 6251/4693/4479
f 6249/4691/4478 6138/4570/4366 6134/4566/4364 6135/4567/4363
f 6252/4694/4481 6254/4696/4482 6253/4695/4483 6251/4693/4479
f 6252/4694/4481 6132/4564/4360 6255/4697/4484 6254/4696/4482
f 6252/4694/4481 6135/4567/4363 6131/4563/4361 6132/4564/4360
f 6255/4697/4484 6257/4699/4485 6256/4698/4486 6254/4696/4482
f 6255/4697/4484 6129/4561/4357 6258/4700/4487 6257/4699/4485
f 6255/4697/4484 6132/4564/4360 6128/4560/4358 6129/4561/4357
f 6258/4700/4487 5699/4099/3927 5700/4100/3929 6257/4699/4485
f 6258/4700/4487 6126/4558/4354 5698/4098/3928 5699/4099/3927
f 6258/4700/4487 6129/4561/4357 6125/4557/4355 6126/4558/4354
f 6257/4699/4485 5700/4100/3929 6259/4701/4488 6256/4698/4486
f 6259/4702/4488 5963/4382/4192 5710/4110/3939 5711/4111/3938
f 6259/4702/4488 5700/4704/3929 5695/4703/3926 5963/4382/4192
f 6259/4701/4488 5711/4115/3938 5714/4116/3943 6256/4698/4486
f 6256/4698/4486 5714/4116/3943 6253/4695/4483 6254/4696/4482
f 6253/4695/4483 5714/4116/3943 5712/4117/3942 6260/4705/4489
f 6253/4695/4483 6260/4705/4489 6250/4692/4480 6251/4693/4479
f 6260/4706/4489 5712/4112/3942 5713/4113/3941 5966/4385/4196
f 6260/4706/4489 5966/4385/4196 5968/4387/4198 6250/4707/4480
f 6250/4707/4480 5968/4387/4198 6247/4687/4477 6248/4688/4476
f 6247/4687/4477 5968/4387/4198 5969/4388/4197 5971/4390/4201
f 6247/4687/4477 5971/4390/4201 6244/4683/4474 6245/4684/4473
f 6244/4683/4474 5971/4390/4201 5972/4391/4200 5974/4393/4204
f 6244/4683/4474 5974/4393/4204 6241/4680/4471 6242/4681/4470
f 6241/4680/4471 5974/4393/4204 5975/4394/4203 5977/4396/4207
f 6241/4680/4471 5977/4396/4207 6238/4676/4468 6239/4677/4467
f 6238/4676/4468 5977/4396/4207 5978/4397/4206 5980/4399/4210
f 6238/4676/4468 5980/4399/4210 6235/4673/4465 6236/4674/4464
f 6235/4673/4465 5980/4399/4210 5981/4400/4209 5983/4402/4213
f 6235/4673/4465 5983/4402/4213 6232/4670/4462 6233/4671/4461
f 6232/4670/4462 5983/4402/4213 5984/4403/4212 5986/4405/4216
f 6232/4670/4462 5986/4405/4216 6229/4667/4459 6230/4668/4458
f 6229/4667/4459 5986/4405/4216 5987/4406/4215 5989/4408/4219
f 6229/4667/4459 5989/4408/4219 6226/4664/4456 6227/4665/4455
f 6226/4664/4456 5989/4408/4219 5990/4409/4218 5992/4411/4222
f 6226/4664/4456 5992/4411/4222 6223/4661/4453 6224/4662/4452
f 6223/4661/4453 5992/4411/4222 5993/4412/4221 5995/4414/4225
f 6223/4661/4453 5995/4414/4225 6220/4658/4450 6221/4659/4449
f 6220/4658/4450 5995/4414/4225 5996/4415/4224 5998/4417/4228
f 6220/4658/4450 5998/4417/4228 6217/4655/4447 6218/4656/4446
f 6217/4655/4447 5998/4417/4228 5999/4418/4227 6001/4420/4231
f 6217/4655/4447 6001/4420/4231 6214/4652/4444 6215/4653/4443
f 6214/4652/4444 6001/4420/4231 6002/4421/4230 6004/4423/4234
f 6214/4652/4444 6004/4423/4234 6209/4647/4439 6211/4649/4441
f 6209/4647/4439 6004/4423/4234 6005/4424/4233 6007/4426/4237
f 6199/4637/4429 6025/4444/4255 6026/4445/4254 6028/4447/4258
f 6126/4558/4354 6121/4553/4352 6122/4554/4351 5698/4098/3928
f 6123/4555/4350 5956/4372/4186 5958/4375/4188 6122/4554/4351
f 6123/4555/4350 5704/4104/3931 5707/4107/3936 5956/4372/4186
f 6122/4554/4351 5958/4375/4188 5697/4097/3924 5698/4098/3928
f 6040/4462/4268 5724/4127/3953 5725/4128/3952 6039/4461/4269
f 6037/4460/4266 5868/4274/4098 5869/4275/4097 5871/4277/4101
f 5963/4382/4192 5695/4703/3926 5696/4379/3925 5961/4380/4190
f 5959/4376/4187 5696/4096/3925 5697/4097/3924 5958/4375/4188
f 5952/4368/4182 5706/4106/3934 5949/4365/4179 5950/4366/4178
f 5868/4457/4098 5689/4089/3918 5690/4090/3917 5864/4269/4093
f 5857/4260/4085 5691/4091/3921 5692/4092/3920 5856/4259/4086
f 5760/4163/3988 5755/4158/3984 5739/4142/3966 5740/4143/3970
s 51
f 6261/4708/4490 6264/4711/4491 6263/4710/4492 6262/4709/4493
f 6261/4712/4490 6262/4715/4493 6266/4714/4494 6265/4713/4495
f 6261/4712/4490 6265/4713/4495 6267/4717/4496 6264/4716/4491
f 6268/4718/4497 6271/4721/4498 6270/4720/4499 6269/4719/4500
f 6268/4718/4497 6273/4723/4501 6272/4722/4502 6271/4721/4498
f 6268/4718/4497 6269/4719/4500 6274/4724/4503 6273/4723/4501
f 6275/4725/4504 6278/4728/4505 6277/4727/4506 6276/4726/4507
f 6275/4725/4504 6276/4726/4507 6280/4730/4508 6279/4729/4509
f 6275/4725/4504 6279/4729/4509 6281/4731/4510 6278/4728/4505
f 6282/4732/4511 6285/4735/4512 6284/4734/4513 6283/4733/4514
f 6286/4736/4515 6289/4739/4516 6288/4738/4517 6287/4737/4518
f 6286/4736/4515 6291/4741/4519 6290/4740/4520 6289/4739/4516
f 6286/4736/4515 6287/4737/4518 6292/4742/4521 6291/4741/4519
f 6293/4743/4522 6296/4746/4523 6295/4745/4524 6294/4744/4525
f 6293/4743/4522 6298/4748/4526 6297/4747/4527 6296/4746/4523
f 6293/4743/4522 6294/4744/4525 6299/4749/4528 6298/4748/4526
f 6300/4750/4529 6303/4753/4530 6302/4752/4531 6301/4751/4532
f 6300/4750/4529 6301/4751/4532 6305/4755/4533 6304/4754/4534
f 6300/4750/4529 6304/4754/4534 6306/4756/4535 6303/4753/4530
f 6307/4757/4536 6310/4760/4537 6309/4759/4538 6308/4758/4539
f 6307/4757/4536 6308/4758/4539 6312/4762/4540 6311/4761/4541
f 6307/4757/4536 6311/4761/4541 6313/4763/4542 6310/4760/4537
f 6313/4763/4542 6316/4766/4543 6315/4765/4544 6314/4764/4545
f 6313/4763/4542 6311/4761/4541 6317/4767/4546 6316/4766/4543
f 6313/4763/4542 6314/4764/4545 6318/4768/4547 6310/4760/4537
f 6318/4768/4547 6314/4764/4545 6320/4770/4548 6319/4769/4549
f 6318/4768/4547 6321/4771/4550 6309/4759/4538 6310/4760/4537
f 6318/4768/4547 6319/4769/4549 6322/4772/4551 6321/4771/4550
f 6322/4772/4551 6324/4774/4552 6323/4773/4553 6321/4771/4550
f 6322/4772/4551 6273/4723/4501 6274/4724/4503 6324/4774/4552
f 6322/4772/4551 6319/4769/4549 6272/4722/4502 6273/4723/4501
f 6324/4775/4552 6326/4778/4554 6325/4777/4555 6323/4776/4553
f 6324/4775/4552 6274/4780/4503 6327/4779/4556 6326/4778/4554
f 6327/4779/4556 6329/4782/4557 6328/4781/4558 6326/4778/4554
f 6327/4779/4556 6330/4784/4559 6263/4783/4492 6329/4782/4557
f 6327/4779/4556 6274/4780/4503 6269/4785/4500 6330/4784/4559
f 6330/4786/4559 6331/4787/4560 6262/4709/4493 6263/4710/4492
f 6330/4786/4559 6269/4719/4500 6270/4720/4499 6331/4787/4560
f 6331/4787/4560 6332/4789/4561 6266/4788/4494 6262/4709/4493
f 6331/4787/4560 6270/4720/4499 6333/4790/4562 6332/4789/4561
f 6333/4790/4562 6335/4792/4563 6334/4791/4564 6332/4789/4561
f 6333/4790/4562 6337/4794/4565 6336/4793/4566 6335/4792/4563
f 6333/4790/4562 6270/4720/4499 6271/4721/4498 6337/4794/4565
f 6337/4794/4565 6339/4796/4567 6338/4795/4568 6336/4793/4566
f 6337/4794/4565 6271/4721/4498 6272/4722/4502 6339/4796/4567
f 6339/4796/4567 6320/4770/4548 6340/4797/4569 6338/4795/4568
f 6339/4796/4567 6272/4722/4502 6319/4769/4549 6320/4770/4548
f 6340/4797/4569 6342/4799/4570 6341/4798/4571 6338/4795/4568
f 6340/4797/4569 6315/4765/4544 6343/4800/4572 6342/4799/4570
f 6340/4797/4569 6320/4770/4548 6314/4764/4545 6315/4765/4544
f 6343/4800/4572 6345/4802/4573 6344/4801/4574 6342/4799/4570
f 6343/4800/4572 6347/4804/4575 6346/4803/4576 6345/4802/4573
f 6343/4800/4572 6315/4765/4544 6316/4766/4543 6347/4804/4575
f 6347/4804/4575 6349/4806/4577 6348/4805/4578 6346/4803/4576
f 6347/4804/4575 6316/4766/4543 6317/4767/4546 6349/4806/4577
f 6349/4806/4577 6351/4808/4579 6350/4807/4580 6348/4805/4578
f 6349/4806/4577 6317/4767/4546 6352/4809/4581 6351/4808/4579
f 6352/4809/4581 6354/4811/4582 6353/4810/4583 6351/4808/4579
f 6352/4809/4581 6312/4762/4540 6355/4812/4584 6354/4811/4582
f 6352/4809/4581 6317/4767/4546 6311/4761/4541 6312/4762/4540
f 6355/4813/4584 6357/4816/4585 6356/4815/4586 6354/4814/4582
f 6355/4813/4584 6359/4818/4587 6358/4817/4588 6357/4816/4585
f 6355/4812/4584 6312/4762/4540 6308/4758/4539 6359/4819/4587
f 6359/4818/4587 6361/4821/4589 6360/4820/4590 6358/4817/4588
f 6359/4819/4587 6308/4758/4539 6309/4759/4538 6361/4822/4589
f 6361/4821/4589 6323/4776/4553 6325/4777/4555 6360/4820/4590
f 6361/4822/4589 6309/4759/4538 6321/4771/4550 6323/4773/4553
f 6360/4820/4590 6295/4745/4524 6296/4746/4523 6358/4817/4588
f 6360/4820/4590 6325/4777/4555 6362/4823/4591 6295/4745/4524
f 6362/4823/4591 6363/4824/4592 6294/4744/4525 6295/4745/4524
f 6362/4823/4591 6328/4781/4558 6364/4825/4593 6363/4824/4592
f 6362/4823/4591 6325/4777/4555 6326/4778/4554 6328/4781/4558
f 6364/4825/4593 6366/4827/4594 6365/4826/4595 6363/4824/4592
f 6364/4825/4593 6368/4829/4596 6367/4828/4597 6366/4827/4594
f 6364/4825/4593 6328/4781/4558 6329/4782/4557 6368/4829/4596
f 6368/4829/4596 6264/4716/4491 6267/4717/4496 6367/4828/4597
f 6368/4829/4596 6329/4782/4557 6263/4783/4492 6264/4716/4491
f 6367/4828/4597 6370/4831/4598 6369/4830/4599 6366/4827/4594
f 6367/4828/4597 6267/4717/4496 6371/4832/4600 6370/4831/4598
f 6371/4832/4600 6373/4834/4601 6372/4833/4602 6370/4831/4598
f 6371/4832/4600 6375/4836/4603 6374/4835/4604 6373/4834/4601
f 6371/4832/4600 6267/4717/4496 6265/4713/4495 6375/4836/4603
f 6375/4836/4603 6377/4838/4605 6376/4837/4606 6374/4835/4604
f 6375/4836/4603 6265/4713/4495 6266/4714/4494 6377/4838/4605
f 6377/4839/4605 6334/4791/4564 6378/4841/4607 6376/4840/4606
f 6377/4839/4605 6266/4788/4494 6332/4789/4561 6334/4791/4564
f 6378/4841/4607 6380/4843/4608 6379/4842/4609 6376/4840/4606
f 6378/4841/4607 6382/4845/4610 6381/4844/4611 6380/4843/4608
f 6378/4841/4607 6334/4791/4564 6335/4792/4563 6382/4845/4610
f 6382/4845/4610 6384/4847/4612 6383/4846/4613 6381/4844/4611
f 6382/4845/4610 6335/4792/4563 6336/4793/4566 6384/4847/4612
f 6384/4847/4612 6341/4798/4571 6385/4848/4614 6383/4846/4613
f 6384/4847/4612 6336/4793/4566 6338/4795/4568 6341/4798/4571
f 6385/4848/4614 6387/4850/4615 6386/4849/4616 6383/4846/4613
f 6385/4848/4614 6344/4801/4574 6388/4851/4617 6387/4850/4615
f 6385/4848/4614 6341/4798/4571 6342/4799/4570 6344/4801/4574
f 6388/4851/4617 6390/4853/4618 6389/4852/4619 6387/4850/4615
f 6388/4851/4617 6392/4855/4620 6391/4854/4621 6390/4853/4618
f 6388/4851/4617 6344/4801/4574 6345/4802/4573 6392/4855/4620
f 6392/4855/4620 6394/4857/4622 6393/4856/4623 6391/4854/4621
f 6392/4855/4620 6345/4802/4573 6346/4803/4576 6394/4857/4622
f 6394/4857/4622 6396/4859/4624 6395/4858/4625 6393/4856/4623
f 6394/4857/4622 6346/4803/4576 6348/4805/4578 6396/4859/4624
f 6396/4859/4624 6398/4861/4626 6397/4860/4627 6395/4858/4625
f 6396/4859/4624 6348/4805/4578 6350/4807/4580 6398/4861/4626
f 6398/4861/4626 6400/4863/4628 6399/4862/4629 6397/4860/4627
f 6398/4861/4626 6350/4807/4580 6401/4864/4630 6400/4863/4628
f 6401/4864/4630 6403/4866/4631 6402/4865/4632 6400/4863/4628
f 6401/4864/4630 6353/4868/4583 6404/4867/4633 6403/4866/4631
f 6401/4864/4630 6350/4807/4580 6351/4808/4579 6353/4810/4583
f 6404/4867/4633 6406/4870/4634 6405/4869/4635 6403/4866/4631
f 6404/4867/4633 6356/4815/4586 6407/4871/4636 6406/4870/4634
f 6404/4867/4633 6353/4868/4583 6354/4814/4582 6356/4815/4586
f 6407/4871/4636 6409/4873/4637 6408/4872/4638 6406/4870/4634
f 6407/4871/4636 6297/4747/4527 6298/4748/4526 6409/4873/4637
f 6407/4871/4636 6356/4815/4586 6357/4816/4585 6297/4747/4527
f 6409/4873/4637 6411/4875/4639 6410/4874/4640 6408/4872/4638
f 6409/4873/4637 6298/4748/4526 6299/4749/4528 6411/4875/4639
f 6411/4875/4639 6413/4877/4641 6412/4876/4642 6410/4874/4640
f 6411/4875/4639 6299/4749/4528 6365/4826/4595 6413/4877/4641
f 6413/4877/4641 6369/4830/4599 6414/4878/4643 6412/4876/4642
f 6413/4877/4641 6365/4826/4595 6366/4827/4594 6369/4830/4599
f 6414/4878/4643 6416/4880/4644 6415/4879/4645 6412/4876/4642
f 6414/4878/4643 6372/4833/4602 6417/4881/4646 6416/4880/4644
f 6414/4878/4643 6369/4830/4599 6370/4831/4598 6372/4833/4602
f 6417/4881/4646 6419/4883/4647 6418/4882/4648 6416/4880/4644
f 6417/4881/4646 6421/4885/4649 6420/4884/4650 6419/4883/4647
f 6417/4881/4646 6372/4833/4602 6373/4834/4601 6421/4885/4649
f 6421/4885/4649 6423/4887/4651 6422/4886/4652 6420/4884/4650
f 6421/4885/4649 6373/4834/4601 6374/4835/4604 6423/4887/4651
f 6423/4887/4651 6379/4889/4609 6424/4888/4653 6422/4886/4652
f 6423/4887/4651 6374/4835/4604 6376/4837/4606 6379/4889/4609
f 6424/4888/4653 6426/4891/4654 6425/4890/4655 6422/4886/4652
f 6424/4892/4653 6428/4895/4656 6427/4894/4657 6426/4893/4654
f 6424/4892/4653 6379/4842/4609 6380/4843/4608 6428/4895/4656
f 6428/4895/4656 6430/4897/4658 6429/4896/4659 6427/4894/4657
f 6428/4895/4656 6380/4843/4608 6381/4844/4611 6430/4897/4658
f 6430/4897/4658 6386/4849/4616 6431/4898/4660 6429/4896/4659
f 6430/4897/4658 6381/4844/4611 6383/4846/4613 6386/4849/4616
f 6431/4898/4660 6433/4900/4661 6432/4899/4662 6429/4896/4659
f 6431/4898/4660 6389/4852/4619 6434/4901/4663 6433/4900/4661
f 6431/4898/4660 6386/4849/4616 6387/4850/4615 6389/4852/4619
f 6434/4901/4663 6436/4903/4664 6435/4902/4665 6433/4900/4661
f 6434/4901/4663 6438/4905/4666 6437/4904/4667 6436/4903/4664
f 6434/4901/4663 6389/4852/4619 6390/4853/4618 6438/4905/4666
f 6438/4905/4666 6440/4907/4668 6439/4906/4669 6437/4904/4667
f 6438/4905/4666 6390/4853/4618 6391/4854/4621 6440/4907/4668
f 6440/4907/4668 6442/4909/4670 6441/4908/4671 6439/4906/4669
f 6440/4907/4668 6391/4854/4621 6393/4856/4623 6442/4909/4670
f 6442/4909/4670 6444/4911/4672 6443/4910/4673 6441/4908/4671
f 6442/4909/4670 6393/4856/4623 6395/4858/4625 6444/4911/4672
f 6444/4911/4672 6446/4913/4674 6445/4912/4675 6443/4910/4673
f 6444/4911/4672 6395/4858/4625 6397/4860/4627 6446/4913/4674
f 6446/4913/4674 6448/4915/4676 6447/4914/4677 6445/4912/4675
f 6446/4913/4674 6397/4860/4627 6399/4862/4629 6448/4915/4676
f 6448/4915/4676 6450/4917/4678 6449/4916/4679 6447/4914/4677
f 6448/4915/4676 6399/4862/4629 6451/4918/4680 6450/4917/4678
f 6451/4918/4680 6453/4920/4681 6452/4919/4682 6450/4917/4678
f 6451/4918/4680 6402/4865/4632 6454/4921/4683 6453/4920/4681
f 6451/4918/4680 6399/4862/4629 6400/4863/4628 6402/4865/4632
f 6454/4921/4683 6456/4923/4684 6455/4922/4685 6453/4920/4681
f 6454/4921/4683 6405/4869/4635 6457/4924/4686 6456/4923/4684
f 6454/4921/4683 6402/4865/4632 6403/4866/4631 6405/4869/4635
f 6457/4924/4686 6459/4926/4687 6458/4925/4688 6456/4923/4684
f 6457/4924/4686 6408/4872/4638 6410/4874/4640 6459/4926/4687
f 6457/4924/4686 6405/4869/4635 6406/4870/4634 6408/4872/4638
f 6459/4926/4687 6415/4879/4645 6460/4927/4689 6458/4925/4688
f 6459/4926/4687 6410/4874/4640 6412/4876/4642 6415/4879/4645
f 6460/4927/4689 6462/4929/4690 6461/4928/4691 6458/4925/4688
f 6460/4927/4689 6418/4882/4648 6463/4930/4692 6462/4929/4690
f 6460/4927/4689 6415/4879/4645 6416/4880/4644 6418/4882/4648
f 6463/4930/4692 6465/4932/4693 6464/4931/4694 6462/4929/4690
f 6463/4930/4692 6467/4934/4695 6466/4933/4696 6465/4932/4693
f 6463/4930/4692 6418/4882/4648 6419/4883/4647 6467/4934/4695
f 6467/4934/4695 6469/4936/4697 6468/4935/4698 6466/4933/4696
f 6467/4934/4695 6419/4883/4647 6420/4884/4650 6469/4936/4697
f 6469/4936/4697 6425/4890/4655 6470/4937/4699 6468/4935/4698
f 6469/4936/4697 6420/4884/4650 6422/4886/4652 6425/4890/4655
f 6470/4937/4699 6472/4939/4700 6471/4938/4701 6468/4935/4698
f 6470/4937/4699 6474/4941/4702 6473/4940/4703 6472/4939/4700
f 6470/4937/4699 6425/4890/4655 6426/4891/4654 6474/4941/4702
f 6474/4942/4702 6476/4945/4704 6475/4944/4705 6473/4943/4703
f 6474/4942/4702 6426/4893/4654 6427/4894/4657 6476/4945/4704
f 6476/4945/4704 6432/4899/4662 6477/4946/4706 6475/4944/4705
f 6476/4945/4704 6427/4894/4657 6429/4896/4659 6432/4899/4662
f 6477/4946/4706 6479/4948/4707 6478/4947/4708 6475/4944/4705
f 6477/4946/4706 6435/4902/4665 6480/4949/4709 6479/4948/4707
f 6477/4946/4706 6432/4899/4662 6433/4900/4661 6435/4902/4665
f 6480/4949/4709 6482/4951/4710 6481/4950/4711 6479/4948/4707
f 6480/4949/4709 6484/4953/4712 6483/4952/4713 6482/4951/4710
f 6480/4949/4709 6435/4902/4665 6436/4903/4664 6484/4953/4712
f 6484/4953/4712 6486/4955/4714 6485/4954/4715 6483/4952/4713
f 6484/4953/4712 6436/4903/4664 6437/4904/4667 6486/4955/4714
f 6486/4955/4714 6488/4957/4716 6487/4956/4717 6485/4954/4715
f 6486/4955/4714 6437/4904/4667 6439/4906/4669 6488/4957/4716
f 6488/4957/4716 6490/4959/4718 6489/4958/4719 6487/4956/4717
f 6488/4957/4716 6439/4906/4669 6441/4908/4671 6490/4959/4718
f 6490/4959/4718 6492/4961/4720 6491/4960/4721 6489/4958/4719
f 6490/4959/4718 6441/4908/4671 6443/4910/4673 6492/4961/4720
f 6492/4961/4720 6494/4963/4722 6493/4962/4723 6491/4960/4721
f 6492/4961/4720 6443/4910/4673 6445/4912/4675 6494/4963/4722
f 6494/4963/4722 6496/4965/4724 6495/4964/4725 6493/4962/4723
f 6494/4963/4722 6445/4912/4675 6447/4914/4677 6496/4965/4724
f 6496/4965/4724 6498/4967/4726 6497/4966/4727 6495/4964/4725
f 6496/4965/4724 6447/4914/4677 6449/4916/4679 6498/4967/4726
f 6498/4967/4726 6500/4969/4728 6499/4968/4729 6497/4966/4727
f 6498/4967/4726 6449/4916/4679 6501/4970/4730 6500/4969/4728
f 6501/4970/4730 6503/4972/4731 6502/4971/4732 6500/4969/4728
f 6501/4970/4730 6452/4919/4682 6504/4973/4733 6503/4972/4731
f 6501/4970/4730 6449/4916/4679 6450/4917/4678 6452/4919/4682
f 6504/4973/4733 6506/4975/4734 6505/4974/4735 6503/4972/4731
f 6504/4973/4733 6455/4922/4685 6461/4928/4691 6506/4975/4734
f 6504/4973/4733 6452/4919/4682 6453/4920/4681 6455/4922/4685
f 6506/4975/4734 6464/4931/4694 6507/4976/4736 6505/4974/4735
f 6506/4975/4734 6461/4928/4691 6462/4929/4690 6464/4931/4694
f 6507/4976/4736 6509/4978/4737 6508/4977/4738 6505/4974/4735
f 6507/4976/4736 6511/4980/4739 6510/4979/4740 6509/4978/4737
f 6507/4976/4736 6464/4931/4694 6465/4932/4693 6511/4980/4739
f 6511/4980/4739 6513/4982/4741 6512/4981/4742 6510/4979/4740
f 6511/4980/4739 6465/4932/4693 6466/4933/4696 6513/4982/4741
f 6513/4982/4741 6471/4938/4701 6514/4983/4743 6512/4981/4742
f 6513/4982/4741 6466/4933/4696 6468/4935/4698 6471/4938/4701
f 6514/4983/4743 6516/4985/4744 6515/4984/4745 6512/4981/4742
f 6514/4983/4743 6518/4987/4746 6517/4986/4747 6516/4985/4744
f 6514/4983/4743 6471/4938/4701 6472/4939/4700 6518/4987/4746
f 6518/4987/4746 6520/4989/4748 6519/4988/4749 6517/4986/4747
f 6518/4987/4746 6472/4939/4700 6473/4940/4703 6520/4989/4748
f 6520/4990/4748 6478/4947/4708 6521/4992/4750 6519/4991/4749
f 6520/4990/4748 6473/4943/4703 6475/4944/4705 6478/4947/4708
f 6521/4992/4750 6523/4994/4751 6522/4993/4752 6519/4991/4749
f 6521/4992/4750 6481/4950/4711 6524/4995/4753 6523/4994/4751
f 6521/4992/4750 6478/4947/4708 6479/4948/4707 6481/4950/4711
f 6524/4995/4753 6526/4997/4754 6525/4996/4755 6523/4994/4751
f 6524/4995/4753 6528/4999/4756 6527/4998/4757 6526/4997/4754
f 6524/4995/4753 6481/4950/4711 6482/4951/4710 6528/4999/4756
f 6528/4999/4756 6530/5001/4758 6529/5000/4759 6527/4998/4757
f 6528/4999/4756 6482/4951/4710 6483/4952/4713 6530/5001/4758
f 6530/5001/4758 6532/5003/4760 6531/5002/4761 6529/5000/4759
f 6530/5001/4758 6483/4952/4713 6485/4954/4715 6532/5003/4760
f 6532/5003/4760 6534/5005/4762 6533/5004/4763 6531/5002/4761
f 6532/5003/4760 6485/4954/4715 6487/4956/4717 6534/5005/4762
f 6534/5005/4762 6536/5007/4764 6535/5006/4765 6533/5004/4763
f 6534/5005/4762 6487/4956/4717 6489/4958/4719 6536/5007/4764
f 6536/5007/4764 6538/5009/4766 6537/5008/4767 6535/5006/4765
f 6536/5007/4764 6489/4958/4719 6491/4960/4721 6538/5009/4766
f 6538/5009/4766 6540/5011/4768 6539/5010/4769 6537/5008/4767
f 6538/5009/4766 6491/4960/4721 6493/4962/4723 6540/5011/4768
f 6540/5011/4768 6542/5013/4770 6541/5012/4771 6539/5010/4769
f 6540/5011/4768 6493/4962/4723 6495/4964/4725 6542/5013/4770
f 6542/5013/4770 6544/5015/4772 6543/5014/4773 6541/5012/4771
f 6542/5013/4770 6495/4964/4725 6497/4966/4727 6544/5015/4772
f 6544/5015/4772 6546/5017/4774 6545/5016/4775 6543/5014/4773
f 6544/5015/4772 6497/4966/4727 6499/4968/4729 6546/5017/4774
f 6546/5017/4774 6548/5019/4776 6547/5018/4777 6545/5016/4775
f 6546/5017/4774 6499/4968/4729 6549/5020/4778 6548/5019/4776
f 6549/5020/4778 6551/5022/4779 6550/5021/4780 6548/5019/4776
f 6549/5020/4778 6502/4971/4732 6508/4977/4738 6551/5022/4779
f 6549/5020/4778 6499/4968/4729 6500/4969/4728 6502/4971/4732
f 6551/5022/4779 6553/5024/4781 6552/5023/4782 6550/5021/4780
f 6551/5022/4779 6508/4977/4738 6509/4978/4737 6553/5024/4781
f 6553/5024/4781 6555/5026/4783 6554/5025/4784 6552/5023/4782
f 6553/5024/4781 6509/4978/4737 6510/4979/4740 6555/5026/4783
f 6555/5026/4783 6515/4984/4745 6556/5027/4785 6554/5025/4784
f 6555/5026/4783 6510/4979/4740 6512/4981/4742 6515/4984/4745
f 6556/5027/4785 6558/5029/4786 6557/5028/4787 6554/5025/4784
f 6556/5027/4785 6560/5031/4788 6559/5030/4789 6558/5029/4786
f 6556/5027/4785 6515/4984/4745 6516/4985/4744 6560/5031/4788
f 6560/5031/4788 6562/5033/4790 6561/5032/4791 6559/5030/4789
f 6560/5031/4788 6516/4985/4744 6517/4986/4747 6562/5033/4790
f 6562/5033/4790 6522/5035/4752 6563/5034/4792 6561/5032/4791
f 6562/5033/4790 6517/4986/4747 6519/4988/4749 6522/5035/4752
f 6563/5034/4792 6565/5037/4793 6564/5036/4794 6561/5032/4791
f 6563/5034/4792 6525/5039/4755 6566/5038/4795 6565/5037/4793
f 6563/5040/4792 6522/4993/4752 6523/4994/4751 6525/4996/4755
f 6566/5038/4795 6568/5042/4796 6567/5041/4797 6565/5037/4793
f 6566/5043/4795 6570/5046/4798 6569/5045/4799 6568/5044/4796
f 6566/5043/4795 6525/4996/4755 6526/4997/4754 6570/5046/4798
f 6570/5046/4798 6572/5048/4800 6571/5047/4801 6569/5045/4799
f 6570/5046/4798 6526/4997/4754 6527/4998/4757 6572/5048/4800
f 6572/5048/4800 6574/5050/4802 6573/5049/4803 6571/5047/4801
f 6572/5048/4800 6527/4998/4757 6529/5000/4759 6574/5050/4802
f 6574/5050/4802 6576/5052/4804 6575/5051/4805 6573/5049/4803
f 6574/5050/4802 6529/5000/4759 6531/5002/4761 6576/5052/4804
f 6576/5052/4804 6578/5054/4806 6577/5053/4807 6575/5051/4805
f 6576/5052/4804 6531/5002/4761 6533/5004/4763 6578/5054/4806
f 6578/5054/4806 6580/5056/4808 6579/5055/4809 6577/5053/4807
f 6578/5054/4806 6533/5004/4763 6535/5006/4765 6580/5056/4808
f 6580/5056/4808 6582/5058/4810 6581/5057/4811 6579/5055/4809
f 6580/5056/4808 6535/5006/4765 6537/5008/4767 6582/5058/4810
f 6582/5058/4810 6584/5060/4812 6583/5059/4813 6581/5057/4811
f 6582/5058/4810 6537/5008/4767 6539/5010/4769 6584/5060/4812
f 6584/5060/4812 6586/5062/4814 6585/5061/4815 6583/5059/4813
f 6584/5060/4812 6539/5010/4769 6541/5012/4771 6586/5062/4814
f 6586/5062/4814 6588/5064/4816 6587/5063/4817 6585/5061/4815
f 6586/5062/4814 6541/5012/4771 6543/5014/4773 6588/5064/4816
f 6588/5064/4816 6590/5066/4818 6589/5065/4819 6587/5063/4817
f 6588/5064/4816 6543/5014/4773 6545/5016/4775 6590/5066/4818
f 6590/5066/4818 6592/5068/4820 6591/5067/4821 6589/5065/4819
f 6590/5066/4818 6545/5016/4775 6547/5018/4777 6592/5068/4820
f 6592/5068/4820 6594/5070/4822 6593/5069/4823 6591/5067/4821
f 6592/5068/4820 6547/5018/4777 6595/5071/4824 6594/5070/4822
f 6595/5071/4824 6597/5073/4825 6596/5072/4826 6594/5070/4822
f 6595/5071/4824 6550/5021/4780 6552/5023/4782 6597/5073/4825
f 6595/5071/4824 6547/5018/4777 6548/5019/4776 6550/5021/4780
f 6597/5073/4825 6557/5028/4787 6598/5074/4827 6596/5072/4826
f 6597/5073/4825 6552/5023/4782 6554/5025/4784 6557/5028/4787
f 6598/5074/4827 6600/5076/4828 6599/5075/4829 6596/5072/4826
f 6598/5074/4827 6602/5078/4830 6601/5077/4831 6600/5076/4828
f 6598/5074/4827 6557/5028/4787 6558/5029/4786 6602/5078/4830
f 6602/5078/4830 6604/5080/4832 6603/5079/4833 6601/5077/4831
f 6602/5078/4830 6558/5029/4786 6559/5030/4789 6604/5080/4832
f 6604/5080/4832 6564/5036/4794 6605/5081/4834 6603/5079/4833
f 6604/5080/4832 6559/5030/4789 6561/5032/4791 6564/5036/4794
f 6605/5081/4834 6607/5083/4835 6606/5082/4836 6603/5079/4833
f 6605/5081/4834 6567/5041/4797 6608/5084/4837 6607/5083/4835
f 6605/5081/4834 6564/5036/4794 6565/5037/4793 6567/5041/4797
f 6608/5084/4837 6610/5086/4838 6609/5085/4839 6607/5083/4835
f 6608/5084/4837 6612/5088/4840 6611/5087/4841 6610/5086/4838
f 6608/5084/4837 6567/5041/4797 6568/5042/4796 6612/5088/4840
f 6612/5089/4840 6614/5092/4842 6613/5091/4843 6611/5090/4841
f 6612/5089/4840 6568/5044/4796 6569/5045/4799 6614/5092/4842
f 6614/5092/4842 6616/5094/4844 6615/5093/4845 6613/5091/4843
f 6614/5092/4842 6569/5045/4799 6571/5047/4801 6616/5094/4844
f 6616/5094/4844 6618/5096/4846 6617/5095/4847 6615/5093/4845
f 6616/5094/4844 6571/5047/4801 6573/5049/4803 6618/5096/4846
f 6618/5096/4846 6620/5098/4848 6619/5097/4849 6617/5095/4847
f 6618/5096/4846 6573/5049/4803 6575/5051/4805 6620/5098/4848
f 6620/5098/4848 6622/5100/4850 6621/5099/4851 6619/5097/4849
f 6620/5098/4848 6575/5051/4805 6577/5053/4807 6622/5100/4850
f 6622/5100/4850 6624/5102/4852 6623/5101/4853 6621/5099/4851
f 6622/5100/4850 6577/5053/4807 6579/5055/4809 6624/5102/4852
f 6624/5102/4852 6626/5104/4854 6625/5103/4855 6623/5101/4853
f 6624/5102/4852 6579/5055/4809 6581/5057/4811 6626/5104/4854
f 6626/5104/4854 6628/5106/4856 6627/5105/4857 6625/5103/4855
f 6626/5104/4854 6581/5057/4811 6583/5059/4813 6628/5106/4856
f 6628/5106/4856 6630/5108/4858 6629/5107/4859 6627/5105/4857
f 6628/5106/4856 6583/5059/4813 6585/5061/4815 6630/5108/4858
f 6630/5108/4858 6632/5110/4860 6631/5109/4861 6629/5107/4859
f 6630/5108/4858 6585/5061/4815 6587/5063/4817 6632/5110/4860
f 6632/5110/4860 6634/5112/4862 6633/5111/4863 6631/5109/4861
f 6632/5110/4860 6587/5063/4817 6589/5065/4819 6634/5112/4862
f 6634/5112/4862 6636/5114/4864 6635/5113/4865 6633/5111/4863
f 6634/5112/4862 6589/5065/4819 6591/5067/4821 6636/5114/4864
f 6636/5114/4864 6638/5116/4866 6637/5115/4867 6635/5113/4865
f 6636/5114/4864 6591/5067/4821 6593/5069/4823 6638/5116/4866
f 6638/5116/4866 6640/5118/4868 6639/5117/4869 6637/5115/4867
f 6638/5116/4866 6593/5069/4823 6599/5075/4829 6640/5118/4868
f 6640/5118/4868 6642/5120/4870 6641/5119/4871 6639/5117/4869
f 6640/5118/4868 6599/5075/4829 6600/5076/4828 6642/5120/4870
f 6642/5120/4870 6644/5122/4872 6643/5121/4873 6641/5119/4871
f 6642/5120/4870 6600/5076/4828 6601/5077/4831 6644/5122/4872
f 6644/5122/4872 6606/5082/4836 6645/5123/4874 6643/5121/4873
f 6644/5122/4872 6601/5077/4831 6603/5079/4833 6606/5082/4836
f 6645/5123/4874 6647/5125/4875 6646/5124/4876 6643/5121/4873
f 6645/5123/4874 6609/5085/4839 6648/5126/4877 6647/5125/4875
f 6645/5123/4874 6606/5082/4836 6607/5083/4835 6609/5085/4839
f 6648/5126/4877 6650/5128/4878 6649/5127/4879 6647/5125/4875
f 6648/5126/4877 6652/5130/4880 6651/5129/4881 6650/5128/4878
f 6648/5126/4877 6609/5085/4839 6610/5086/4838 6652/5130/4880
f 6652/5130/4880 6654/5132/4882 6653/5131/4883 6651/5129/4881
f 6652/5130/4880 6610/5086/4838 6611/5087/4841 6654/5132/4882
f 6654/5133/4882 6656/5136/4884 6655/5135/4885 6653/5134/4883
f 6654/5133/4882 6611/5090/4841 6613/5091/4843 6656/5136/4884
f 6656/5136/4884 6658/5138/4886 6657/5137/4887 6655/5135/4885
f 6656/5136/4884 6613/5091/4843 6615/5093/4845 6658/5138/4886
f 6658/5138/4886 6660/5140/4888 6659/5139/4889 6657/5137/4887
f 6658/5138/4886 6615/5093/4845 6617/5095/4847 6660/5140/4888
f 6660/5140/4888 6662/5142/4890 6661/5141/4891 6659/5139/4889
f 6660/5140/4888 6617/5095/4847 6619/5097/4849 6662/5142/4890
f 6662/5142/4890 6664/5144/4892 6663/5143/4893 6661/5141/4891
f 6662/5142/4890 6619/5097/4849 6621/5099/4851 6664/5144/4892
f 6664/5144/4892 6666/5146/4894 6665/5145/4895 6663/5143/4893
f 6664/5144/4892 6621/5099/4851 6623/5101/4853 6666/5146/4894
f 6666/5146/4894 6668/5148/4896 6667/5147/4897 6665/5145/4895
f 6666/5146/4894 6623/5101/4853 6625/5103/4855 6668/5148/4896
f 6668/5148/4896 6670/5150/4898 6669/5149/4899 6667/5147/4897
f 6668/5148/4896 6625/5103/4855 6627/5105/4857 6670/5150/4898
f 6670/5150/4898 6672/5152/4900 6671/5151/4901 6669/5149/4899
f 6670/5150/4898 6627/5105/4857 6629/5107/4859 6672/5152/4900
f 6672/5152/4900 6674/5154/4902 6673/5153/4903 6671/5151/4901
f 6672/5152/4900 6629/5107/4859 6631/5109/4861 6674/5154/4902
f 6674/5154/4902 6676/5156/4904 6675/5155/4905 6673/5153/4903
f 6674/5154/4902 6631/5109/4861 6633/5111/4863 6676/5156/4904
f 6676/5156/4904 6678/5158/4906 6677/5157/4907 6675/5155/4905
f 6676/5156/4904 6633/5111/4863 6635/5113/4865 6678/5158/4906
f 6678/5158/4906 6680/5160/4908 6679/5159/4909 6677/5157/4907
f 6678/5158/4906 6635/5113/4865 6637/5115/4867 6680/5160/4908
f 6680/5160/4908 6682/5162/4910 6681/5161/4911 6679/5159/4909
f 6680/5160/4908 6637/5115/4867 6639/5117/4869 6682/5162/4910
f 6682/5162/4910 6684/5164/4912 6683/5163/4913 6681/5161/4911
f 6682/5162/4910 6639/5117/4869 6641/5119/4871 6684/5164/4912
f 6684/5164/4912 6646/5124/4876 6685/5165/4914 6683/5163/4913
f 6684/5164/4912 6641/5119/4871 6643/5121/4873 6646/5124/4876
f 6685/5165/4914 6687/5167/4915 6686/5166/4916 6683/5163/4913
f 6685/5165/4914 6649/5127/4879 6688/5168/4917 6687/5167/4915
f 6685/5165/4914 6646/5124/4876 6647/5125/4875 6649/5127/4879
f 6688/5168/4917 6690/5170/4918 6689/5169/4919 6687/5167/4915
f 6688/5168/4917 6692/5172/4920 6691/5171/4921 6690/5170/4918
f 6688/5168/4917 6649/5127/4879 6650/5128/4878 6692/5172/4920
f 6692/5172/4920 6694/5174/4922 6693/5173/4923 6691/5171/4921
f 6692/5172/4920 6650/5128/4878 6651/5129/4881 6694/5174/4922
f 6694/5174/4922 6696/5176/4924 6695/5175/4925 6693/5173/4923
f 6694/5174/4922 6651/5129/4881 6653/5131/4883 6696/5176/4924
f 6696/5177/4924 6698/5180/4926 6697/5179/4927 6695/5178/4925
f 6696/5177/4924 6653/5134/4883 6655/5135/4885 6698/5180/4926
f 6698/5180/4926 6700/5182/4928 6699/5181/4929 6697/5179/4927
f 6698/5180/4926 6655/5135/4885 6657/5137/4887 6700/5182/4928
f 6700/5182/4928 6702/5184/4930 6701/5183/4931 6699/5181/4929
f 6700/5182/4928 6657/5137/4887 6659/5139/4889 6702/5184/4930
f 6702/5184/4930 6704/5186/4932 6703/5185/4933 6701/5183/4931
f 6702/5184/4930 6659/5139/4889 6661/5141/4891 6704/5186/4932
f 6704/5186/4932 6706/5188/4934 6705/5187/4935 6703/5185/4933
f 6704/5186/4932 6661/5141/4891 6663/5143/4893 6706/5188/4934
f 6706/5188/4934 6708/5190/4936 6707/5189/4937 6705/5187/4935
f 6706/5188/4934 6663/5143/4893 6665/5145/4895 6708/5190/4936
f 6708/5190/4936 6710/5192/4938 6709/5191/4939 6707/5189/4937
f 6708/5190/4936 6665/5145/4895 6667/5147/4897 6710/5192/4938
f 6710/5192/4938 6712/5194/4940 6711/5193/4941 6709/5191/4939
f 6710/5192/4938 6667/5147/4897 6669/5149/4899 6712/5194/4940
f 6712/5194/4940 6714/5196/4942 6713/5195/4943 6711/5193/4941
f 6712/5194/4940 6669/5149/4899 6671/5151/4901 6714/5196/4942
f 6714/5196/4942 6716/5198/4944 6715/5197/4945 6713/5195/4943
f 6714/5196/4942 6671/5151/4901 6673/5153/4903 6716/5198/4944
f 6716/5198/4944 6718/5200/4946 6717/5199/4947 6715/5197/4945
f 6716/5198/4944 6673/5153/4903 6675/5155/4905 6718/5200/4946
f 6718/5200/4946 6720/5202/4948 6719/5201/4949 6717/5199/4947
f 6718/5200/4946 6675/5155/4905 6677/5157/4907 6720/5202/4948
f 6720/5202/4948 6722/5204/4950 6721/5203/4951 6719/5201/4949
f 6720/5202/4948 6677/5157/4907 6679/5159/4909 6722/5204/4950
f 6722/5204/4950 6724/5206/4952 6723/5205/4953 6721/5203/4951
f 6722/5204/4950 6679/5159/4909 6681/5161/4911 6724/5206/4952
f 6724/5206/4952 6686/5166/4916 6725/5207/4954 6723/5205/4953
f 6724/5206/4952 6681/5161/4911 6683/5163/4913 6686/5166/4916
f 6725/5207/4954 6727/5209/4955 6726/5208/4956 6723/5205/4953
f 6725/5207/4954 6689/5169/4919 6728/5210/4957 6727/5209/4955
f 6725/5207/4954 6686/5166/4916 6687/5167/4915 6689/5169/4919
f 6728/5210/4957 6730/5212/4958 6729/5211/4959 6727/5209/4955
f 6728/5210/4957 6732/5214/4960 6731/5213/4961 6730/5212/4958
f 6728/5210/4957 6689/5169/4919 6690/5170/4918 6732/5214/4960
f 6732/5214/4960 6734/5216/4962 6733/5215/4963 6731/5213/4961
f 6732/5214/4960 6690/5170/4918 6691/5171/4921 6734/5216/4962
f 6734/5216/4962 6736/5218/4964 6735/5217/4965 6733/5215/4963
f 6734/5216/4962 6691/5171/4921 6693/5173/4923 6736/5218/4964
f 6736/5218/4964 6738/5220/4966 6737/5219/4967 6735/5217/4965
f 6736/5218/4964 6693/5173/4923 6695/5175/4925 6738/5220/4966
f 6738/5221/4966 6740/5224/4968 6739/5223/4969 6737/5222/4967
f 6738/5221/4966 6695/5178/4925 6697/5179/4927 6740/5224/4968
f 6740/5224/4968 6742/5226/4970 6741/5225/4971 6739/5223/4969
f 6740/5224/4968 6697/5179/4927 6699/5181/4929 6742/5226/4970
f 6742/5226/4970 6744/5228/4972 6743/5227/4973 6741/5225/4971
f 6742/5226/4970 6699/5181/4929 6701/5183/4931 6744/5228/4972
f 6744/5228/4972 6746/5230/4974 6745/5229/4975 6743/5227/4973
f 6744/5228/4972 6701/5183/4931 6703/5185/4933 6746/5230/4974
f 6746/5230/4974 6748/5232/4976 6747/5231/4977 6745/5229/4975
f 6746/5230/4974 6703/5185/4933 6705/5187/4935 6748/5232/4976
f 6748/5232/4976 6750/5234/4978 6749/5233/4979 6747/5231/4977
f 6748/5232/4976 6705/5187/4935 6707/5189/4937 6750/5234/4978
f 6750/5234/4978 6752/5236/4980 6751/5235/4981 6749/5233/4979
f 6750/5234/4978 6707/5189/4937 6709/5191/4939 6752/5236/4980
f 6752/5236/4980 6754/5238/4982 6753/5237/4983 6751/5235/4981
f 6752/5236/4980 6709/5191/4939 6711/5193/4941 6754/5238/4982
f 6754/5238/4982 6756/5240/4984 6755/5239/4985 6753/5237/4983
f 6754/5238/4982 6711/5193/4941 6713/5195/4943 6756/5240/4984
f 6756/5240/4984 6758/5242/4986 6757/5241/4987 6755/5239/4985
f 6756/5240/4984 6713/5195/4943 6715/5197/4945 6758/5242/4986
f 6758/5242/4986 6760/5244/4988 6759/5243/4989 6757/5241/4987
f 6758/5242/4986 6715/5197/4945 6717/5199/4947 6760/5244/4988
f 6760/5244/4988 6762/5246/4990 6761/5245/4991 6759/5243/4989
f 6760/5244/4988 6717/5199/4947 6719/5201/4949 6762/5246/4990
f 6762/5246/4990 6764/5248/4992 6763/5247/4993 6761/5245/4991
f 6762/5246/4990 6719/5201/4949 6721/5203/4951 6764/5248/4992
f 6764/5248/4992 6726/5208/4956 6765/5249/4994 6763/5247/4993
f 6764/5248/4992 6721/5203/4951 6723/5205/4953 6726/5208/4956
f 6765/5249/4994 6767/5251/4995 6766/5250/4996 6763/5247/4993
f 6765/5249/4994 6729/5211/4959 6768/5252/4997 6767/5251/4995
f 6765/5249/4994 6726/5208/4956 6727/5209/4955 6729/5211/4959
f 6768/5252/4997 6770/5254/4998 6769/5253/4999 6767/5251/4995
f 6768/5252/4997 6772/5256/5000 6771/5255/5001 6770/5254/4998
f 6768/5252/4997 6729/5211/4959 6730/5212/4958 6772/5256/5000
f 6772/5256/5000 6774/5258/5002 6773/5257/5003 6771/5255/5001
f 6772/5256/5000 6730/5212/4958 6731/5213/4961 6774/5258/5002
f 6774/5258/5002 6776/5260/5004 6775/5259/5005 6773/5257/5003
f 6774/5258/5002 6731/5213/4961 6733/5215/4963 6776/5260/5004
f 6776/5260/5004 6778/5262/5006 6777/5261/5007 6775/5259/5005
f 6776/5260/5004 6733/5215/4963 6735/5217/4965 6778/5262/5006
f 6778/5262/5006 6780/5264/5008 6779/5263/5009 6777/5261/5007
f 6778/5262/5006 6735/5217/4965 6737/5219/4967 6780/5264/5008
f 6780/5265/5008 6782/5268/5010 6781/5267/5011 6779/5266/5009
f 6780/5265/5008 6737/5222/4967 6739/5223/4969 6782/5268/5010
f 6782/5268/5010 6784/5270/5012 6783/5269/5013 6781/5267/5011
f 6782/5268/5010 6739/5223/4969 6741/5225/4971 6784/5270/5012
f 6784/5270/5012 6786/5272/5014 6785/5271/5015 6783/5269/5013
f 6784/5270/5012 6741/5225/4971 6743/5227/4973 6786/5272/5014
f 6786/5272/5014 6788/5274/5016 6787/5273/5017 6785/5271/5015
f 6786/5272/5014 6743/5227/4973 6745/5229/4975 6788/5274/5016
f 6788/5274/5016 6790/5276/5018 6789/5275/5019 6787/5273/5017
f 6788/5274/5016 6745/5229/4975 6747/5231/4977 6790/5276/5018
f 6790/5276/5018 6792/5278/5020 6791/5277/5021 6789/5275/5019
f 6790/5276/5018 6747/5231/4977 6749/5233/4979 6792/5278/5020
f 6792/5278/5020 6794/5280/5022 6793/5279/5023 6791/5277/5021
f 6792/5278/5020 6749/5233/4979 6751/5235/4981 6794/5280/5022
f 6794/5280/5022 6796/5282/5024 6795/5281/5025 6793/5279/5023
f 6794/5280/5022 6751/5235/4981 6753/5237/4983 6796/5282/5024
f 6796/5282/5024 6798/5284/5026 6797/5283/5027 6795/5281/5025
f 6796/5282/5024 6753/5237/4983 6755/5239/4985 6798/5284/5026
f 6798/5284/5026 6800/5286/5028 6799/5285/5029 6797/5283/5027
f 6798/5284/5026 6755/5239/4985 6757/5241/4987 6800/5286/5028
f 6800/5286/5028 6802/5288/5030 6801/5287/5031 6799/5285/5029
f 6800/5286/5028 6757/5241/4987 6759/5243/4989 6802/5288/5030
f 6802/5288/5030 6804/5290/5032 6803/5289/5033 6801/5287/5031
f 6802/5288/5030 6759/5243/4989 6761/5245/4991 6804/5290/5032
f 6804/5290/5032 6766/5250/4996 6805/5291/5034 6803/5289/5033
f 6804/5290/5032 6761/5245/4991 6763/5247/4993 6766/5250/4996
f 6805/5291/5034 6807/5293/5035 6806/5292/5036 6803/5289/5033
f 6805/5291/5034 6769/5253/4999 6808/5294/5037 6807/5293/5035
f 6805/5291/5034 6766/5250/4996 6767/5251/4995 6769/5253/4999
f 6808/5294/5037 6810/5296/5038 6809/5295/5039 6807/5293/5035
f 6808/5294/5037 6812/5298/5040 6811/5297/5041 6810/5296/5038
f 6808/5294/5037 6769/5253/4999 6770/5254/4998 6812/5298/5040
f 6812/5298/5040 6814/5300/5042 6813/5299/5043 6811/5297/5041
f 6812/5298/5040 6770/5254/4998 6771/5255/5001 6814/5300/5042
f 6814/5300/5042 6816/5302/5044 6815/5301/5045 6813/5299/5043
f 6814/5300/5042 6771/5255/5001 6773/5257/5003 6816/5302/5044
f 6816/5302/5044 6818/5304/5046 6817/5303/5047 6815/5301/5045
f 6816/5302/5044 6773/5257/5003 6775/5259/5005 6818/5304/5046
f 6818/5304/5046 6820/5306/5048 6819/5305/5049 6817/5303/5047
f 6818/5304/5046 6775/5259/5005 6777/5261/5007 6820/5306/5048
f 6820/5306/5048 6822/5308/5050 6821/5307/5051 6819/5305/5049
f 6820/5306/5048 6777/5261/5007 6779/5263/5009 6822/5308/5050
f 6822/5309/5050 6824/5312/5052 6823/5311/5053 6821/5310/5051
f 6822/5309/5050 6779/5266/5009 6781/5267/5011 6824/5312/5052
f 6824/5312/5052 6826/5314/5054 6825/5313/5055 6823/5311/5053
f 6824/5312/5052 6781/5267/5011 6783/5269/5013 6826/5314/5054
f 6826/5314/5054 6828/5316/5056 6827/5315/5057 6825/5313/5055
f 6826/5314/5054 6783/5269/5013 6785/5271/5015 6828/5316/5056
f 6828/5316/5056 6830/5318/5058 6829/5317/5059 6827/5315/5057
f 6828/5316/5056 6785/5271/5015 6787/5273/5017 6830/5318/5058
f 6830/5318/5058 6832/5320/5060 6831/5319/5061 6829/5317/5059
f 6830/5318/5058 6787/5273/5017 6789/5275/5019 6832/5320/5060
f 6832/5320/5060 6834/5322/5062 6833/5321/5063 6831/5319/5061
f 6832/5320/5060 6789/5275/5019 6791/5277/5021 6834/5322/5062
f 6834/5322/5062 6836/5324/5064 6835/5323/5065 6833/5321/5063
f 6834/5322/5062 6791/5277/5021 6793/5279/5023 6836/5324/5064
f 6836/5324/5064 6838/5326/5066 6837/5325/5067 6835/5323/5065
f 6836/5324/5064 6793/5279/5023 6795/5281/5025 6838/5326/5066
f 6838/5326/5066 6840/5328/5068 6839/5327/5069 6837/5325/5067
f 6838/5326/5066 6795/5281/5025 6797/5283/5027 6840/5328/5068
f 6840/5328/5068 6842/5330/5070 6841/5329/5071 6839/5327/5069
f 6840/5328/5068 6797/5283/5027 6799/5285/5029 6842/5330/5070
f 6842/5330/5070 6844/5332/5072 6843/5331/5073 6841/5329/5071
f 6842/5330/5070 6799/5285/5029 6801/5287/5031 6844/5332/5072
f 6844/5332/5072 6806/5292/5036 6845/5333/5074 6843/5331/5073
f 6844/5332/5072 6801/5287/5031 6803/5289/5033 6806/5292/5036
f 6845/5333/5074 6287/4737/4518 6288/4738/4517 6843/5331/5073
f 6845/5333/5074 6809/5295/5039 6292/4742/4521 6287/4737/4518
f 6845/5333/5074 6806/5292/5036 6807/5293/5035 6809/5295/5039
f 6843/5331/5073 6288/4738/4517 6846/5334/5075 6841/5329/5071
f 6846/5334/5075 6849/5337/5076 6848/5336/5077 6847/5335/5078
f 6846/5334/5075 6288/4738/4517 6289/4739/4516 6849/5337/5076
f 6846/5334/5075 6847/5335/5078 6839/5327/5069 6841/5329/5071
f 6849/5337/5076 6850/5338/5079 6280/4730/4508 6848/5336/5077
f 6849/5337/5076 6289/4739/4516 6290/4740/4520 6850/5338/5079
f 6850/5338/5079 6851/5339/5080 6279/4729/4509 6280/4730/4508
f 6850/5338/5079 6290/4740/4520 6852/5340/5081 6851/5339/5080
f 6852/5340/5081 6290/4740/4520 6291/4741/4519 6853/5341/5082
f 6852/5340/5081 6855/5343/5083 6854/5342/5084 6851/5339/5080
f 6852/5340/5081 6853/5341/5082 6856/5344/5085 6855/5343/5083
f 6856/5344/5085 6853/5341/5082 6858/5346/5086 6857/5345/5087
f 6856/5344/5085 6860/5348/5088 6859/5347/5089 6855/5343/5083
f 6856/5344/5085 6857/5345/5087 6861/5349/5090 6860/5348/5088
f 6861/5349/5090 6302/4752/4531 6303/4753/4530 6860/5348/5088
f 6861/5349/5090 6813/5299/5043 6815/5301/5045 6302/4752/4531
f 6861/5349/5090 6857/5345/5087 6811/5297/5041 6813/5299/5043
f 6860/5348/5088 6303/4753/4530 6306/4756/4535 6859/5347/5089
f 6859/5347/5089 6862/5350/5091 6854/5342/5084 6855/5343/5083
f 6859/5347/5089 6306/4756/4535 6863/5351/5092 6862/5350/5091
f 6863/5352/5092 6865/5355/5093 6864/5354/5094 6862/5353/5091
f 6863/5352/5092 6867/5357/5095 6866/5356/5096 6865/5355/5093
f 6863/5351/5092 6306/4756/4535 6304/4754/4534 6867/5358/5095
f 6867/5357/5095 6869/5360/5097 6868/5359/5098 6866/5356/5096
f 6867/5358/5095 6304/4754/4534 6305/4755/4533 6869/5361/5097
f 6869/5360/5097 6821/5310/5051 6823/5311/5053 6868/5359/5098
f 6869/5361/5097 6305/4755/4533 6819/5305/5049 6821/5307/5051
f 6868/5359/5098 6871/5363/5099 6870/5362/5100 6866/5356/5096
f 6868/5359/5098 6823/5311/5053 6825/5313/5055 6871/5363/5099
f 6871/5363/5099 6872/5364/5101 6283/4733/4514 6870/5362/5100
f 6871/5363/5099 6825/5313/5055 6827/5315/5057 6872/5364/5101
f 6872/5364/5101 6873/5365/5102 6282/4732/4511 6283/4733/4514
f 6872/5364/5101 6827/5315/5057 6829/5317/5059 6873/5365/5102
f 6873/5365/5102 6874/5366/5103 6285/4735/4512 6282/4732/4511
f 6873/5365/5102 6829/5317/5059 6831/5319/5061 6874/5366/5103
f 6874/5366/5103 6876/5368/5104 6875/5367/5105 6285/4735/4512
f 6874/5366/5103 6831/5319/5061 6833/5321/5063 6876/5368/5104
f 6876/5368/5104 6878/5370/5106 6877/5369/5107 6875/5367/5105
f 6876/5368/5104 6833/5321/5063 6835/5323/5065 6878/5370/5106
f 6878/5370/5106 6880/5372/5108 6879/5371/5109 6877/5369/5107
f 6878/5370/5106 6835/5323/5065 6837/5325/5067 6880/5372/5108
f 6880/5372/5108 6847/5335/5078 6848/5336/5077 6879/5371/5109
f 6880/5372/5108 6837/5325/5067 6839/5327/5069 6847/5335/5078
f 6879/5371/5109 6276/4726/4507 6277/4727/4506 6877/5369/5107
f 6879/5371/5109 6848/5336/5077 6280/4730/4508 6276/4726/4507
f 6877/5369/5107 6277/4727/4506 6881/5373/5110 6875/5367/5105
f 6881/5373/5110 6277/4727/4506 6278/4728/4505 6882/5374/5111
f 6881/5373/5110 6284/4734/4513 6285/4735/4512 6875/5367/5105
f 6881/5373/5110 6882/5374/5111 6883/5375/5112 6284/4734/4513
f 6883/5375/5112 6882/5374/5111 6864/5354/5094 6865/5355/5093
f 6883/5375/5112 6870/5362/5100 6283/4733/4514 6284/4734/4513
f 6883/5375/5112 6865/5355/5093 6866/5356/5096 6870/5362/5100
f 6882/5374/5111 6278/4728/4505 6281/5376/4510 6864/5354/5094
f 6864/5354/5094 6281/5376/4510 6854/5377/5084 6862/5353/5091
f 6858/5346/5086 6853/5341/5082 6291/4741/4519 6292/4742/4521
f 6858/5346/5086 6810/5296/5038 6811/5297/5041 6857/5345/5087
f 6858/5346/5086 6292/4742/4521 6809/5295/5039 6810/5296/5038
f 6854/5342/5084 6281/4731/4510 6279/4729/4509 6851/5339/5080
f 6819/5305/5049 6305/4755/4533 6301/4751/4532 6817/5303/5047
f 6817/5303/5047 6301/4751/4532 6302/4752/4531 6815/5301/5045
f 6599/5075/4829 6593/5069/4823 6594/5070/4822 6596/5072/4826
f 6508/4977/4738 6502/4971/4732 6503/4972/4731 6505/4974/4735
f 6461/4928/4691 6455/4922/4685 6456/4923/4684 6458/4925/4688
f 6365/4826/4595 6299/4749/4528 6294/4744/4525 6363/4824/4592
f 6358/4817/4588 6296/4746/4523 6297/4747/4527 6357/4816/4585
