# This file uses centimeters as units for non-parametric coordinates.

mtllib lib.mtl
g default
v 61.596163 743.875475 -3078.205442
v 61.596163 743.875475 -3027.824006
v 504.192662 743.875475 -3027.824006
v 504.192662 743.875475 -3078.205442
v 61.596163 735.604643 -3078.205442
v 504.192662 735.604643 -3078.205442
v 504.192662 735.604529 -3027.824006
v 61.596163 735.604529 -3027.824006
v 61.596163 568.573560 -3027.823914
v 504.192662 568.573560 -3027.823914
v 504.192662 568.573629 -3078.205442
v 61.596163 568.573629 -3078.205442
v 208.901116 568.573560 -3027.823914
v 209.128185 735.604529 -3027.824006
v 209.128174 743.875464 -3027.824006
v 209.128174 743.875464 -3078.205442
v 209.128174 735.604632 -3078.205442
v 209.128185 568.573629 -3078.205442
v 356.433361 568.573560 -3027.823914
v 356.660424 735.604529 -3027.824006
v 356.660418 743.875464 -3027.824006
v 356.660418 743.875464 -3078.205442
v 356.660418 735.604632 -3078.205442
v 356.660424 568.573629 -3078.205442
v 61.603203 735.604529 -3025.375137
v 61.603203 743.875475 -3025.375137
v 209.128185 735.604529 -3025.375137
v 209.128174 743.875464 -3025.375137
v 356.660424 735.604529 -3025.375137
v 356.660418 743.875464 -3025.375137
v 504.192662 735.604529 -3025.375137
v 504.192662 743.875475 -3025.375137
v 98.252110 568.573560 -3027.823914
v 98.479157 735.604529 -3027.824006
v 100.315808 735.604529 -3025.375137
v 100.315785 743.875475 -3025.375137
v 98.479157 743.875475 -3027.824006
v 98.479157 743.875475 -3078.205442
v 98.479157 735.604643 -3078.205442
v 98.479157 568.573629 -3078.205442
v 135.135082 568.573560 -3027.823914
v 135.362128 735.604529 -3027.824006
v 136.586563 735.604529 -3025.375137
v 136.586563 743.875464 -3025.375137
v 135.362128 743.875464 -3027.824006
v 135.362128 743.875464 -3078.205442
v 135.362128 735.604632 -3078.205442
v 135.362128 568.573629 -3078.205442
v 172.018099 568.573560 -3027.823914
v 172.245145 735.604529 -3027.824006
v 172.857362 735.604529 -3025.375137
v 172.857362 743.875464 -3025.375137
v 172.245145 743.875464 -3027.824006
v 172.245145 743.875464 -3078.205442
v 172.245145 735.604632 -3078.205442
v 172.245145 568.573629 -3078.205442
v 245.784178 568.573560 -3027.823914
v 246.011247 735.604529 -3027.824006
v 246.011247 735.604529 -3025.375137
v 246.011236 743.875464 -3025.375137
v 246.011236 743.875464 -3027.824006
v 246.011236 743.875464 -3078.205442
v 246.011236 735.604632 -3078.205442
v 246.011247 568.573629 -3078.205442
v 282.667201 568.573560 -3027.823914
v 282.894270 735.604529 -3027.824006
v 282.894270 735.604529 -3025.375137
v 282.894259 743.875453 -3025.375137
v 282.894259 743.875453 -3027.824006
v 282.894259 743.875453 -3078.205442
v 282.894259 735.604632 -3078.205442
v 282.894270 568.573629 -3078.205442
v 319.550280 568.573560 -3027.823914
v 319.777347 735.604529 -3027.824006
v 319.777347 735.604529 -3025.375137
v 319.777338 743.875464 -3025.375137
v 319.777338 743.875464 -3027.824006
v 319.777338 743.875464 -3078.205442
v 319.777338 735.604632 -3078.205442
v 319.777347 568.573629 -3078.205442
v 467.309611 735.604529 -3027.824006
v 467.082553 568.573560 -3027.823914
v 467.309611 568.573629 -3078.205442
v 467.309611 735.604643 -3078.205442
v 467.309611 743.875475 -3078.205442
v 467.309611 743.875475 -3027.824006
v 467.309611 743.875475 -3025.375137
v 467.309611 735.604529 -3025.375137
v 430.426583 735.604518 -3027.824006
v 430.199519 568.573560 -3027.823914
v 430.426583 568.573629 -3078.205442
v 430.426577 735.604632 -3078.205442
v 430.426577 743.875464 -3078.205442
v 430.426577 743.875464 -3027.824006
v 430.426577 743.875464 -3025.375137
v 430.426583 735.604518 -3025.375137
v 393.543503 735.604518 -3027.824006
v 393.316440 568.573560 -3027.823914
v 393.543503 568.573629 -3078.205442
v 393.543498 735.604632 -3078.205442
v 393.543498 743.875464 -3078.205442
v 393.543498 743.875464 -3027.824006
v 393.543498 743.875464 -3025.375137
v 393.543503 735.604518 -3025.375137
v 98.479157 572.082993 -3027.823914
v 98.479157 734.776509 -3027.824006
v 67.464424 734.776509 -3027.824006
v 67.464424 572.082993 -3027.823914
v 135.362128 572.082993 -3027.823914
v 135.362128 734.776509 -3027.824006
v 172.245145 572.082993 -3027.823914
v 172.245145 734.776509 -3027.824006
v 203.259900 572.082991 -3027.823914
v 203.259912 734.776509 -3027.824006
v 246.011236 572.082993 -3027.823914
v 246.011247 734.776509 -3027.824006
v 214.996458 734.776509 -3027.824006
v 214.996447 572.082991 -3027.823914
v 282.894259 572.082993 -3027.823914
v 282.894270 734.776509 -3027.824006
v 319.777338 572.082993 -3027.823914
v 319.777347 734.776509 -3027.824006
v 350.792146 572.082991 -3027.823914
v 350.792151 734.776509 -3027.824006
v 498.324389 734.776509 -3027.824006
v 467.309611 734.776509 -3027.824006
v 467.309611 572.082993 -3027.823914
v 498.324389 572.082993 -3027.823914
v 430.426583 734.776498 -3027.824006
v 430.426577 572.082993 -3027.823914
v 393.543503 734.776498 -3027.824006
v 393.543498 572.082993 -3027.823914
v 362.528696 734.776509 -3027.824006
v 362.528691 572.082991 -3027.823914
v 98.479157 572.082963 -3073.373962
v 98.479157 734.776487 -3073.374053
v 67.464424 734.776487 -3073.374053
v 67.464424 572.082963 -3073.373962
v 135.362128 572.082963 -3073.373962
v 135.362128 734.776487 -3073.374053
v 172.245145 572.082963 -3073.373962
v 172.245145 734.776487 -3073.374053
v 203.259889 572.082962 -3073.373962
v 203.259900 734.776487 -3073.374053
v 246.011236 572.082963 -3073.373962
v 246.011259 734.776487 -3073.374053
v 214.996469 734.776487 -3073.374053
v 214.996458 572.082962 -3073.373962
v 282.894259 572.082963 -3073.373962
v 282.894270 734.776487 -3073.374053
v 319.777327 572.082963 -3073.373962
v 319.777347 734.776487 -3073.374053
v 350.792136 572.082962 -3073.373962
v 350.792141 734.776487 -3073.374053
v 498.324389 734.776487 -3073.374053
v 467.309611 734.776487 -3073.374053
v 467.309611 572.082963 -3073.373962
v 498.324389 572.082963 -3073.373962
v 430.426583 734.776475 -3073.374053
v 430.426577 572.082963 -3073.373962
v 393.543515 734.776475 -3073.374053
v 393.543498 572.082963 -3073.373962
v 362.528706 734.776487 -3073.374053
v 362.528701 572.082962 -3073.373962
vt 0.000008 0.423199
vt 0.848785 0.859174
vt 0.039491 0.369249
vt 0.039491 0.000053
vt 0.039492 0.008908
vt 0.794844 0.850302
vt 0.473897 0.369187
vt 0.473930 0.366543
vt 0.473898 0.008856
vt 0.473897 0.000000
vt 0.160035 0.966621
vt 0.160042 0.969245
vt 0.201493 0.969250
vt 0.041457 0.366627
vt 0.039491 0.423214
vt 0.000000 0.423222
vt 0.473897 0.187700
vt 0.473897 0.423132
vt 0.576908 0.286393
vt 0.182589 0.758843
vt 0.576896 0.493800
vt 0.576906 0.319601
vt 0.523585 0.286396
vt 0.331940 0.758836
vt 0.523560 0.493803
vt 0.523581 0.319604
vt 0.157965 0.366610
vt 0.318000 0.969265
vt 0.357491 0.969269
vt 0.197456 0.366604
vt 0.157965 0.000038
vt 0.157965 0.369232
vt 0.197457 0.369227
vt 0.197457 0.000034
vt 0.197458 0.008889
vt 0.157966 0.008894
vt 0.197457 0.423184
vt 0.157965 0.423192
vt 0.000023 0.584622
vt 0.581484 0.033208
vt 0.033208 0.758826
vt 0.581467 0.464997
vt 0.434405 0.366570
vt 0.594439 0.969298
vt 0.848186 0.402665
vt 0.473896 0.366565
vt 0.434405 0.000005
vt 0.434405 0.369192
vt 0.434406 0.008861
vt 0.434405 0.423139
vt 0.848788 0.850319
vt 0.039525 0.366625
vt 0.157999 0.366602
vt 0.197490 0.366595
vt 0.434439 0.366550
vt 0.576910 0.246901
vt 0.222080 0.758840
vt 0.079016 0.366617
vt 0.240328 0.969255
vt 0.080293 0.366621
vt 0.078983 0.369244
vt 0.078983 0.000048
vt 0.078984 0.008904
vt 0.078983 0.423207
vt 0.576912 0.207410
vt 0.261572 0.758837
vt 0.118508 0.366610
vt 0.279158 0.957780
vt 0.119129 0.366616
vt 0.118474 0.369238
vt 0.118474 0.000043
vt 0.118475 0.008899
vt 0.118474 0.423199
vt 0.294765 0.584635
vt 0.576887 0.639198
vt 0.523590 0.246905
vt 0.371432 0.758838
vt 0.236982 0.366587
vt 0.396983 0.969274
vt 0.236948 0.366599
vt 0.236948 0.369221
vt 0.236948 0.000029
vt 0.236949 0.008885
vt 0.236948 0.423177
vt 0.523595 0.207413
vt 0.410923 0.758841
vt 0.276473 0.366580
vt 0.436468 0.957800
vt 0.276439 0.366593
vt 0.276440 0.369215
vt 0.276440 0.000024
vt 0.276441 0.008880
vt 0.276439 0.423169
vt 0.444142 0.584644
vt 0.523542 0.639202
vt 0.315965 0.366573
vt 0.475965 0.969284
vt 0.315931 0.366587
vt 0.315931 0.369209
vt 0.315931 0.000019
vt 0.315932 0.008875
vt 0.315931 0.423162
vt 0.581482 0.072699
vt 0.072699 0.758831
vt 0.394914 0.423147
vt 0.394915 0.008865
vt 0.394914 0.000010
vt 0.394914 0.369198
vt 0.394913 0.366576
vt 0.554948 0.969294
vt 0.394947 0.366558
vt 0.581481 0.112191
vt 0.112191 0.758836
vt 0.355422 0.423154
vt 0.355423 0.008870
vt 0.355430 0.423148
vt 0.355422 0.369204
vt 0.515450 0.966666
vt 0.515457 0.969289
vt 0.355456 0.366565
vt 0.581479 0.145399
vt 0.581473 0.319598
vt 0.528124 0.493797
vt 0.528122 0.527005
vt 0.848844 0.671475
vt 0.528134 0.319598
vt 0.039258 0.477159
vt 0.528136 0.286390
vt 0.528120 0.566496
vt 0.078750 0.477151
vt 0.528139 0.246899
vt 0.528118 0.605988
vt 0.118241 0.477144
vt 0.528141 0.207407
vt 0.157732 0.477136
vt 0.528116 0.639196
vt 0.528143 0.174199
vt 0.474788 0.493797
vt 0.474784 0.527005
vt 0.474810 0.319598
vt 0.197224 0.477129
vt 0.474814 0.286390
vt 0.474780 0.566497
vt 0.236715 0.477121
vt 0.474819 0.246899
vt 0.474775 0.605988
vt 0.276207 0.477114
vt 0.474824 0.207407
vt 0.315698 0.477106
vt 0.474771 0.639196
vt 0.474828 0.174199
vt 0.630255 0.033210
vt 0.630256 0.000002
vt 0.434172 0.477084
vt 0.630239 0.464999
vt 0.630240 0.431791
vt 0.630253 0.072701
vt 0.394681 0.477091
vt 0.630241 0.392300
vt 0.630252 0.112193
vt 0.355189 0.477099
vt 0.630243 0.352808
vt 0.630251 0.145401
vt 0.630244 0.319600
vt 0.000000 0.187789
vt 0.000010 0.477166
vt 0.000023 0.187757
vt 0.794900 0.671458
vt 0.145422 0.584642
vt 0.112214 0.584637
vt 0.072723 0.584632
vt 0.033232 0.584627
vt 0.581485 0.000000
vt 0.581461 0.639196
vt 0.467647 0.365657
vt 0.630232 0.639198
vt 0.410934 0.584642
vt 0.523599 0.174205
vt 0.523620 0.000006
vt 0.444131 0.758843
vt 0.523546 0.605994
vt 0.309681 0.365687
vt 0.474849 0.000000
vt 0.371442 0.584639
vt 0.523551 0.566503
vt 0.331951 0.584637
vt 0.523556 0.527011
vt 0.298743 0.584635
vt 0.298732 0.758834
vt 0.261557 0.584638
vt 0.576914 0.174202
vt 0.576925 0.000003
vt 0.294780 0.758834
vt 0.576889 0.605990
vt 0.151716 0.365717
vt 0.528153 0.000000
vt 0.222065 0.584641
vt 0.576891 0.566499
vt 0.182574 0.584644
vt 0.576894 0.527008
vt 0.149366 0.584647
vt 0.149381 0.758846
vt 0.322215 0.191486
vt 0.355423 0.191480
vt 0.322248 0.365685
vt 0.355456 0.365679
vt 0.394914 0.191472
vt 0.394947 0.365671
vt 0.434406 0.191465
vt 0.434439 0.365664
vt 0.467614 0.191458
vt 0.276440 0.191494
vt 0.309648 0.191488
vt 0.276473 0.365693
vt 0.236949 0.191502
vt 0.236982 0.365701
vt 0.197457 0.191509
vt 0.197490 0.365708
vt 0.164249 0.191515
vt 0.164282 0.365715
vt 0.118475 0.191524
vt 0.151683 0.191518
vt 0.118507 0.365723
vt 0.078983 0.191532
vt 0.079016 0.365731
vt 0.039492 0.191539
vt 0.039525 0.365738
vt 0.006284 0.191545
vt 0.006317 0.365744
vt 0.515451 0.957810
vt 0.475960 0.957805
vt 0.355422 0.366582
vt 0.554941 0.966671
vt 0.355422 0.000014
vt 0.394922 0.423142
vt 0.355445 0.187713
vt 0.315954 0.187718
vt 0.355179 0.187722
vt 0.394671 0.187714
vt 0.515457 0.966667
vt 0.475966 0.966662
vt 0.554942 0.957815
vt 0.594433 0.966676
vt 0.434413 0.423137
vt 0.394937 0.187709
vt 0.434162 0.187707
vt 0.554948 0.966672
vt 0.594434 0.957820
vt 0.848189 0.411521
vt 0.633924 0.966681
vt 0.904755 0.411504
vt 0.473904 0.423131
vt 0.434428 0.187704
vt 0.850755 0.223821
vt 0.473907 0.477076
vt 0.594440 0.966676
vt 0.276462 0.187723
vt 0.236971 0.187728
vt 0.276447 0.423160
vt 0.315939 0.423154
vt 0.436467 0.966656
vt 0.475958 0.966661
vt 0.436474 0.969279
vt 0.396977 0.957795
vt 0.436474 0.966657
vt 0.396983 0.966652
vt 0.276196 0.187737
vt 0.315688 0.187729
vt 0.197480 0.187733
vt 0.236956 0.423165
vt 0.396976 0.966651
vt 0.357485 0.957790
vt 0.357492 0.966647
vt 0.236705 0.187744
vt 0.157988 0.187737
vt 0.197465 0.423171
vt 0.357484 0.966646
vt 0.317994 0.957785
vt 0.318000 0.966642
vt 0.197214 0.187752
vt 0.118497 0.187742
vt 0.079005 0.187747
vt 0.118482 0.423182
vt 0.157973 0.423177
vt 0.279157 0.966636
vt 0.317993 0.966641
vt 0.279164 0.969260
vt 0.240322 0.957775
vt 0.278509 0.966638
vt 0.239018 0.966633
vt 0.118231 0.187767
vt 0.157722 0.187759
vt 0.039514 0.187752
vt 0.078990 0.423188
vt 0.240321 0.966631
vt 0.201487 0.957770
vt 0.199526 0.966628
vt 0.078740 0.187774
vt 0.039499 0.423194
vt 0.201485 0.966626
vt 0.851410 0.850319
vt 0.160036 0.957765
vt 0.160035 0.966623
vt 0.000034 0.366632
vt 0.039248 0.187781
vt 0.633931 0.969303
vt 0.633925 0.957825
vt 0.850811 0.411520
vt 0.633931 0.966681
vt 0.850808 0.402664
vt 0.851407 0.859175
vt 0.000007 0.366633
vt 0.000000 0.369255
vt 0.904700 0.223805
vt 0.473919 0.187699
vt 0.904752 0.402649
vt 0.000001 0.008913
vt 0.794841 0.859157
vt 0.000000 0.000058
vt 0.145399 0.758841
vt 0.581472 0.352806
vt 0.581470 0.392298
vt 0.581469 0.431789
vt 0.000000 0.758821
vn 0.000000 1.000000 0.000000
vn 0.000000 1.000000 0.000000
vn 0.000000 1.000000 0.000000
vn 0.000000 1.000000 0.000000
vn 0.000000 0.000000 -1.000000
vn 0.000000 0.000000 -1.000000
vn 0.000000 0.000000 -1.000000
vn 0.000000 0.000000 -1.000000
vn 1.000000 0.000000 0.000000
vn 1.000000 0.000000 0.000000
vn 1.000000 0.000000 0.000000
vn 1.000000 0.000000 0.000000
vn 0.000000 0.000000 1.000000
vn 0.000000 0.000000 1.000000
vn -0.000000 0.000000 1.000000
vn -0.000000 0.000000 1.000000
vn 0.000000 0.000000 -1.000000
vn 0.000000 0.000000 -1.000000
vn 0.000000 0.000000 -1.000000
vn 0.000000 0.000000 -1.000000
vn 1.000000 0.000000 0.000000
vn 1.000000 0.000000 0.000000
vn 1.000000 0.000000 0.000000
vn 1.000000 0.000000 0.000000
vn 0.000000 0.000001 1.000000
vn 0.000000 0.000001 1.000000
vn 0.000000 0.000001 1.000000
vn 0.000000 0.000001 1.000000
vn -0.000000 0.000001 1.000000
vn -0.000000 0.000001 1.000000
vn -0.000000 0.000001 1.000000
vn -0.000000 0.000001 1.000000
vn 0.000000 0.000000 1.000000
vn 0.000000 0.000000 1.000000
vn 0.000001 0.000000 1.000000
vn 0.000001 0.000000 1.000000
vn 0.000000 1.000000 0.000000
vn 0.000000 1.000000 0.000000
vn 0.000000 1.000000 0.000000
vn 0.000000 1.000000 0.000000
vn -0.000001 0.000000 -1.000000
vn -0.000000 0.000000 -1.000000
vn 0.000000 0.000000 -1.000000
vn 0.000000 0.000000 -1.000000
vn -0.000000 0.000000 -1.000000
vn 0.000000 0.000000 -1.000000
vn 0.000000 0.000000 -1.000000
vn 0.000000 0.000000 -1.000000
vn 0.000000 0.000001 1.000000
vn 0.000000 0.000001 1.000000
vn 0.000000 0.000001 1.000000
vn 0.000000 0.000001 1.000000
vn 0.000000 0.000000 1.000000
vn 0.000000 0.000000 1.000000
vn 0.000000 0.000000 1.000000
vn 0.000000 0.000000 1.000000
vn -0.000000 1.000000 0.000000
vn -0.000000 1.000000 0.000000
vn 0.000000 1.000000 0.000000
vn 0.000000 1.000000 0.000000
vn 0.000000 0.000000 -1.000000
vn -0.000000 0.000000 -1.000000
vn -0.000000 0.000000 -1.000000
vn 0.000000 0.000000 -1.000000
vn 0.000000 0.000000 -1.000000
vn -0.000000 0.000000 -1.000000
vn -0.000000 0.000000 -1.000000
vn 0.000000 0.000000 -1.000000
vn 0.000000 -1.000000 -0.000002
vn 0.000000 -1.000000 -0.000001
vn 0.000000 -1.000000 -0.000001
vn 0.000000 -1.000000 -0.000002
vn 0.000000 1.000000 0.000000
vn 0.000000 1.000000 0.000000
vn 0.000000 1.000000 0.000000
vn 0.000000 1.000000 0.000000
vn 0.000000 -1.000000 0.000000
vn 0.000000 -1.000000 0.000000
vn 0.000000 -1.000000 0.000000
vn 0.000000 -1.000000 0.000000
vn 0.000000 1.000000 0.000000
vn 0.000000 1.000000 0.000000
vn 0.000000 1.000000 0.000000
vn 0.000000 1.000000 0.000000
vn 0.000000 -1.000000 0.000000
vn 0.000000 -1.000000 0.000000
vn 0.000000 -1.000000 0.000000
vn 0.000000 -1.000000 0.000000
vn 1.000000 0.000000 0.000000
vn 1.000000 0.000000 0.000000
vn 1.000000 0.000000 0.000000
vn 1.000000 0.000000 0.000000
vn 0.000000 1.000000 0.000000
vn -0.000000 1.000000 0.000000
vn -0.000000 1.000000 0.000000
vn 0.000000 1.000000 0.000000
vn 0.000000 0.000001 1.000000
vn 0.000000 0.000001 1.000000
vn 0.000000 0.000001 1.000000
vn 0.000000 0.000001 1.000000
vn 0.000000 -1.000000 -0.000001
vn 0.000000 -1.000000 -0.000001
vn 0.000000 -1.000000 -0.000002
vn 0.000000 -1.000000 -0.000004
vn -0.000000 0.000000 1.000000
vn -0.000000 0.000000 1.000000
vn -0.000000 0.000000 1.000000
vn -0.000000 0.000000 1.000000
vn 0.000000 1.000000 0.000000
vn 0.000000 1.000000 0.000000
vn 0.000000 1.000000 0.000000
vn 0.000000 1.000000 0.000000
vn 0.000000 1.000000 0.000000
vn 0.000000 1.000000 0.000000
vn 0.000000 1.000000 0.000000
vn 0.000000 1.000000 0.000000
vn 0.000000 0.000000 -1.000000
vn 0.000000 0.000000 -1.000000
vn 0.000000 0.000000 -1.000000
vn 0.000000 0.000000 -1.000000
vn 0.000000 0.000000 -1.000000
vn 0.000000 0.000000 -1.000000
vn 0.000000 0.000000 -1.000000
vn 0.000000 0.000000 -1.000000
vn 0.000000 0.000001 1.000000
vn 0.000000 0.000001 1.000000
vn 0.000000 0.000001 1.000000
vn 0.000000 0.000001 1.000000
vn 0.000000 -1.000000 -0.000004
vn 0.000000 -1.000000 -0.000002
vn 0.000000 -1.000000 -0.000004
vn 0.000000 -1.000000 -0.000003
vn -0.000000 0.000000 1.000000
vn -0.000000 0.000000 1.000000
vn 0.000000 0.000000 1.000000
vn 0.000000 0.000000 1.000000
vn 0.000000 1.000000 0.000000
vn 0.000000 1.000000 0.000000
vn 0.000000 1.000000 0.000000
vn 0.000000 1.000000 0.000000
vn 0.000000 1.000000 0.000000
vn 0.000000 1.000000 0.000000
vn 0.000000 1.000000 0.000000
vn 0.000000 1.000000 0.000000
vn 0.000000 0.000000 -1.000000
vn 0.000000 0.000000 -1.000000
vn 0.000000 0.000000 -1.000000
vn 0.000000 0.000000 -1.000000
vn 0.000000 0.000000 -1.000000
vn 0.000000 0.000000 -1.000000
vn 0.000000 0.000000 -1.000000
vn 0.000000 0.000000 -1.000000
vn 0.000000 0.000001 1.000000
vn 0.000000 0.000001 1.000000
vn 0.000000 0.000001 1.000000
vn 0.000000 0.000001 1.000000
vn 0.000000 -1.000000 -0.000003
vn 0.000000 -1.000000 -0.000004
vn 0.000000 -1.000000 0.000000
vn 0.000000 -1.000000 0.000000
vn 0.000000 0.000000 1.000000
vn 0.000000 0.000000 1.000000
vn 0.000000 0.000000 1.000000
vn 0.000000 0.000000 1.000000
vn 0.000000 1.000000 0.000000
vn 0.000000 1.000000 0.000000
vn 0.000000 1.000000 0.000000
vn 0.000000 1.000000 0.000000
vn 0.000000 1.000000 0.000000
vn 0.000000 1.000000 0.000000
vn 0.000000 1.000000 0.000000
vn 0.000000 1.000000 0.000000
vn 0.000000 0.000000 -1.000000
vn 0.000000 0.000000 -1.000000
vn 0.000000 0.000000 -1.000000
vn 0.000000 0.000000 -1.000000
vn 0.000000 0.000000 -1.000000
vn 0.000000 0.000000 -1.000000
vn 0.000000 0.000000 -1.000000
vn 0.000000 0.000000 -1.000000
vn 0.000000 0.000001 1.000000
vn 0.000000 0.000001 1.000000
vn -0.000000 0.000001 1.000000
vn -0.000000 0.000001 1.000000
vn 0.000000 -1.000000 0.000000
vn 0.000000 -1.000000 0.000000
vn 0.000000 -1.000000 0.000000
vn 0.000000 -1.000000 0.000000
vn 0.000001 0.000000 1.000000
vn 0.000001 0.000000 1.000000
vn -0.000000 0.000000 1.000000
vn 0.000000 0.000000 1.000000
vn -0.000000 1.000000 0.000000
vn 0.000000 1.000000 0.000000
vn 0.000000 1.000000 0.000000
vn 0.000000 1.000000 0.000000
vn 0.000000 1.000000 0.000000
vn 0.000000 1.000000 0.000000
vn 0.000000 1.000000 0.000000
vn 0.000000 1.000000 0.000000
vn 0.000000 0.000000 -1.000000
vn 0.000000 0.000000 -1.000000
vn -0.000000 0.000000 -1.000000
vn -0.000001 0.000000 -1.000000
vn 0.000000 0.000000 -1.000000
vn 0.000000 0.000000 -1.000000
vn 0.000000 0.000000 -1.000000
vn -0.000000 0.000000 -1.000000
vn 0.000000 0.000001 1.000000
vn 0.000000 0.000001 1.000000
vn 0.000000 0.000001 1.000000
vn 0.000000 0.000001 1.000000
vn 0.000000 -1.000000 0.000000
vn 0.000000 -1.000000 0.000000
vn 0.000000 -1.000000 0.000000
vn 0.000000 -1.000000 0.000000
vn 0.000000 0.000000 1.000000
vn -0.000000 0.000000 1.000000
vn -0.000001 0.000000 1.000000
vn -0.000001 0.000000 1.000000
vn -0.000000 1.000000 0.000000
vn -0.000000 1.000000 0.000000
vn 0.000000 1.000000 0.000000
vn -0.000000 1.000000 0.000000
vn 0.000000 1.000000 0.000000
vn 0.000000 1.000000 0.000000
vn -0.000000 1.000000 0.000000
vn -0.000000 1.000000 0.000000
vn 0.000001 0.000000 -1.000000
vn 0.000000 0.000000 -1.000000
vn 0.000000 0.000000 -1.000000
vn 0.000000 0.000000 -1.000000
vn 0.000000 0.000000 -1.000000
vn 0.000000 0.000000 -1.000000
vn 0.000000 0.000000 -1.000000
vn 0.000000 0.000000 -1.000000
vn 0.000000 0.000001 1.000000
vn 0.000000 0.000001 1.000000
vn 0.000000 0.000001 1.000000
vn 0.000000 0.000001 1.000000
vn 0.000000 -1.000000 0.000000
vn 0.000000 -1.000000 0.000000
vn -0.000000 -1.000000 0.000000
vn -0.000000 -1.000000 0.000000
vn -0.000001 0.000000 1.000000
vn -0.000001 0.000000 1.000000
vn 0.000000 0.000000 1.000000
vn 0.000000 0.000000 1.000000
vn 0.000000 1.000000 0.000000
vn -0.000000 1.000000 0.000000
vn -0.000000 1.000000 0.000000
vn 0.000000 1.000000 0.000000
vn -0.000000 1.000000 0.000000
vn -0.000000 1.000000 0.000000
vn 0.000000 1.000000 0.000000
vn 0.000000 1.000000 0.000000
vn 0.000000 0.000000 -1.000000
vn 0.000000 0.000000 -1.000000
vn 0.000000 0.000000 -1.000000
vn 0.000001 0.000000 -1.000000
vn 0.000000 0.000000 -1.000000
vn 0.000000 0.000000 -1.000000
vn 0.000000 0.000000 -1.000000
vn 0.000000 0.000000 -1.000000
vn 0.000000 0.000001 1.000000
vn 0.000000 0.000001 1.000000
vn 0.000000 0.000001 1.000000
vn 0.000000 0.000001 1.000000
vn -0.000000 0.000000 -1.000000
vn -0.000000 0.000000 -1.000000
vn -0.000000 0.000000 -1.000000
vn -0.000000 0.000000 -1.000000
vn -0.000000 0.000000 -1.000000
vn -0.000000 0.000000 -1.000000
vn -0.000000 0.000000 -1.000000
vn -0.000000 0.000000 -1.000000
vn -0.000000 1.000000 0.000000
vn -0.000000 1.000000 0.000000
vn -0.000000 1.000000 0.000000
vn -0.000000 1.000000 0.000000
vn -0.000000 1.000000 0.000000
vn -0.000000 1.000000 0.000000
vn -0.000000 1.000000 0.000000
vn -0.000000 1.000000 0.000000
vn 0.000000 0.000000 1.000000
vn 0.000000 0.000000 1.000000
vn 0.000000 0.000000 1.000000
vn 0.000000 0.000000 1.000000
vn 0.000000 -1.000000 0.000000
vn 0.000000 -1.000000 0.000000
vn 0.000000 -1.000000 0.000000
vn 0.000000 -1.000000 0.000000
vn 0.000000 0.000001 1.000000
vn 0.000000 0.000001 1.000000
vn -0.000000 0.000001 1.000000
vn -0.000000 0.000001 1.000000
vn -0.000000 0.000000 -1.000000
vn -0.000000 0.000000 -1.000000
vn 0.000000 0.000000 -1.000000
vn 0.000000 0.000000 -1.000000
vn -0.000000 0.000000 -1.000000
vn -0.000000 0.000000 -1.000000
vn 0.000000 0.000000 -1.000000
vn 0.000000 0.000000 -1.000000
vn 0.000000 1.000000 0.000000
vn 0.000000 1.000000 0.000000
vn -0.000000 1.000000 0.000000
vn -0.000000 1.000000 0.000000
vn -0.000000 1.000000 0.000000
vn -0.000000 1.000000 0.000000
vn 0.000000 1.000000 0.000000
vn 0.000000 1.000000 0.000000
vn 0.000000 0.000000 1.000000
vn 0.000000 0.000000 1.000000
vn 0.000000 0.000000 1.000000
vn 0.000000 0.000000 1.000000
vn -0.000000 -1.000000 0.000000
vn -0.000000 -1.000000 0.000000
vn 0.000000 -1.000000 0.000000
vn 0.000000 -1.000000 0.000000
vn -0.000000 0.000001 1.000000
vn -0.000000 0.000001 1.000000
vn -0.000000 0.000001 1.000000
vn -0.000000 0.000001 1.000000
vn 0.000000 0.000000 -1.000000
vn 0.000000 0.000000 -1.000000
vn 0.000000 0.000000 -1.000000
vn 0.000000 0.000000 -1.000000
vn 0.000000 0.000000 -1.000000
vn 0.000000 0.000000 -1.000000
vn 0.000000 0.000000 -1.000000
vn 0.000000 0.000000 -1.000000
vn 0.000000 1.000000 0.000000
vn 0.000000 1.000000 0.000000
vn 0.000000 1.000000 0.000000
vn 0.000000 1.000000 0.000000
vn 0.000000 1.000000 0.000000
vn 0.000000 1.000000 0.000000
vn 0.000000 1.000000 0.000000
vn 0.000000 1.000000 0.000000
vn 0.000000 0.000000 1.000000
vn 0.000000 0.000000 1.000000
vn 0.000000 0.000000 1.000000
vn 0.000000 0.000000 1.000000
vn -0.000000 -1.000000 0.000000
vn -0.000000 -1.000000 0.000000
vn -0.000000 -1.000000 0.000000
vn -0.000000 -1.000000 0.000000
vn 0.000000 0.000000 1.000000
vn 0.000001 0.000001 1.000000
vn 0.000001 0.000001 1.000000
vn 0.000000 0.000000 1.000000
vn 0.000001 0.000001 1.000000
vn 0.000001 0.000001 1.000000
vn 0.000001 0.000000 1.000000
vn 0.000001 0.000001 1.000000
vn 0.000001 0.000001 1.000000
vn 0.000000 0.000000 1.000000
vn 0.000000 0.000000 1.000000
vn 0.000001 0.000000 1.000000
vn 0.000000 0.000000 1.000000
vn 0.000000 0.000000 1.000000
vn 0.000000 0.000000 1.000000
vn 0.000000 0.000000 1.000000
vn 0.000000 0.000000 1.000000
vn 0.000000 0.000000 1.000000
vn 0.000000 0.000000 1.000000
vn 0.000000 0.000000 1.000000
vn 0.000000 0.000000 1.000000
vn 0.000000 0.000000 1.000000
vn 0.000000 0.000000 1.000000
vn 0.000000 0.000000 1.000000
vn 0.000000 0.000000 1.000000
vn 0.000000 0.000000 1.000000
vn 0.000000 0.000000 1.000000
vn 0.000000 0.000000 1.000000
vn -0.000000 0.000001 1.000000
vn -0.000000 0.000001 1.000000
vn -0.000001 0.000001 1.000000
vn -0.000001 0.000000 1.000000
vn -0.000000 0.000001 1.000000
vn 0.000000 0.000000 1.000000
vn 0.000000 0.000000 1.000000
vn -0.000001 0.000001 1.000000
vn 0.000000 0.000000 1.000000
vn -0.000000 0.000001 1.000000
vn -0.000001 0.000000 1.000000
vn 0.000000 0.000000 1.000000
vn 0.000000 0.000000 1.000000
vn -0.000000 0.000001 1.000000
vn 0.000001 0.000001 1.000000
vn 0.000000 0.000000 1.000000
vn -0.000000 0.000001 1.000000
vn -0.000000 0.000001 1.000000
vn 0.000001 0.000000 1.000000
vn 0.000001 0.000001 1.000000
vn -0.000000 0.000001 1.000000
vn 0.000000 0.000000 1.000000
vn 0.000000 0.000000 1.000000
vn 0.000001 0.000000 1.000000
vn 0.000000 0.000000 1.000000
vn 0.000000 0.000000 1.000000
vn 0.000000 0.000000 1.000000
vn 0.000000 0.000000 1.000000
vn 0.000000 0.000000 1.000000
vn 0.000000 0.000000 1.000000
vn 0.000000 0.000000 1.000000
vn 0.000000 0.000000 1.000000
vn 0.000000 0.000000 1.000000
vn 0.000000 0.000000 1.000000
vn 0.000000 0.000000 1.000000
vn 0.000000 0.000000 1.000000
vn 0.000000 0.000000 1.000000
vn 0.000000 0.000000 1.000000
vn 0.000000 0.000000 1.000000
vn 0.000000 0.000000 1.000000
vn -0.000000 0.000001 1.000000
vn -0.000000 0.000001 1.000000
vn -0.000001 0.000001 1.000000
vn -0.000001 0.000000 1.000000
vn -0.000000 0.000001 1.000000
vn 0.000000 0.000000 1.000000
vn 0.000000 0.000000 1.000000
vn -0.000001 0.000001 1.000000
vn 0.000000 0.000000 1.000000
vn -0.000000 0.000001 1.000000
vn -0.000001 0.000000 1.000000
vn 0.000000 0.000000 1.000000
vn 0.000000 0.000001 1.000000
vn 0.000000 0.000000 1.000000
vn 0.000000 0.000000 1.000000
vn 0.000000 0.000001 1.000000
vn 0.000000 0.000000 1.000000
vn 0.000000 0.000001 1.000000
vn 0.000000 0.000000 1.000000
vn 0.000000 0.000000 1.000000
vn 0.000000 0.000001 1.000000
vn 0.000000 0.000001 1.000000
vn 0.000000 0.000001 1.000000
vn 0.000000 0.000000 1.000000
vn 0.000000 0.000000 1.000000
vn 0.000000 0.000000 1.000000
vn 0.000000 0.000000 1.000000
vn 0.000000 0.000000 1.000000
vn 0.000000 0.000000 1.000000
vn 0.000000 0.000000 1.000000
vn 0.000000 0.000000 1.000000
vn 0.000000 0.000000 1.000000
vn 0.000000 0.000000 1.000000
vn 0.000000 0.000000 1.000000
vn 0.000000 0.000000 1.000000
vn 0.000000 0.000000 1.000000
vn 0.000000 0.000000 1.000000
vn 0.000000 0.000000 1.000000
vn 0.000000 0.000000 1.000000
vn 0.000000 0.000000 1.000000
vn 0.000000 0.000000 1.000000
vn -0.000000 0.000001 1.000000
vn 0.000001 0.000001 1.000000
vn 0.000000 0.000000 1.000000
vn -0.000000 0.000001 1.000000
vn -0.000000 0.000001 1.000000
vn 0.000001 0.000000 1.000000
vn 0.000001 0.000001 1.000000
vn -0.000000 0.000001 1.000000
vn 0.000000 0.000000 1.000000
vn 0.000000 0.000000 1.000000
vn 0.000001 0.000000 1.000000
vn 0.000000 -1.000000 0.000001
vn 0.000000 -1.000000 0.000001
vn 0.000000 -1.000000 0.000001
vn 0.000000 -1.000000 0.000001
vn 1.000000 0.000000 0.000000
vn 1.000000 0.000000 0.000000
vn 1.000000 0.000000 0.000000
vn 1.000000 0.000000 0.000000
vn 0.000000 1.000000 -0.000001
vn 0.000000 1.000000 -0.000001
vn 0.000000 1.000000 -0.000001
vn 0.000000 1.000000 -0.000001
vn 0.000000 -1.000000 0.000000
vn 0.000000 -1.000000 0.000001
vn 0.000000 -1.000000 0.000001
vn 0.000000 -1.000000 0.000000
vn 0.000000 1.000000 -0.000001
vn 0.000000 1.000000 -0.000001
vn 0.000000 1.000000 -0.000001
vn 0.000000 1.000000 -0.000001
vn 0.000000 -1.000000 0.000000
vn 0.000000 -1.000000 0.000000
vn 0.000000 -1.000000 0.000000
vn 0.000000 -1.000000 0.000000
vn 0.000000 1.000000 -0.000001
vn 0.000000 1.000000 -0.000001
vn 0.000000 1.000000 -0.000001
vn 0.000000 1.000000 -0.000001
vn -1.000000 0.000000 0.000000
vn -1.000000 0.000000 0.000000
vn -1.000000 0.000000 0.000000
vn -1.000000 0.000000 0.000000
vn 0.000000 -1.000000 0.000000
vn 0.000000 -1.000000 0.000000
vn 0.000000 -1.000000 0.000000
vn 0.000000 -1.000000 0.000000
vn 0.000000 1.000000 -0.000001
vn 0.000000 1.000000 -0.000001
vn 0.000000 1.000000 -0.000001
vn 0.000000 1.000000 -0.000001
vn 0.000000 -1.000000 0.000000
vn 0.000000 -1.000000 0.000001
vn 0.000000 -1.000000 0.000001
vn 0.000000 -1.000000 0.000000
vn 1.000000 -0.000000 0.000000
vn 1.000000 -0.000000 0.000000
vn 1.000000 -0.000000 0.000000
vn 1.000000 -0.000000 0.000000
vn -0.000000 1.000000 -0.000001
vn -0.000000 1.000000 -0.000001
vn -0.000000 1.000000 -0.000001
vn -0.000000 1.000000 -0.000001
vn 0.000000 -1.000000 0.000000
vn 0.000000 -1.000000 0.000000
vn 0.000000 -1.000000 0.000000
vn 0.000000 -1.000000 0.000000
vn -0.000000 1.000000 -0.000001
vn 0.000000 1.000000 -0.000001
vn 0.000000 1.000000 -0.000001
vn -0.000000 1.000000 -0.000001
vn 0.000000 -1.000000 0.000000
vn 0.000000 -1.000000 0.000000
vn 0.000000 -1.000000 0.000000
vn 0.000000 -1.000000 0.000000
vn 0.000000 1.000000 -0.000001
vn 0.000000 1.000000 -0.000001
vn 0.000000 1.000000 -0.000001
vn 0.000000 1.000000 -0.000001
vn -1.000000 0.000000 0.000000
vn -1.000000 0.000000 0.000000
vn -1.000000 0.000000 0.000000
vn -1.000000 0.000000 0.000000
vn 0.000000 -1.000000 0.000000
vn 0.000000 -1.000000 0.000000
vn 0.000000 -1.000000 0.000000
vn 0.000000 -1.000000 0.000000
vn 0.000000 1.000000 -0.000001
vn 0.000000 1.000000 -0.000001
vn 0.000000 1.000000 -0.000001
vn 0.000000 1.000000 -0.000001
vn 0.000000 -1.000000 0.000000
vn 0.000000 -1.000000 0.000001
vn 0.000000 -1.000000 0.000001
vn 0.000000 -1.000000 0.000000
vn 0.000000 1.000000 -0.000001
vn 0.000000 1.000000 -0.000001
vn 0.000000 1.000000 -0.000001
vn 0.000000 1.000000 -0.000001
vn -1.000000 0.000000 0.000000
vn -1.000000 0.000000 0.000000
vn -1.000000 0.000000 0.000000
vn -1.000000 0.000000 0.000000
vn 0.000000 -1.000000 0.000001
vn 0.000000 -1.000000 0.000000
vn 0.000000 -1.000000 0.000000
vn 0.000000 -1.000000 0.000001
vn 0.000000 1.000000 -0.000001
vn 0.000000 1.000000 -0.000001
vn 0.000000 1.000000 -0.000001
vn 0.000000 1.000000 -0.000001
vn 0.000000 -1.000000 0.000000
vn -0.000000 -1.000000 0.000000
vn -0.000000 -1.000000 0.000000
vn 0.000000 -1.000000 0.000000
vn -0.000000 1.000000 -0.000001
vn 0.000000 1.000000 -0.000001
vn 0.000000 1.000000 -0.000001
vn -0.000000 1.000000 -0.000001
vn -0.000000 -1.000000 0.000000
vn -0.000000 -1.000000 0.000000
vn -0.000000 -1.000000 0.000000
vn -0.000000 -1.000000 0.000000
vn 1.000000 -0.000000 0.000000
vn 1.000000 -0.000000 0.000000
vn 1.000000 -0.000000 0.000000
vn 1.000000 -0.000000 0.000000
vn -0.000000 1.000000 -0.000001
vn -0.000000 1.000000 -0.000001
vn -0.000000 1.000000 -0.000001
vn -0.000000 1.000000 -0.000001
vn 0.000000 -1.000000 -0.000001
vn 0.000000 -1.000000 -0.000001
vn 0.000000 -1.000000 -0.000001
vn 0.000000 -1.000000 -0.000001
vn 0.000000 -1.000000 -0.000001
vn 0.000000 -1.000000 -0.000001
vn 0.000000 -1.000000 -0.000001
vn 0.000000 -1.000000 -0.000001
vn 0.000000 -1.000000 -0.000001
vn 0.000000 -1.000000 -0.000001
vn 0.000000 -1.000000 -0.000001
vn 0.000000 -1.000000 -0.000001
vn 0.000000 -1.000000 -0.000001
vn 0.000000 -1.000000 -0.000001
vn 0.000000 -1.000000 -0.000001
vn 0.000000 -1.000000 -0.000001
vn 0.000000 -1.000000 -0.000001
vn 0.000000 -1.000000 -0.000001
vn 0.000000 -1.000000 -0.000001
vn 0.000000 -1.000000 -0.000001
vn 0.000000 -1.000000 -0.000001
vn 0.000000 -1.000000 -0.000001
vn 0.000000 -1.000000 -0.000001
vn 0.000000 -1.000000 -0.000001
vn 0.000000 -1.000000 -0.000001
vn 0.000000 -1.000000 -0.000001
vn 0.000000 -1.000000 -0.000001
vn 0.000000 -1.000000 -0.000001
vn 0.000000 -1.000000 -0.000001
vn 0.000000 -1.000000 -0.000001
vn 0.000000 -1.000000 -0.000001
vn 0.000000 -1.000000 -0.000001
vn 0.000000 -1.000000 -0.000001
vn 0.000000 -1.000000 -0.000001
vn 0.000000 -1.000000 -0.000001
vn 0.000000 -1.000000 -0.000001
vn 0.000000 -1.000000 -0.000001
vn 0.000000 -1.000000 -0.000001
vn 0.000000 -1.000000 -0.000001
vn 0.000000 -1.000000 -0.000001
vn 0.000000 -1.000000 -0.000001
vn 0.000000 -1.000000 -0.000001
vn 0.000000 -1.000000 -0.000001
vn 0.000000 -1.000000 -0.000001
vn 0.000000 -1.000000 -0.000001
vn 0.000000 -1.000000 -0.000001
vn 0.000000 -1.000000 -0.000001
vn 0.000000 -1.000000 -0.000001
vn -1.000000 0.000000 0.000000
vn -1.000000 0.000000 0.000000
vn -1.000000 0.000000 0.000000
vn -1.000000 0.000000 0.000007
vn -1.000000 0.000000 0.000133
vn -1.000000 0.000000 0.000007
vn -0.999996 0.000000 0.002875
vn -0.999996 0.000000 0.002875
vn -1.000000 0.000000 0.000000
vn -1.000000 0.000000 0.000007
vn -1.000000 0.000000 0.000133
vn -1.000000 0.000000 0.000000
s off
g Estructura_superior_Libreria1 Estructura_Libreria1 Libreria_1 Despacho_02
usemtl Estructura_superior_Libreria1SG
f 1/1/1 2/313/2 37/3/3 38/299/4
f 38/4/5 39/5/6 5/317/7 1/319/8
f 3/308/9 7/310/10 6/316/11 4/251/12
f 26/11/13 25/302/14 35/296/15 36/300/16
f 39/5/17 40/293/18 12/167/19 5/317/20
f 6/316/21 7/310/22 10/254/23 11/314/24
f 135/199/25 136/20/26 137/202/27 138/201/28
f 145/186/29 146/24/30 147/189/31 148/188/32
f 28/286/33 27/278/34 59/272/35 60/277/36
f 16/284/37 15/32/38 61/33/39 62/276/40
f 62/34/41 63/35/42 17/36/43 16/31/44
f 63/35/45 64/269/46 18/275/47 17/36/48
f 155/39/49 156/172/50 157/41/51 158/324/52
f 87/243/53 88/248/54 31/307/55 32/250/56
f 85/244/57 86/48/58 3/7/59 4/252/60
f 6/9/61 84/49/62 85/47/63 4/10/64
f 11/315/65 83/253/66 84/49/67 6/9/68
f 8/303/69 34/297/70 35/13/71 25/12/72
f 36/14/73 37/3/74 2/313/75 26/312/76
f 14/279/77 58/273/78 59/29/79 27/28/80
f 60/30/81 61/33/82 15/32/83 28/27/84
f 88/44/85 81/256/86 7/309/87 31/306/88
f 7/310/89 3/308/90 32/249/91 31/45/92
f 3/7/93 86/48/94 87/43/95 32/46/96
f 139/197/97 140/57/98 136/20/99 135/199/100
f 35/13/101 34/297/102 42/290/103 43/59/104
f 36/300/105 35/296/106 43/288/107 44/295/108
f 44/60/109 45/61/110 37/3/111 36/14/112
f 38/299/113 37/3/114 45/61/115 46/294/116
f 46/62/117 47/63/118 39/5/119 38/4/120
f 47/63/121 48/282/122 40/293/123 39/5/124
f 141/190/125 142/66/126 140/57/127 139/197/128
f 43/59/129 42/290/130 50/289/131 51/287/132
f 44/295/133 43/288/134 51/68/135 52/285/136
f 52/69/137 53/70/138 45/61/139 44/60/140
f 46/294/141 45/61/142 53/70/143 54/283/144
f 54/71/145 55/72/146 47/63/147 46/62/148
f 55/72/149 56/281/150 48/282/151 47/63/152
f 143/74/153 144/193/154 142/66/155 141/190/156
f 51/287/157 50/289/158 14/279/159 27/28/160
f 52/285/161 51/68/162 27/278/163 28/286/164
f 15/32/165 53/70/166 52/69/167 28/27/168
f 54/283/169 53/70/170 15/32/171 16/284/172
f 16/31/173 17/36/174 55/72/175 54/71/176
f 17/36/177 18/275/178 56/281/179 55/72/180
f 149/184/181 150/77/182 146/24/183 145/186/184
f 59/29/185 58/273/186 66/266/187 67/79/188
f 60/277/189 59/272/190 67/264/191 68/271/192
f 68/80/193 69/81/194 61/33/195 60/30/196
f 62/276/197 61/33/198 69/81/199 70/270/200
f 70/82/201 71/83/202 63/35/203 62/34/204
f 71/83/205 72/258/206 64/269/207 63/35/208
f 151/177/209 152/86/210 150/77/211 149/184/212
f 67/79/213 66/266/214 74/265/215 75/263/216
f 68/271/217 67/264/218 75/88/219 76/261/220
f 76/89/221 77/90/222 69/81/223 68/80/224
f 70/270/225 69/81/226 77/90/227 78/259/228
f 78/91/229 79/92/230 71/83/231 70/82/232
f 79/92/233 80/257/234 72/258/235 71/83/236
f 153/94/237 154/180/238 152/86/239 151/177/240
f 75/263/241 74/265/242 20/241/243 29/97/244
f 76/261/245 75/88/246 29/231/247 30/262/248
f 21/99/249 77/90/250 76/89/251 30/98/252
f 78/259/253 77/90/254 21/99/255 22/260/256
f 22/100/257 23/101/258 79/92/259 78/91/260
f 23/101/261 24/237/262 80/257/263 79/92/264
f 157/41/265 156/172/266 159/171/267 160/104/268
f 84/49/269 83/253/270 91/245/271 92/106/272
f 85/47/273 84/49/274 92/106/275 93/107/276
f 93/235/277 94/108/278 86/48/279 85/244/280
f 87/43/281 86/48/282 94/108/283 95/109/284
f 95/233/285 96/242/286 88/248/287 87/243/288
f 96/110/289 89/247/290 81/256/291 88/44/292
f 160/104/293 159/171/294 161/170/295 162/113/296
f 92/106/297 91/245/298 99/236/299 100/115/300
f 93/107/301 92/106/302 100/115/303 101/234/304
f 101/116/305 102/117/306 94/108/307 93/235/308
f 95/109/309 94/108/310 102/117/311 103/232/312
f 103/118/313 104/230/314 96/242/315 95/233/316
f 104/119/317 97/240/318 89/247/319 96/110/320
f 162/113/321 161/170/322 163/169/323 164/320/324
f 100/115/325 99/236/326 24/237/327 23/101/328
f 101/234/329 100/115/330 23/101/331 22/100/332
f 22/260/333 21/99/334 102/117/335 101/116/336
f 103/232/337 102/117/338 21/99/339 30/98/340
f 30/262/341 29/231/342 104/230/343 103/118/344
f 20/241/345 97/240/346 104/119/347 29/97/348
f 34/52/349 8/304/350 107/229/351 106/227/352
f 8/304/353 9/165/354 108/228/355 107/229/356
f 9/165/357 33/305/358 105/226/359 108/228/360
f 42/58/361 34/52/362 106/227/363 110/225/364
f 33/305/365 41/298/366 109/224/367 105/226/368
f 50/67/369 42/58/370 110/225/371 112/223/372
f 41/298/373 49/291/374 111/221/375 109/224/376
f 13/292/377 14/53/378 114/195/379 113/222/380
f 14/53/381 50/67/382 112/223/383 114/195/384
f 49/291/385 13/292/386 113/222/387 111/221/388
f 58/54/389 14/53/390 117/220/391 116/218/392
f 14/53/393 13/292/394 118/219/395 117/220/396
f 13/292/397 57/280/398 115/217/399 118/219/400
f 66/78/401 58/54/402 116/218/403 120/216/404
f 57/280/405 65/274/406 119/215/407 115/217/408
f 74/87/409 66/78/410 120/216/411 122/214/412
f 65/274/413 73/267/414 121/212/415 119/215/416
f 19/268/417 20/96/418 124/182/419 123/213/420
f 20/96/421 74/87/422 122/214/423 124/182/424
f 73/267/425 19/268/426 123/213/427 121/212/428
f 7/8/429 81/55/430 126/210/431 125/175/432
f 82/246/433 10/17/434 128/211/435 127/209/436
f 10/17/437 7/8/438 125/175/439 128/211/440
f 81/55/441 89/111/442 129/208/443 126/210/444
f 90/239/445 82/246/446 127/209/447 130/207/448
f 89/111/449 97/120/450 131/206/451 129/208/452
f 98/238/453 90/239/454 130/207/455 132/204/456
f 97/120/457 20/96/458 133/205/459 131/206/460
f 20/96/461 19/268/462 134/203/463 133/205/464
f 19/268/465 98/238/466 132/204/467 134/203/468
f 106/124/469 107/123/470 137/21/471 136/200/472
f 107/123/473 108/126/474 138/22/475 137/21/476
f 108/126/477 105/128/478 135/19/479 138/22/480
f 110/129/481 106/124/482 136/200/483 140/198/484
f 105/128/485 109/131/486 139/56/487 135/19/488
f 112/132/489 110/129/490 140/198/491 142/194/492
f 109/131/493 111/134/494 141/65/495 139/56/496
f 113/137/497 114/196/498 144/192/499 143/191/500
f 114/136/501 112/132/502 142/194/503 144/75/504
f 111/134/505 113/137/506 143/191/507 141/65/508
f 116/139/509 117/138/510 147/25/511 146/187/512
f 117/138/513 118/140/514 148/26/515 147/25/516
f 118/140/517 115/142/518 145/23/519 148/26/520
f 120/143/521 116/139/522 146/187/523 150/185/524
f 115/142/525 119/145/526 149/76/527 145/23/528
f 122/146/529 120/143/530 150/185/531 152/181/532
f 119/145/533 121/148/534 151/85/535 149/76/536
f 123/151/537 124/183/538 154/179/539 153/178/540
f 124/150/541 122/146/542 152/181/543 154/95/544
f 121/148/545 123/151/546 153/178/547 151/85/548
f 125/153/549 126/152/550 156/40/551 155/173/552
f 127/156/553 128/155/554 158/42/555 157/323/556
f 128/155/557 125/176/558 155/174/559 158/42/560
f 126/152/561 129/157/562 159/103/563 156/40/564
f 130/159/565 127/156/566 157/323/567 160/322/568
f 129/157/569 131/160/570 161/112/571 159/103/572
f 132/162/573 130/159/574 160/322/575 162/321/576
f 131/160/577 133/163/578 163/121/579 161/112/580
f 133/163/581 134/164/582 164/122/583 163/121/584
f 134/164/585 132/162/586 162/321/587 164/122/588
f 19/149/589 24/102/590 99/114/591 98/161/592
f 9/166/593 12/16/594 40/15/595 33/127/596
f 33/127/597 40/15/598 48/64/599 41/130/600
f 41/130/601 48/64/602 56/73/603 49/133/604
f 49/133/605 56/73/606 18/38/607 13/135/608
f 13/135/609 18/38/610 64/37/611 57/141/612
f 57/141/613 64/37/614 72/84/615 65/144/616
f 65/144/617 72/84/618 80/93/619 73/147/620
f 73/147/621 80/93/622 24/102/623 19/149/624
f 82/154/625 83/50/626 11/18/627 10/255/628
f 98/161/629 99/114/630 91/105/631 90/158/632
f 90/158/633 91/105/634 83/50/635 82/154/636
f 5/6/637 12/168/638 9/125/639 8/51/640
f 2/2/641 8/51/642 25/301/643 26/311/644
f 5/6/645 8/51/646 2/2/647 1/318/648
g default
v 61.596163 518.827928 -3078.205442
v 61.596163 518.827928 -3027.824006
v 504.192662 518.827928 -3027.824006
v 504.192662 518.827928 -3078.205442
v 61.596163 527.712960 -3078.205442
v 504.192662 527.712960 -3078.205442
v 504.192662 527.712906 -3027.823914
v 61.596163 527.712906 -3027.823914
v 209.128174 518.827928 -3027.824006
v 208.901127 527.712906 -3027.823914
v 209.128174 527.712960 -3078.205442
v 209.128174 518.827928 -3078.205442
v 356.660418 518.827928 -3027.824006
v 356.433366 527.712906 -3027.823914
v 356.660418 527.712960 -3078.205442
v 356.660418 518.827928 -3078.205442
v 98.479157 518.827928 -3027.824006
v 98.252110 527.712906 -3027.823914
v 98.479157 527.712960 -3078.205442
v 98.479157 518.827928 -3078.205442
v 135.362128 518.827928 -3027.824006
v 135.135082 527.712906 -3027.823914
v 135.362128 527.712960 -3078.205442
v 135.362128 518.827928 -3078.205442
v 172.245145 518.827928 -3027.824006
v 172.018099 527.712906 -3027.823914
v 172.245145 527.712960 -3078.205442
v 172.245145 518.827928 -3078.205442
v 246.011236 518.827928 -3027.824006
v 245.784189 527.712906 -3027.823914
v 246.011236 527.712960 -3078.205442
v 246.011236 518.827928 -3078.205442
v 282.894259 518.827928 -3027.824006
v 282.667212 527.712906 -3027.823914
v 282.894259 527.712960 -3078.205442
v 282.894259 518.827928 -3078.205442
v 319.777338 518.827928 -3027.824006
v 319.550289 527.712906 -3027.823914
v 319.777338 527.712960 -3078.205442
v 319.777338 518.827928 -3078.205442
v 467.082553 527.712906 -3027.823914
v 467.309611 518.827928 -3027.824006
v 467.309611 518.827928 -3078.205442
v 467.309611 527.712960 -3078.205442
v 430.199525 527.712909 -3027.823914
v 430.426577 518.827928 -3027.824006
v 430.426577 518.827928 -3078.205442
v 430.426577 527.712960 -3078.205442
v 393.316445 527.712909 -3027.823914
v 393.543498 518.827928 -3027.824006
v 393.543498 518.827928 -3078.205442
v 393.543498 527.712960 -3078.205442
vt 0.976214 0.000001
vt 0.747430 0.473901
vt 0.965545 0.000001
vt 0.634806 0.000005
vt 0.688794 0.434405
vt 0.747463 0.039252
vt 0.747465 0.000004
vt 0.688798 0.473897
vt 0.654988 0.473900
vt 0.634850 0.434411
vt 0.645475 0.473902
vt 0.693518 0.039491
vt 0.688778 0.276440
vt 0.747451 0.197218
vt 0.747454 0.157726
vt 0.965588 0.315932
vt 0.634838 0.315937
vt 0.693509 0.157965
vt 0.693506 0.197457
vt 0.634834 0.276445
vt 0.747433 0.434166
vt 0.965550 0.039493
vt 0.634810 0.039497
vt 0.693488 0.434405
vt 0.688790 0.394914
vt 0.747459 0.078744
vt 0.693515 0.078983
vt 0.634846 0.394919
vt 0.688786 0.355423
vt 0.747456 0.118235
vt 0.693512 0.118474
vt 0.634842 0.355428
vt 0.688774 0.236948
vt 0.747448 0.236709
vt 0.693503 0.236948
vt 0.634830 0.236954
vt 0.688770 0.197457
vt 0.747445 0.276200
vt 0.693500 0.276440
vt 0.634826 0.197462
vt 0.965566 0.157967
vt 0.747442 0.315692
vt 0.693497 0.315931
vt 0.634822 0.157971
vt 0.747436 0.394675
vt 0.965556 0.078984
vt 0.634814 0.078988
vt 0.693491 0.394914
vt 0.747439 0.355183
vt 0.688762 0.118474
vt 0.985740 0.118474
vt 0.693494 0.355422
vt 0.975123 0.473896
vt 0.645482 0.527846
vt 0.976266 0.473898
vt 0.693521 0.000000
vt 0.976227 0.118475
vt 0.976223 0.078984
vt 0.634818 0.118480
vt 0.985736 0.078983
vt 0.965561 0.118475
vt 0.688758 0.078983
vt 0.975074 0.118717
vt 0.975080 0.158209
vt 0.976218 0.039492
vt 0.985732 0.039491
vt 0.688754 0.039491
vt 0.975069 0.079226
vt 0.745675 0.473901
vt 0.693485 0.473897
vt 0.736161 0.473900
vt 0.985727 0.000000
vt 0.736161 0.527845
vt 0.688750 0.000000
vt 0.975064 0.039734
vt 0.985749 0.197457
vt 0.985745 0.157966
vt 0.976236 0.197458
vt 0.976231 0.157967
vt 0.975085 0.197700
vt 0.975091 0.237191
vt 0.965572 0.197458
vt 0.688766 0.157966
vt 0.985753 0.236949
vt 0.976240 0.236950
vt 0.975096 0.276683
vt 0.965577 0.236950
vt 0.985757 0.276440
vt 0.976244 0.276441
vt 0.975101 0.316174
vt 0.965582 0.276441
vt 0.985766 0.355423
vt 0.985762 0.315931
vt 0.976253 0.355424
vt 0.976248 0.315932
vt 0.975107 0.355666
vt 0.975112 0.395157
vt 0.965593 0.355424
vt 0.688782 0.315931
vt 0.985770 0.394914
vt 0.976257 0.394915
vt 0.975117 0.434648
vt 0.965599 0.394915
vt 0.985775 0.434405
vt 0.976261 0.434406
vt 0.965604 0.434406
vt 0.745675 0.527845
vt 0.975058 0.000000
vt 0.634854 0.473902
vt 0.985779 0.473897
vt 0.654995 0.527845
vt 0.965609 0.473898
vn 1.000000 -0.000001 0.000000
vn 1.000000 -0.000001 0.000000
vn 1.000000 -0.000001 0.000000
vn 1.000000 -0.000001 0.000000
vn 0.000000 -0.000010 1.000000
vn 0.000000 -0.000010 1.000000
vn 0.000000 -0.000010 1.000000
vn 0.000000 -0.000010 1.000000
vn 0.000000 -1.000000 0.000000
vn 0.000000 -1.000000 0.000000
vn 0.000000 -1.000000 0.000000
vn 0.000000 -1.000000 0.000000
vn 0.000000 0.000000 -1.000000
vn 0.000000 0.000000 -1.000000
vn 0.000000 0.000000 -1.000000
vn 0.000000 0.000000 -1.000000
vn 0.000000 -0.000010 1.000000
vn 0.000000 -0.000010 1.000000
vn 0.000000 -0.000010 1.000000
vn 0.000000 -0.000010 1.000000
vn 0.000000 0.000000 -1.000000
vn 0.000000 0.000000 -1.000000
vn 0.000000 0.000000 -1.000000
vn 0.000000 0.000000 -1.000000
vn 0.000000 -1.000000 0.000000
vn 0.000000 -1.000000 0.000000
vn 0.000000 -1.000000 0.000000
vn 0.000000 -1.000000 0.000000
vn 0.000000 -0.000010 1.000000
vn 0.000000 -0.000010 1.000000
vn 0.000000 -0.000010 1.000000
vn 0.000000 -0.000010 1.000000
vn 0.000000 0.000000 -1.000000
vn 0.000000 0.000000 -1.000000
vn 0.000000 0.000000 -1.000000
vn 0.000000 0.000000 -1.000000
vn 0.000000 -1.000000 0.000000
vn 0.000000 -1.000000 0.000000
vn 0.000000 -1.000000 0.000000
vn 0.000000 -1.000000 0.000000
vn 0.000000 -0.000010 1.000000
vn 0.000000 -0.000010 1.000000
vn 0.000000 -0.000010 1.000000
vn 0.000000 -0.000010 1.000000
vn 0.000000 0.000000 -1.000000
vn 0.000000 0.000000 -1.000000
vn 0.000000 0.000000 -1.000000
vn 0.000000 0.000000 -1.000000
vn 0.000000 -1.000000 0.000000
vn 0.000000 -1.000000 0.000000
vn 0.000000 -1.000000 0.000000
vn 0.000000 -1.000000 0.000000
vn 0.000000 -0.000010 1.000000
vn 0.000000 -0.000010 1.000000
vn 0.000000 -0.000010 1.000000
vn 0.000000 -0.000010 1.000000
vn 0.000000 0.000000 -1.000000
vn 0.000000 0.000000 -1.000000
vn 0.000000 0.000000 -1.000000
vn 0.000000 0.000000 -1.000000
vn 0.000000 -1.000000 0.000000
vn 0.000000 -1.000000 0.000000
vn 0.000000 -1.000000 0.000000
vn 0.000000 -1.000000 0.000000
vn 0.000000 -0.000010 1.000000
vn 0.000000 -0.000010 1.000000
vn 0.000000 -0.000010 1.000000
vn 0.000000 -0.000010 1.000000
vn 0.000000 0.000000 -1.000000
vn 0.000000 0.000000 -1.000000
vn 0.000000 0.000000 -1.000000
vn 0.000000 0.000000 -1.000000
vn 0.000000 -1.000000 0.000000
vn 0.000000 -1.000000 0.000000
vn 0.000000 -1.000000 0.000000
vn 0.000000 -1.000000 0.000000
vn 0.000000 -0.000010 1.000000
vn 0.000000 -0.000010 1.000000
vn 0.000000 -0.000010 1.000000
vn 0.000000 -0.000010 1.000000
vn 0.000000 0.000000 -1.000000
vn 0.000000 0.000000 -1.000000
vn 0.000000 0.000000 -1.000000
vn 0.000000 0.000000 -1.000000
vn 0.000000 -1.000000 0.000000
vn 0.000000 -1.000000 0.000000
vn 0.000000 -1.000000 0.000000
vn 0.000000 -1.000000 0.000000
vn 0.000000 -0.000010 1.000000
vn 0.000000 -0.000010 1.000000
vn 0.000000 -0.000010 1.000000
vn 0.000000 -0.000010 1.000000
vn 0.000000 0.000000 -1.000000
vn 0.000000 0.000000 -1.000000
vn 0.000000 0.000000 -1.000000
vn 0.000000 0.000000 -1.000000
vn 0.000000 -1.000000 0.000000
vn 0.000000 -1.000000 0.000000
vn 0.000000 -1.000000 0.000000
vn 0.000000 -1.000000 0.000000
vn 0.000000 -0.000010 1.000000
vn 0.000000 -0.000010 1.000000
vn 0.000000 -0.000010 1.000000
vn 0.000000 -0.000010 1.000000
vn 0.000000 0.000000 -1.000000
vn 0.000000 0.000000 -1.000000
vn 0.000000 0.000000 -1.000000
vn 0.000000 0.000000 -1.000000
vn 0.000000 -1.000000 0.000000
vn 0.000000 -1.000000 0.000000
vn 0.000000 -1.000000 0.000000
vn 0.000000 -1.000000 0.000000
vn 0.000000 -0.000010 1.000000
vn 0.000000 -0.000010 1.000000
vn 0.000000 -0.000010 1.000000
vn 0.000000 -0.000010 1.000000
vn 0.000000 -1.000000 0.000000
vn 0.000000 -1.000000 0.000000
vn 0.000000 -1.000000 0.000000
vn 0.000000 -1.000000 0.000000
vn 0.000000 0.000000 -1.000000
vn 0.000000 0.000000 -1.000000
vn 0.000000 0.000000 -1.000000
vn 0.000000 0.000000 -1.000000
vn 0.000000 -0.000010 1.000000
vn 0.000000 -0.000010 1.000000
vn 0.000000 -0.000010 1.000000
vn 0.000000 -0.000010 1.000000
vn 0.000000 -1.000000 0.000000
vn 0.000000 -1.000000 0.000000
vn 0.000000 -1.000000 0.000000
vn 0.000000 -1.000000 0.000000
vn 0.000000 0.000000 -1.000000
vn 0.000000 0.000000 -1.000000
vn 0.000000 0.000000 -1.000000
vn 0.000000 0.000000 -1.000000
vn 0.000000 -0.000010 1.000000
vn 0.000000 -0.000010 1.000000
vn 0.000000 -0.000010 1.000000
vn 0.000000 -0.000010 1.000000
vn 0.000000 -1.000000 0.000000
vn 0.000000 -1.000000 0.000000
vn 0.000000 -1.000000 0.000000
vn 0.000000 -1.000000 0.000000
vn 0.000000 0.000000 -1.000000
vn 0.000000 0.000000 -1.000000
vn 0.000000 0.000000 -1.000000
vn 0.000000 0.000000 -1.000000
vn 0.000000 1.000000 0.000001
vn 0.000000 1.000000 0.000001
vn 0.000000 1.000000 0.000001
vn 0.000000 1.000000 0.000001
vn 0.000000 1.000000 0.000001
vn 0.000000 1.000000 0.000001
vn 0.000000 1.000000 0.000001
vn 0.000000 1.000000 0.000001
vn 0.000000 1.000000 0.000001
vn 0.000000 1.000000 0.000001
vn 0.000000 1.000000 0.000001
vn 0.000000 1.000000 0.000001
vn 0.000000 1.000000 0.000001
vn 0.000000 1.000000 0.000001
vn 0.000000 1.000000 0.000001
vn 0.000000 1.000000 0.000001
vn 0.000000 1.000000 0.000001
vn 0.000000 1.000000 0.000001
vn 0.000000 1.000000 0.000001
vn 0.000000 1.000000 0.000001
vn 0.000000 1.000000 0.000001
vn 0.000000 1.000000 0.000001
vn 0.000000 1.000000 0.000001
vn 0.000000 1.000000 0.000001
vn 0.000000 1.000000 0.000001
vn 0.000000 1.000000 0.000001
vn 0.000000 1.000000 0.000001
vn 0.000000 1.000000 0.000001
vn 0.000000 1.000000 0.000001
vn 0.000000 1.000000 0.000001
vn -0.000000 1.000000 0.000001
vn -0.000000 1.000000 0.000001
vn -0.000000 1.000000 0.000001
vn -0.000000 1.000000 0.000001
vn -0.000000 1.000000 0.000001
vn -0.000000 1.000000 0.000001
vn -0.000000 1.000000 0.000001
vn -0.000000 1.000000 0.000001
vn 0.000000 1.000000 0.000001
vn 0.000000 1.000000 0.000001
vn 0.000000 1.000000 0.000001
vn 0.000000 1.000000 0.000001
vn 0.000000 1.000000 0.000001
vn 0.000000 1.000000 0.000001
vn 0.000000 1.000000 0.000001
vn 0.000000 1.000000 0.000001
vn 0.000000 1.000000 0.000001
vn 0.000000 1.000000 0.000001
vn -1.000000 -0.000002 0.000000
vn -1.000000 -0.000002 0.000000
vn -1.000000 -0.000002 0.000000
vn -1.000000 -0.000002 0.000000
s off
g Estructura_Libreria1 Libreria_1 Despacho_02 Estructura_inferior_Libreria1
usemtl Estructura_superior_Libreria1SG
f 170/393/649 171/431/650 167/397/651 168/395/652
f 181/430/653 182/426/654 172/377/655 166/436/656
f 166/332/657 165/433/658 184/334/659 181/329/660
f 165/434/661 169/379/662 183/429/663 184/428/664
f 193/415/665 194/410/666 174/414/667 173/340/668
f 176/417/669 175/419/670 195/413/671 196/412/672
f 173/423/673 176/341/674 196/344/675 193/337/676
f 171/432/677 205/399/678 206/346/679 167/327/680
f 207/390/681 208/389/682 170/325/683 168/396/684
f 206/391/685 207/347/686 168/328/687 167/398/688
f 185/427/689 186/421/690 182/426/691 181/430/692
f 184/428/693 183/429/694 187/425/695 188/424/696
f 181/329/697 184/334/698 188/352/699 185/349/700
f 189/422/701 190/420/702 186/421/703 185/427/704
f 188/424/705 187/425/706 191/418/707 192/416/708
f 185/349/709 188/352/710 192/356/711 189/353/712
f 173/340/713 174/414/714 190/420/715 189/422/716
f 192/416/717 191/418/718 175/419/719 176/417/720
f 189/353/721 192/356/722 176/341/723 173/423/724
f 197/411/725 198/405/726 194/410/727 193/415/728
f 196/412/729 195/413/730 199/409/731 200/408/732
f 193/337/733 196/344/734 200/360/735 197/357/736
f 201/406/737 202/404/738 198/405/739 197/411/740
f 200/408/741 199/409/742 203/402/743 204/400/744
f 197/357/745 200/360/746 204/364/747 201/361/748
f 177/365/749 178/388/750 202/404/751 201/406/752
f 204/400/753 203/402/754 179/403/755 180/401/756
f 201/361/757 204/364/758 180/368/759 177/407/760
f 206/346/761 205/399/762 209/392/763 210/370/764
f 210/386/765 211/371/766 207/347/767 206/391/768
f 211/384/769 212/382/770 208/389/771 207/390/772
f 210/370/773 209/392/774 213/387/775 214/385/776
f 214/374/777 215/383/778 211/371/779 210/386/780
f 215/375/781 216/381/782 212/382/783 211/384/784
f 214/385/785 213/387/786 178/388/787 177/365/788
f 177/407/789 180/368/790 215/383/791 214/374/792
f 180/401/793 179/403/794 216/381/795 215/375/796
f 169/380/797 172/331/798 182/330/799 183/336/800
f 183/336/801 182/330/802 186/350/803 187/351/804
f 187/351/805 186/350/806 190/354/807 191/355/808
f 191/355/809 190/354/810 174/339/811 175/342/812
f 175/342/813 174/339/814 194/338/815 195/343/816
f 195/343/817 194/338/818 198/358/819 199/359/820
f 199/359/821 198/358/822 202/362/823 203/363/824
f 203/363/825 202/362/826 178/366/827 179/367/828
f 179/367/829 178/366/830 213/373/831 216/376/832
f 216/376/833 213/373/834 209/369/835 212/372/836
f 212/372/837 209/369/838 205/345/839 208/348/840
f 208/348/841 205/345/842 171/326/843 170/394/844
f 166/435/845 172/378/846 169/335/847 165/333/848
g default
v 96.436170 557.022884 -3024.321586
v 96.436170 560.517014 -3024.321586
v 95.250765 557.022884 -3024.321586
v 95.250765 560.517014 -3024.321586
v 95.250765 557.022884 -3027.229606
v 95.250765 560.517014 -3027.229606
v 96.436170 557.022884 -3027.229606
v 96.436170 560.517014 -3027.229606
vt 0.451198 0.355997
vt 0.453843 0.358642
vt 0.452945 0.359540
vt 0.450300 0.356894
vt 0.455147 0.361742
vt 0.448098 0.359096
vt 0.448996 0.353795
vt 0.456045 0.356441
vt 0.456044 0.360844
vt 0.453399 0.353795
vt 0.450744 0.361741
vt 0.448099 0.354692
vn 0.000000 0.000000 1.000000
vn 0.000000 0.000000 1.000000
vn 0.000000 0.000000 1.000000
vn 0.000000 0.000000 1.000000
vn -1.000000 0.000000 0.000000
vn -1.000000 0.000000 0.000000
vn -1.000000 0.000000 0.000000
vn -1.000000 0.000000 0.000000
vn 1.000000 0.000000 0.000000
vn 1.000000 0.000000 0.000000
vn 1.000000 0.000000 0.000000
vn 1.000000 0.000000 0.000000
vn 0.000000 1.000000 0.000000
vn 0.000000 1.000000 0.000000
vn 0.000000 1.000000 0.000000
vn 0.000000 1.000000 0.000000
vn 0.000000 -1.000000 0.000000
vn 0.000000 -1.000000 0.000000
vn 0.000000 -1.000000 0.000000
vn 0.000000 -1.000000 0.000000
s off
g Libreria_1 Despacho_02 Asa1_Libreria1 Asas_Libreria1
usemtl Asa1_Libreria1SG
f 217/437/849 218/438/850 220/439/851 219/440/852
f 219/440/853 220/439/854 222/447/855 221/442/856
f 223/446/857 224/444/858 218/438/859 217/437/860
f 218/438/861 224/445/862 222/441/863 220/439/864
f 223/443/865 217/437/866 219/440/867 221/448/868
g default
v 101.807640 557.022884 -3024.321586
v 101.807640 560.517014 -3024.321586
v 100.622213 557.022884 -3024.321586
v 100.622213 560.517014 -3024.321586
v 100.622213 557.022884 -3027.229606
v 100.622213 560.517014 -3027.229606
v 101.807640 557.022884 -3027.229606
v 101.807640 560.517014 -3027.229606
vt 0.376514 0.356011
vt 0.379160 0.358656
vt 0.378262 0.359554
vt 0.375617 0.356908
vt 0.380464 0.361755
vt 0.373415 0.359110
vt 0.374313 0.353809
vt 0.381362 0.356454
vt 0.381361 0.360858
vt 0.378716 0.353809
vt 0.376061 0.361755
vt 0.373415 0.354706
vn 0.000000 0.000000 1.000000
vn 0.000000 0.000000 1.000000
vn 0.000000 0.000000 1.000000
vn 0.000000 0.000000 1.000000
vn -1.000000 0.000000 0.000000
vn -1.000000 0.000000 0.000000
vn -1.000000 0.000000 0.000000
vn -1.000000 0.000000 0.000000
vn 1.000000 0.000000 0.000000
vn 1.000000 0.000000 0.000000
vn 1.000000 0.000000 0.000000
vn 1.000000 0.000000 0.000000
vn 0.000000 1.000000 0.000000
vn 0.000000 1.000000 0.000000
vn 0.000000 1.000000 0.000000
vn 0.000000 1.000000 0.000000
vn 0.000000 -1.000000 0.000000
vn 0.000000 -1.000000 0.000000
vn 0.000000 -1.000000 0.000000
vn 0.000000 -1.000000 0.000000
s off
g Libreria_1 Despacho_02 Asas_Libreria1 Asa2_Libreria1
usemtl Asa1_Libreria1SG
f 225/449/869 226/450/870 228/451/871 227/452/872
f 227/452/873 228/451/874 230/459/875 229/454/876
f 231/458/877 232/456/878 226/450/879 225/449/880
f 226/450/881 232/457/882 230/453/883 228/451/884
f 231/455/885 225/449/886 227/452/887 229/460/888
g default
v 170.318199 557.022884 -3024.321586
v 170.318199 560.517014 -3024.321586
v 169.132772 557.022884 -3024.321586
v 169.132772 560.517014 -3024.321586
v 169.132772 557.022884 -3027.229606
v 169.132772 560.517014 -3027.229606
v 170.318199 557.022884 -3027.229606
v 170.318199 560.517014 -3027.229606
vt 0.349842 0.333865
vt 0.352487 0.336511
vt 0.351590 0.337408
vt 0.348945 0.334762
vt 0.353791 0.339610
vt 0.346743 0.336964
vt 0.347641 0.331663
vt 0.354689 0.334309
vt 0.354689 0.338713
vt 0.352044 0.331663
vt 0.349388 0.339609
vt 0.346743 0.332560
vn 0.000000 0.000000 1.000000
vn 0.000000 0.000000 1.000000
vn 0.000000 0.000000 1.000000
vn 0.000000 0.000000 1.000000
vn -1.000000 0.000000 0.000000
vn -1.000000 0.000000 0.000000
vn -1.000000 0.000000 0.000000
vn -1.000000 0.000000 0.000000
vn 1.000000 0.000000 0.000000
vn 1.000000 0.000000 0.000000
vn 1.000000 0.000000 0.000000
vn 1.000000 0.000000 0.000000
vn 0.000000 1.000000 0.000000
vn 0.000000 1.000000 0.000000
vn 0.000000 1.000000 0.000000
vn 0.000000 1.000000 0.000000
vn 0.000000 -1.000000 0.000000
vn 0.000000 -1.000000 0.000000
vn 0.000000 -1.000000 0.000000
vn 0.000000 -1.000000 0.000000
s off
g Libreria_1 Despacho_02 Asas_Libreria1 Asa3_Libreria1
usemtl Asa1_Libreria1SG
f 233/461/889 234/462/890 236/463/891 235/464/892
f 235/464/893 236/463/894 238/471/895 237/466/896
f 239/470/897 240/468/898 234/462/899 233/461/900
f 234/462/901 240/469/902 238/465/903 236/463/904
f 239/467/905 233/461/906 235/464/907 237/472/908
g default
v 175.689681 557.022884 -3024.321586
v 175.689681 560.517014 -3024.321586
v 174.504254 557.022884 -3024.321586
v 174.504254 560.517014 -3024.321586
v 174.504254 557.022884 -3027.229606
v 174.504254 560.517014 -3027.229606
v 175.689681 557.022884 -3027.229606
v 175.689681 560.517014 -3027.229606
vt 0.024437 0.333923
vt 0.027083 0.336569
vt 0.026185 0.337467
vt 0.023540 0.334821
vt 0.028387 0.339668
vt 0.021338 0.337022
vt 0.022236 0.331721
vt 0.029285 0.334368
vt 0.029284 0.338771
vt 0.026639 0.331722
vt 0.023983 0.339668
vt 0.021338 0.332619
vn 0.000000 0.000000 1.000000
vn 0.000000 0.000000 1.000000
vn 0.000000 0.000000 1.000000
vn 0.000000 0.000000 1.000000
vn -1.000000 0.000000 0.000000
vn -1.000000 0.000000 0.000000
vn -1.000000 0.000000 0.000000
vn -1.000000 0.000000 0.000000
vn 1.000000 0.000000 0.000000
vn 1.000000 0.000000 0.000000
vn 1.000000 0.000000 0.000000
vn 1.000000 0.000000 0.000000
vn 0.000000 1.000000 0.000000
vn 0.000000 1.000000 0.000000
vn 0.000000 1.000000 0.000000
vn 0.000000 1.000000 0.000000
vn 0.000000 -1.000000 0.000000
vn 0.000000 -1.000000 0.000000
vn 0.000000 -1.000000 0.000000
vn 0.000000 -1.000000 0.000000
s off
g Libreria_1 Despacho_02 Asas_Libreria1 Asa4_Libreria1
usemtl Asa1_Libreria1SG
f 241/473/909 242/474/910 244/475/911 243/476/912
f 243/476/913 244/475/914 246/483/915 245/478/916
f 247/482/917 248/480/918 242/474/919 241/473/920
f 242/474/921 248/481/922 246/477/923 244/475/924
f 247/479/925 241/473/926 243/476/927 245/484/928
g default
v 244.013499 557.022884 -3024.321586
v 244.013499 560.517014 -3024.321586
v 242.828072 557.022884 -3024.321586
v 242.828072 560.517014 -3024.321586
v 242.828072 557.022884 -3027.229606
v 242.828072 560.517014 -3027.229606
v 244.013499 557.022884 -3027.229606
v 244.013499 560.517014 -3027.229606
vt 0.328504 0.333863
vt 0.331149 0.336509
vt 0.330252 0.337406
vt 0.327607 0.334760
vt 0.332453 0.339608
vt 0.325405 0.336961
vt 0.326303 0.331661
vt 0.333351 0.334307
vt 0.333351 0.338711
vt 0.330706 0.331661
vt 0.328050 0.339607
vt 0.325405 0.332558
vn 0.000000 0.000000 1.000000
vn 0.000000 0.000000 1.000000
vn 0.000000 0.000000 1.000000
vn 0.000000 0.000000 1.000000
vn -1.000000 0.000000 0.000000
vn -1.000000 0.000000 0.000000
vn -1.000000 0.000000 0.000000
vn -1.000000 0.000000 0.000000
vn 1.000000 0.000000 0.000000
vn 1.000000 0.000000 0.000000
vn 1.000000 0.000000 0.000000
vn 1.000000 0.000000 0.000000
vn 0.000000 1.000000 0.000000
vn 0.000000 1.000000 0.000000
vn 0.000000 1.000000 0.000000
vn 0.000000 1.000000 0.000000
vn 0.000000 -1.000000 0.000000
vn 0.000000 -1.000000 0.000000
vn 0.000000 -1.000000 0.000000
vn 0.000000 -1.000000 0.000000
s off
g Libreria_1 Despacho_02 Asas_Libreria1 Asa5_Libreria1
usemtl Asa1_Libreria1SG
f 249/485/929 250/486/930 252/487/931 251/488/932
f 251/488/933 252/487/934 254/495/935 253/490/936
f 255/494/937 256/492/938 250/486/939 249/485/940
f 250/486/941 256/493/942 254/489/943 252/487/944
f 255/491/945 249/485/946 251/488/947 253/496/948
g default
v 249.384958 557.022884 -3024.321586
v 249.384958 560.517014 -3024.321586
v 248.199531 557.022884 -3024.321586
v 248.199531 560.517014 -3024.321586
v 248.199531 557.022884 -3027.229606
v 248.199531 560.517014 -3027.229606
v 249.384958 557.022884 -3027.229606
v 249.384958 560.517014 -3027.229606
vt 0.179138 0.333894
vt 0.181784 0.336539
vt 0.180886 0.337437
vt 0.178241 0.334792
vt 0.183088 0.339638
vt 0.176039 0.336993
vt 0.176936 0.331692
vt 0.183985 0.334337
vt 0.183986 0.338740
vt 0.181339 0.331692
vt 0.178685 0.339639
vt 0.176039 0.332590
vn 0.000000 0.000000 1.000000
vn 0.000000 0.000000 1.000000
vn 0.000000 0.000000 1.000000
vn 0.000000 0.000000 1.000000
vn -1.000000 0.000000 0.000000
vn -1.000000 0.000000 0.000000
vn -1.000000 0.000000 0.000000
vn -1.000000 0.000000 0.000000
vn 1.000000 0.000000 0.000000
vn 1.000000 0.000000 0.000000
vn 1.000000 0.000000 0.000000
vn 1.000000 0.000000 0.000000
vn 0.000000 1.000000 0.000000
vn 0.000000 1.000000 0.000000
vn 0.000000 1.000000 0.000000
vn 0.000000 1.000000 0.000000
vn 0.000000 -1.000000 0.000000
vn 0.000000 -1.000000 0.000000
vn 0.000000 -1.000000 0.000000
vn 0.000000 -1.000000 0.000000
s off
g Libreria_1 Despacho_02 Asas_Libreria1 Asa6_Libreria1
usemtl Asa1_Libreria1SG
f 257/497/949 258/498/950 260/499/951 259/500/952
f 259/500/953 260/499/954 262/507/955 261/502/956
f 263/506/957 264/504/958 258/498/959 257/497/960
f 258/498/961 264/505/962 262/501/963 260/499/964
f 263/503/965 257/497/966 259/500/967 261/508/968
g default
v 317.928406 557.022884 -3024.321586
v 317.928406 560.517014 -3024.321586
v 316.742979 557.022884 -3024.321586
v 316.742979 560.517014 -3024.321586
v 316.742979 557.022884 -3027.229606
v 316.742979 560.517014 -3027.229606
v 317.928406 557.022884 -3027.229606
v 317.928406 560.517014 -3027.229606
vt 0.035106 0.333924
vt 0.037752 0.336570
vt 0.036854 0.337468
vt 0.034209 0.334822
vt 0.039055 0.339669
vt 0.032007 0.337023
vt 0.032905 0.331722
vt 0.039954 0.334369
vt 0.039953 0.338772
vt 0.037308 0.331723
vt 0.034652 0.339669
vt 0.032007 0.332620
vn 0.000000 0.000000 1.000000
vn 0.000000 0.000000 1.000000
vn 0.000000 0.000000 1.000000
vn 0.000000 0.000000 1.000000
vn -1.000000 0.000000 0.000000
vn -1.000000 0.000000 0.000000
vn -1.000000 0.000000 0.000000
vn -1.000000 0.000000 0.000000
vn 1.000000 0.000000 0.000000
vn 1.000000 0.000000 0.000000
vn 1.000000 0.000000 0.000000
vn 1.000000 0.000000 0.000000
vn 0.000000 1.000000 0.000000
vn 0.000000 1.000000 0.000000
vn 0.000000 1.000000 0.000000
vn 0.000000 1.000000 0.000000
vn 0.000000 -1.000000 0.000000
vn 0.000000 -1.000000 0.000000
vn 0.000000 -1.000000 0.000000
vn 0.000000 -1.000000 0.000000
s off
g Libreria_1 Despacho_02 Asas_Libreria1 Asa7_Libreria1
usemtl Asa1_Libreria1SG
f 265/509/969 266/510/970 268/511/971 267/512/972
f 267/512/973 268/511/974 270/519/975 269/514/976
f 271/518/977 272/516/978 266/510/979 265/509/980
f 266/510/981 272/517/982 270/513/983 268/511/984
f 271/515/985 265/509/986 267/512/987 269/520/988
g default
v 323.100214 557.022884 -3024.321586
v 323.100214 560.517014 -3024.321586
v 321.914775 557.022884 -3024.321586
v 321.914775 560.517014 -3024.321586
v 321.914775 557.022884 -3027.229606
v 321.914775 560.517014 -3027.229606
v 323.100214 557.022884 -3027.229606
v 323.100214 560.517014 -3027.229606
vt 0.189807 0.333895
vt 0.192453 0.336540
vt 0.191555 0.337438
vt 0.188909 0.334793
vt 0.193757 0.339639
vt 0.186708 0.336995
vt 0.187605 0.331694
vt 0.194654 0.334338
vt 0.194655 0.338742
vt 0.192008 0.331693
vt 0.189354 0.339640
vt 0.186708 0.332591
vn 0.000000 0.000000 1.000000
vn 0.000000 0.000000 1.000000
vn 0.000000 0.000000 1.000000
vn 0.000000 0.000000 1.000000
vn -1.000000 0.000000 0.000000
vn -1.000000 0.000000 0.000000
vn -1.000000 0.000000 0.000000
vn -1.000000 0.000000 0.000000
vn 1.000000 0.000000 0.000000
vn 1.000000 0.000000 0.000000
vn 1.000000 0.000000 0.000000
vn 1.000000 0.000000 0.000000
vn 0.000000 1.000000 0.000000
vn 0.000000 1.000000 0.000000
vn 0.000000 1.000000 0.000000
vn 0.000000 1.000000 0.000000
vn 0.000000 -1.000000 0.000000
vn 0.000000 -1.000000 0.000000
vn 0.000000 -1.000000 0.000000
vn 0.000000 -1.000000 0.000000
s off
g Libreria_1 Despacho_02 Asas_Libreria1 Asa8_Libreria1
usemtl Asa1_Libreria1SG
f 273/521/989 274/522/990 276/523/991 275/524/992
f 275/524/993 276/523/994 278/531/995 277/526/996
f 279/530/997 280/528/998 274/522/999 273/521/1000
f 274/522/1001 280/529/1002 278/525/1003 276/523/1004
f 279/527/1005 273/521/1006 275/524/1007 277/532/1008
g default
v 396.639292 557.022884 -3024.321586
v 396.639292 560.517014 -3024.321586
v 395.453876 557.022884 -3024.321586
v 395.453876 560.517014 -3024.321586
v 395.453876 557.022884 -3027.229606
v 395.453876 560.517014 -3027.229606
v 396.639292 557.022884 -3027.229606
v 396.639292 560.517014 -3027.229606
vt 0.339173 0.333863
vt 0.341818 0.336509
vt 0.340921 0.337407
vt 0.338276 0.334761
vt 0.343122 0.339609
vt 0.336074 0.336962
vt 0.336972 0.331662
vt 0.344020 0.334308
vt 0.344020 0.338711
vt 0.341375 0.331662
vt 0.338719 0.339608
vt 0.336074 0.332559
vn 0.000000 0.000000 1.000000
vn 0.000000 0.000000 1.000000
vn 0.000000 0.000000 1.000000
vn 0.000000 0.000000 1.000000
vn -1.000000 0.000000 0.000000
vn -1.000000 0.000000 0.000000
vn -1.000000 0.000000 0.000000
vn -1.000000 0.000000 0.000000
vn 1.000000 0.000000 0.000000
vn 1.000000 0.000000 0.000000
vn 1.000000 0.000000 0.000000
vn 1.000000 0.000000 0.000000
vn 0.000000 1.000000 0.000000
vn 0.000000 1.000000 0.000000
vn 0.000000 1.000000 0.000000
vn 0.000000 1.000000 0.000000
vn 0.000000 -1.000000 0.000000
vn 0.000000 -1.000000 0.000000
vn 0.000000 -1.000000 0.000000
vn 0.000000 -1.000000 0.000000
s off
g Libreria_1 Despacho_02 Asas_Libreria1 Asa9_Libreria1
usemtl Asa1_Libreria1SG
f 281/533/1009 282/534/1010 284/535/1011 283/536/1012
f 283/536/1013 284/535/1014 286/543/1015 285/538/1016
f 287/542/1017 288/540/1018 282/534/1019 281/533/1020
f 282/534/1021 288/541/1022 286/537/1023 284/535/1024
f 287/539/1025 281/533/1026 283/536/1027 285/544/1028
g default
v 391.682219 557.022884 -3024.321586
v 391.682219 560.517014 -3024.321586
v 390.496792 557.022884 -3024.321586
v 390.496792 560.517014 -3024.321586
v 390.496792 557.022884 -3027.229606
v 390.496792 560.517014 -3027.229606
v 391.682219 557.022884 -3027.229606
v 391.682219 560.517014 -3027.229606
vt 0.168469 0.333891
vt 0.171114 0.336537
vt 0.170217 0.337435
vt 0.167572 0.334789
vt 0.172418 0.339637
vt 0.165370 0.336990
vt 0.166268 0.331690
vt 0.173316 0.334336
vt 0.173316 0.338739
vt 0.170671 0.331690
vt 0.168015 0.339636
vt 0.165370 0.332587
vn 0.000000 0.000000 1.000000
vn 0.000000 0.000000 1.000000
vn 0.000000 0.000000 1.000000
vn 0.000000 0.000000 1.000000
vn -1.000000 0.000000 0.000000
vn -1.000000 0.000000 0.000000
vn -1.000000 0.000000 0.000000
vn -1.000000 0.000000 0.000000
vn 1.000000 0.000000 0.000000
vn 1.000000 0.000000 0.000000
vn 1.000000 0.000000 0.000000
vn 1.000000 0.000000 0.000000
vn 0.000000 1.000000 0.000000
vn 0.000000 1.000000 0.000000
vn 0.000000 1.000000 0.000000
vn 0.000000 1.000000 0.000000
vn 0.000000 -1.000000 0.000000
vn 0.000000 -1.000000 0.000000
vn 0.000000 -1.000000 0.000000
vn 0.000000 -1.000000 0.000000
s off
g Libreria_1 Despacho_02 Asas_Libreria1 Asa10_Libreria1
usemtl Asa1_Libreria1SG
f 289/545/1029 290/546/1030 292/547/1031 291/548/1032
f 291/548/1033 292/547/1034 294/555/1035 293/550/1036
f 295/554/1037 296/552/1038 290/546/1039 289/545/1040
f 290/546/1041 296/553/1042 294/549/1043 292/547/1044
f 295/551/1045 289/545/1046 291/548/1047 293/556/1048
g default
v 470.459864 557.022884 -3024.321586
v 470.459864 560.517014 -3024.321586
v 469.274414 557.022884 -3024.321586
v 469.274414 560.517014 -3024.321586
v 469.274414 557.022884 -3027.229606
v 469.274414 560.517014 -3027.229606
v 470.459864 557.022884 -3027.229606
v 470.459864 560.517014 -3027.229606
vt 0.301831 0.348700
vt 0.304477 0.351345
vt 0.303580 0.352243
vt 0.300934 0.349598
vt 0.305782 0.354444
vt 0.298733 0.351800
vt 0.299630 0.346499
vt 0.306679 0.349143
vt 0.306679 0.353547
vt 0.304033 0.346498
vt 0.301378 0.354445
vt 0.298732 0.347396
vn 0.000000 0.000000 1.000000
vn 0.000000 0.000000 1.000000
vn 0.000000 0.000000 1.000000
vn 0.000000 0.000000 1.000000
vn -1.000000 0.000000 0.000000
vn -1.000000 0.000000 0.000000
vn -1.000000 0.000000 0.000000
vn -1.000000 0.000000 0.000000
vn 1.000000 0.000000 0.000000
vn 1.000000 0.000000 0.000000
vn 1.000000 0.000000 0.000000
vn 1.000000 0.000000 0.000000
vn 0.000000 1.000000 0.000000
vn 0.000000 1.000000 0.000000
vn 0.000000 1.000000 0.000000
vn 0.000000 1.000000 0.000000
vn 0.000000 -1.000000 0.000000
vn 0.000000 -1.000000 0.000000
vn 0.000000 -1.000000 0.000000
vn 0.000000 -1.000000 0.000000
s off
g Libreria_1 Despacho_02 Asas_Libreria1 Asa11_Libreria1
usemtl Asa1_Libreria1SG
f 297/557/1049 298/558/1050 300/559/1051 299/560/1052
f 299/560/1053 300/559/1054 302/567/1055 301/562/1056
f 303/566/1057 304/564/1058 298/558/1059 297/557/1060
f 298/558/1061 304/565/1062 302/561/1063 300/559/1064
f 303/563/1065 297/557/1066 299/560/1067 301/568/1068
g default
v 465.361829 557.022884 -3024.321586
v 465.361829 560.517014 -3024.321586
v 464.176402 557.022884 -3024.321586
v 464.176402 560.517014 -3024.321586
v 464.176402 557.022884 -3027.229606
v 464.176402 560.517014 -3027.229606
v 465.361829 557.022884 -3027.229606
v 465.361829 560.517014 -3027.229606
vt 0.013769 0.333922
vt 0.016414 0.336568
vt 0.015516 0.337465
vt 0.012871 0.334820
vt 0.017718 0.339667
vt 0.010669 0.337021
vt 0.011567 0.331720
vt 0.018616 0.334367
vt 0.018615 0.338770
vt 0.015970 0.331721
vt 0.013314 0.339667
vt 0.010669 0.332618
vn 0.000000 0.000000 1.000000
vn 0.000000 0.000000 1.000000
vn 0.000000 0.000000 1.000000
vn 0.000000 0.000000 1.000000
vn -1.000000 0.000000 0.000000
vn -1.000000 0.000000 0.000000
vn -1.000000 0.000000 0.000000
vn -1.000000 0.000000 0.000000
vn 1.000000 0.000000 0.000000
vn 1.000000 0.000000 0.000000
vn 1.000000 0.000000 0.000000
vn 1.000000 0.000000 0.000000
vn 0.000000 1.000000 0.000000
vn 0.000000 1.000000 0.000000
vn 0.000000 1.000000 0.000000
vn 0.000000 1.000000 0.000000
vn 0.000000 -1.000000 0.000000
vn 0.000000 -1.000000 0.000000
vn 0.000000 -1.000000 0.000000
vn 0.000000 -1.000000 0.000000
s off
g Libreria_1 Despacho_02 Asas_Libreria1 Asa12_Libreria1
usemtl Asa1_Libreria1SG
f 305/569/1069 306/570/1070 308/571/1071 307/572/1072
f 307/572/1073 308/571/1074 310/579/1075 309/574/1076
f 311/578/1077 312/576/1078 306/570/1079 305/569/1080
f 306/570/1081 312/577/1082 310/573/1083 308/571/1084
f 311/575/1085 305/569/1086 307/572/1087 309/580/1088
g default
v 67.396276 707.243508 -3031.086551
v 206.808515 707.243508 -3031.086551
v 67.396276 736.358067 -3031.086551
v 206.808515 736.358067 -3031.086551
v 67.396276 736.358067 -3035.741588
v 206.808515 736.358067 -3035.741588
v 67.396276 707.243508 -3035.741588
v 206.808515 707.243508 -3035.741588
v 137.645627 732.286925 -3031.086551
v 137.645627 736.358067 -3031.086551
v 137.645627 736.358067 -3035.741588
v 137.645627 732.286925 -3035.741588
v 172.227123 727.167815 -3031.086551
v 172.227123 736.358067 -3031.086551
v 172.227123 736.358067 -3035.741588
v 172.227123 727.167815 -3035.741588
v 189.517882 719.306886 -3031.086551
v 189.517882 736.358067 -3031.086551
v 189.517882 736.358067 -3035.741588
v 189.517882 719.306886 -3035.741588
v 154.936580 731.007353 -3031.086551
v 154.936580 736.358067 -3031.086551
v 154.936580 736.358067 -3035.741588
v 154.936580 731.007353 -3035.741588
v 103.064109 727.167815 -3031.086551
v 103.064109 736.358067 -3031.086551
v 103.064109 736.358067 -3035.741588
v 103.064109 727.167815 -3035.741588
v 120.355062 731.007353 -3031.086551
v 120.355062 736.358067 -3031.086551
v 120.355062 736.358067 -3035.741588
v 120.355062 731.007353 -3035.741588
v 85.773977 719.306886 -3031.086551
v 85.773977 736.358067 -3031.086551
v 85.773977 736.358067 -3035.741588
v 85.773977 719.306886 -3035.741588
v 71.665255 707.243508 -3031.086551
v 71.665255 736.358067 -3031.086551
v 71.665255 736.358067 -3035.741588
v 71.665255 707.243508 -3035.741588
v 204.167825 707.243508 -3031.086551
v 204.167825 736.358067 -3031.086551
v 204.167825 736.358067 -3035.741588
v 204.167825 707.243508 -3035.741588
vt 0.448104 0.639170
vt 0.451543 0.639171
vt 0.451537 0.670633
vt 0.448098 0.670633
vt 0.773615 0.736737
vt 0.770177 0.736737
vt 0.474771 0.738552
vt 0.773616 0.705275
vt 0.522838 0.670646
vt 0.522838 0.666247
vt 0.571056 0.743535
vt 0.541522 0.670650
vt 0.552495 0.738550
vt 0.698876 0.736736
vt 0.680191 0.736736
vt 0.571056 0.738550
vt 0.560207 0.670653
vt 0.560209 0.660722
vt 0.610349 0.743534
vt 0.578892 0.670656
vt 0.590016 0.738550
vt 0.661507 0.736735
vt 0.642822 0.736735
vt 0.610348 0.738549
vt 0.630664 0.743534
vt 0.594723 0.670659
vt 0.626990 0.736735
vt 0.626991 0.705273
vt 0.485468 0.670640
vt 0.485470 0.660709
vt 0.533935 0.743536
vt 0.504153 0.670643
vt 0.514975 0.738551
vt 0.736246 0.736737
vt 0.717561 0.736736
vt 0.533935 0.738551
vt 0.466783 0.670636
vt 0.466786 0.652210
vt 0.494642 0.738551
vt 0.754931 0.736737
vt 0.597583 0.639198
vt 0.597577 0.670660
vt 0.624137 0.736735
vt 0.624137 0.705272
vt 0.770177 0.705275
vt 0.754931 0.718311
vt 0.474771 0.743537
vt 0.494642 0.743537
vt 0.736246 0.726806
vt 0.514975 0.743536
vt 0.717561 0.730954
vt 0.698876 0.732336
vt 0.504154 0.664861
vt 0.552495 0.743535
vt 0.680191 0.730953
vt 0.661507 0.726804
vt 0.541524 0.664867
vt 0.590016 0.743535
vt 0.642822 0.718309
vt 0.630664 0.738549
vt 0.578896 0.652231
vt 0.594729 0.639197
vn 0.000000 0.000000 1.000000
vn 0.000000 0.000000 1.000000
vn 0.000000 0.000000 1.000000
vn 0.000000 0.000000 1.000000
vn 0.000000 0.000000 -1.000000
vn 0.000000 0.000000 -1.000000
vn 0.000000 0.000000 -1.000000
vn 0.000000 0.000000 -1.000000
vn 0.000000 0.000000 1.000000
vn 0.000000 0.000000 1.000000
vn 0.000000 0.000000 1.000000
vn 0.000000 0.000000 1.000000
vn 0.000000 0.000000 -1.000000
vn 0.000000 0.000000 -1.000000
vn 0.000000 0.000000 -1.000000
vn 0.000000 0.000000 -1.000000
vn 0.000000 -1.000000 0.000000
vn 0.000000 -1.000000 0.000000
vn -0.146434 -0.989220 0.000000
vn -0.146434 -0.989220 0.000000
vn 0.000000 0.000000 1.000000
vn 0.000000 0.000000 1.000000
vn 0.000000 0.000000 1.000000
vn 0.000000 0.000000 1.000000
vn 0.000002 0.000000 -1.000000
vn 0.000002 0.000000 -1.000000
vn 0.000001 0.000000 -1.000000
vn 0.000001 0.000000 -1.000000
vn -0.320499 -0.947249 0.000000
vn -0.320499 -0.947249 0.000000
vn -0.529263 -0.848458 0.000000
vn -0.529263 -0.848458 0.000000
vn 0.000000 0.000000 1.000000
vn 0.000000 0.000000 1.000000
vn 0.000000 0.000000 1.000000
vn 0.000000 0.000000 1.000000
vn 0.000001 0.000000 -1.000000
vn 0.000001 0.000000 -1.000000
vn 0.000000 0.000000 -1.000000
vn 0.000000 0.000000 -1.000000
vn -0.529263 -0.848458 0.000000
vn -0.529263 -0.848458 0.000000
vn -0.635670 -0.771961 0.000000
vn -0.635670 -0.771961 0.000000
vn 0.000000 0.000000 1.000000
vn 0.000000 0.000000 1.000000
vn 0.000000 0.000000 1.000000
vn 0.000000 0.000000 1.000000
vn 0.000000 0.000000 -1.000000
vn 0.000000 0.000000 -1.000000
vn 0.000002 0.000000 -1.000000
vn 0.000002 0.000000 -1.000000
vn -0.146434 -0.989220 0.000000
vn -0.146434 -0.989220 0.000000
vn -0.320499 -0.947249 0.000000
vn -0.320499 -0.947249 0.000000
vn -0.000001 0.000000 1.000000
vn -0.000001 0.000000 1.000000
vn -0.000001 0.000000 1.000000
vn -0.000001 0.000000 1.000000
vn -0.000002 0.000000 -1.000000
vn -0.000002 0.000000 -1.000000
vn 0.000000 0.000000 -1.000000
vn 0.000000 0.000000 -1.000000
vn 0.320501 -0.947248 0.000000
vn 0.320501 -0.947248 0.000000
vn 0.146434 -0.989220 0.000000
vn 0.146434 -0.989220 0.000000
vn -0.000001 0.000000 1.000000
vn -0.000001 0.000000 1.000000
vn 0.000000 0.000000 1.000000
vn 0.000000 0.000000 1.000000
vn 0.000000 0.000000 -1.000000
vn 0.000000 0.000000 -1.000000
vn 0.000000 0.000000 -1.000000
vn 0.000000 0.000000 -1.000000
vn 0.146434 -0.989220 0.000000
vn 0.146434 -0.989220 0.000000
vn 0.000000 -1.000000 0.000000
vn 0.000000 -1.000000 0.000000
vn 0.000000 0.000000 1.000000
vn 0.000000 0.000000 1.000000
vn -0.000001 0.000000 1.000000
vn -0.000001 0.000000 1.000000
vn -0.000001 0.000000 -1.000000
vn -0.000001 0.000000 -1.000000
vn -0.000002 0.000000 -1.000000
vn -0.000002 0.000000 -1.000000
vn 0.535791 -0.844351 0.000000
vn 0.535791 -0.844351 0.000000
vn 0.320501 -0.947248 0.000000
vn 0.320501 -0.947248 0.000000
vn 0.000000 0.000000 1.000000
vn 0.000000 0.000000 1.000000
vn 0.000000 0.000000 1.000000
vn 0.000000 0.000000 1.000000
vn 0.000000 0.000000 -1.000000
vn 0.000000 0.000000 -1.000000
vn -0.000001 0.000000 -1.000000
vn -0.000001 0.000000 -1.000000
vn 0.649868 -0.760047 0.000000
vn 0.649868 -0.760047 0.000000
vn 0.535791 -0.844351 0.000000
vn 0.535791 -0.844351 0.000000
vn 0.000000 0.000000 1.000000
vn 0.000000 0.000000 1.000000
vn 0.000000 0.000000 1.000000
vn 0.000000 0.000000 1.000000
vn 0.000000 0.000000 -1.000000
vn 0.000000 0.000000 -1.000000
vn 0.000000 0.000000 -1.000000
vn 0.000000 0.000000 -1.000000
s off
g Libreria_1 Despacho_02 Adorno1_Libreria1 Adornos_Libreria1
usemtl Estructura_superior_Libreria1SG
f 313/581/1089 349/582/1090 350/583/1091 315/584/1092
f 317/585/1093 351/586/1094 352/625/1095 319/588/1096
f 322/589/1097 321/590/1098 333/637/1099 334/592/1100
f 324/632/1101 323/594/1102 335/595/1103 336/635/1104
f 321/634/1105 324/593/1106 336/596/1107 333/591/1108
f 326/597/1109 325/598/1110 329/641/1111 330/600/1112
f 328/636/1113 327/602/1114 331/603/1115 332/639/1116
f 325/638/1117 328/601/1118 332/604/1119 329/599/1120
f 330/600/1121 329/641/1122 353/642/1123 354/606/1124
f 332/639/1125 331/603/1126 355/607/1127 356/608/1128
f 329/599/1129 332/604/1130 356/640/1131 353/605/1132
f 334/592/1133 333/637/1134 325/598/1135 326/597/1136
f 336/635/1137 335/595/1138 327/602/1139 328/636/1140
f 333/591/1141 336/596/1142 328/601/1143 325/638/1144
f 338/609/1145 337/610/1146 341/633/1147 342/612/1148
f 340/629/1149 339/614/1150 343/615/1151 344/631/1152
f 337/630/1153 340/613/1154 344/616/1155 341/611/1156
f 342/612/1157 341/633/1158 321/590/1159 322/589/1160
f 344/631/1161 343/615/1162 323/594/1163 324/632/1164
f 341/611/1165 344/616/1166 324/593/1167 321/634/1168
f 346/617/1169 345/618/1170 337/610/1171 338/609/1172
f 348/626/1173 347/620/1174 339/614/1175 340/629/1176
f 345/628/1177 348/619/1178 340/613/1179 337/630/1180
f 350/583/1181 349/582/1182 345/618/1183 346/617/1184
f 352/625/1185 351/586/1186 347/620/1187 348/626/1188
f 349/627/1189 352/587/1190 348/619/1191 345/628/1192
f 354/606/1193 353/642/1194 314/621/1195 316/622/1196
f 356/608/1197 355/607/1198 318/623/1199 320/624/1200
g default
v 213.646835 707.243508 -3031.086551
v 353.058957 707.243508 -3031.086551
v 213.646835 736.358067 -3031.086551
v 353.058957 736.358067 -3031.086551
v 213.646835 736.358067 -3035.741588
v 353.058957 736.358067 -3035.741588
v 213.646835 707.243508 -3035.741588
v 353.058957 707.243508 -3035.741588
v 283.896163 732.286925 -3031.086551
v 283.896163 736.358067 -3031.086551
v 283.896163 736.358067 -3035.741588
v 283.896163 732.286925 -3035.741588
v 318.477656 727.167815 -3031.086551
v 318.477656 736.358067 -3031.086551
v 318.477656 736.358067 -3035.741588
v 318.477656 727.167815 -3035.741588
v 335.768403 719.306886 -3031.086551
v 335.768403 736.358067 -3031.086551
v 335.768403 736.358067 -3035.741588
v 335.768403 719.306886 -3035.741588
v 301.187116 731.007353 -3031.086551
v 301.187116 736.358067 -3031.086551
v 301.187116 736.358067 -3035.741588
v 301.187116 731.007353 -3035.741588
v 249.314668 727.167815 -3031.086551
v 249.314668 736.358067 -3031.086551
v 249.314668 736.358067 -3035.741588
v 249.314668 727.167815 -3035.741588
v 266.605621 731.007353 -3031.086551
v 266.605621 736.358067 -3031.086551
v 266.605621 736.358067 -3035.741588
v 266.605621 731.007353 -3035.741588
v 232.024536 719.306886 -3031.086551
v 232.024536 736.358067 -3031.086551
v 232.024536 736.358067 -3035.741588
v 232.024536 719.306886 -3035.741588
v 217.915790 707.243508 -3031.086551
v 217.915790 736.358067 -3031.086551
v 217.915790 736.358067 -3035.741588
v 217.915790 707.243508 -3035.741588
v 350.418347 707.243508 -3031.086551
v 350.418347 736.358067 -3031.086551
v 350.418347 736.358067 -3035.741588
v 350.418347 707.243508 -3035.741588
vt 0.613474 0.673807
vt 0.616912 0.673808
vt 0.616907 0.705270
vt 0.613468 0.705270
vt 0.608246 0.733564
vt 0.604807 0.733563
vt 0.464102 0.733566
vt 0.608247 0.702101
vt 0.688207 0.705283
vt 0.688208 0.700884
vt 0.560387 0.738550
vt 0.706892 0.705287
vt 0.541826 0.733565
vt 0.533507 0.733562
vt 0.514822 0.733562
vt 0.560386 0.733565
vt 0.725577 0.705290
vt 0.725579 0.695359
vt 0.599679 0.738549
vt 0.744262 0.705293
vt 0.579347 0.733564
vt 0.496137 0.733562
vt 0.477452 0.733561
vt 0.599679 0.733564
vt 0.619995 0.738549
vt 0.760093 0.705296
vt 0.461621 0.733561
vt 0.461621 0.702099
vt 0.650837 0.705276
vt 0.650839 0.695345
vt 0.523266 0.738551
vt 0.669522 0.705280
vt 0.504306 0.733566
vt 0.570876 0.733563
vt 0.552191 0.733563
vt 0.523266 0.733565
vt 0.632152 0.705273
vt 0.632156 0.686847
vt 0.483973 0.733566
vt 0.589561 0.733563
vt 0.762952 0.673834
vt 0.762946 0.705297
vt 0.458767 0.733561
vt 0.458768 0.702099
vt 0.604808 0.702101
vt 0.589562 0.715137
vt 0.464102 0.738552
vt 0.483973 0.738551
vt 0.570877 0.723632
vt 0.504306 0.738551
vt 0.552192 0.727780
vt 0.533507 0.729163
vt 0.669523 0.699497
vt 0.541826 0.738550
vt 0.514822 0.727780
vt 0.496137 0.723631
vt 0.706893 0.699504
vt 0.579347 0.738549
vt 0.477452 0.715136
vt 0.619995 0.733563
vt 0.744265 0.686867
vt 0.760098 0.673834
vn 0.000000 0.000000 1.000000
vn 0.000000 0.000000 1.000000
vn 0.000000 0.000000 1.000000
vn 0.000000 0.000000 1.000000
vn 0.000000 0.000000 -1.000000
vn 0.000000 0.000000 -1.000000
vn 0.000000 0.000000 -1.000000
vn 0.000000 0.000000 -1.000000
vn 0.000000 0.000000 1.000000
vn 0.000000 0.000000 1.000000
vn 0.000000 0.000000 1.000000
vn 0.000000 0.000000 1.000000
vn 0.000000 0.000000 -1.000000
vn 0.000000 0.000000 -1.000000
vn 0.000000 0.000000 -1.000000
vn 0.000000 0.000000 -1.000000
vn 0.000000 -1.000000 0.000000
vn 0.000000 -1.000000 0.000000
vn -0.146434 -0.989220 0.000000
vn -0.146434 -0.989220 0.000000
vn 0.000000 0.000000 1.000000
vn 0.000000 0.000000 1.000000
vn 0.000000 0.000000 1.000000
vn 0.000000 0.000000 1.000000
vn 0.000002 0.000000 -1.000000
vn 0.000002 0.000000 -1.000000
vn 0.000001 0.000000 -1.000000
vn 0.000001 0.000000 -1.000000
vn -0.320499 -0.947249 0.000000
vn -0.320499 -0.947249 0.000000
vn -0.529264 -0.848458 0.000000
vn -0.529264 -0.848458 0.000000
vn 0.000000 0.000000 1.000000
vn 0.000000 0.000000 1.000000
vn 0.000000 0.000000 1.000000
vn 0.000000 0.000000 1.000000
vn 0.000001 0.000000 -1.000000
vn 0.000001 0.000000 -1.000000
vn 0.000000 0.000000 -1.000000
vn 0.000000 0.000000 -1.000000
vn -0.529264 -0.848458 0.000000
vn -0.529264 -0.848458 0.000000
vn -0.635670 -0.771961 0.000000
vn -0.635670 -0.771961 0.000000
vn 0.000000 0.000000 1.000000
vn 0.000000 0.000000 1.000000
vn 0.000000 0.000000 1.000000
vn 0.000000 0.000000 1.000000
vn 0.000000 0.000000 -1.000000
vn 0.000000 0.000000 -1.000000
vn 0.000002 0.000000 -1.000000
vn 0.000002 0.000000 -1.000000
vn -0.146434 -0.989220 0.000000
vn -0.146434 -0.989220 0.000000
vn -0.320499 -0.947249 0.000000
vn -0.320499 -0.947249 0.000000
vn -0.000001 0.000000 1.000000
vn -0.000001 0.000000 1.000000
vn -0.000001 0.000000 1.000000
vn -0.000001 0.000000 1.000000
vn -0.000002 0.000000 -1.000000
vn -0.000002 0.000000 -1.000000
vn 0.000000 0.000000 -1.000000
vn 0.000000 0.000000 -1.000000
vn 0.320501 -0.947248 0.000000
vn 0.320501 -0.947248 0.000000
vn 0.146434 -0.989220 0.000000
vn 0.146434 -0.989220 0.000000
vn -0.000001 0.000000 1.000000
vn -0.000001 0.000000 1.000000
vn 0.000000 0.000000 1.000000
vn 0.000000 0.000000 1.000000
vn 0.000000 0.000000 -1.000000
vn 0.000000 0.000000 -1.000000
vn 0.000000 0.000000 -1.000000
vn 0.000000 0.000000 -1.000000
vn 0.146434 -0.989220 0.000000
vn 0.146434 -0.989220 0.000000
vn 0.000000 -1.000000 0.000000
vn 0.000000 -1.000000 0.000000
vn 0.000000 0.000000 1.000000
vn 0.000000 0.000000 1.000000
vn -0.000001 0.000000 1.000000
vn -0.000001 0.000000 1.000000
vn -0.000001 0.000000 -1.000000
vn -0.000001 0.000000 -1.000000
vn -0.000002 0.000000 -1.000000
vn -0.000002 0.000000 -1.000000
vn 0.535791 -0.844351 0.000000
vn 0.535791 -0.844351 0.000000
vn 0.320501 -0.947248 0.000000
vn 0.320501 -0.947248 0.000000
vn 0.000000 0.000000 1.000000
vn 0.000000 0.000000 1.000000
vn 0.000000 0.000000 1.000000
vn 0.000000 0.000000 1.000000
vn 0.000000 0.000000 -1.000000
vn 0.000000 0.000000 -1.000000
vn -0.000001 0.000000 -1.000000
vn -0.000001 0.000000 -1.000000
vn 0.649867 -0.760048 0.000000
vn 0.649867 -0.760048 0.000000
vn 0.535791 -0.844351 0.000000
vn 0.535791 -0.844351 0.000000
vn 0.000000 0.000000 1.000000
vn 0.000000 0.000000 1.000000
vn 0.000000 0.000000 1.000000
vn 0.000000 0.000000 1.000000
vn 0.000000 0.000000 -1.000000
vn 0.000000 0.000000 -1.000000
vn 0.000000 0.000000 -1.000000
vn 0.000000 0.000000 -1.000000
s off
g Libreria_1 Despacho_02 Adornos_Libreria1 Adorno2_Libreria1
usemtl Estructura_superior_Libreria1SG
f 357/643/1201 393/644/1202 394/645/1203 359/646/1204
f 361/647/1205 395/648/1206 396/687/1207 363/650/1208
f 366/651/1209 365/652/1210 377/699/1211 378/654/1212
f 368/694/1213 367/656/1214 379/657/1215 380/697/1216
f 365/696/1217 368/655/1218 380/658/1219 377/653/1220
f 370/659/1221 369/660/1222 373/703/1223 374/662/1224
f 372/698/1225 371/664/1226 375/665/1227 376/701/1228
f 369/700/1229 372/663/1230 376/666/1231 373/661/1232
f 374/662/1233 373/703/1234 397/704/1235 398/668/1236
f 376/701/1237 375/665/1238 399/669/1239 400/670/1240
f 373/661/1241 376/666/1242 400/702/1243 397/667/1244
f 378/654/1245 377/699/1246 369/660/1247 370/659/1248
f 380/697/1249 379/657/1250 371/664/1251 372/698/1252
f 377/653/1253 380/658/1254 372/663/1255 369/700/1256
f 382/671/1257 381/672/1258 385/695/1259 386/674/1260
f 384/691/1261 383/676/1262 387/677/1263 388/693/1264
f 381/692/1265 384/675/1266 388/678/1267 385/673/1268
f 386/674/1269 385/695/1270 365/652/1271 366/651/1272
f 388/693/1273 387/677/1274 367/656/1275 368/694/1276
f 385/673/1277 388/678/1278 368/655/1279 365/696/1280
f 390/679/1281 389/680/1282 381/672/1283 382/671/1284
f 392/688/1285 391/682/1286 383/676/1287 384/691/1288
f 389/690/1289 392/681/1290 384/675/1291 381/692/1292
f 394/645/1293 393/644/1294 389/680/1295 390/679/1296
f 396/687/1297 395/648/1298 391/682/1299 392/688/1300
f 393/689/1301 396/649/1302 392/681/1303 389/690/1304
f 398/668/1305 397/704/1306 358/683/1307 360/684/1308
f 400/670/1309 399/669/1310 362/685/1311 364/686/1312
g default
v 359.897357 707.243508 -3031.086551
v 499.309473 707.243508 -3031.086551
v 359.897357 736.358067 -3031.086551
v 499.309473 736.358067 -3031.086551
v 359.897357 736.358067 -3035.741588
v 499.309473 736.358067 -3035.741588
v 359.897357 707.243508 -3035.741588
v 499.309473 707.243508 -3035.741588
v 430.146711 732.286925 -3031.086551
v 430.146711 736.358067 -3031.086551
v 430.146711 736.358067 -3035.741588
v 430.146711 732.286925 -3035.741588
v 464.728206 727.167815 -3031.086551
v 464.728206 736.358067 -3031.086551
v 464.728206 736.358067 -3035.741588
v 464.728206 727.167815 -3035.741588
v 482.018931 719.306886 -3031.086551
v 482.018931 736.358067 -3031.086551
v 482.018931 736.358067 -3035.741588
v 482.018931 719.306886 -3035.741588
v 447.437641 731.007353 -3031.086551
v 447.437641 736.358067 -3031.086551
v 447.437641 736.358067 -3035.741588
v 447.437641 731.007353 -3035.741588
v 395.565190 727.167815 -3031.086551
v 395.565190 736.358067 -3031.086551
v 395.565190 736.358067 -3035.741588
v 395.565190 727.167815 -3035.741588
v 412.856145 731.007353 -3031.086551
v 412.856145 736.358067 -3031.086551
v 412.856145 736.358067 -3035.741588
v 412.856145 731.007353 -3035.741588
v 378.275046 719.306886 -3031.086551
v 378.275046 736.358067 -3031.086551
v 378.275046 736.358067 -3035.741588
v 378.275046 719.306886 -3035.741588
v 364.166312 707.243508 -3031.086551
v 364.166312 736.358067 -3031.086551
v 364.166312 736.358067 -3035.741588
v 364.166312 707.243508 -3035.741588
v 496.668874 707.243508 -3031.086551
v 496.668874 736.358067 -3031.086551
v 496.668874 736.358067 -3035.741588
v 496.668874 707.243508 -3035.741588
vt 0.448104 0.670634
vt 0.451543 0.670634
vt 0.451537 0.702097
vt 0.448098 0.702096
vt 0.250834 0.790300
vt 0.247395 0.790300
vt 0.634806 0.736740
vt 0.250834 0.758838
vt 0.522837 0.702110
vt 0.522838 0.697710
vt 0.731091 0.741723
vt 0.541522 0.702113
vt 0.712531 0.736738
vt 0.176095 0.790299
vt 0.157410 0.790299
vt 0.731091 0.736738
vt 0.560207 0.702116
vt 0.560209 0.692185
vt 0.770384 0.741723
vt 0.578892 0.702120
vt 0.750051 0.736738
vt 0.138725 0.790298
vt 0.120040 0.790298
vt 0.770384 0.736737
vt 0.790700 0.741722
vt 0.594723 0.702122
vt 0.104209 0.790298
vt 0.104209 0.758836
vt 0.485468 0.702103
vt 0.485470 0.692172
vt 0.693971 0.741724
vt 0.504153 0.702106
vt 0.675010 0.736739
vt 0.213464 0.790300
vt 0.194779 0.790299
vt 0.693971 0.736739
vt 0.466783 0.702099
vt 0.466786 0.683674
vt 0.654677 0.736740
vt 0.232149 0.790300
vt 0.597582 0.670661
vt 0.597577 0.702123
vt 0.101356 0.790298
vt 0.101356 0.758836
vt 0.247395 0.758838
vt 0.232149 0.771874
vt 0.634806 0.741725
vt 0.654678 0.741725
vt 0.213464 0.780369
vt 0.675010 0.741724
vt 0.194780 0.784517
vt 0.176095 0.785899
vt 0.504154 0.696324
vt 0.712531 0.741724
vt 0.157410 0.784516
vt 0.138725 0.780367
vt 0.541523 0.696331
vt 0.750051 0.741723
vt 0.120041 0.771872
vt 0.790700 0.736737
vt 0.578895 0.683694
vt 0.594729 0.670660
vn 0.000000 0.000000 1.000000
vn 0.000000 0.000000 1.000000
vn 0.000000 0.000000 1.000000
vn 0.000000 0.000000 1.000000
vn 0.000000 0.000000 -1.000000
vn 0.000000 0.000000 -1.000000
vn 0.000000 0.000000 -1.000000
vn 0.000000 0.000000 -1.000000
vn 0.000000 0.000000 1.000000
vn 0.000000 0.000000 1.000000
vn 0.000000 0.000000 1.000000
vn 0.000000 0.000000 1.000000
vn 0.000000 0.000000 -1.000000
vn 0.000000 0.000000 -1.000000
vn 0.000000 0.000000 -1.000000
vn 0.000000 0.000000 -1.000000
vn 0.000000 -1.000000 0.000000
vn 0.000000 -1.000000 0.000000
vn -0.146434 -0.989220 0.000000
vn -0.146434 -0.989220 0.000000
vn 0.000000 0.000000 1.000000
vn 0.000000 0.000000 1.000000
vn 0.000000 0.000000 1.000000
vn 0.000000 0.000000 1.000000
vn 0.000002 0.000000 -1.000000
vn 0.000002 0.000000 -1.000000
vn 0.000001 0.000000 -1.000000
vn 0.000001 0.000000 -1.000000
vn -0.320499 -0.947249 0.000000
vn -0.320499 -0.947249 0.000000
vn -0.529264 -0.848457 0.000000
vn -0.529264 -0.848457 0.000000
vn 0.000000 0.000000 1.000000
vn 0.000000 0.000000 1.000000
vn 0.000000 0.000000 1.000000
vn 0.000000 0.000000 1.000000
vn 0.000001 0.000000 -1.000000
vn 0.000001 0.000000 -1.000000
vn 0.000000 0.000000 -1.000000
vn 0.000000 0.000000 -1.000000
vn -0.529264 -0.848457 0.000000
vn -0.529264 -0.848457 0.000000
vn -0.635670 -0.771961 0.000000
vn -0.635670 -0.771961 0.000000
vn 0.000000 0.000000 1.000000
vn 0.000000 0.000000 1.000000
vn 0.000000 0.000000 1.000000
vn 0.000000 0.000000 1.000000
vn 0.000000 0.000000 -1.000000
vn 0.000000 0.000000 -1.000000
vn 0.000002 0.000000 -1.000000
vn 0.000002 0.000000 -1.000000
vn -0.146434 -0.989220 0.000000
vn -0.146434 -0.989220 0.000000
vn -0.320499 -0.947249 0.000000
vn -0.320499 -0.947249 0.000000
vn -0.000001 0.000000 1.000000
vn -0.000001 0.000000 1.000000
vn -0.000001 0.000000 1.000000
vn -0.000001 0.000000 1.000000
vn -0.000002 0.000000 -1.000000
vn -0.000002 0.000000 -1.000000
vn 0.000000 0.000000 -1.000000
vn 0.000000 0.000000 -1.000000
vn 0.320501 -0.947248 0.000000
vn 0.320501 -0.947248 0.000000
vn 0.146434 -0.989220 0.000000
vn 0.146434 -0.989220 0.000000
vn -0.000001 0.000000 1.000000
vn -0.000001 0.000000 1.000000
vn 0.000000 0.000000 1.000000
vn 0.000000 0.000000 1.000000
vn 0.000000 0.000000 -1.000000
vn 0.000000 0.000000 -1.000000
vn 0.000000 0.000000 -1.000000
vn 0.000000 0.000000 -1.000000
vn 0.146434 -0.989220 0.000000
vn 0.146434 -0.989220 0.000000
vn 0.000000 -1.000000 0.000000
vn 0.000000 -1.000000 0.000000
vn 0.000000 0.000000 1.000000
vn 0.000000 0.000000 1.000000
vn -0.000001 0.000000 1.000000
vn -0.000001 0.000000 1.000000
vn -0.000001 0.000000 -1.000000
vn -0.000001 0.000000 -1.000000
vn -0.000002 0.000000 -1.000000
vn -0.000002 0.000000 -1.000000
vn 0.535791 -0.844351 0.000000
vn 0.535791 -0.844351 0.000000
vn 0.320501 -0.947248 0.000000
vn 0.320501 -0.947248 0.000000
vn 0.000000 0.000000 1.000000
vn 0.000000 0.000000 1.000000
vn 0.000000 0.000000 1.000000
vn 0.000000 0.000000 1.000000
vn 0.000000 0.000000 -1.000000
vn 0.000000 0.000000 -1.000000
vn -0.000001 0.000000 -1.000000
vn -0.000001 0.000000 -1.000000
vn 0.649867 -0.760048 0.000000
vn 0.649867 -0.760048 0.000000
vn 0.535791 -0.844351 0.000000
vn 0.535791 -0.844351 0.000000
vn 0.000000 0.000000 1.000000
vn 0.000000 0.000000 1.000000
vn 0.000000 0.000000 1.000000
vn 0.000000 0.000000 1.000000
vn 0.000000 0.000000 -1.000000
vn 0.000000 0.000000 -1.000000
vn 0.000000 0.000000 -1.000000
vn 0.000000 0.000000 -1.000000
s off
g Libreria_1 Despacho_02 Adornos_Libreria1 Adorno3_Libreria1
usemtl Estructura_superior_Libreria1SG
f 401/705/1313 437/706/1314 438/707/1315 403/708/1316
f 405/709/1317 439/710/1318 440/749/1319 407/712/1320
f 410/713/1321 409/714/1322 421/761/1323 422/716/1324
f 412/756/1325 411/718/1326 423/719/1327 424/759/1328
f 409/758/1329 412/717/1330 424/720/1331 421/715/1332
f 414/721/1333 413/722/1334 417/765/1335 418/724/1336
f 416/760/1337 415/726/1338 419/727/1339 420/763/1340
f 413/762/1341 416/725/1342 420/728/1343 417/723/1344
f 418/724/1345 417/765/1346 441/766/1347 442/730/1348
f 420/763/1349 419/727/1350 443/731/1351 444/732/1352
f 417/723/1353 420/728/1354 444/764/1355 441/729/1356
f 422/716/1357 421/761/1358 413/722/1359 414/721/1360
f 424/759/1361 423/719/1362 415/726/1363 416/760/1364
f 421/715/1365 424/720/1366 416/725/1367 413/762/1368
f 426/733/1369 425/734/1370 429/757/1371 430/736/1372
f 428/753/1373 427/738/1374 431/739/1375 432/755/1376
f 425/754/1377 428/737/1378 432/740/1379 429/735/1380
f 430/736/1381 429/757/1382 409/714/1383 410/713/1384
f 432/755/1385 431/739/1386 411/718/1387 412/756/1388
f 429/735/1389 432/740/1390 412/717/1391 409/758/1392
f 434/741/1393 433/742/1394 425/734/1395 426/733/1396
f 436/750/1397 435/744/1398 427/738/1399 428/753/1400
f 433/752/1401 436/743/1402 428/737/1403 425/754/1404
f 438/707/1405 437/706/1406 433/742/1407 434/741/1408
f 440/749/1409 439/710/1410 435/744/1411 436/750/1412
f 437/751/1413 440/711/1414 436/743/1415 433/752/1416
f 442/730/1417 441/766/1418 402/745/1419 404/746/1420
f 444/732/1421 443/731/1422 406/747/1423 408/748/1424
g default
v 504.245420 527.801261 -3027.875225
v 504.245420 568.894163 -3027.875225
v 504.245420 568.894163 -3078.054336
v 504.245420 527.801261 -3078.054336
v 60.981211 527.801261 -3027.875225
v 60.981211 568.894163 -3027.875225
v 60.981211 568.894163 -3078.054336
v 60.981211 527.801261 -3078.054336
v 134.858684 527.801261 -3027.875225
v 134.858684 568.894163 -3027.875225
v 134.858684 568.894163 -3078.054336
v 134.858684 527.801261 -3078.054336
v 208.736042 527.801261 -3027.875225
v 208.736042 568.894163 -3027.875225
v 208.736042 568.894163 -3078.054336
v 208.736042 527.801261 -3078.054336
v 282.613390 527.801261 -3027.875225
v 282.613390 568.894163 -3027.875225
v 282.613390 568.894163 -3078.054336
v 282.613390 527.801261 -3078.054336
v 356.490658 527.801261 -3027.875225
v 356.490658 568.894163 -3027.875225
v 356.490658 568.894163 -3078.054336
v 356.490658 527.801261 -3078.054336
v 430.368067 527.801261 -3027.875225
v 430.368067 568.894163 -3027.875225
v 430.368067 568.894163 -3078.054336
v 430.368067 527.801261 -3078.054336
v 63.594287 530.414362 -3027.875225
v 63.594287 566.281068 -3027.875225
v 132.245585 530.414362 -3027.875225
v 132.245585 566.281068 -3027.875225
v 137.471805 530.414362 -3027.875225
v 137.471805 566.281068 -3027.875225
v 206.122944 530.414362 -3027.875225
v 206.122944 566.281068 -3027.875225
v 211.349141 530.414362 -3027.875225
v 211.349141 566.281068 -3027.875225
v 280.000285 530.414362 -3027.875225
v 280.000285 566.281068 -3027.875225
v 285.226488 530.414362 -3027.875225
v 285.226488 566.281068 -3027.875225
v 353.877559 530.414362 -3027.875225
v 353.877559 566.281068 -3027.875225
v 359.103765 530.414362 -3027.875225
v 359.103765 566.281068 -3027.875225
v 427.754946 530.414362 -3027.875225
v 427.754946 566.281068 -3027.875225
v 432.981171 530.414362 -3027.875225
v 432.981171 566.281068 -3027.875225
v 501.632321 530.414362 -3027.875225
v 501.632321 566.281068 -3027.875225
v 63.594287 530.414362 -3075.877786
v 63.594287 566.281068 -3075.877786
v 132.245585 530.414362 -3075.877786
v 132.245585 566.281068 -3075.877786
v 137.471805 530.414362 -3075.877786
v 137.471805 566.281068 -3075.877786
v 206.122944 530.414362 -3075.877786
v 206.122944 566.281068 -3075.877786
v 211.349141 530.414362 -3075.877786
v 211.349141 566.281068 -3075.877786
v 280.000285 530.414362 -3075.877786
v 280.000285 566.281068 -3075.877786
v 285.226488 530.414362 -3075.877786
v 285.226488 566.281068 -3075.877786
v 353.877559 530.414362 -3075.877786
v 353.877559 566.281068 -3075.877786
v 359.103765 530.414362 -3075.877786
v 359.103765 566.281068 -3075.877786
v 427.754946 530.414362 -3075.877786
v 427.754946 566.281068 -3075.877786
v 432.981171 530.414362 -3075.877786
v 432.981171 566.281068 -3075.877786
v 501.632321 530.414362 -3075.877786
v 501.632321 566.281068 -3075.877786
vt 0.757340 0.758786
vt 0.474611 0.477133
vt 0.000000 0.846843
vt 0.757348 0.802785
vt 0.960211 0.473899
vt 0.661482 0.585809
vt 0.661485 0.659316
vt 0.661478 0.473900
vt 0.474611 0.846891
vt 0.282737 0.802873
vt 0.361839 0.802858
vt 0.395509 0.846883
vt 0.000000 0.477166
vt 0.079102 0.477161
vt 0.282729 0.758874
vt 0.361831 0.758859
vt 0.752168 0.370842
vt 0.805511 0.111910
vt 0.805512 0.185416
vt 0.805510 0.000001
vt 0.440941 0.802843
vt 0.316408 0.846875
vt 0.158204 0.477155
vt 0.440933 0.758844
vt 0.752165 0.223829
vt 0.805510 0.559552
vt 0.805510 0.633058
vt 0.805510 0.447643
vt 0.520043 0.802829
vt 0.237306 0.846867
vt 0.237306 0.477150
vt 0.520034 0.758830
vt 0.960211 0.547405
vt 0.752186 0.111919
vt 0.752200 0.185425
vt 0.752165 0.000010
vt 0.599144 0.802814
vt 0.158204 0.846859
vt 0.316408 0.477144
vt 0.599136 0.758815
vt 0.752165 0.297336
vt 0.752170 0.559551
vt 0.752173 0.633057
vt 0.752165 0.447642
vt 0.678246 0.802799
vt 0.079102 0.846851
vt 0.395510 0.477139
vt 0.678238 0.758801
vt 0.912200 0.463155
vt 0.794850 0.335729
vt 0.794844 0.409235
vt 0.794860 0.223820
vt 0.712880 0.585808
vt 0.712878 0.547404
vt 0.712882 0.659314
vt 0.712876 0.473898
vt 0.856908 0.111909
vt 0.856908 0.073506
vt 0.856909 0.185415
vt 0.856907 0.000000
vt 0.856907 0.559552
vt 0.856907 0.521149
vt 0.856907 0.633058
vt 0.856907 0.447643
vt 0.803584 0.111909
vt 0.803576 0.073506
vt 0.803598 0.185415
vt 0.803562 0.000000
vt 0.803567 0.559549
vt 0.803565 0.521146
vt 0.803570 0.633055
vt 0.803562 0.447639
vt 0.846248 0.335734
vt 0.846251 0.297330
vt 0.846241 0.409240
vt 0.846257 0.223824
vt 0.794854 0.297326
vt 0.794841 0.447639
vt 0.912203 0.536661
vt 0.950607 0.536660
vt 0.754550 0.799987
vt 0.846238 0.447643
vt 0.950603 0.463153
vt 0.752168 0.521148
vt 0.752174 0.671460
vt 0.752172 0.370842
vt 0.790575 0.370838
vt 0.675448 0.800002
vt 0.803572 0.671458
vt 0.790568 0.297332
vt 0.752179 0.073516
vt 0.752208 0.223828
vt 0.960213 0.620911
vt 0.998616 0.620910
vt 0.596346 0.800017
vt 0.803605 0.223818
vt 0.998614 0.547404
vt 0.805510 0.521149
vt 0.805510 0.671461
vt 0.752176 0.297335
vt 0.790579 0.297329
vt 0.517244 0.800031
vt 0.856907 0.671462
vt 0.790568 0.223823
vt 0.805511 0.073507
vt 0.805512 0.223819
vt 0.752165 0.444348
vt 0.790568 0.444350
vt 0.438142 0.800046
vt 0.856909 0.223819
vt 0.790572 0.370844
vt 0.661481 0.547406
vt 0.661487 0.697719
vt 0.960214 0.547405
vt 0.998617 0.547403
vt 0.359040 0.800061
vt 0.712884 0.697717
vt 0.998614 0.473897
vt 0.681044 0.800001
vt 0.754543 0.761584
vt 0.681037 0.761598
vt 0.601942 0.800016
vt 0.675441 0.761599
vt 0.601935 0.761612
vt 0.522840 0.800030
vt 0.596339 0.761613
vt 0.522833 0.761627
vt 0.517237 0.761628
vt 0.364636 0.800059
vt 0.438135 0.761643
vt 0.364629 0.761656
vt 0.285534 0.800074
vt 0.359033 0.761657
vt 0.285527 0.761671
vt 0.079106 0.802852
vt 0.858855 0.155010
vt 0.000004 0.802844
vt 0.395510 0.584639
vt 0.902854 0.155006
vt 0.474612 0.584642
vt 0.395512 0.530911
vt 0.474614 0.530914
vt 0.902858 0.208734
vt 0.395513 0.530867
vt 0.858859 0.208737
vt 0.474615 0.530861
vt 0.158208 0.802860
vt 0.316408 0.584635
vt 0.316410 0.530908
vt 0.316411 0.530872
vt 0.237310 0.802868
vt 0.237306 0.584632
vt 0.237308 0.530904
vt 0.237310 0.530878
vt 0.316412 0.802876
vt 0.158204 0.584629
vt 0.158206 0.530901
vt 0.158208 0.530883
vt 0.395514 0.802884
vt 0.079102 0.584625
vt 0.079104 0.530898
vt 0.079106 0.530889
vt 0.474616 0.802892
vt 0.858859 0.620247
vt 0.000004 0.530894
vt 0.858855 0.566519
vt 0.000000 0.584622
vt 0.902858 0.620244
vt 0.902854 0.566516
vt 0.000002 0.530894
vt 0.443731 0.761642
vt 0.443738 0.800045
vn 1.000000 0.000000 0.000000
vn 1.000000 0.000000 0.000000
vn 1.000000 0.000000 0.000000
vn 1.000000 0.000000 0.000000
vn 0.000000 0.000000 1.000000
vn 0.000000 0.000000 1.000000
vn 0.000000 0.000000 1.000000
vn 0.000000 0.000000 1.000000
vn 0.000000 1.000000 0.000000
vn 0.000000 1.000000 0.000000
vn 0.000000 1.000000 0.000000
vn 0.000000 1.000000 0.000000
vn 0.000000 0.000000 -1.000000
vn 0.000000 0.000000 -1.000000
vn 0.000000 0.000000 -1.000000
vn 0.000000 0.000000 -1.000000
vn 0.000000 -1.000000 0.000000
vn 0.000000 -1.000000 0.000000
vn 0.000000 -1.000000 0.000000
vn 0.000000 -1.000000 0.000000
vn 0.000000 0.000000 1.000000
vn 0.000000 0.000000 1.000000
vn 0.000000 0.000000 1.000000
vn 0.000000 0.000000 1.000000
vn 0.000000 1.000000 0.000000
vn 0.000000 1.000000 0.000000
vn 0.000000 1.000000 0.000000
vn 0.000000 1.000000 0.000000
vn 0.000000 0.000000 -1.000000
vn 0.000000 0.000000 -1.000000
vn 0.000000 0.000000 -1.000000
vn 0.000000 0.000000 -1.000000
vn 0.000000 -1.000000 0.000000
vn 0.000000 -1.000000 0.000000
vn 0.000000 -1.000000 0.000000
vn 0.000000 -1.000000 0.000000
vn 0.000000 0.000000 1.000000
vn 0.000000 0.000000 1.000000
vn 0.000000 0.000000 1.000000
vn 0.000000 0.000000 1.000000
vn 0.000000 1.000000 0.000000
vn 0.000000 1.000000 0.000000
vn 0.000000 1.000000 0.000000
vn 0.000000 1.000000 0.000000
vn 0.000000 0.000000 -1.000000
vn 0.000000 0.000000 -1.000000
vn 0.000000 0.000000 -1.000000
vn 0.000000 0.000000 -1.000000
vn 0.000000 -1.000000 0.000000
vn 0.000000 -1.000000 0.000000
vn 0.000000 -1.000000 0.000000
vn 0.000000 -1.000000 0.000000
vn 0.000000 0.000000 1.000000
vn 0.000000 0.000000 1.000000
vn 0.000000 0.000000 1.000000
vn 0.000000 0.000000 1.000000
vn 0.000000 1.000000 0.000000
vn 0.000000 1.000000 0.000000
vn 0.000000 1.000000 0.000000
vn 0.000000 1.000000 0.000000
vn 0.000000 0.000000 -1.000000
vn 0.000000 0.000000 -1.000000
vn 0.000000 0.000000 -1.000000
vn 0.000000 0.000000 -1.000000
vn 0.000000 -1.000000 0.000000
vn 0.000000 -1.000000 0.000000
vn 0.000000 -1.000000 0.000000
vn 0.000000 -1.000000 0.000000
vn 0.000000 0.000000 1.000000
vn 0.000000 0.000000 1.000000
vn 0.000000 0.000000 1.000000
vn 0.000000 0.000000 1.000000
vn 0.000000 1.000000 0.000000
vn 0.000000 1.000000 0.000000
vn 0.000000 1.000000 0.000000
vn 0.000000 1.000000 0.000000
vn 0.000000 0.000000 -1.000000
vn 0.000000 0.000000 -1.000000
vn 0.000000 0.000000 -1.000000
vn 0.000000 0.000000 -1.000000
vn 0.000000 -1.000000 0.000000
vn 0.000000 -1.000000 0.000000
vn 0.000000 -1.000000 0.000000
vn 0.000000 -1.000000 0.000000
vn 0.000000 0.000000 1.000000
vn 0.000000 0.000000 1.000000
vn 0.000000 0.000000 1.000000
vn 0.000000 0.000000 1.000000
vn 0.000000 1.000000 0.000000
vn 0.000000 1.000000 0.000000
vn 0.000000 1.000000 0.000000
vn 0.000000 1.000000 0.000000
vn 0.000000 0.000000 -1.000000
vn 0.000000 0.000000 -1.000000
vn 0.000000 0.000000 -1.000000
vn 0.000000 0.000000 -1.000000
vn 0.000000 -1.000000 0.000000
vn 0.000000 -1.000000 0.000000
vn 0.000000 -1.000000 0.000000
vn 0.000000 -1.000000 0.000000
vn -0.000003 0.000000 1.000000
vn -0.000003 0.000000 1.000000
vn -0.000003 0.000000 1.000000
vn -0.000003 0.000000 1.000000
vn -0.000003 0.000000 1.000000
vn -0.000003 0.000000 1.000000
vn -0.000002 0.000000 1.000000
vn -0.000003 0.000000 1.000000
vn -0.000003 0.000000 1.000000
vn -0.000003 0.000000 1.000000
vn -0.000002 0.000000 1.000000
vn -0.000002 0.000000 1.000000
vn -0.000003 0.000000 1.000000
vn -0.000003 0.000000 1.000000
vn -0.000003 0.000000 1.000000
vn -0.000002 0.000000 1.000000
vn -0.000003 0.000000 1.000000
vn -0.000003 0.000000 1.000000
vn -0.000003 0.000000 1.000000
vn -0.000003 0.000000 1.000000
vn -0.000003 0.000000 1.000000
vn -0.000003 0.000000 1.000000
vn -0.000002 0.000000 1.000000
vn -0.000003 0.000000 1.000000
vn -0.000003 0.000000 1.000000
vn -0.000003 0.000000 1.000000
vn -0.000002 0.000000 1.000000
vn -0.000002 0.000000 1.000000
vn -0.000003 0.000000 1.000000
vn -0.000003 0.000000 1.000000
vn -0.000003 0.000000 1.000000
vn -0.000002 0.000000 1.000000
vn -0.000003 0.000000 1.000000
vn -0.000003 0.000000 1.000000
vn -0.000003 0.000000 1.000000
vn -0.000003 0.000000 1.000000
vn -0.000003 0.000000 1.000000
vn -0.000003 0.000000 1.000000
vn -0.000002 0.000000 1.000000
vn -0.000003 0.000000 1.000000
vn -0.000003 0.000000 1.000000
vn -0.000003 0.000000 1.000000
vn -0.000002 0.000000 1.000000
vn -0.000002 0.000000 1.000000
vn -0.000003 0.000000 1.000000
vn -0.000003 0.000000 1.000000
vn -0.000003 0.000000 1.000000
vn -0.000002 0.000000 1.000000
vn -0.000003 0.000000 1.000000
vn -0.000003 0.000000 1.000000
vn -0.000003 0.000000 1.000000
vn -0.000003 0.000000 1.000000
vn -0.000003 0.000000 1.000000
vn -0.000003 0.000000 1.000000
vn -0.000002 0.000000 1.000000
vn -0.000003 0.000000 1.000000
vn -0.000003 0.000000 1.000000
vn -0.000003 0.000000 1.000000
vn -0.000002 0.000000 1.000000
vn -0.000002 0.000000 1.000000
vn -0.000003 0.000000 1.000000
vn -0.000003 0.000000 1.000000
vn -0.000003 0.000000 1.000000
vn -0.000002 0.000000 1.000000
vn -0.000003 0.000000 1.000000
vn -0.000003 0.000000 1.000000
vn -0.000003 0.000000 1.000000
vn -0.000003 0.000000 1.000000
vn -0.000003 0.000000 1.000000
vn -0.000003 0.000000 1.000000
vn -0.000002 0.000000 1.000000
vn -0.000003 0.000000 1.000000
vn -0.000003 0.000000 1.000000
vn -0.000003 0.000000 1.000000
vn -0.000002 0.000000 1.000000
vn -0.000002 0.000000 1.000000
vn -0.000003 0.000000 1.000000
vn -0.000003 0.000000 1.000000
vn -0.000003 0.000000 1.000000
vn -0.000002 0.000000 1.000000
vn -0.000003 0.000000 1.000000
vn -0.000003 0.000000 1.000000
vn -0.000003 0.000000 1.000000
vn -0.000003 0.000000 1.000000
vn -0.000003 0.000000 1.000000
vn -0.000002 0.000000 1.000000
vn -0.000002 0.000000 1.000000
vn -0.000003 0.000000 1.000000
vn -0.000002 0.000000 1.000000
vn -0.000002 0.000000 1.000000
vn -0.000002 0.000000 1.000000
vn -0.000002 0.000000 1.000000
vn -0.000002 0.000000 1.000000
vn -0.000003 0.000000 1.000000
vn -0.000003 0.000000 1.000000
vn -0.000002 0.000000 1.000000
vn 1.000000 0.000000 0.000000
vn 1.000000 0.000000 0.000000
vn 1.000000 0.000000 0.000000
vn 1.000000 0.000000 0.000000
vn 0.000000 1.000000 0.000000
vn 0.000000 1.000000 0.000000
vn 0.000000 1.000000 0.000000
vn 0.000000 1.000000 0.000000
vn -1.000000 0.000000 0.000000
vn -1.000000 0.000000 0.000000
vn -1.000000 0.000000 0.000000
vn -1.000000 0.000000 0.000000
vn 0.000000 -1.000000 0.000000
vn 0.000000 -1.000000 0.000000
vn 0.000000 -1.000000 0.000000
vn 0.000000 -1.000000 0.000000
vn 1.000000 0.000000 0.000000
vn 1.000000 0.000000 0.000000
vn 1.000000 0.000000 0.000000
vn 1.000000 0.000000 0.000000
vn 0.000000 1.000000 0.000000
vn 0.000000 1.000000 0.000000
vn 0.000000 1.000000 0.000000
vn 0.000000 1.000000 0.000000
vn -1.000000 0.000000 0.000000
vn -1.000000 0.000000 0.000000
vn -1.000000 0.000000 0.000000
vn -1.000000 0.000000 0.000000
vn 0.000000 -1.000000 0.000000
vn 0.000000 -1.000000 0.000000
vn 0.000000 -1.000000 0.000000
vn 0.000000 -1.000000 0.000000
vn 1.000000 0.000000 0.000000
vn 1.000000 0.000000 0.000000
vn 1.000000 0.000000 0.000000
vn 1.000000 0.000000 0.000000
vn 0.000000 1.000000 0.000000
vn 0.000000 1.000000 0.000000
vn 0.000000 1.000000 0.000000
vn 0.000000 1.000000 0.000000
vn -1.000000 0.000000 0.000000
vn -1.000000 0.000000 0.000000
vn -1.000000 0.000000 0.000000
vn -1.000000 0.000000 0.000000
vn 0.000000 -1.000000 0.000000
vn 0.000000 -1.000000 0.000000
vn 0.000000 -1.000000 0.000000
vn 0.000000 -1.000000 0.000000
vn 1.000000 0.000000 0.000000
vn 1.000000 0.000000 0.000000
vn 1.000000 0.000000 0.000000
vn 1.000000 0.000000 0.000000
vn 0.000000 1.000000 0.000000
vn 0.000000 1.000000 0.000000
vn 0.000000 1.000000 0.000000
vn 0.000000 1.000000 0.000000
vn -1.000000 0.000000 0.000000
vn -1.000000 0.000000 0.000000
vn -1.000000 0.000000 0.000000
vn -1.000000 0.000000 0.000000
vn 0.000000 -1.000000 0.000000
vn 0.000000 -1.000000 0.000000
vn 0.000000 -1.000000 0.000000
vn 0.000000 -1.000000 0.000000
vn 1.000000 0.000000 0.000000
vn 1.000000 0.000000 0.000000
vn 1.000000 0.000000 0.000000
vn 1.000000 0.000000 0.000000
vn 0.000000 1.000000 0.000000
vn 0.000000 1.000000 0.000000
vn 0.000000 1.000000 0.000000
vn 0.000000 1.000000 0.000000
vn -1.000000 0.000000 0.000000
vn -1.000000 0.000000 0.000000
vn -1.000000 0.000000 0.000000
vn -1.000000 0.000000 0.000000
vn 0.000000 -1.000000 0.000000
vn 0.000000 -1.000000 0.000000
vn 0.000000 -1.000000 0.000000
vn 0.000000 -1.000000 0.000000
vn 1.000000 0.000000 0.000000
vn 1.000000 0.000000 0.000000
vn 1.000000 0.000000 0.000000
vn 1.000000 0.000000 0.000000
vn 0.000000 1.000000 0.000000
vn 0.000000 1.000000 0.000000
vn 0.000000 1.000000 0.000000
vn 0.000000 1.000000 0.000000
vn -1.000000 0.000000 0.000000
vn -1.000000 0.000000 0.000000
vn -1.000000 0.000000 0.000000
vn -1.000000 0.000000 0.000000
vn 0.000000 -1.000000 0.000000
vn 0.000000 -1.000000 0.000000
vn 0.000000 -1.000000 0.000000
vn 0.000000 -1.000000 0.000000
vn -1.000000 0.000000 0.000000
vn -1.000000 0.000000 0.000000
vn -1.000000 0.000000 0.000000
vn -1.000000 0.000000 0.000000
s off
g Libreria_1 Despacho_02 Caja_cajones_Libreria1 Cajones_Libreria1
usemtl Estructura_superior_Libreria1SG
f 445/911/1425 448/902/1426 447/905/1427 446/909/1428
f 498/771/1429 497/884/1430 499/881/1431 500/880/1432
f 451/933/1433 450/936/1434 454/927/1435 455/926/1436
f 452/929/1437 451/775/1438 455/778/1439 456/925/1440
f 449/931/1441 452/779/1442 456/780/1443 453/928/1444
f 502/783/1445 501/877/1446 503/874/1447 504/873/1448
f 455/926/1449 454/927/1450 458/923/1451 459/922/1452
f 456/925/1453 455/778/1454 459/788/1455 460/921/1456
f 453/928/1457 456/780/1458 460/789/1459 457/924/1460
f 506/791/1461 505/870/1462 507/867/1463 508/866/1464
f 459/922/1465 458/923/1466 462/919/1467 463/918/1468
f 460/921/1469 459/788/1470 463/796/1471 464/917/1472
f 457/924/1473 460/789/1474 464/797/1475 461/920/1476
f 510/799/1477 509/863/1478 511/860/1479 512/859/1480
f 463/918/1481 462/919/1482 466/915/1483 467/914/1484
f 464/917/1485 463/796/1486 467/804/1487 468/913/1488
f 461/920/1489 464/797/1490 468/805/1491 465/916/1492
f 514/807/1493 513/856/1494 515/853/1495 516/852/1496
f 467/914/1497 466/915/1498 470/907/1499 471/904/1500
f 468/913/1501 467/804/1502 471/812/1503 472/901/1504
f 465/916/1505 468/805/1506 472/813/1507 469/910/1508
f 518/815/1509 517/849/1510 519/846/1511 520/845/1512
f 471/904/1513 470/907/1514 446/908/1515 447/906/1516
f 472/901/1517 471/812/1518 447/769/1519 448/903/1520
f 469/910/1521 472/813/1522 448/768/1523 445/912/1524
f 450/776/1525 449/781/1526 473/900/1527 474/898/1528
f 449/781/1529 453/782/1530 475/899/1531 473/900/1532
f 453/782/1533 454/777/1534 476/882/1535 475/899/1536
f 454/777/1537 450/776/1538 474/898/1539 476/882/1540
f 454/777/1541 453/782/1542 477/897/1543 478/895/1544
f 453/782/1545 457/790/1546 479/896/1547 477/897/1548
f 457/790/1549 458/787/1550 480/875/1551 479/896/1552
f 458/787/1553 454/777/1554 478/895/1555 480/875/1556
f 458/787/1557 457/790/1558 481/937/1559 482/938/1560
f 457/790/1561 461/798/1562 483/894/1563 481/937/1564
f 461/798/1565 462/795/1566 484/868/1567 483/894/1568
f 462/795/1569 458/787/1570 482/938/1571 484/868/1572
f 462/795/1573 461/798/1574 485/893/1575 486/891/1576
f 461/798/1577 465/806/1578 487/892/1579 485/893/1580
f 465/806/1581 466/803/1582 488/861/1583 487/892/1584
f 466/803/1585 462/795/1586 486/891/1587 488/861/1588
f 466/803/1589 465/806/1590 489/890/1591 490/888/1592
f 465/806/1593 469/814/1594 491/889/1595 489/890/1596
f 469/814/1597 470/811/1598 492/854/1599 491/889/1600
f 470/811/1601 466/803/1602 490/888/1603 492/854/1604
f 470/811/1605 469/814/1606 493/887/1607 494/885/1608
f 469/814/1609 445/767/1610 495/886/1611 493/887/1612
f 445/767/1613 446/770/1614 496/847/1615 495/886/1616
f 446/770/1617 470/811/1618 494/885/1619 496/847/1620
f 474/820/1621 473/819/1622 497/772/1623 498/878/1624
f 473/819/1625 475/821/1626 499/773/1627 497/772/1628
f 475/821/1629 476/883/1630 500/879/1631 499/773/1632
f 476/822/1633 474/820/1634 498/878/1635 500/774/1636
f 478/824/1637 477/823/1638 501/784/1639 502/871/1640
f 477/823/1641 479/825/1642 503/785/1643 501/784/1644
f 479/825/1645 480/876/1646 504/872/1647 503/785/1648
f 480/826/1649 478/824/1650 502/871/1651 504/786/1652
f 482/828/1653 481/827/1654 505/792/1655 506/864/1656
f 481/827/1657 483/829/1658 507/793/1659 505/792/1660
f 483/829/1661 484/869/1662 508/865/1663 507/793/1664
f 484/830/1665 482/828/1666 506/864/1667 508/794/1668
f 486/832/1669 485/831/1670 509/800/1671 510/857/1672
f 485/831/1673 487/833/1674 511/801/1675 509/800/1676
f 487/833/1677 488/862/1678 512/858/1679 511/801/1680
f 488/834/1681 486/832/1682 510/857/1683 512/802/1684
f 490/836/1685 489/835/1686 513/808/1687 514/850/1688
f 489/835/1689 491/837/1690 515/809/1691 513/808/1692
f 491/837/1693 492/855/1694 516/851/1695 515/809/1696
f 492/838/1697 490/836/1698 514/850/1699 516/810/1700
f 494/840/1701 493/839/1702 517/816/1703 518/843/1704
f 493/839/1705 495/841/1706 519/817/1707 517/816/1708
f 495/841/1709 496/848/1710 520/844/1711 519/817/1712
f 496/842/1713 494/840/1714 518/843/1715 520/818/1716
f 450/935/1717 451/934/1718 452/930/1719 449/932/1720
g default
v 62.379946 527.801261 -3026.136319
v 97.892823 527.801261 -3026.136319
v 62.379946 568.894164 -3026.136319
v 97.892823 568.894164 -3026.136319
v 62.379946 568.894164 -3027.849798
v 97.892823 568.894164 -3027.849706
v 62.379946 527.801261 -3027.849798
v 97.892823 527.801261 -3027.849706
v 66.560886 531.982217 -3026.136319
v 93.711792 531.982217 -3026.136319
v 93.711792 564.713206 -3026.136319
v 66.560886 564.713206 -3026.136319
v 66.560886 531.982217 -3027.088525
v 93.711792 531.982217 -3027.088525
v 93.711792 564.713206 -3027.088525
v 66.560886 564.713206 -3027.088525
vt 0.165373 0.261606
vt 0.309401 0.851352
vt 0.076223 0.353870
vt 0.743493 0.641333
vt 0.737997 0.645810
vt 0.080700 0.359366
vt 0.316732 0.890874
vt 0.080707 0.802832
vt 0.316732 0.846875
vt 0.165370 0.346505
vt 0.314897 0.846875
vt 0.165370 0.348340
vt 0.310421 0.851352
vt 0.169846 0.352817
vt 0.076223 0.354889
vt 0.742474 0.641333
vt 0.169845 0.353836
vt 0.743492 0.606287
vt 0.047152 0.353871
vt 0.165370 0.296652
vt 0.309401 0.886397
vt 0.194441 0.296655
vt 0.047153 0.354890
vt 0.198916 0.353840
vt 0.194444 0.261609
vt 0.310421 0.886397
vt 0.198917 0.352820
vt 0.742473 0.606287
vt 0.042676 0.359367
vt 0.314897 0.890874
vt 0.203394 0.348344
vt 0.737996 0.601811
vt 0.042676 0.758838
vt 0.203394 0.346510
vt 0.080700 0.758833
vt 0.736161 0.601811
vt 0.080700 0.361200
vt 0.042683 0.802837
vt 0.042676 0.361202
vt 0.736163 0.645810
vn 0.000000 0.000000 1.000000
vn 0.000000 0.000000 1.000000
vn 0.000000 0.000000 1.000000
vn 0.000000 0.000000 1.000000
vn 0.000000 1.000000 0.000000
vn 0.000000 1.000000 0.000000
vn 0.000000 1.000000 0.000000
vn 0.000000 1.000000 0.000000
vn 0.000003 0.000000 -1.000000
vn 0.000003 0.000000 -1.000000
vn 0.000003 0.000000 -1.000000
vn 0.000003 0.000000 -1.000000
vn 0.000000 -1.000000 0.000000
vn 0.000000 -1.000000 0.000000
vn 0.000000 -1.000000 0.000000
vn 0.000000 -1.000000 0.000000
vn 1.000000 0.000000 0.000000
vn 1.000000 0.000000 0.000000
vn 1.000000 0.000000 0.000000
vn 1.000000 0.000000 0.000000
vn -1.000000 0.000000 0.000000
vn -1.000000 0.000000 0.000000
vn -1.000000 0.000000 0.000000
vn -1.000000 0.000000 0.000000
vn 0.000007 0.000000 1.000000
vn -0.000010 0.000000 1.000000
vn -0.000010 0.000000 1.000000
vn 0.000007 0.000000 1.000000
vn -0.000010 0.000000 1.000000
vn -0.000010 0.000000 1.000000
vn -0.000010 0.000000 1.000000
vn -0.000010 0.000000 1.000000
vn -0.000010 0.000000 1.000000
vn 0.000007 0.000000 1.000000
vn 0.000007 0.000000 1.000000
vn -0.000010 0.000000 1.000000
vn 0.000007 0.000000 1.000000
vn 0.000007 0.000000 1.000000
vn 0.000007 0.000000 1.000000
vn 0.000007 0.000000 1.000000
vn 0.000000 1.000000 0.000000
vn 0.000000 1.000000 0.000000
vn 0.000000 1.000000 0.000000
vn 0.000000 1.000000 0.000000
vn -1.000000 0.000000 0.000000
vn -1.000000 0.000000 0.000000
vn -1.000000 0.000000 0.000000
vn -1.000000 0.000000 0.000000
vn 0.000000 -1.000000 0.000000
vn 0.000000 -1.000000 0.000000
vn 0.000000 -1.000000 0.000000
vn 0.000000 -1.000000 0.000000
vn 1.000000 0.000000 0.000000
vn 1.000000 0.000000 0.000000
vn 1.000000 0.000000 0.000000
vn 1.000000 0.000000 0.000000
s off
g Libreria_1 Despacho_02 Cajones_Libreria1 Tapa_cajon1_Libreria1 Tapas_cajones_Libreria1
usemtl Estructura_superior_Libreria1SG
f 533/939/1721 534/963/1722 535/960/1723 536/958/1724
f 523/967/1725 524/944/1726 526/975/1727 525/977/1728
f 525/946/1729 526/976/1730 528/971/1731 527/973/1732
f 527/948/1733 528/972/1734 522/969/1735 521/950/1736
f 522/949/1737 528/947/1738 526/945/1739 524/968/1740
f 527/974/1741 521/970/1742 523/943/1743 525/978/1744
f 521/950/1745 522/969/1746 530/965/1747 529/952/1748
f 522/949/1749 524/968/1750 531/964/1751 530/951/1752
f 524/944/1753 523/967/1754 532/961/1755 531/953/1756
f 523/943/1757 521/970/1758 529/966/1759 532/954/1760
f 529/952/1761 530/965/1762 534/962/1763 533/955/1764
f 530/951/1765 531/964/1766 535/959/1767 534/940/1768
f 531/953/1769 532/961/1770 536/957/1771 535/941/1772
f 532/954/1773 529/966/1774 533/956/1775 536/942/1776
g default
v 99.047992 527.801261 -3026.136319
v 134.560869 527.801261 -3026.136319
v 99.047992 568.894164 -3026.136319
v 134.560869 568.894164 -3026.136319
v 99.047992 568.894164 -3027.849798
v 134.560869 568.894164 -3027.849706
v 99.047992 527.801261 -3027.849798
v 134.560869 527.801261 -3027.849706
v 103.228932 531.982217 -3026.136319
v 130.379929 531.982217 -3026.136228
v 130.379929 564.713206 -3026.136228
v 103.228932 564.713206 -3026.136319
v 103.228932 531.982217 -3027.088525
v 130.379929 531.982217 -3027.088434
v 130.379929 564.713206 -3027.088434
v 103.228932 564.713206 -3027.088525
vt 0.325408 0.226531
vt 0.320070 0.851353
vt 0.951082 0.543991
vt 0.455430 0.624163
vt 0.449934 0.628640
vt 0.955559 0.549487
vt 0.327401 0.890875
vt 0.998241 0.840908
vt 0.327401 0.846876
vt 0.368081 0.346485
vt 0.325566 0.846876
vt 0.368081 0.348320
vt 0.321090 0.851353
vt 0.372557 0.352797
vt 0.951082 0.545011
vt 0.454411 0.624163
vt 0.372557 0.353816
vt 0.455429 0.589118
vt 0.922011 0.543992
vt 0.325405 0.261577
vt 0.320070 0.886398
vt 0.354476 0.261580
vt 0.922011 0.545012
vt 0.401628 0.353820
vt 0.354479 0.226534
vt 0.321090 0.886398
vt 0.401628 0.352800
vt 0.454410 0.589118
vt 0.917534 0.549489
vt 0.325566 0.890875
vt 0.406105 0.348324
vt 0.449933 0.584641
vt 0.960211 0.796915
vt 0.406105 0.346490
vt 0.998235 0.796909
vt 0.448098 0.584641
vt 0.955559 0.551322
vt 0.960217 0.840914
vt 0.917535 0.551323
vt 0.448100 0.628640
vn -0.000005 0.000000 1.000000
vn -0.000005 0.000000 1.000000
vn -0.000005 0.000000 1.000000
vn -0.000005 0.000000 1.000000
vn 0.000000 1.000000 0.000000
vn 0.000000 1.000000 0.000000
vn 0.000000 1.000000 0.000000
vn 0.000000 1.000000 0.000000
vn 0.000003 0.000000 -1.000000
vn 0.000003 0.000000 -1.000000
vn 0.000003 0.000000 -1.000000
vn 0.000003 0.000000 -1.000000
vn 0.000000 -1.000000 0.000000
vn 0.000000 -1.000000 0.000000
vn 0.000000 -1.000000 0.000000
vn 0.000000 -1.000000 0.000000
vn 1.000000 0.000000 0.000000
vn 1.000000 0.000000 0.000000
vn 1.000000 0.000000 0.000000
vn 1.000000 0.000000 0.000000
vn -1.000000 0.000000 0.000000
vn -1.000000 0.000000 0.000000
vn -1.000000 0.000000 0.000000
vn -1.000000 0.000000 0.000000
vn 0.000007 -0.000005 1.000000
vn 0.000006 -0.000005 1.000000
vn 0.000006 -0.000005 1.000000
vn 0.000007 -0.000005 1.000000
vn 0.000006 -0.000005 1.000000
vn 0.000006 0.000005 1.000000
vn 0.000006 0.000005 1.000000
vn 0.000006 -0.000005 1.000000
vn 0.000006 0.000005 1.000000
vn 0.000007 0.000005 1.000000
vn 0.000007 0.000005 1.000000
vn 0.000006 0.000005 1.000000
vn 0.000007 0.000005 1.000000
vn 0.000007 -0.000005 1.000000
vn 0.000007 -0.000005 1.000000
vn 0.000007 0.000005 1.000000
vn 0.000000 1.000000 0.000000
vn 0.000000 1.000000 0.000000
vn 0.000000 1.000000 0.000000
vn 0.000000 1.000000 0.000000
vn -1.000000 0.000000 0.000000
vn -1.000000 0.000000 0.000000
vn -1.000000 0.000000 0.000000
vn -1.000000 0.000000 0.000000
vn 0.000000 -1.000000 0.000000
vn 0.000000 -1.000000 0.000000
vn 0.000000 -1.000000 0.000000
vn 0.000000 -1.000000 0.000000
vn 1.000000 0.000000 0.000000
vn 1.000000 0.000000 0.000000
vn 1.000000 0.000000 0.000000
vn 1.000000 0.000000 0.000000
s off
g Libreria_1 Despacho_02 Cajones_Libreria1 Tapas_cajones_Libreria1 Tapa_cajon2_Libreria1
usemtl Estructura_superior_Libreria1SG
f 549/979/1777 550/1003/1778 551/1000/1779 552/998/1780
f 539/1007/1781 540/984/1782 542/1015/1783 541/1017/1784
f 541/986/1785 542/1016/1786 544/1011/1787 543/1013/1788
f 543/988/1789 544/1012/1790 538/1009/1791 537/990/1792
f 538/989/1793 544/987/1794 542/985/1795 540/1008/1796
f 543/1014/1797 537/1010/1798 539/983/1799 541/1018/1800
f 537/990/1801 538/1009/1802 546/1005/1803 545/992/1804
f 538/989/1805 540/1008/1806 547/1004/1807 546/991/1808
f 540/984/1809 539/1007/1810 548/1001/1811 547/993/1812
f 539/983/1813 537/1010/1814 545/1006/1815 548/994/1816
f 545/992/1817 546/1005/1818 550/1002/1819 549/995/1820
f 546/991/1821 547/1004/1822 551/999/1823 550/980/1824
f 547/993/1825 548/1001/1826 552/997/1827 551/981/1828
f 548/994/1829 545/1006/1830 549/996/1831 552/982/1832
g default
v 136.248829 527.801261 -3026.136228
v 171.761706 527.801261 -3026.136228
v 136.248829 568.894164 -3026.136228
v 171.761706 568.894164 -3026.136228
v 136.248829 568.894164 -3027.849706
v 171.761706 568.894164 -3027.849706
v 136.248829 527.801261 -3027.849706
v 171.761706 527.801261 -3027.849706
v 140.429769 531.982217 -3026.136319
v 167.580675 531.982217 -3026.136319
v 167.580675 564.713206 -3026.136319
v 140.429769 564.713206 -3026.136319
v 140.429769 531.982217 -3027.088525
v 167.580675 531.982217 -3027.088525
v 167.580675 564.713206 -3027.088525
v 140.429769 564.713206 -3027.088525
vt 0.010673 0.296683
vt 0.784172 0.746199
vt 0.561663 0.646529
vt 0.642138 0.673684
vt 0.636642 0.678161
vt 0.566140 0.652025
vt 0.791503 0.785721
vt 0.038031 0.802826
vt 0.791503 0.741722
vt 0.858855 0.216068
vt 0.789668 0.741722
vt 0.858855 0.217902
vt 0.785191 0.746199
vt 0.863331 0.222380
vt 0.561663 0.647548
vt 0.641118 0.673684
vt 0.863331 0.223399
vt 0.642137 0.638639
vt 0.532592 0.646530
vt 0.010669 0.331729
vt 0.784172 0.781245
vt 0.039740 0.331732
vt 0.532592 0.647550
vt 0.892402 0.223403
vt 0.039743 0.296686
vt 0.785191 0.781245
vt 0.892402 0.222383
vt 0.641117 0.638639
vt 0.528116 0.652026
vt 0.789668 0.785721
vt 0.896879 0.217907
vt 0.636640 0.634162
vt 0.000000 0.758833
vt 0.896880 0.216072
vt 0.038024 0.758827
vt 0.634806 0.634162
vt 0.566140 0.653860
vt 0.000007 0.802832
vt 0.528116 0.653861
vt 0.634807 0.678161
vn 0.000000 0.000000 1.000000
vn 0.000000 0.000000 1.000000
vn 0.000000 0.000000 1.000000
vn 0.000000 0.000000 1.000000
vn 0.000000 1.000000 0.000000
vn 0.000000 1.000000 0.000000
vn 0.000000 1.000000 0.000000
vn 0.000000 1.000000 0.000000
vn 0.000000 0.000000 -1.000000
vn 0.000000 0.000000 -1.000000
vn 0.000000 0.000000 -1.000000
vn 0.000000 0.000000 -1.000000
vn 0.000000 -1.000000 0.000000
vn 0.000000 -1.000000 0.000000
vn 0.000000 -1.000000 0.000000
vn 0.000000 -1.000000 0.000000
vn 1.000000 0.000000 0.000000
vn 1.000000 0.000000 0.000000
vn 1.000000 0.000000 0.000000
vn 1.000000 0.000000 0.000000
vn -1.000000 0.000000 0.000000
vn -1.000000 0.000000 0.000000
vn -1.000000 0.000000 0.000000
vn -1.000000 0.000000 0.000000
vn 0.000014 0.000010 1.000000
vn -0.000017 0.000010 1.000000
vn -0.000017 0.000010 1.000000
vn 0.000014 0.000010 1.000000
vn -0.000017 0.000010 1.000000
vn -0.000017 -0.000010 1.000000
vn -0.000017 -0.000010 1.000000
vn -0.000017 0.000010 1.000000
vn -0.000017 -0.000010 1.000000
vn 0.000014 -0.000010 1.000000
vn 0.000014 -0.000010 1.000000
vn -0.000017 -0.000010 1.000000
vn 0.000014 -0.000010 1.000000
vn 0.000014 0.000010 1.000000
vn 0.000014 0.000010 1.000000
vn 0.000014 -0.000010 1.000000
vn 0.000000 1.000000 0.000000
vn 0.000000 1.000000 0.000000
vn 0.000000 1.000000 0.000000
vn 0.000000 1.000000 0.000000
vn -1.000000 0.000000 0.000000
vn -1.000000 0.000000 0.000000
vn -1.000000 0.000000 0.000000
vn -1.000000 0.000000 0.000000
vn 0.000000 -1.000000 0.000000
vn 0.000000 -1.000000 0.000000
vn 0.000000 -1.000000 0.000000
vn 0.000000 -1.000000 0.000000
vn 1.000000 0.000000 0.000000
vn 1.000000 0.000000 0.000000
vn 1.000000 0.000000 0.000000
vn 1.000000 0.000000 0.000000
s off
g Libreria_1 Despacho_02 Cajones_Libreria1 Tapas_cajones_Libreria1 Tapa_cajon3_Libreria1
usemtl Estructura_superior_Libreria1SG
f 565/1019/1833 566/1043/1834 567/1040/1835 568/1038/1836
f 555/1047/1837 556/1024/1838 558/1055/1839 557/1057/1840
f 557/1026/1841 558/1056/1842 560/1051/1843 559/1053/1844
f 559/1028/1845 560/1052/1846 554/1049/1847 553/1030/1848
f 554/1029/1849 560/1027/1850 558/1025/1851 556/1048/1852
f 559/1054/1853 553/1050/1854 555/1023/1855 557/1058/1856
f 553/1030/1857 554/1049/1858 562/1045/1859 561/1032/1860
f 554/1029/1861 556/1048/1862 563/1044/1863 562/1031/1864
f 556/1024/1865 555/1047/1866 564/1041/1867 563/1033/1868
f 555/1023/1869 553/1050/1870 561/1046/1871 564/1034/1872
f 561/1032/1873 562/1045/1874 566/1042/1875 565/1035/1876
f 562/1031/1877 563/1044/1878 567/1039/1879 566/1020/1880
f 563/1033/1881 564/1041/1882 568/1037/1883 567/1021/1884
f 564/1034/1885 561/1046/1886 565/1036/1887 568/1022/1888
g default
v 172.916784 527.801261 -3026.136319
v 208.429649 527.801261 -3026.136319
v 172.916784 568.894164 -3026.136319
v 208.429649 568.894164 -3026.136319
v 172.916784 568.894164 -3027.849798
v 208.429649 568.894164 -3027.849798
v 172.916784 527.801261 -3027.849798
v 208.429649 527.801261 -3027.849798
v 177.097803 531.982217 -3026.136319
v 204.248721 531.982217 -3026.136319
v 204.248721 564.713206 -3026.136319
v 177.097803 564.713206 -3026.136319
v 177.097803 531.982217 -3027.088525
v 204.248721 531.982217 -3027.088525
v 204.248721 564.713206 -3027.088525
v 177.097803 564.713206 -3027.088525
vt 0.010673 0.226591
vt 0.298732 0.851351
vt 0.204252 0.353840
vt 0.652807 0.606122
vt 0.647311 0.610599
vt 0.208728 0.359336
vt 0.306063 0.890873
vt 0.902220 0.664243
vt 0.306063 0.846874
vt 0.256056 0.346501
vt 0.304228 0.846874
vt 0.256056 0.348336
vt 0.299752 0.851351
vt 0.260532 0.352813
vt 0.204252 0.354860
vt 0.651787 0.606122
vt 0.260532 0.353832
vt 0.652806 0.571076
vt 0.175180 0.353841
vt 0.010669 0.261636
vt 0.298732 0.886396
vt 0.039740 0.261639
vt 0.175180 0.354861
vt 0.289603 0.353836
vt 0.039744 0.226594
vt 0.299752 0.886396
vt 0.289603 0.352816
vt 0.651786 0.571076
vt 0.170704 0.359338
vt 0.304228 0.890873
vt 0.294080 0.348340
vt 0.647309 0.566599
vt 0.864189 0.620250
vt 0.294081 0.346506
vt 0.902214 0.620244
vt 0.645475 0.566599
vt 0.208729 0.361171
vt 0.864196 0.664249
vt 0.170704 0.361172
vt 0.645476 0.610599
vn 0.000000 0.000000 1.000000
vn 0.000000 0.000000 1.000000
vn 0.000000 0.000000 1.000000
vn 0.000000 0.000000 1.000000
vn 0.000000 1.000000 0.000000
vn 0.000000 1.000000 0.000000
vn 0.000000 1.000000 0.000000
vn 0.000000 1.000000 0.000000
vn 0.000000 0.000000 -1.000000
vn 0.000000 0.000000 -1.000000
vn 0.000000 0.000000 -1.000000
vn 0.000000 0.000000 -1.000000
vn 0.000000 -1.000000 0.000000
vn 0.000000 -1.000000 0.000000
vn 0.000000 -1.000000 0.000000
vn 0.000000 -1.000000 0.000000
vn 1.000000 0.000000 0.000000
vn 1.000000 0.000000 0.000000
vn 1.000000 0.000000 0.000000
vn 1.000000 0.000000 0.000000
vn -1.000000 0.000000 0.000000
vn -1.000000 0.000000 0.000000
vn -1.000000 0.000000 0.000000
vn -1.000000 0.000000 0.000000
vn 0.000007 0.000000 1.000000
vn -0.000010 0.000000 1.000000
vn -0.000010 0.000000 1.000000
vn 0.000007 0.000000 1.000000
vn -0.000010 0.000000 1.000000
vn -0.000010 0.000000 1.000000
vn -0.000010 0.000000 1.000000
vn -0.000010 0.000000 1.000000
vn -0.000010 0.000000 1.000000
vn 0.000007 0.000000 1.000000
vn 0.000007 0.000000 1.000000
vn -0.000010 0.000000 1.000000
vn 0.000007 0.000000 1.000000
vn 0.000007 0.000000 1.000000
vn 0.000007 0.000000 1.000000
vn 0.000007 0.000000 1.000000
vn 0.000000 1.000000 0.000000
vn 0.000000 1.000000 0.000000
vn 0.000000 1.000000 0.000000
vn 0.000000 1.000000 0.000000
vn -1.000000 0.000000 0.000000
vn -1.000000 0.000000 0.000000
vn -1.000000 0.000000 0.000000
vn -1.000000 0.000000 0.000000
vn 0.000000 -1.000000 0.000000
vn 0.000000 -1.000000 0.000000
vn 0.000000 -1.000000 0.000000
vn 0.000000 -1.000000 0.000000
vn 1.000000 0.000000 0.000000
vn 1.000000 0.000000 0.000000
vn 1.000000 0.000000 0.000000
vn 1.000000 0.000000 0.000000
s off
g Libreria_1 Despacho_02 Cajones_Libreria1 Tapas_cajones_Libreria1 Tapa_cajon4_Libreria1
usemtl Estructura_superior_Libreria1SG
f 581/1059/1889 582/1083/1890 583/1080/1891 584/1078/1892
f 571/1087/1893 572/1064/1894 574/1095/1895 573/1097/1896
f 573/1066/1897 574/1096/1898 576/1091/1899 575/1093/1900
f 575/1068/1901 576/1092/1902 570/1089/1903 569/1070/1904
f 570/1069/1905 576/1067/1906 574/1065/1907 572/1088/1908
f 575/1094/1909 569/1090/1910 571/1063/1911 573/1098/1912
f 569/1070/1913 570/1089/1914 578/1085/1915 577/1072/1916
f 570/1069/1917 572/1088/1918 579/1084/1919 578/1071/1920
f 572/1064/1921 571/1087/1922 580/1081/1923 579/1073/1924
f 571/1063/1925 569/1090/1926 577/1086/1927 580/1074/1928
f 577/1072/1929 578/1085/1930 582/1082/1931 581/1075/1932
f 578/1071/1933 579/1084/1934 583/1079/1935 582/1060/1936
f 579/1073/1937 580/1081/1938 584/1077/1939 583/1061/1940
f 580/1074/1941 577/1086/1942 581/1076/1943 584/1062/1944
g default
v 209.865249 527.801261 -3026.136319
v 245.378126 527.801261 -3026.136319
v 209.865249 568.894164 -3026.136319
v 245.378126 568.894164 -3026.136319
v 209.865249 568.894164 -3027.849798
v 245.378126 568.894164 -3027.849706
v 209.865249 527.801261 -3027.849798
v 245.378126 527.801261 -3027.849706
v 214.046189 531.982217 -3026.136319
v 241.197198 531.982217 -3026.136319
v 241.197198 564.713206 -3026.136319
v 214.046189 564.713206 -3026.136319
v 214.046189 531.982217 -3027.088525
v 241.197198 531.982217 -3027.088525
v 241.197198 564.713206 -3027.088525
v 214.046189 564.713206 -3027.088525
vt 0.170708 0.191514
vt 0.330739 0.851354
vt 0.951082 0.551322
vt 0.652807 0.650121
vt 0.647311 0.654598
vt 0.955559 0.556818
vt 0.338070 0.890876
vt 0.998241 0.884908
vt 0.338070 0.846877
vt 0.106690 0.346528
vt 0.336235 0.846877
vt 0.106690 0.348363
vt 0.331759 0.851354
vt 0.111166 0.352840
vt 0.951082 0.552342
vt 0.651787 0.650121
vt 0.111166 0.353860
vt 0.652806 0.615075
vt 0.922011 0.551323
vt 0.170704 0.226560
vt 0.330739 0.886399
vt 0.199775 0.226563
vt 0.922011 0.552343
vt 0.140237 0.353863
vt 0.199779 0.191517
vt 0.331759 0.886399
vt 0.140237 0.352843
vt 0.651786 0.615075
vt 0.917534 0.556819
vt 0.336235 0.890876
vt 0.144714 0.348367
vt 0.647309 0.610599
vt 0.960211 0.840914
vt 0.144714 0.346533
vt 0.998235 0.840909
vt 0.645475 0.610599
vt 0.955559 0.558653
vt 0.960217 0.884913
vt 0.917535 0.558654
vt 0.645476 0.654598
vn 0.000000 0.000000 1.000000
vn 0.000000 0.000000 1.000000
vn 0.000000 0.000000 1.000000
vn 0.000000 0.000000 1.000000
vn 0.000000 1.000000 0.000000
vn 0.000000 1.000000 0.000000
vn 0.000000 1.000000 0.000000
vn 0.000000 1.000000 0.000000
vn 0.000003 0.000000 -1.000000
vn 0.000003 0.000000 -1.000000
vn 0.000003 0.000000 -1.000000
vn 0.000003 0.000000 -1.000000
vn 0.000000 -1.000000 0.000000
vn 0.000000 -1.000000 0.000000
vn 0.000000 -1.000000 0.000000
vn 0.000000 -1.000000 0.000000
vn 1.000000 0.000000 0.000000
vn 1.000000 0.000000 0.000000
vn 1.000000 0.000000 0.000000
vn 1.000000 0.000000 0.000000
vn -1.000000 0.000000 0.000000
vn -1.000000 0.000000 0.000000
vn -1.000000 0.000000 0.000000
vn -1.000000 0.000000 0.000000
vn 0.000007 0.000000 1.000000
vn -0.000010 0.000000 1.000000
vn -0.000010 0.000000 1.000000
vn 0.000007 0.000000 1.000000
vn -0.000010 0.000000 1.000000
vn -0.000010 0.000000 1.000000
vn -0.000010 0.000000 1.000000
vn -0.000010 0.000000 1.000000
vn -0.000010 0.000000 1.000000
vn 0.000007 0.000000 1.000000
vn 0.000007 0.000000 1.000000
vn -0.000010 0.000000 1.000000
vn 0.000007 0.000000 1.000000
vn 0.000007 0.000000 1.000000
vn 0.000007 0.000000 1.000000
vn 0.000007 0.000000 1.000000
vn 0.000000 1.000000 0.000000
vn 0.000000 1.000000 0.000000
vn 0.000000 1.000000 0.000000
vn 0.000000 1.000000 0.000000
vn -1.000000 0.000000 0.000000
vn -1.000000 0.000000 0.000000
vn -1.000000 0.000000 0.000000
vn -1.000000 0.000000 0.000000
vn 0.000000 -1.000000 0.000000
vn 0.000000 -1.000000 0.000000
vn 0.000000 -1.000000 0.000000
vn 0.000000 -1.000000 0.000000
vn 1.000000 0.000000 0.000000
vn 1.000000 0.000000 0.000000
vn 1.000000 0.000000 0.000000
vn 1.000000 0.000000 0.000000
s off
g Libreria_1 Despacho_02 Cajones_Libreria1 Tapas_cajones_Libreria1 Tapa_cajon5_Libreria1
usemtl Estructura_superior_Libreria1SG
f 597/1099/1945 598/1123/1946 599/1120/1947 600/1118/1948
f 587/1127/1949 588/1104/1950 590/1135/1951 589/1137/1952
f 589/1106/1953 590/1136/1954 592/1131/1955 591/1133/1956
f 591/1108/1957 592/1132/1958 586/1129/1959 585/1110/1960
f 586/1109/1961 592/1107/1962 590/1105/1963 588/1128/1964
f 591/1134/1965 585/1130/1966 587/1103/1967 589/1138/1968
f 585/1110/1969 586/1129/1970 594/1125/1971 593/1112/1972
f 586/1109/1973 588/1128/1974 595/1124/1975 594/1111/1976
f 588/1104/1977 587/1127/1978 596/1121/1979 595/1113/1980
f 587/1103/1981 585/1130/1982 593/1126/1983 596/1114/1984
f 593/1112/1985 594/1125/1986 598/1122/1987 597/1115/1988
f 594/1111/1989 595/1124/1990 599/1119/1991 598/1100/1992
f 595/1113/1993 596/1121/1994 600/1117/1995 599/1101/1996
f 596/1114/1997 593/1126/1998 597/1116/1999 600/1102/2000
g default
v 246.533295 527.801261 -3026.136319
v 282.046172 527.801261 -3026.136319
v 246.533295 568.894164 -3026.136319
v 282.046172 568.894164 -3026.136319
v 246.533295 568.894164 -3027.849798
v 282.046172 568.894164 -3027.849798
v 246.533295 527.801261 -3027.849798
v 282.046172 527.801261 -3027.849798
v 250.714235 531.982217 -3026.136319
v 277.865238 531.982217 -3026.136319
v 277.865238 564.713206 -3026.136319
v 250.714235 564.713206 -3026.136319
v 250.714235 531.982217 -3027.088525
v 277.865238 531.982217 -3027.088525
v 277.865238 564.713206 -3027.088525
v 250.714235 564.713206 -3027.088525
vt 0.165373 0.226560
vt 0.272060 0.763312
vt 0.278934 0.353835
vt 0.722155 0.668423
vt 0.716659 0.672900
vt 0.283411 0.359331
vt 0.279390 0.802834
vt 0.998241 0.752908
vt 0.279390 0.758835
vt 0.325405 0.346477
vt 0.277556 0.758835
vt 0.325405 0.348312
vt 0.273079 0.763312
vt 0.329881 0.352789
vt 0.278935 0.354855
vt 0.721136 0.668423
vt 0.329881 0.353809
vt 0.722154 0.633377
vt 0.249864 0.353836
vt 0.165370 0.261606
vt 0.272060 0.798358
vt 0.194441 0.261609
vt 0.249864 0.354856
vt 0.358952 0.353812
vt 0.194444 0.226563
vt 0.273079 0.798358
vt 0.358952 0.352793
vt 0.721135 0.633377
vt 0.245387 0.359333
vt 0.277556 0.802834
vt 0.363429 0.348317
vt 0.716658 0.628901
vt 0.960211 0.708915
vt 0.363429 0.346482
vt 0.998235 0.708909
vt 0.714823 0.628901
vt 0.283411 0.361166
vt 0.960217 0.752914
vt 0.245387 0.361167
vt 0.714825 0.672900
vn 0.000000 0.000000 1.000000
vn 0.000000 0.000000 1.000000
vn 0.000000 0.000000 1.000000
vn 0.000000 0.000000 1.000000
vn 0.000000 1.000000 0.000000
vn 0.000000 1.000000 0.000000
vn 0.000000 1.000000 0.000000
vn 0.000000 1.000000 0.000000
vn 0.000000 0.000000 -1.000000
vn 0.000000 0.000000 -1.000000
vn 0.000000 0.000000 -1.000000
vn 0.000000 0.000000 -1.000000
vn 0.000000 -1.000000 0.000000
vn 0.000000 -1.000000 0.000000
vn 0.000000 -1.000000 0.000000
vn 0.000000 -1.000000 0.000000
vn 1.000000 0.000000 0.000000
vn 1.000000 0.000000 0.000000
vn 1.000000 0.000000 0.000000
vn 1.000000 0.000000 0.000000
vn -1.000000 0.000000 0.000000
vn -1.000000 0.000000 0.000000
vn -1.000000 0.000000 0.000000
vn -1.000000 0.000000 0.000000
vn 0.000007 0.000000 1.000000
vn -0.000010 0.000000 1.000000
vn -0.000010 0.000000 1.000000
vn 0.000007 0.000000 1.000000
vn -0.000010 0.000000 1.000000
vn -0.000010 0.000000 1.000000
vn -0.000010 0.000000 1.000000
vn -0.000010 0.000000 1.000000
vn -0.000010 0.000000 1.000000
vn 0.000007 0.000000 1.000000
vn 0.000007 0.000000 1.000000
vn -0.000010 0.000000 1.000000
vn 0.000007 0.000000 1.000000
vn 0.000007 0.000000 1.000000
vn 0.000007 0.000000 1.000000
vn 0.000007 0.000000 1.000000
vn 0.000000 1.000000 0.000000
vn 0.000000 1.000000 0.000000
vn 0.000000 1.000000 0.000000
vn 0.000000 1.000000 0.000000
vn -1.000000 0.000000 0.000000
vn -1.000000 0.000000 0.000000
vn -1.000000 0.000000 0.000000
vn -1.000000 0.000000 0.000000
vn 0.000000 -1.000000 0.000000
vn 0.000000 -1.000000 0.000000
vn 0.000000 -1.000000 0.000000
vn 0.000000 -1.000000 0.000000
vn 1.000000 0.000000 0.000000
vn 1.000000 0.000000 0.000000
vn 1.000000 0.000000 0.000000
vn 1.000000 0.000000 0.000000
s off
g Libreria_1 Despacho_02 Cajones_Libreria1 Tapas_cajones_Libreria1 Tapa_cajon6_Libreria1
usemtl Estructura_superior_Libreria1SG
f 613/1139/2001 614/1163/2002 615/1160/2003 616/1158/2004
f 603/1167/2005 604/1144/2006 606/1175/2007 605/1177/2008
f 605/1146/2009 606/1176/2010 608/1171/2011 607/1173/2012
f 607/1148/2013 608/1172/2014 602/1169/2015 601/1150/2016
f 602/1149/2017 608/1147/2018 606/1145/2019 604/1168/2020
f 607/1174/2021 601/1170/2022 603/1143/2023 605/1178/2024
f 601/1150/2025 602/1169/2026 610/1165/2027 609/1152/2028
f 602/1149/2029 604/1168/2030 611/1164/2031 610/1151/2032
f 604/1144/2033 603/1167/2034 612/1161/2035 611/1153/2036
f 603/1143/2037 601/1170/2038 609/1166/2039 612/1154/2040
f 609/1152/2041 610/1165/2042 614/1162/2043 613/1155/2044
f 610/1151/2045 611/1164/2046 615/1159/2047 614/1140/2048
f 611/1153/2049 612/1161/2050 616/1157/2051 615/1141/2052
f 612/1154/2053 609/1166/2054 613/1156/2055 616/1142/2056
g default
v 283.734132 527.801261 -3026.136319
v 319.247008 527.801261 -3026.136228
v 283.734132 568.894164 -3026.136319
v 319.247008 568.894164 -3026.136228
v 283.734132 568.894164 -3027.849706
v 319.247008 568.894164 -3027.849706
v 283.734132 527.801261 -3027.849706
v 319.247008 527.801261 -3027.849706
v 287.915071 531.982217 -3026.136319
v 315.065984 531.982217 -3026.136319
v 315.065984 564.713206 -3026.136319
v 287.915071 564.713206 -3026.136319
v 287.915071 531.982217 -3027.088525
v 315.065984 531.982217 -3027.088525
v 315.065984 564.713206 -3027.088525
v 287.915071 564.713206 -3027.088525
vt 0.325408 0.296624
vt 0.448098 0.706575
vt 0.951082 0.536660
vt 0.658141 0.690579
vt 0.652645 0.695056
vt 0.955559 0.542156
vt 0.455429 0.746097
vt 0.998241 0.664909
vt 0.455429 0.702098
vt 0.010669 0.346536
vt 0.453594 0.702098
vt 0.010669 0.348371
vt 0.449118 0.706575
vt 0.015145 0.352848
vt 0.951082 0.537680
vt 0.657122 0.690579
vt 0.015145 0.353867
vt 0.658140 0.655534
vt 0.922011 0.536661
vt 0.325405 0.331670
vt 0.448098 0.741620
vt 0.354476 0.331672
vt 0.922011 0.537681
vt 0.044216 0.353871
vt 0.354479 0.296627
vt 0.449118 0.741620
vt 0.044216 0.352851
vt 0.657121 0.655534
vt 0.917534 0.542157
vt 0.453594 0.746097
vt 0.048693 0.348375
vt 0.652644 0.651057
vt 0.960211 0.620916
vt 0.048694 0.346540
vt 0.998235 0.620910
vt 0.650809 0.651057
vt 0.955559 0.543991
vt 0.960217 0.664915
vt 0.917535 0.543992
vt 0.650811 0.695056
vn 0.000000 0.000000 1.000000
vn 0.000000 0.000000 1.000000
vn 0.000000 0.000000 1.000000
vn 0.000000 0.000000 1.000000
vn 0.000000 1.000000 0.000000
vn 0.000000 1.000000 0.000000
vn 0.000000 1.000000 0.000000
vn 0.000000 1.000000 0.000000
vn 0.000000 0.000000 -1.000000
vn 0.000000 0.000000 -1.000000
vn 0.000000 0.000000 -1.000000
vn 0.000000 0.000000 -1.000000
vn 0.000000 -1.000000 0.000000
vn 0.000000 -1.000000 0.000000
vn 0.000000 -1.000000 0.000000
vn 0.000000 -1.000000 0.000000
vn 1.000000 0.000000 0.000000
vn 1.000000 0.000000 0.000000
vn 1.000000 0.000000 0.000000
vn 1.000000 0.000000 0.000000
vn -1.000000 0.000000 0.000000
vn -1.000000 0.000000 0.000000
vn -1.000000 0.000000 0.000000
vn -1.000000 0.000000 0.000000
vn 0.000007 0.000005 1.000000
vn -0.000017 0.000005 1.000000
vn -0.000017 0.000005 1.000000
vn 0.000007 0.000005 1.000000
vn -0.000017 0.000005 1.000000
vn -0.000017 -0.000005 1.000000
vn -0.000017 -0.000005 1.000000
vn -0.000017 0.000005 1.000000
vn -0.000017 -0.000005 1.000000
vn 0.000007 -0.000005 1.000000
vn 0.000007 -0.000005 1.000000
vn -0.000017 -0.000005 1.000000
vn 0.000007 -0.000005 1.000000
vn 0.000007 0.000005 1.000000
vn 0.000007 0.000005 1.000000
vn 0.000007 -0.000005 1.000000
vn 0.000000 1.000000 0.000000
vn 0.000000 1.000000 0.000000
vn 0.000000 1.000000 0.000000
vn 0.000000 1.000000 0.000000
vn -1.000000 0.000000 0.000000
vn -1.000000 0.000000 0.000000
vn -1.000000 0.000000 0.000000
vn -1.000000 0.000000 0.000000
vn 0.000000 -1.000000 0.000000
vn 0.000000 -1.000000 0.000000
vn 0.000000 -1.000000 0.000000
vn 0.000000 -1.000000 0.000000
vn 1.000000 0.000000 0.000000
vn 1.000000 0.000000 0.000000
vn 1.000000 0.000000 0.000000
vn 1.000000 0.000000 0.000000
s off
g Libreria_1 Despacho_02 Cajones_Libreria1 Tapas_cajones_Libreria1 Tapa_cajon7_Libreria1
usemtl Estructura_superior_Libreria1SG
f 629/1179/2057 630/1203/2058 631/1200/2059 632/1198/2060
f 619/1207/2061 620/1184/2062 622/1215/2063 621/1217/2064
f 621/1186/2065 622/1216/2066 624/1211/2067 623/1213/2068
f 623/1188/2069 624/1212/2070 618/1209/2071 617/1190/2072
f 618/1189/2073 624/1187/2074 622/1185/2075 620/1208/2076
f 623/1214/2077 617/1210/2078 619/1183/2079 621/1218/2080
f 617/1190/2081 618/1209/2082 626/1205/2083 625/1192/2084
f 618/1189/2085 620/1208/2086 627/1204/2087 626/1191/2088
f 620/1184/2089 619/1207/2090 628/1201/2091 627/1193/2092
f 619/1183/2093 617/1210/2094 625/1206/2095 628/1194/2096
f 625/1192/2097 626/1205/2098 630/1202/2099 629/1195/2100
f 626/1191/2101 627/1204/2102 631/1199/2103 630/1180/2104
f 627/1193/2105 628/1201/2106 632/1197/2107 631/1181/2108
f 628/1194/2109 625/1206/2110 629/1196/2111 632/1182/2112
g default
v 320.402189 527.801261 -3026.136319
v 355.914963 527.801261 -3026.136319
v 320.402189 568.894164 -3026.136319
v 355.914963 568.894164 -3026.136319
v 320.402189 568.894164 -3027.849798
v 355.914963 568.894164 -3027.849798
v 320.402189 527.801261 -3027.849798
v 355.914963 527.801261 -3027.849798
v 324.583129 531.982217 -3026.136319
v 351.734030 531.982217 -3026.136319
v 351.734030 564.713206 -3026.136319
v 324.583129 564.713206 -3026.136319
v 324.583129 531.982217 -3027.088525
v 351.734030 531.982217 -3027.088525
v 351.734030 564.713206 -3027.088525
v 324.583129 564.713206 -3027.088525
vt 0.010673 0.261637
vt 0.288063 0.851350
vt 0.134903 0.353863
vt 0.466099 0.624164
vt 0.460603 0.628641
vt 0.139380 0.359359
vt 0.295394 0.890872
vt 0.283418 0.890871
vt 0.295394 0.846873
vt 0.208046 0.346512
vt 0.293559 0.846873
vt 0.208046 0.348346
vt 0.289083 0.851350
vt 0.212522 0.352823
vt 0.134903 0.354882
vt 0.465080 0.624164
vt 0.212522 0.353843
vt 0.466098 0.589118
vt 0.105832 0.353864
vt 0.010669 0.296683
vt 0.288063 0.886395
vt 0.039740 0.296685
vt 0.105832 0.354884
vt 0.241592 0.353846
vt 0.039744 0.261640
vt 0.289083 0.886395
vt 0.241593 0.352827
vt 0.465079 0.589118
vt 0.101356 0.359360
vt 0.293559 0.890872
vt 0.246070 0.348351
vt 0.460602 0.584642
vt 0.245387 0.846878
vt 0.246070 0.346516
vt 0.283411 0.846872
vt 0.458767 0.584642
vt 0.139380 0.361194
vt 0.245394 0.890877
vt 0.101356 0.361195
vt 0.458769 0.628641
vn 0.000000 0.000000 1.000000
vn 0.000000 0.000000 1.000000
vn 0.000000 0.000000 1.000000
vn 0.000000 0.000000 1.000000
vn 0.000000 1.000000 0.000000
vn 0.000000 1.000000 0.000000
vn 0.000000 1.000000 0.000000
vn 0.000000 1.000000 0.000000
vn 0.000000 0.000000 -1.000000
vn 0.000000 0.000000 -1.000000
vn 0.000000 0.000000 -1.000000
vn 0.000000 0.000000 -1.000000
vn 0.000000 -1.000000 0.000000
vn 0.000000 -1.000000 0.000000
vn 0.000000 -1.000000 0.000000
vn 0.000000 -1.000000 0.000000
vn 1.000000 0.000000 0.000000
vn 1.000000 0.000000 0.000000
vn 1.000000 0.000000 0.000000
vn 1.000000 0.000000 0.000000
vn -1.000000 0.000000 0.000000
vn -1.000000 0.000000 0.000000
vn -1.000000 0.000000 0.000000
vn -1.000000 0.000000 0.000000
vn 0.000007 0.000000 1.000000
vn -0.000010 0.000000 1.000000
vn -0.000010 0.000000 1.000000
vn 0.000007 0.000000 1.000000
vn -0.000010 0.000000 1.000000
vn -0.000010 0.000000 1.000000
vn -0.000010 0.000000 1.000000
vn -0.000010 0.000000 1.000000
vn -0.000010 0.000000 1.000000
vn 0.000007 0.000000 1.000000
vn 0.000007 0.000000 1.000000
vn -0.000010 0.000000 1.000000
vn 0.000007 0.000000 1.000000
vn 0.000007 0.000000 1.000000
vn 0.000007 0.000000 1.000000
vn 0.000007 0.000000 1.000000
vn 0.000000 1.000000 0.000000
vn 0.000000 1.000000 0.000000
vn 0.000000 1.000000 0.000000
vn 0.000000 1.000000 0.000000
vn -1.000000 0.000000 0.000000
vn -1.000000 0.000000 0.000000
vn -1.000000 0.000000 0.000000
vn -1.000000 0.000000 0.000000
vn 0.000000 -1.000000 0.000000
vn 0.000000 -1.000000 0.000000
vn 0.000000 -1.000000 0.000000
vn 0.000000 -1.000000 0.000000
vn 1.000000 0.000000 0.000000
vn 1.000000 0.000000 0.000000
vn 1.000000 0.000000 0.000000
vn 1.000000 0.000000 0.000000
s off
g Libreria_1 Despacho_02 Cajones_Libreria1 Tapas_cajones_Libreria1 Tapa_cajon8_Libreria1
usemtl Estructura_superior_Libreria1SG
f 645/1219/2113 646/1243/2114 647/1240/2115 648/1238/2116
f 635/1247/2117 636/1224/2118 638/1255/2119 637/1257/2120
f 637/1226/2121 638/1256/2122 640/1251/2123 639/1253/2124
f 639/1228/2125 640/1252/2126 634/1249/2127 633/1230/2128
f 634/1229/2129 640/1227/2130 638/1225/2131 636/1248/2132
f 639/1254/2133 633/1250/2134 635/1223/2135 637/1258/2136
f 633/1230/2137 634/1249/2138 642/1245/2139 641/1232/2140
f 634/1229/2141 636/1248/2142 643/1244/2143 642/1231/2144
f 636/1224/2145 635/1247/2146 644/1241/2147 643/1233/2148
f 635/1223/2149 633/1250/2150 641/1246/2151 644/1234/2152
f 641/1232/2153 642/1245/2154 646/1242/2155 645/1235/2156
f 642/1231/2157 643/1244/2158 647/1239/2159 646/1220/2160
f 643/1233/2161 644/1241/2162 648/1237/2163 647/1221/2164
f 644/1234/2165 641/1246/2166 645/1236/2167 648/1222/2168
g default
v 357.406887 527.801261 -3026.136319
v 392.919763 527.801261 -3026.136228
v 357.406887 568.894164 -3026.136319
v 392.919763 568.894164 -3026.136228
v 357.406887 568.894164 -3027.849706
v 392.919763 568.894164 -3027.849706
v 357.406887 527.801261 -3027.849706
v 392.919763 527.801261 -3027.849706
v 361.587826 531.982217 -3026.136319
v 388.738738 531.982217 -3026.136319
v 388.738738 564.713206 -3026.136319
v 361.587826 564.713206 -3026.136319
v 361.587826 531.982217 -3027.088525
v 388.738738 531.982217 -3027.088525
v 388.738738 564.713206 -3027.088525
v 361.587826 564.713206 -3027.088525
vt 0.165373 0.296653
vt 0.085352 0.763311
vt 0.951082 0.558653
vt 0.791504 0.710981
vt 0.786008 0.715457
vt 0.955559 0.564149
vt 0.092683 0.802833
vt 0.998241 0.708909
vt 0.092683 0.758834
vt 0.064014 0.346537
vt 0.090848 0.758834
vt 0.064014 0.348372
vt 0.086371 0.763311
vt 0.068490 0.352849
vt 0.951082 0.559673
vt 0.790484 0.710981
vt 0.068490 0.353868
vt 0.791503 0.675935
vt 0.922011 0.558654
vt 0.165370 0.331698
vt 0.085352 0.798357
vt 0.194441 0.331701
vt 0.922011 0.559674
vt 0.097561 0.353872
vt 0.194444 0.296655
vt 0.086372 0.798357
vt 0.097561 0.352852
vt 0.790483 0.675935
vt 0.917534 0.564151
vt 0.090848 0.802833
vt 0.102038 0.348376
vt 0.786007 0.671459
vt 0.960211 0.664915
vt 0.102038 0.346541
vt 0.998235 0.664910
vt 0.784172 0.671459
vt 0.955559 0.565984
vt 0.960217 0.708914
vt 0.917535 0.565985
vt 0.784173 0.715457
vn 0.000000 0.000000 1.000000
vn 0.000000 0.000000 1.000000
vn 0.000000 0.000000 1.000000
vn 0.000000 0.000000 1.000000
vn 0.000000 1.000000 0.000000
vn 0.000000 1.000000 0.000000
vn 0.000000 1.000000 0.000000
vn 0.000000 1.000000 0.000000
vn 0.000000 0.000000 -1.000000
vn 0.000000 0.000000 -1.000000
vn 0.000000 0.000000 -1.000000
vn 0.000000 0.000000 -1.000000
vn 0.000000 -1.000000 0.000000
vn 0.000000 -1.000000 0.000000
vn 0.000000 -1.000000 0.000000
vn 0.000000 -1.000000 0.000000
vn 1.000000 0.000000 0.000000
vn 1.000000 0.000000 0.000000
vn 1.000000 0.000000 0.000000
vn 1.000000 0.000000 0.000000
vn -1.000000 0.000000 0.000000
vn -1.000000 0.000000 0.000000
vn -1.000000 0.000000 0.000000
vn -1.000000 0.000000 0.000000
vn 0.000007 0.000005 1.000000
vn -0.000017 0.000005 1.000000
vn -0.000017 0.000005 1.000000
vn 0.000007 0.000005 1.000000
vn -0.000017 0.000005 1.000000
vn -0.000017 -0.000005 1.000000
vn -0.000017 -0.000005 1.000000
vn -0.000017 0.000005 1.000000
vn -0.000017 -0.000005 1.000000
vn 0.000007 -0.000005 1.000000
vn 0.000007 -0.000005 1.000000
vn -0.000017 -0.000005 1.000000
vn 0.000007 -0.000005 1.000000
vn 0.000007 0.000005 1.000000
vn 0.000007 0.000005 1.000000
vn 0.000007 -0.000005 1.000000
vn 0.000000 1.000000 0.000000
vn 0.000000 1.000000 0.000000
vn 0.000000 1.000000 0.000000
vn 0.000000 1.000000 0.000000
vn -1.000000 0.000000 0.000000
vn -1.000000 0.000000 0.000000
vn -1.000000 0.000000 0.000000
vn -1.000000 0.000000 0.000000
vn 0.000000 -1.000000 0.000000
vn 0.000000 -1.000000 0.000000
vn 0.000000 -1.000000 0.000000
vn 0.000000 -1.000000 0.000000
vn 1.000000 0.000000 0.000000
vn 1.000000 0.000000 0.000000
vn 1.000000 0.000000 0.000000
vn 1.000000 0.000000 0.000000
s off
g Libreria_1 Despacho_02 Cajones_Libreria1 Tapas_cajones_Libreria1 Tapa_cajon9_Libreria1
usemtl Estructura_superior_Libreria1SG
f 661/1259/2169 662/1283/2170 663/1280/2171 664/1278/2172
f 651/1287/2173 652/1264/2174 654/1295/2175 653/1297/2176
f 653/1266/2177 654/1296/2178 656/1291/2179 655/1293/2180
f 655/1268/2181 656/1292/2182 650/1289/2183 649/1270/2184
f 650/1269/2185 656/1267/2186 654/1265/2187 652/1288/2188
f 655/1294/2189 649/1290/2190 651/1263/2191 653/1298/2192
f 649/1270/2193 650/1289/2194 658/1285/2195 657/1272/2196
f 650/1269/2197 652/1288/2198 659/1284/2199 658/1271/2200
f 652/1264/2201 651/1287/2202 660/1281/2203 659/1273/2204
f 651/1263/2205 649/1290/2206 657/1286/2207 660/1274/2208
f 657/1272/2209 658/1285/2210 662/1282/2211 661/1275/2212
f 658/1271/2213 659/1284/2214 663/1279/2215 662/1260/2216
f 659/1273/2217 660/1281/2218 664/1277/2219 663/1261/2220
f 660/1274/2221 657/1286/2222 661/1276/2223 664/1262/2224
g default
v 394.074933 527.801261 -3026.136319
v 429.587718 527.801261 -3026.136319
v 394.074933 568.894164 -3026.136319
v 429.587718 568.894164 -3026.136319
v 394.074933 568.894164 -3027.849706
v 429.587718 568.894164 -3027.849798
v 394.074933 527.801261 -3027.849706
v 429.587718 527.801261 -3027.849798
v 398.255872 531.982217 -3026.136319
v 425.406784 531.982217 -3026.136319
v 425.406784 564.713206 -3026.136319
v 398.255872 564.713206 -3026.136319
v 398.255872 531.982217 -3027.088525
v 425.406784 531.982217 -3027.088525
v 425.406784 564.713206 -3027.088525
v 398.255872 564.713206 -3027.088525
vt 0.325408 0.261578
vt 0.261391 0.763313
vt 0.497649 0.639199
vt 0.610131 0.678719
vt 0.604635 0.683196
vt 0.502126 0.644695
vt 0.268721 0.802835
vt 0.240742 0.890867
vt 0.268721 0.758836
vt 0.405422 0.353798
vt 0.266887 0.758836
vt 0.405422 0.355633
vt 0.262410 0.763313
vt 0.409898 0.360110
vt 0.497649 0.640219
vt 0.609111 0.678719
vt 0.409898 0.361130
vt 0.610130 0.643674
vt 0.468578 0.639201
vt 0.325405 0.296623
vt 0.261391 0.798359
vt 0.354476 0.296626
vt 0.468578 0.640220
vt 0.438969 0.361133
vt 0.354479 0.261581
vt 0.262410 0.798359
vt 0.438969 0.360114
vt 0.609110 0.643674
vt 0.464102 0.644697
vt 0.266887 0.802835
vt 0.443446 0.355638
vt 0.604633 0.639197
vt 0.202711 0.846873
vt 0.443447 0.353803
vt 0.240735 0.846868
vt 0.602799 0.639197
vt 0.502126 0.646530
vt 0.202718 0.890872
vt 0.464102 0.646532
vt 0.602800 0.683196
vn 0.000000 0.000000 1.000000
vn 0.000000 0.000000 1.000000
vn 0.000000 0.000000 1.000000
vn 0.000000 0.000000 1.000000
vn 0.000000 1.000000 0.000000
vn 0.000000 1.000000 0.000000
vn 0.000000 1.000000 0.000000
vn 0.000000 1.000000 0.000000
vn -0.000003 0.000000 -1.000000
vn -0.000003 0.000000 -1.000000
vn -0.000003 0.000000 -1.000000
vn -0.000003 0.000000 -1.000000
vn 0.000000 -1.000000 0.000000
vn 0.000000 -1.000000 0.000000
vn 0.000000 -1.000000 0.000000
vn 0.000000 -1.000000 0.000000
vn 1.000000 0.000000 0.000000
vn 1.000000 0.000000 0.000000
vn 1.000000 0.000000 0.000000
vn 1.000000 0.000000 0.000000
vn -1.000000 0.000000 0.000000
vn -1.000000 0.000000 0.000000
vn -1.000000 0.000000 0.000000
vn -1.000000 0.000000 0.000000
vn 0.000007 0.000000 1.000000
vn -0.000010 0.000000 1.000000
vn -0.000010 0.000000 1.000000
vn 0.000007 0.000000 1.000000
vn -0.000010 0.000000 1.000000
vn -0.000010 0.000000 1.000000
vn -0.000010 0.000000 1.000000
vn -0.000010 0.000000 1.000000
vn -0.000010 0.000000 1.000000
vn 0.000007 0.000000 1.000000
vn 0.000007 0.000000 1.000000
vn -0.000010 0.000000 1.000000
vn 0.000007 0.000000 1.000000
vn 0.000007 0.000000 1.000000
vn 0.000007 0.000000 1.000000
vn 0.000007 0.000000 1.000000
vn 0.000000 1.000000 0.000000
vn 0.000000 1.000000 0.000000
vn 0.000000 1.000000 0.000000
vn 0.000000 1.000000 0.000000
vn -1.000000 0.000000 0.000000
vn -1.000000 0.000000 0.000000
vn -1.000000 0.000000 0.000000
vn -1.000000 0.000000 0.000000
vn 0.000000 -1.000000 0.000000
vn 0.000000 -1.000000 0.000000
vn 0.000000 -1.000000 0.000000
vn 0.000000 -1.000000 0.000000
vn 1.000000 0.000000 0.000000
vn 1.000000 0.000000 0.000000
vn 1.000000 0.000000 0.000000
vn 1.000000 0.000000 0.000000
s off
g Libreria_1 Despacho_02 Cajones_Libreria1 Tapas_cajones_Libreria1 Tapa_cajon10_Libreria1
usemtl Estructura_superior_Libreria1SG
f 677/1299/2225 678/1323/2226 679/1320/2227 680/1318/2228
f 667/1327/2229 668/1304/2230 670/1335/2231 669/1337/2232
f 669/1306/2233 670/1336/2234 672/1331/2235 671/1333/2236
f 671/1308/2237 672/1332/2238 666/1329/2239 665/1310/2240
f 666/1309/2241 672/1307/2242 670/1305/2243 668/1328/2244
f 671/1334/2245 665/1330/2246 667/1303/2247 669/1338/2248
f 665/1310/2249 666/1329/2250 674/1325/2251 673/1312/2252
f 666/1309/2253 668/1328/2254 675/1324/2255 674/1311/2256
f 668/1304/2257 667/1327/2258 676/1321/2259 675/1313/2260
f 667/1303/2261 665/1330/2262 673/1326/2263 676/1314/2264
f 673/1312/2265 674/1325/2266 678/1322/2267 677/1315/2268
f 674/1311/2269 675/1324/2270 679/1319/2271 678/1300/2272
f 675/1313/2273 676/1321/2274 680/1317/2275 679/1301/2276
f 676/1314/2277 673/1326/2278 677/1316/2279 680/1302/2280
g default
v 431.275678 527.801261 -3026.136319
v 466.788555 527.801261 -3026.136319
v 431.275678 568.894164 -3026.136319
v 466.788555 568.894164 -3026.136319
v 431.275678 568.894164 -3027.849798
v 466.788555 568.894164 -3027.849798
v 431.275678 527.801261 -3027.849798
v 466.788555 527.801261 -3027.849798
v 435.456618 531.982217 -3026.136319
v 462.607604 531.982217 -3026.136319
v 462.607604 564.713206 -3026.136319
v 435.456618 564.713206 -3026.136319
v 435.456618 531.982217 -3027.088525
v 462.607604 531.982217 -3027.088525
v 462.607604 564.713206 -3027.088525
v 435.456618 564.713206 -3027.088525
vt 0.010673 0.191544
vt 0.762834 0.746199
vt 0.561663 0.639198
vt 0.732825 0.666563
vt 0.727328 0.671040
vt 0.566140 0.644694
vt 0.770165 0.785722
vt 0.998241 0.796908
vt 0.770165 0.741723
vt 0.864190 0.208737
vt 0.768330 0.741723
vt 0.864189 0.210572
vt 0.763853 0.746199
vt 0.868666 0.215049
vt 0.561663 0.640217
vt 0.731805 0.666563
vt 0.868665 0.216068
vt 0.732823 0.631517
vt 0.532592 0.639199
vt 0.010669 0.226590
vt 0.762834 0.781245
vt 0.039740 0.226593
vt 0.532592 0.640219
vt 0.897736 0.216072
vt 0.039744 0.191547
vt 0.763853 0.781245
vt 0.897737 0.215052
vt 0.731804 0.631517
vt 0.528116 0.644695
vt 0.768330 0.785722
vt 0.902214 0.210576
vt 0.727327 0.627041
vt 0.960211 0.752915
vt 0.902214 0.208742
vt 0.998235 0.752909
vt 0.725492 0.627041
vt 0.566140 0.646528
vt 0.960217 0.796914
vt 0.528116 0.646530
vt 0.725494 0.671040
vn 0.000000 0.000000 1.000000
vn 0.000000 0.000000 1.000000
vn 0.000000 0.000000 1.000000
vn 0.000000 0.000000 1.000000
vn 0.000000 1.000000 0.000000
vn 0.000000 1.000000 0.000000
vn 0.000000 1.000000 0.000000
vn 0.000000 1.000000 0.000000
vn 0.000000 0.000000 -1.000000
vn 0.000000 0.000000 -1.000000
vn 0.000000 0.000000 -1.000000
vn 0.000000 0.000000 -1.000000
vn 0.000000 -1.000000 0.000000
vn 0.000000 -1.000000 0.000000
vn 0.000000 -1.000000 0.000000
vn 0.000000 -1.000000 0.000000
vn 1.000000 0.000000 0.000000
vn 1.000000 0.000000 0.000000
vn 1.000000 0.000000 0.000000
vn 1.000000 0.000000 0.000000
vn -1.000000 0.000000 0.000000
vn -1.000000 0.000000 0.000000
vn -1.000000 0.000000 0.000000
vn -1.000000 0.000000 0.000000
vn 0.000007 0.000000 1.000000
vn -0.000010 0.000000 1.000000
vn -0.000010 0.000000 1.000000
vn 0.000007 0.000000 1.000000
vn -0.000010 0.000000 1.000000
vn -0.000010 0.000000 1.000000
vn -0.000010 0.000000 1.000000
vn -0.000010 0.000000 1.000000
vn -0.000010 0.000000 1.000000
vn 0.000007 0.000000 1.000000
vn 0.000007 0.000000 1.000000
vn -0.000010 0.000000 1.000000
vn 0.000007 0.000000 1.000000
vn 0.000007 0.000000 1.000000
vn 0.000007 0.000000 1.000000
vn 0.000007 0.000000 1.000000
vn 0.000000 1.000000 0.000000
vn 0.000000 1.000000 0.000000
vn 0.000000 1.000000 0.000000
vn 0.000000 1.000000 0.000000
vn -1.000000 0.000000 0.000000
vn -1.000000 0.000000 0.000000
vn -1.000000 0.000000 0.000000
vn -1.000000 0.000000 0.000000
vn 0.000000 -1.000000 0.000000
vn 0.000000 -1.000000 0.000000
vn 0.000000 -1.000000 0.000000
vn 0.000000 -1.000000 0.000000
vn 1.000000 0.000000 0.000000
vn 1.000000 0.000000 0.000000
vn 1.000000 0.000000 0.000000
vn 1.000000 0.000000 0.000000
s off
g Libreria_1 Despacho_02 Cajones_Libreria1 Tapas_cajones_Libreria1 Tapa_cajon11_Libreria1
usemtl Estructura_superior_Libreria1SG
f 693/1339/2281 694/1363/2282 695/1360/2283 696/1358/2284
f 683/1367/2285 684/1344/2286 686/1375/2287 685/1377/2288
f 685/1346/2289 686/1376/2290 688/1371/2291 687/1373/2292
f 687/1348/2293 688/1372/2294 682/1369/2295 681/1350/2296
f 682/1349/2297 688/1347/2298 686/1345/2299 684/1368/2300
f 687/1374/2301 681/1370/2302 683/1343/2303 685/1378/2304
f 681/1350/2305 682/1369/2306 690/1365/2307 689/1352/2308
f 682/1349/2309 684/1368/2310 691/1364/2311 690/1351/2312
f 684/1344/2313 683/1367/2314 692/1361/2315 691/1353/2316
f 683/1343/2317 681/1370/2318 689/1366/2319 692/1354/2320
f 689/1352/2321 690/1365/2322 694/1362/2323 693/1355/2324
f 690/1351/2325 691/1364/2326 695/1359/2327 694/1340/2328
f 691/1353/2329 692/1361/2330 696/1357/2331 695/1341/2332
f 692/1354/2333 689/1366/2334 693/1356/2335 696/1342/2336
g default
v 467.943747 527.801261 -3026.136319
v 503.456601 527.801261 -3026.136319
v 467.943747 568.894164 -3026.136319
v 503.456601 568.894164 -3026.136319
v 467.943747 568.894164 -3027.849798
v 503.456601 568.894164 -3027.849798
v 467.943747 527.801261 -3027.849798
v 503.456601 527.801261 -3027.849798
v 472.124664 531.982217 -3026.136319
v 499.275650 531.982217 -3026.136319
v 499.275650 564.713206 -3026.136319
v 472.124664 564.713206 -3026.136319
v 472.124664 531.982217 -3027.088525
v 499.275650 531.982217 -3027.088525
v 499.275650 564.713206 -3027.088525
v 472.124664 564.713206 -3027.088525
vt 0.325408 0.191485
vt 0.773503 0.746199
vt 0.364287 0.353812
vt 0.642138 0.629685
vt 0.636642 0.634162
vt 0.368764 0.359308
vt 0.780834 0.785721
vt 0.198066 0.890862
vt 0.780834 0.741722
vt 0.421426 0.346469
vt 0.778999 0.741722
vt 0.421426 0.348303
vt 0.774522 0.746199
vt 0.425902 0.352781
vt 0.364287 0.354832
vt 0.641118 0.629685
vt 0.425902 0.353800
vt 0.642137 0.594640
vt 0.335216 0.353813
vt 0.325405 0.226531
vt 0.773503 0.781245
vt 0.354476 0.226534
vt 0.335216 0.354833
vt 0.454973 0.353804
vt 0.354479 0.191488
vt 0.774522 0.781245
vt 0.454973 0.352784
vt 0.641117 0.594640
vt 0.330739 0.359310
vt 0.778999 0.785721
vt 0.459450 0.348308
vt 0.636640 0.590163
vt 0.160035 0.846869
vt 0.459450 0.346473
vt 0.198059 0.846863
vt 0.634806 0.590163
vt 0.368764 0.361143
vt 0.160042 0.890868
vt 0.330739 0.361144
vt 0.634807 0.634162
vn 0.000000 0.000000 1.000000
vn 0.000000 0.000000 1.000000
vn 0.000000 0.000000 1.000000
vn 0.000000 0.000000 1.000000
vn 0.000000 1.000000 0.000000
vn 0.000000 1.000000 0.000000
vn 0.000000 1.000000 0.000000
vn 0.000000 1.000000 0.000000
vn 0.000000 0.000000 -1.000000
vn 0.000000 0.000000 -1.000000
vn 0.000000 0.000000 -1.000000
vn 0.000000 0.000000 -1.000000
vn 0.000000 -1.000000 0.000000
vn 0.000000 -1.000000 0.000000
vn 0.000000 -1.000000 0.000000
vn 0.000000 -1.000000 0.000000
vn 1.000000 0.000000 0.000000
vn 1.000000 0.000000 0.000000
vn 1.000000 0.000000 0.000000
vn 1.000000 0.000000 0.000000
vn -1.000000 0.000000 0.000000
vn -1.000000 0.000000 0.000000
vn -1.000000 0.000000 0.000000
vn -1.000000 0.000000 0.000000
vn 0.000007 0.000000 1.000000
vn -0.000010 0.000000 1.000000
vn -0.000010 0.000000 1.000000
vn 0.000007 0.000000 1.000000
vn -0.000010 0.000000 1.000000
vn -0.000010 0.000000 1.000000
vn -0.000010 0.000000 1.000000
vn -0.000010 0.000000 1.000000
vn -0.000010 0.000000 1.000000
vn 0.000007 0.000000 1.000000
vn 0.000007 0.000000 1.000000
vn -0.000010 0.000000 1.000000
vn 0.000007 0.000000 1.000000
vn 0.000007 0.000000 1.000000
vn 0.000007 0.000000 1.000000
vn 0.000007 0.000000 1.000000
vn 0.000000 1.000000 0.000000
vn 0.000000 1.000000 0.000000
vn 0.000000 1.000000 0.000000
vn 0.000000 1.000000 0.000000
vn -1.000000 0.000000 0.000000
vn -1.000000 0.000000 0.000000
vn -1.000000 0.000000 0.000000
vn -1.000000 0.000000 0.000000
vn 0.000000 -1.000000 0.000000
vn 0.000000 -1.000000 0.000000
vn 0.000000 -1.000000 0.000000
vn 0.000000 -1.000000 0.000000
vn 1.000000 0.000000 0.000000
vn 1.000000 0.000000 0.000000
vn 1.000000 0.000000 0.000000
vn 1.000000 0.000000 0.000000
s off
g Libreria_1 Despacho_02 Cajones_Libreria1 Tapas_cajones_Libreria1 Tapa_cajon12_Libreria1
usemtl Estructura_superior_Libreria1SG
f 709/1379/2337 710/1403/2338 711/1400/2339 712/1398/2340
f 699/1407/2341 700/1384/2342 702/1415/2343 701/1417/2344
f 701/1386/2345 702/1416/2346 704/1411/2347 703/1413/2348
f 703/1388/2349 704/1412/2350 698/1409/2351 697/1390/2352
f 698/1389/2353 704/1387/2354 702/1385/2355 700/1408/2356
f 703/1414/2357 697/1410/2358 699/1383/2359 701/1418/2360
f 697/1390/2361 698/1409/2362 706/1405/2363 705/1392/2364
f 698/1389/2365 700/1408/2366 707/1404/2367 706/1391/2368
f 700/1384/2369 699/1407/2370 708/1401/2371 707/1393/2372
f 699/1383/2373 697/1410/2374 705/1406/2375 708/1394/2376
f 705/1392/2377 706/1405/2378 710/1402/2379 709/1395/2380
f 706/1391/2381 707/1404/2382 711/1399/2383 710/1380/2384
f 707/1393/2385 708/1401/2386 712/1397/2387 711/1381/2388
f 708/1394/2389 705/1406/2390 709/1396/2391 712/1382/2392
g default
v 466.397654 530.231520 -3028.013663
v 468.276958 530.231520 -3028.013663
v 466.397654 566.425184 -3028.013663
v 468.276958 566.425184 -3028.013663
v 466.397654 566.425184 -3030.078204
v 468.276958 566.425184 -3030.078204
v 466.397654 530.231520 -3030.078204
v 468.276958 530.231520 -3030.078204
vt 0.637016 0.473902
vt 0.639029 0.473902
vt 0.639034 0.512655
vt 0.637022 0.512656
vt 0.641245 0.512655
vt 0.634812 0.512656
vt 0.641239 0.473902
vt 0.643251 0.473902
vt 0.643257 0.512655
vt 0.634806 0.473903
vn 0.000000 0.000000 1.000000
vn 0.000000 0.000000 1.000000
vn 0.000000 0.000000 1.000000
vn 0.000000 0.000000 1.000000
vn 0.000000 0.000000 -1.000000
vn 0.000000 0.000000 -1.000000
vn 0.000000 0.000000 -1.000000
vn 0.000000 0.000000 -1.000000
vn 1.000000 0.000000 0.000000
vn 1.000000 0.000000 0.000000
vn 1.000000 0.000000 0.000000
vn 1.000000 0.000000 0.000000
vn -1.000000 0.000000 0.000000
vn -1.000000 0.000000 0.000000
vn -1.000000 0.000000 0.000000
vn -1.000000 0.000000 0.000000
s off
g Libreria_1 Despacho_02 Cajones_Libreria1 Soporte1_Libreria1 Soportes_Libreria1
usemtl Estructura_superior_Libreria1SG
f 713/1419/2393 714/1420/2394 716/1421/2395 715/1422/2396
f 717/1427/2397 718/1423/2398 720/1425/2399 719/1426/2400
f 714/1420/2401 720/1425/2402 718/1423/2403 716/1421/2404
f 719/1428/2405 713/1419/2406 715/1422/2407 717/1424/2408
g default
v 392.574830 530.231520 -3028.013663
v 394.454134 530.231520 -3028.013663
v 392.574830 566.425184 -3028.013663
v 394.454134 566.425184 -3028.013663
v 392.574830 566.425184 -3030.078204
v 394.454134 566.425184 -3030.078204
v 392.574830 530.231520 -3030.078204
v 394.454134 530.231520 -3030.078204
vt 0.647685 0.527846
vt 0.649698 0.527846
vt 0.649699 0.566599
vt 0.647686 0.566599
vt 0.651909 0.566599
vt 0.645476 0.566599
vt 0.651908 0.527846
vt 0.653920 0.527846
vt 0.653921 0.566599
vt 0.645475 0.527846
vn 0.000000 0.000000 1.000000
vn 0.000000 0.000000 1.000000
vn 0.000000 0.000000 1.000000
vn 0.000000 0.000000 1.000000
vn 0.000000 0.000000 -1.000000
vn 0.000000 0.000000 -1.000000
vn 0.000000 0.000000 -1.000000
vn 0.000000 0.000000 -1.000000
vn 1.000000 0.000000 0.000000
vn 1.000000 0.000000 0.000000
vn 1.000000 0.000000 0.000000
vn 1.000000 0.000000 0.000000
vn -1.000000 0.000000 0.000000
vn -1.000000 0.000000 0.000000
vn -1.000000 0.000000 0.000000
vn -1.000000 0.000000 0.000000
s off
g Libreria_1 Despacho_02 Cajones_Libreria1 Soportes_Libreria1 Soporte2_Libreria1
usemtl Estructura_superior_Libreria1SG
f 721/1429/2409 722/1430/2410 724/1431/2411 723/1432/2412
f 725/1437/2413 726/1433/2414 728/1435/2415 727/1436/2416
f 722/1430/2417 728/1435/2418 726/1433/2419 724/1431/2420
f 727/1438/2421 721/1429/2422 723/1432/2423 725/1434/2424
g default
v 318.752006 530.231520 -3028.013663
v 320.631309 530.231520 -3028.013663
v 318.752006 566.425184 -3028.013663
v 320.631309 566.425184 -3028.013663
v 318.752006 566.425184 -3030.078204
v 320.631309 566.425184 -3030.078204
v 318.752006 530.231520 -3030.078204
v 320.631309 530.231520 -3030.078204
vt 0.743706 0.566599
vt 0.745719 0.566599
vt 0.745719 0.605352
vt 0.743707 0.605352
vt 0.747930 0.605352
vt 0.741496 0.605352
vt 0.747929 0.566599
vt 0.749941 0.566599
vt 0.749942 0.605352
vt 0.741496 0.566599
vn 0.000000 0.000000 1.000000
vn 0.000000 0.000000 1.000000
vn 0.000000 0.000000 1.000000
vn 0.000000 0.000000 1.000000
vn 0.000000 0.000000 -1.000000
vn 0.000000 0.000000 -1.000000
vn 0.000000 0.000000 -1.000000
vn 0.000000 0.000000 -1.000000
vn 1.000000 0.000000 0.000000
vn 1.000000 0.000000 0.000000
vn 1.000000 0.000000 0.000000
vn 1.000000 0.000000 0.000000
vn -1.000000 0.000000 0.000000
vn -1.000000 0.000000 0.000000
vn -1.000000 0.000000 0.000000
vn -1.000000 0.000000 0.000000
s off
g Libreria_1 Despacho_02 Cajones_Libreria1 Soportes_Libreria1 Soporte3_Libreria1
usemtl Estructura_superior_Libreria1SG
f 729/1439/2425 730/1440/2426 732/1441/2427 731/1442/2428
f 733/1447/2429 734/1443/2430 736/1445/2431 735/1446/2432
f 730/1440/2433 736/1445/2434 734/1443/2435 732/1441/2436
f 735/1448/2437 729/1439/2438 731/1442/2439 733/1444/2440
g default
v 244.929170 530.231520 -3028.013663
v 246.808485 530.231520 -3028.013663
v 244.929170 566.425184 -3028.013663
v 246.808485 566.425184 -3028.013663
v 244.929170 566.425184 -3030.078204
v 246.808485 566.425184 -3030.078204
v 244.929170 530.231520 -3030.078204
v 246.808485 530.231520 -3030.078204
vt 0.637016 0.512656
vt 0.639029 0.512656
vt 0.639034 0.551409
vt 0.637021 0.551410
vt 0.641244 0.551409
vt 0.634811 0.551410
vt 0.641239 0.512656
vt 0.643251 0.512656
vt 0.643256 0.551409
vt 0.634806 0.512657
vn 0.000000 0.000000 1.000000
vn 0.000000 0.000000 1.000000
vn 0.000000 0.000000 1.000000
vn 0.000000 0.000000 1.000000
vn 0.000000 0.000000 -1.000000
vn 0.000000 0.000000 -1.000000
vn 0.000000 0.000000 -1.000000
vn 0.000000 0.000000 -1.000000
vn 1.000000 0.000000 0.000000
vn 1.000000 0.000000 0.000000
vn 1.000000 0.000000 0.000000
vn 1.000000 0.000000 0.000000
vn -1.000000 0.000000 0.000000
vn -1.000000 0.000000 0.000000
vn -1.000000 0.000000 0.000000
vn -1.000000 0.000000 0.000000
s off
g Libreria_1 Despacho_02 Cajones_Libreria1 Soportes_Libreria1 Soporte4_Libreria1
usemtl Estructura_superior_Libreria1SG
f 737/1449/2441 738/1450/2442 740/1451/2443 739/1452/2444
f 741/1457/2445 742/1453/2446 744/1455/2447 743/1456/2448
f 738/1450/2449 744/1455/2450 742/1453/2451 740/1451/2452
f 743/1458/2453 737/1449/2454 739/1452/2455 741/1454/2456
g default
v 171.106358 530.231520 -3028.013663
v 172.985661 530.231520 -3028.013663
v 171.106358 566.425184 -3028.013663
v 172.985661 566.425184 -3028.013663
v 171.106358 566.425184 -3030.078204
v 172.985661 566.425184 -3030.078204
v 171.106358 530.231520 -3030.078204
v 172.985661 530.231520 -3030.078204
vt 0.637016 0.551410
vt 0.639028 0.551410
vt 0.639029 0.590163
vt 0.637017 0.590163
vt 0.641240 0.590163
vt 0.634807 0.590163
vt 0.641239 0.551410
vt 0.643251 0.551410
vt 0.643252 0.590163
vt 0.634806 0.551410
vn 0.000000 0.000000 1.000000
vn 0.000000 0.000000 1.000000
vn 0.000000 0.000000 1.000000
vn 0.000000 0.000000 1.000000
vn 0.000000 0.000000 -1.000000
vn 0.000000 0.000000 -1.000000
vn 0.000000 0.000000 -1.000000
vn 0.000000 0.000000 -1.000000
vn 1.000000 0.000000 0.000000
vn 1.000000 0.000000 0.000000
vn 1.000000 0.000000 0.000000
vn 1.000000 0.000000 0.000000
vn -1.000000 0.000000 0.000000
vn -1.000000 0.000000 0.000000
vn -1.000000 0.000000 0.000000
vn -1.000000 0.000000 0.000000
s off
g Libreria_1 Despacho_02 Cajones_Libreria1 Soportes_Libreria1 Soporte5_Libreria1
usemtl Estructura_superior_Libreria1SG
f 745/1459/2457 746/1460/2458 748/1461/2459 747/1462/2460
f 749/1467/2461 750/1463/2462 752/1465/2463 751/1466/2464
f 746/1460/2465 752/1465/2466 750/1463/2467 748/1461/2468
f 751/1468/2469 745/1459/2470 747/1462/2471 749/1464/2472
g default
v 97.283522 530.231520 -3028.013663
v 99.162826 530.231520 -3028.013663
v 97.283522 566.425184 -3028.013663
v 99.162826 566.425184 -3028.013663
v 97.283522 566.425184 -3030.078204
v 99.162826 566.425184 -3030.078204
v 97.283522 530.231520 -3030.078204
v 99.162826 530.231520 -3030.078204
vt 0.743706 0.527845
vt 0.745719 0.527845
vt 0.745722 0.566598
vt 0.743710 0.566599
vt 0.747932 0.566598
vt 0.741499 0.566599
vt 0.747929 0.527845
vt 0.749941 0.527845
vt 0.749945 0.566598
vt 0.741496 0.527845
vn 0.000000 0.000000 1.000000
vn 0.000000 0.000000 1.000000
vn 0.000000 0.000000 1.000000
vn 0.000000 0.000000 1.000000
vn 0.000000 0.000000 -1.000000
vn 0.000000 0.000000 -1.000000
vn 0.000000 0.000000 -1.000000
vn 0.000000 0.000000 -1.000000
vn 1.000000 0.000000 0.000000
vn 1.000000 0.000000 0.000000
vn 1.000000 0.000000 0.000000
vn 1.000000 0.000000 0.000000
vn -1.000000 0.000000 0.000000
vn -1.000000 0.000000 0.000000
vn -1.000000 0.000000 0.000000
vn -1.000000 0.000000 0.000000
s off
g Libreria_1 Despacho_02 Cajones_Libreria1 Soportes_Libreria1 Soporte6_Libreria1
usemtl Estructura_superior_Libreria1SG
f 753/1469/2473 754/1470/2474 756/1471/2475 755/1472/2476
f 757/1477/2477 758/1473/2478 760/1475/2479 759/1476/2480
f 754/1470/2481 760/1475/2482 758/1473/2483 756/1471/2484
f 759/1478/2485 753/1469/2486 755/1472/2487 757/1474/2488
g default
v 65.779579 594.004279 -3030.733301
v 65.779579 594.004279 -3078.229867
v 209.063218 573.360778 -3030.733301
v 209.063218 573.360778 -3078.229867
v 65.779579 594.004279 -3030.733301
v 209.063218 573.360778 -3030.733301
v 209.063218 573.360778 -3078.229867
v 65.779579 594.004279 -3078.229867
v 66.228470 597.119971 -3030.733301
v 209.512109 576.476471 -3030.733301
v 209.512109 576.476471 -3078.229867
v 66.228470 597.119971 -3078.229867
vt 0.410786 0.346471
vt 0.963598 0.153142
vt 0.461612 0.191460
vt 0.461642 0.346461
vt 0.000000 0.000000
vt 0.000000 0.000000
vt 0.000000 0.000000
vt 0.202711 0.346509
vt 0.000000 0.000000
vt 0.960211 0.308142
vt 0.000000 0.000000
vt 0.000000 0.000000
vt 0.963581 0.308142
vt 0.000000 0.000000
vt 0.000000 0.000000
vt 0.960227 0.153141
vt 0.410757 0.191470
vt 0.000000 0.000000
vt 0.253567 0.346516
vt 0.253590 0.191516
vt 0.000000 0.000000
vt 0.202734 0.191508
vt 0.000000 0.000000
vt 0.000000 0.000000
vn 0.142602 0.989780 0.000000
vn 0.142602 0.989780 0.000000
vn 0.142602 0.989780 0.000000
vn 0.142602 0.989780 0.000000
vn -0.142602 -0.989780 0.000000
vn -0.142602 -0.989780 0.000000
vn -0.142602 -0.989780 0.000000
vn -0.142602 -0.989780 0.000000
vn 0.000000 0.000000 0.000000
vn 0.000000 0.000000 0.000000
vn 0.000000 0.000000 0.000000
vn 0.000000 0.000000 0.000000
vn 0.000000 0.000000 0.000000
vn 0.000000 0.000000 0.000000
vn 0.000000 0.000000 0.000000
vn 0.000000 0.000000 0.000000
vn 0.000000 0.000000 0.000000
vn 0.000000 0.000000 0.000000
vn 0.000000 0.000000 0.000000
vn 0.000000 0.000000 0.000000
vn 0.000000 0.000000 1.000000
vn 0.000000 0.000000 1.000000
vn 0.000000 0.000000 1.000000
vn 0.000000 0.000000 1.000000
s off
g Libreria_1 Despacho_02 Balda1_Libreria1 Baldas_Libreria1
usemtl Asa1_Libreria1SG
f 769/1479/2489 770/1495/2490 771/1481/2491 772/1482/2492
f 761/1500/2493 762/1498/2494 764/1497/2495 763/1486/2496
f 761/1483/2497 763/1502/2498 766/1487/2499 765/1492/2500
f 764/1485/2501 762/1499/2502 768/1496/2503 767/1490/2504
f 762/1484/2505 761/1501/2506 765/1493/2507 768/1489/2508
f 765/1488/2509 766/1494/2510 770/1480/2511 769/1491/2512
g default
v 65.264293 635.325324 -3030.733301
v 65.264293 635.325324 -3078.229867
v 210.027395 635.325324 -3030.733301
v 210.027395 635.325324 -3078.229867
v 65.264293 635.325324 -3030.733301
v 210.027395 635.325324 -3030.733301
v 210.027395 635.325324 -3078.229867
v 65.264293 635.325324 -3078.229867
v 65.264293 638.473184 -3030.733301
v 210.027395 638.473184 -3030.733301
v 210.027395 638.473184 -3078.229867
v 65.264293 638.473184 -3078.229867
vt 0.906865 0.310007
vt 0.990253 0.155002
vt 0.957730 0.155010
vt 0.957721 0.310010
vt 0.000000 0.000000
vt 0.000000 0.000000
vt 0.000000 0.000000
vt 0.096043 0.346530
vt 0.000000 0.000000
vt 0.986892 0.310002
vt 0.000000 0.000000
vt 0.000000 0.000000
vt 0.990262 0.310002
vt 0.000000 0.000000
vt 0.000000 0.000000
vt 0.986883 0.155002
vt 0.906875 0.155007
vt 0.000000 0.000000
vt 0.146898 0.346523
vt 0.146877 0.191522
vt 0.000000 0.000000
vt 0.096021 0.191529
vt 0.000000 0.000000
vt 0.000000 0.000000
vn 0.000000 1.000000 0.000000
vn 0.000000 1.000000 0.000000
vn 0.000000 1.000000 0.000000
vn 0.000000 1.000000 0.000000
vn 0.000000 -1.000000 0.000000
vn 0.000000 -1.000000 0.000000
vn 0.000000 -1.000000 0.000000
vn 0.000000 -1.000000 0.000000
vn 0.000000 0.000000 0.000000
vn 0.000000 0.000000 0.000000
vn 0.000000 0.000000 0.000000
vn 0.000000 0.000000 0.000000
vn 0.000000 0.000000 0.000000
vn 0.000000 0.000000 0.000000
vn 0.000000 0.000000 0.000000
vn 0.000000 0.000000 0.000000
vn 0.000000 0.000000 0.000000
vn 0.000000 0.000000 0.000000
vn 0.000000 0.000000 0.000000
vn 0.000000 0.000000 0.000000
vn 0.000000 0.000000 1.000000
vn 0.000000 0.000000 1.000000
vn 0.000000 0.000000 1.000000
vn 0.000000 0.000000 1.000000
s off
g Libreria_1 Despacho_02 Baldas_Libreria1 Balda2_Libreria1
usemtl Asa1_Libreria1SG
f 781/1503/2513 782/1519/2514 783/1505/2515 784/1506/2516
f 773/1524/2517 774/1522/2518 776/1521/2519 775/1510/2520
f 773/1507/2521 775/1526/2522 778/1511/2523 777/1516/2524
f 776/1509/2525 774/1523/2526 780/1520/2527 779/1514/2528
f 774/1508/2529 773/1525/2530 777/1517/2531 780/1513/2532
f 777/1512/2533 778/1518/2534 782/1504/2535 781/1515/2536
g default
v 65.264293 704.786016 -3030.733301
v 65.264293 704.786016 -3078.229867
v 210.027395 704.786016 -3030.733301
v 210.027395 704.786016 -3078.229867
v 65.264293 704.786016 -3030.733301
v 210.027395 704.786016 -3030.733301
v 210.027395 704.786016 -3078.229867
v 65.264293 704.786016 -3078.229867
v 65.264293 707.933876 -3030.733301
v 210.027395 707.933876 -3030.733301
v 210.027395 707.933876 -3078.229867
v 65.264293 707.933876 -3078.229867
vt 0.256056 0.346499
vt 0.995612 0.000001
vt 0.306936 0.191506
vt 0.306912 0.346507
vt 0.000000 0.000000
vt 0.000000 0.000000
vt 0.000000 0.000000
vt 0.688151 0.957798
vt 0.000000 0.000000
vt 0.992218 0.155000
vt 0.000000 0.000000
vt 0.000000 0.000000
vt 0.995588 0.155001
vt 0.000000 0.000000
vt 0.000000 0.000000
vt 0.992242 0.000000
vt 0.256080 0.191498
vt 0.000000 0.000000
vt 0.739006 0.957800
vt 0.739012 0.802799
vt 0.000000 0.000000
vt 0.688156 0.802798
vt 0.000000 0.000000
vt 0.000000 0.000000
vn 0.000000 1.000000 0.000000
vn 0.000000 1.000000 0.000000
vn 0.000000 1.000000 0.000000
vn 0.000000 1.000000 0.000000
vn 0.000000 -1.000000 0.000000
vn 0.000000 -1.000000 0.000000
vn 0.000000 -1.000000 0.000000
vn 0.000000 -1.000000 0.000000
vn 0.000000 0.000000 0.000000
vn 0.000000 0.000000 0.000000
vn 0.000000 0.000000 0.000000
vn 0.000000 0.000000 0.000000
vn 0.000000 0.000000 0.000000
vn 0.000000 0.000000 0.000000
vn 0.000000 0.000000 0.000000
vn 0.000000 0.000000 0.000000
vn 0.000000 0.000000 0.000000
vn 0.000000 0.000000 0.000000
vn 0.000000 0.000000 0.000000
vn 0.000000 0.000000 0.000000
vn 0.000000 0.000000 1.000000
vn 0.000000 0.000000 1.000000
vn 0.000000 0.000000 1.000000
vn 0.000000 0.000000 1.000000
s off
g Libreria_1 Despacho_02 Baldas_Libreria1 Balda3_Libreria1
usemtl Asa1_Libreria1SG
f 793/1527/2537 794/1543/2538 795/1529/2539 796/1530/2540
f 785/1548/2541 786/1546/2542 788/1545/2543 787/1534/2544
f 785/1531/2545 787/1550/2546 790/1535/2547 789/1540/2548
f 788/1533/2549 786/1547/2550 792/1544/2551 791/1538/2552
f 786/1532/2553 785/1549/2554 789/1541/2555 792/1537/2556
f 789/1536/2557 790/1542/2558 794/1528/2559 793/1539/2560
g default
v 65.264293 669.709233 -3030.733301
v 65.264293 669.709233 -3078.229867
v 210.027395 669.709233 -3030.733301
v 210.027395 669.709233 -3078.229867
v 65.264293 669.709233 -3030.733301
v 210.027395 669.709233 -3030.733301
v 210.027395 669.709233 -3078.229867
v 65.264293 669.709233 -3078.229867
v 65.264293 672.857139 -3030.733301
v 210.027395 672.857139 -3030.733301
v 210.027395 672.857139 -3078.229867
v 65.264293 672.857139 -3078.229867
vt 0.042697 0.346540
vt 0.990253 0.310002
vt 0.093531 0.191532
vt 0.093553 0.346533
vt 0.000000 0.000000
vt 0.000000 0.000000
vt 0.000000 0.000000
vt 0.858872 0.566519
vt 0.000000 0.000000
vt 0.986887 0.465003
vt 0.000000 0.000000
vt 0.000000 0.000000
vt 0.990258 0.465003
vt 0.000000 0.000000
vt 0.000000 0.000000
vt 0.986883 0.310002
vt 0.042676 0.191539
vt 0.000000 0.000000
vt 0.909727 0.566513
vt 0.909710 0.411513
vt 0.000000 0.000000
vt 0.858855 0.411518
vt 0.000000 0.000000
vt 0.000000 0.000000
vn 0.000000 1.000000 0.000000
vn 0.000000 1.000000 0.000000
vn 0.000000 1.000000 0.000000
vn 0.000000 1.000000 0.000000
vn 0.000000 -1.000000 0.000000
vn 0.000000 -1.000000 0.000000
vn 0.000000 -1.000000 0.000000
vn 0.000000 -1.000000 0.000000
vn 0.000000 0.000000 0.000000
vn 0.000000 0.000000 0.000000
vn 0.000000 0.000000 0.000000
vn 0.000000 0.000000 0.000000
vn 0.000000 0.000000 0.000000
vn 0.000000 0.000000 0.000000
vn 0.000000 0.000000 0.000000
vn 0.000000 0.000000 0.000000
vn 0.000000 0.000000 0.000000
vn 0.000000 0.000000 0.000000
vn 0.000000 0.000000 0.000000
vn 0.000000 0.000000 0.000000
vn 0.000000 0.000000 1.000000
vn 0.000000 0.000000 1.000000
vn 0.000000 0.000000 1.000000
vn 0.000000 0.000000 1.000000
s off
g Libreria_1 Despacho_02 Baldas_Libreria1 Balda4_Libreria1
usemtl Asa1_Libreria1SG
f 805/1551/2561 806/1567/2562 807/1553/2563 808/1554/2564
f 797/1572/2565 798/1570/2566 800/1569/2567 799/1558/2568
f 797/1555/2569 799/1574/2570 802/1559/2571 801/1564/2572
f 800/1557/2573 798/1571/2574 804/1568/2575 803/1562/2576
f 798/1556/2577 797/1573/2578 801/1565/2579 804/1561/2580
f 801/1560/2581 802/1566/2582 806/1552/2583 805/1563/2584
g default
v 358.146413 600.926640 -3030.733301
v 358.146413 600.926640 -3078.229867
v 501.172737 600.926640 -3030.733301
v 501.172737 600.926640 -3078.229867
v 358.146413 600.926640 -3030.733301
v 501.172737 600.926640 -3030.733301
v 501.172737 600.926640 -3078.229867
v 358.146413 600.926640 -3078.229867
v 358.146413 604.074503 -3030.733301
v 501.172737 604.074503 -3030.733301
v 501.172737 604.074503 -3078.229867
v 358.146413 604.074503 -3078.229867
vt 0.912200 0.463149
vt 0.728886 0.473900
vt 0.963073 0.310013
vt 0.963055 0.463154
vt 0.000000 0.000000
vt 0.000000 0.000000
vt 0.000000 0.000000
vt 0.000000 0.999988
vt 0.000000 0.000000
vt 0.725492 0.627040
vt 0.000000 0.000000
vt 0.000000 0.000000
vt 0.728863 0.627041
vt 0.000000 0.000000
vt 0.000000 0.000000
vt 0.725516 0.473899
vt 0.912217 0.310008
vt 0.000000 0.000000
vt 0.050855 0.999989
vt 0.050860 0.846848
vt 0.000000 0.000000
vt 0.000004 0.846847
vt 0.000000 0.000000
vt 0.000000 0.000000
vn 0.000000 1.000000 0.000000
vn 0.000000 1.000000 0.000000
vn 0.000000 1.000000 0.000000
vn 0.000000 1.000000 0.000000
vn 0.000000 -1.000000 0.000000
vn 0.000000 -1.000000 0.000000
vn 0.000000 -1.000000 0.000000
vn 0.000000 -1.000000 0.000000
vn 0.000000 0.000000 0.000000
vn 0.000000 0.000000 0.000000
vn 0.000000 0.000000 0.000000
vn 0.000000 0.000000 0.000000
vn 0.000000 0.000000 0.000000
vn 0.000000 0.000000 0.000000
vn 0.000000 0.000000 0.000000
vn 0.000000 0.000000 0.000000
vn 0.000000 0.000000 0.000000
vn 0.000000 0.000000 0.000000
vn 0.000000 0.000000 0.000000
vn 0.000000 0.000000 0.000000
vn 0.000000 0.000000 1.000000
vn 0.000000 0.000000 1.000000
vn 0.000000 0.000000 1.000000
vn 0.000000 0.000000 1.000000
s off
g Libreria_1 Despacho_02 Baldas_Libreria1 Balda5_Libreria1
usemtl Asa1_Libreria1SG
f 817/1575/2585 818/1591/2586 819/1577/2587 820/1578/2588
f 809/1596/2589 810/1594/2590 812/1593/2591 811/1582/2592
f 809/1579/2593 811/1598/2594 814/1583/2595 813/1588/2596
f 812/1581/2597 810/1595/2598 816/1592/2599 815/1586/2600
f 810/1580/2601 809/1597/2602 813/1589/2603 816/1585/2604
f 813/1584/2605 814/1590/2606 818/1576/2607 817/1587/2608
g default
v 358.146413 635.325324 -3030.733301
v 358.146413 635.325324 -3078.229867
v 501.172737 635.325324 -3030.733301
v 501.172737 635.325324 -3078.229867
v 358.146413 635.325324 -3030.733301
v 501.172737 635.325324 -3030.733301
v 501.172737 635.325324 -3078.229867
v 358.146413 635.325324 -3078.229867
v 358.146413 638.473184 -3030.733301
v 501.172737 638.473184 -3030.733301
v 501.172737 638.473184 -3078.229867
v 358.146413 638.473184 -3078.229867
vt 0.474790 0.955979
vt 0.659514 0.473900
vt 0.525626 0.802831
vt 0.525645 0.955972
vt 0.000000 0.000000
vt 0.000000 0.000000
vt 0.000000 0.000000
vt 0.106690 1.000000
vt 0.000000 0.000000
vt 0.656162 0.627042
vt 0.000000 0.000000
vt 0.000000 0.000000
vt 0.659533 0.627042
vt 0.000000 0.000000
vt 0.000000 0.000000
vt 0.656144 0.473900
vt 0.474771 0.802838
vt 0.000000 0.000000
vt 0.157546 1.000000
vt 0.157546 0.846859
vt 0.000000 0.000000
vt 0.106691 0.846859
vt 0.000000 0.000000
vt 0.000000 0.000000
vn 0.000000 1.000000 0.000000
vn 0.000000 1.000000 0.000000
vn 0.000000 1.000000 0.000000
vn 0.000000 1.000000 0.000000
vn 0.000000 -1.000000 0.000000
vn 0.000000 -1.000000 0.000000
vn 0.000000 -1.000000 0.000000
vn 0.000000 -1.000000 0.000000
vn 0.000000 0.000000 0.000000
vn 0.000000 0.000000 0.000000
vn 0.000000 0.000000 0.000000
vn 0.000000 0.000000 0.000000
vn 0.000000 0.000000 0.000000
vn 0.000000 0.000000 0.000000
vn 0.000000 0.000000 0.000000
vn 0.000000 0.000000 0.000000
vn 0.000000 0.000000 0.000000
vn 0.000000 0.000000 0.000000
vn 0.000000 0.000000 0.000000
vn 0.000000 0.000000 0.000000
vn 0.000000 0.000000 1.000000
vn 0.000000 0.000000 1.000000
vn 0.000000 0.000000 1.000000
vn 0.000000 0.000000 1.000000
s off
g Libreria_1 Despacho_02 Baldas_Libreria1 Balda6_Libreria1
usemtl Asa1_Libreria1SG
f 829/1599/2609 830/1615/2610 831/1601/2611 832/1602/2612
f 821/1620/2613 822/1618/2614 824/1617/2615 823/1606/2616
f 821/1603/2617 823/1622/2618 826/1607/2619 825/1612/2620
f 824/1605/2621 822/1619/2622 828/1616/2623 827/1610/2624
f 822/1604/2625 821/1621/2626 825/1613/2627 828/1609/2628
f 825/1608/2629 826/1614/2630 830/1600/2631 829/1611/2632
g default
v 358.146413 639.453970 -3030.733301
v 358.146413 639.453970 -3078.229867
v 501.172737 639.453970 -3030.733301
v 501.172737 639.453970 -3078.229867
v 358.146413 639.453970 -3030.733301
v 501.172737 639.453970 -3030.733301
v 501.172737 639.453970 -3078.229867
v 358.146413 639.453970 -3078.229867
v 358.146413 642.601876 -3030.733301
v 501.172737 642.601876 -3030.733301
v 501.172737 642.601876 -3078.229867
v 358.146413 642.601876 -3078.229867
vt 0.912219 0.153147
vt 0.723557 0.473900
vt 0.963055 0.000000
vt 0.963074 0.153141
vt 0.000000 0.000000
vt 0.000000 0.000000
vt 0.000000 0.000000
vt 0.853532 0.979613
vt 0.000000 0.000000
vt 0.720158 0.627041
vt 0.000000 0.000000
vt 0.000000 0.000000
vt 0.723528 0.627042
vt 0.000000 0.000000
vt 0.000000 0.000000
vt 0.720186 0.473899
vt 0.912200 0.000006
vt 0.000000 0.000000
vt 0.904387 0.979610
vt 0.904376 0.826468
vt 0.000000 0.000000
vt 0.853520 0.826472
vt 0.000000 0.000000
vt 0.000000 0.000000
vn 0.000000 1.000000 0.000000
vn 0.000000 1.000000 0.000000
vn 0.000000 1.000000 0.000000
vn 0.000000 1.000000 0.000000
vn 0.000000 -1.000000 0.000000
vn 0.000000 -1.000000 0.000000
vn 0.000000 -1.000000 0.000000
vn 0.000000 -1.000000 0.000000
vn 0.000000 0.000000 0.000000
vn 0.000000 0.000000 0.000000
vn 0.000000 0.000000 0.000000
vn 0.000000 0.000000 0.000000
vn 0.000000 0.000000 0.000000
vn 0.000000 0.000000 0.000000
vn 0.000000 0.000000 0.000000
vn 0.000000 0.000000 0.000000
vn 0.000000 0.000000 0.000000
vn 0.000000 0.000000 0.000000
vn 0.000000 0.000000 0.000000
vn 0.000000 0.000000 0.000000
vn 0.000000 0.000000 1.000000
vn 0.000000 0.000000 1.000000
vn 0.000000 0.000000 1.000000
vn 0.000000 0.000000 1.000000
s off
g Libreria_1 Despacho_02 Baldas_Libreria1 Balda7_Libreria1
usemtl Asa1_Libreria1SG
f 841/1623/2633 842/1639/2634 843/1625/2635 844/1626/2636
f 833/1644/2637 834/1642/2638 836/1641/2639 835/1630/2640
f 833/1627/2641 835/1646/2642 838/1631/2643 837/1636/2644
f 836/1629/2645 834/1643/2646 840/1640/2647 839/1634/2648
f 834/1628/2649 833/1645/2650 837/1637/2651 840/1633/2652
f 837/1632/2653 838/1638/2654 842/1624/2655 841/1635/2656
g default
v 358.146413 704.786016 -3030.733301
v 358.146413 704.786016 -3078.229867
v 501.172737 704.786016 -3030.733301
v 501.172737 704.786016 -3078.229867
v 358.146413 704.786016 -3030.733301
v 501.172737 704.786016 -3030.733301
v 501.172737 704.786016 -3078.229867
v 358.146413 704.786016 -3078.229867
v 358.146413 707.933876 -3030.733301
v 501.172737 707.933876 -3030.733301
v 501.172737 707.933876 -3078.229867
v 358.146413 707.933876 -3078.229867
vt 0.528116 0.955968
vt 0.734197 0.473900
vt 0.578998 0.802836
vt 0.578971 0.955977
vt 0.000000 0.000000
vt 0.000000 0.000000
vt 0.000000 0.000000
vt 0.053345 0.999994
vt 0.000000 0.000000
vt 0.730846 0.627041
vt 0.000000 0.000000
vt 0.000000 0.000000
vt 0.734216 0.627040
vt 0.000000 0.000000
vt 0.000000 0.000000
vt 0.730827 0.473900
vt 0.528142 0.802827
vt 0.000000 0.000000
vt 0.104201 0.999995
vt 0.104204 0.846854
vt 0.000000 0.000000
vt 0.053348 0.846853
vt 0.000000 0.000000
vt 0.000000 0.000000
vn 0.000000 1.000000 0.000000
vn 0.000000 1.000000 0.000000
vn 0.000000 1.000000 0.000000
vn 0.000000 1.000000 0.000000
vn 0.000000 -1.000000 0.000000
vn 0.000000 -1.000000 0.000000
vn 0.000000 -1.000000 0.000000
vn 0.000000 -1.000000 0.000000
vn 0.000000 0.000000 0.000000
vn 0.000000 0.000000 0.000000
vn 0.000000 0.000000 0.000000
vn 0.000000 0.000000 0.000000
vn 0.000000 0.000000 0.000000
vn 0.000000 0.000000 0.000000
vn 0.000000 0.000000 0.000000
vn 0.000000 0.000000 0.000000
vn 0.000000 0.000000 0.000000
vn 0.000000 0.000000 0.000000
vn 0.000000 0.000000 0.000000
vn 0.000000 0.000000 0.000000
vn 0.000000 0.000000 1.000000
vn 0.000000 0.000000 1.000000
vn 0.000000 0.000000 1.000000
vn 0.000000 0.000000 1.000000
s off
g Libreria_1 Despacho_02 Baldas_Libreria1 Balda8_Libreria1
usemtl Asa1_Libreria1SG
f 853/1647/2657 854/1663/2658 855/1649/2659 856/1650/2660
f 845/1668/2661 846/1666/2662 848/1665/2663 847/1654/2664
f 845/1651/2665 847/1670/2666 850/1655/2667 849/1660/2668
f 848/1653/2669 846/1667/2670 852/1664/2671 851/1658/2672
f 846/1652/2673 845/1669/2674 849/1661/2675 852/1657/2676
f 849/1656/2677 850/1662/2678 854/1648/2679 853/1659/2680
g default
v 211.705352 600.926640 -3030.733301
v 211.705352 600.926640 -3078.229867
v 356.468458 600.926640 -3030.733301
v 356.468458 600.926640 -3078.229867
v 211.705352 600.926640 -3030.733301
v 356.468458 600.926640 -3030.733301
v 356.468458 600.926640 -3078.229867
v 211.705352 600.926640 -3078.229867
v 211.705352 604.074503 -3030.733301
v 356.468458 604.074503 -3030.733301
v 356.468458 604.074503 -3078.229867
v 211.705352 604.074503 -3078.229867
vt 0.741502 0.957788
vt 0.990253 0.000000
vt 0.792351 0.802786
vt 0.792358 0.957786
vt 0.000000 0.000000
vt 0.000000 0.000000
vt 0.000000 0.000000
vt 0.853520 0.826462
vt 0.000000 0.000000
vt 0.986910 0.155002
vt 0.000000 0.000000
vt 0.000000 0.000000
vt 0.990280 0.155001
vt 0.000000 0.000000
vt 0.000000 0.000000
vt 0.986883 0.000001
vt 0.741496 0.802788
vt 0.000000 0.000000
vt 0.904376 0.826468
vt 0.904395 0.671468
vt 0.000000 0.000000
vt 0.853540 0.671462
vt 0.000000 0.000000
vt 0.000000 0.000000
vn 0.000000 1.000000 0.000000
vn 0.000000 1.000000 0.000000
vn 0.000000 1.000000 0.000000
vn 0.000000 1.000000 0.000000
vn 0.000000 -1.000000 0.000000
vn 0.000000 -1.000000 0.000000
vn 0.000000 -1.000000 0.000000
vn 0.000000 -1.000000 0.000000
vn 0.000000 0.000000 0.000000
vn 0.000000 0.000000 0.000000
vn 0.000000 0.000000 0.000000
vn 0.000000 0.000000 0.000000
vn 0.000000 0.000000 0.000000
vn 0.000000 0.000000 0.000000
vn 0.000000 0.000000 0.000000
vn 0.000000 0.000000 0.000000
vn 0.000000 0.000000 0.000000
vn 0.000000 0.000000 0.000000
vn 0.000000 0.000000 0.000000
vn 0.000000 0.000000 0.000000
vn 0.000000 0.000000 1.000000
vn 0.000000 0.000000 1.000000
vn 0.000000 0.000000 1.000000
vn 0.000000 0.000000 1.000000
s off
g Libreria_1 Despacho_02 Baldas_Libreria1 Balda9_Libreria1
usemtl Asa1_Libreria1SG
f 865/1671/2681 866/1687/2682 867/1673/2683 868/1674/2684
f 857/1692/2685 858/1690/2686 860/1689/2687 859/1678/2688
f 857/1675/2689 859/1694/2690 862/1679/2691 861/1684/2692
f 860/1677/2693 858/1691/2694 864/1688/2695 863/1682/2696
f 858/1676/2697 857/1693/2698 861/1685/2699 864/1681/2700
f 861/1680/2701 862/1686/2702 866/1672/2703 865/1683/2704
g default
v 214.676251 616.314612 -3030.733301
v 214.676251 616.314612 -3078.229867
v 354.326750 654.447210 -3030.733301
v 354.326750 654.447210 -3078.229867
v 214.676251 616.314612 -3030.733301
v 354.326750 654.447210 -3030.733301
v 354.326750 654.447210 -3078.229867
v 214.676251 616.314612 -3078.229867
v 213.847062 619.351299 -3030.733301
v 353.497560 657.483897 -3030.733301
v 353.497560 657.483897 -3078.229867
v 213.847062 619.351299 -3078.229867
vt 0.858855 0.155001
vt 0.718194 0.473899
vt 0.909729 0.000006
vt 0.909710 0.155007
vt 0.000000 0.000000
vt 0.000000 0.000000
vt 0.000000 0.000000
vt 0.357412 0.346480
vt 0.000000 0.000000
vt 0.714825 0.628901
vt 0.000000 0.000000
vt 0.000000 0.000000
vt 0.718195 0.628901
vt 0.000000 0.000000
vt 0.000000 0.000000
vt 0.714823 0.473899
vt 0.858873 0.000000
vt 0.000000 0.000000
vt 0.408267 0.346489
vt 0.408297 0.191489
vt 0.000000 0.000000
vt 0.357441 0.191479
vt 0.000000 0.000000
vt 0.000000 0.000000
vn -0.263414 0.964683 0.000000
vn -0.263414 0.964683 0.000000
vn -0.263414 0.964683 0.000000
vn -0.263414 0.964683 0.000000
vn 0.263414 -0.964683 0.000000
vn 0.263414 -0.964683 0.000000
vn 0.263414 -0.964683 0.000000
vn 0.263414 -0.964683 0.000000
vn 0.000000 0.000000 0.000000
vn 0.000000 0.000000 0.000000
vn 0.000000 0.000000 0.000000
vn 0.000000 0.000000 0.000000
vn 0.000000 0.000000 0.000000
vn 0.000000 0.000000 0.000000
vn 0.000000 0.000000 0.000000
vn 0.000000 0.000000 0.000000
vn 0.000000 0.000000 0.000000
vn 0.000000 0.000000 0.000000
vn 0.000000 0.000000 0.000000
vn 0.000000 0.000000 0.000000
vn 0.000000 0.000000 1.000000
vn 0.000000 0.000000 1.000000
vn 0.000000 0.000000 1.000000
vn 0.000000 0.000000 1.000000
s off
g Libreria_1 Despacho_02 Baldas_Libreria1 Balda10_Libreria1
usemtl Asa1_Libreria1SG
f 877/1695/2705 878/1711/2706 879/1697/2707 880/1698/2708
f 869/1716/2709 870/1714/2710 872/1713/2711 871/1702/2712
f 869/1699/2713 871/1718/2714 874/1703/2715 873/1708/2716
f 872/1701/2717 870/1715/2718 876/1712/2719 875/1706/2720
f 870/1700/2721 869/1717/2722 873/1709/2723 876/1705/2724
f 873/1704/2725 874/1710/2726 878/1696/2727 877/1707/2728
g default
v 211.705352 669.709233 -3030.733301
v 211.705352 669.709233 -3078.229867
v 356.468458 669.709233 -3030.733301
v 356.468458 669.709233 -3078.229867
v 211.705352 669.709233 -3030.733301
v 356.468458 669.709233 -3030.733301
v 356.468458 669.709233 -3078.229867
v 211.705352 669.709233 -3078.229867
v 211.705352 672.857139 -3030.733301
v 356.468458 672.857139 -3030.733301
v 356.468458 672.857139 -3078.229867
v 211.705352 672.857139 -3078.229867
vt 0.906873 0.876516
vt 0.995588 0.310001
vt 0.957721 0.721513
vt 0.957728 0.876513
vt 0.000000 0.000000
vt 0.000000 0.000000
vt 0.000000 0.000000
vt 0.634806 0.957808
vt 0.000000 0.000000
vt 0.992223 0.465001
vt 0.000000 0.000000
vt 0.000000 0.000000
vt 0.995593 0.465001
vt 0.000000 0.000000
vt 0.000000 0.000000
vt 0.992217 0.310001
vt 0.906865 0.721515
vt 0.000000 0.000000
vt 0.685661 0.957810
vt 0.685666 0.802809
vt 0.000000 0.000000
vt 0.634810 0.802807
vt 0.000000 0.000000
vt 0.000000 0.000000
vn 0.000000 1.000000 0.000000
vn 0.000000 1.000000 0.000000
vn 0.000000 1.000000 0.000000
vn 0.000000 1.000000 0.000000
vn 0.000000 -1.000000 0.000000
vn 0.000000 -1.000000 0.000000
vn 0.000000 -1.000000 0.000000
vn 0.000000 -1.000000 0.000000
vn 0.000000 0.000000 0.000000
vn 0.000000 0.000000 0.000000
vn 0.000000 0.000000 0.000000
vn 0.000000 0.000000 0.000000
vn 0.000000 0.000000 0.000000
vn 0.000000 0.000000 0.000000
vn 0.000000 0.000000 0.000000
vn 0.000000 0.000000 0.000000
vn 0.000000 0.000000 0.000000
vn 0.000000 0.000000 0.000000
vn 0.000000 0.000000 0.000000
vn 0.000000 0.000000 0.000000
vn 0.000000 0.000000 1.000000
vn 0.000000 0.000000 1.000000
vn 0.000000 0.000000 1.000000
vn 0.000000 0.000000 1.000000
s off
g Libreria_1 Despacho_02 Baldas_Libreria1 Balda11_Libreria1
usemtl Asa1_Libreria1SG
f 889/1719/2729 890/1735/2730 891/1721/2731 892/1722/2732
f 881/1740/2733 882/1738/2734 884/1737/2735 883/1726/2736
f 881/1723/2737 883/1742/2738 886/1727/2739 885/1732/2740
f 884/1725/2741 882/1739/2742 888/1736/2743 887/1730/2744
f 882/1724/2745 881/1741/2746 885/1733/2747 888/1729/2748
f 885/1728/2749 886/1734/2750 890/1720/2751 889/1731/2752
g default
v 211.705352 704.786016 -3030.733301
v 211.705352 704.786016 -3078.229867
v 356.468458 704.786016 -3030.733301
v 356.468458 704.786016 -3078.229867
v 211.705352 704.786016 -3030.733301
v 356.468458 704.786016 -3030.733301
v 356.468458 704.786016 -3078.229867
v 211.705352 704.786016 -3078.229867
v 211.705352 707.933876 -3030.733301
v 356.468458 707.933876 -3030.733301
v 356.468458 707.933876 -3078.229867
v 211.705352 707.933876 -3078.229867
vt 0.906874 0.721515
vt 0.995601 0.155001
vt 0.957721 0.566511
vt 0.957729 0.721512
vt 0.000000 0.000000
vt 0.000000 0.000000
vt 0.000000 0.000000
vt 0.581465 0.957818
vt 0.000000 0.000000
vt 0.992217 0.310001
vt 0.000000 0.000000
vt 0.000000 0.000000
vt 0.995588 0.310001
vt 0.000000 0.000000
vt 0.000000 0.000000
vt 0.992230 0.155001
vt 0.906865 0.566514
vt 0.000000 0.000000
vt 0.632321 0.957817
vt 0.632316 0.802816
vt 0.000000 0.000000
vt 0.581461 0.802817
vt 0.000000 0.000000
vt 0.000000 0.000000
vn 0.000000 1.000000 0.000000
vn 0.000000 1.000000 0.000000
vn 0.000000 1.000000 0.000000
vn 0.000000 1.000000 0.000000
vn 0.000000 -1.000000 0.000000
vn 0.000000 -1.000000 0.000000
vn 0.000000 -1.000000 0.000000
vn 0.000000 -1.000000 0.000000
vn 0.000000 0.000000 0.000000
vn 0.000000 0.000000 0.000000
vn 0.000000 0.000000 0.000000
vn 0.000000 0.000000 0.000000
vn 0.000000 0.000000 0.000000
vn 0.000000 0.000000 0.000000
vn 0.000000 0.000000 0.000000
vn 0.000000 0.000000 0.000000
vn 0.000000 0.000000 0.000000
vn 0.000000 0.000000 0.000000
vn 0.000000 0.000000 0.000000
vn 0.000000 0.000000 0.000000
vn 0.000000 0.000000 1.000000
vn 0.000000 0.000000 1.000000
vn 0.000000 0.000000 1.000000
vn 0.000000 0.000000 1.000000
s off
g Libreria_1 Despacho_02 Baldas_Libreria1 Balda12_Libreria1
usemtl Asa1_Libreria1SG
f 901/1743/2753 902/1759/2754 903/1745/2755 904/1746/2756
f 893/1764/2757 894/1762/2758 896/1761/2759 895/1750/2760
f 893/1747/2761 895/1766/2762 898/1751/2763 897/1756/2764
f 896/1749/2765 894/1763/2766 900/1760/2767 899/1754/2768
f 894/1748/2769 893/1765/2770 897/1757/2771 900/1753/2772
f 897/1752/2773 898/1758/2774 902/1744/2775 901/1755/2776
